Workbook

Sheet cover
B6: JRC-IDEES-2021 - Integrated Database of the European Energy System
C10: Hungary
C15: Energy related CO2 Emission balances
L28: Prepared by JRC C.6
L30: 45432.786
L31: v2021-1.00
B33: Legal Notice
B35: The information made available is property of the Joint Research Centre of the European Commission.
B36: Neither the European Commission nor any person acting on behalf of the Commission is responsible for the use which might be made of this information.
B38: Use conditions
B39: This work is licensed under
B40: CC BY 4.0

Sheet index
A1: Hungary | B1: HU | C1: 2000 | D1: 2001 | E1: 2002 | F1: 2003 | G1: 2004 | H1: 2005 | I1: 2006 | J1: 2007 | K1: 2008 | L1: 2009 | M1: 2010 | N1: 2011 | O1: 2012 | P1: 2013 | Q1: 2014 | R1: 2015 | S1: 2016 | T1: 2017 | U1: 2018 | V1: 2019 | W1: 2020 | X1: 2021
B2: Click on the link to jump to the sheet
A3: Total | B3: kt CO2
A4: Gross available energy | B4: =HYPERLINK("#"&CELL("address",GAE!$X$2),"GAE") -> GAE | C4: =GAE!C$2 -> 54340.998 | D4: =GAE!D$2 -> 55975.525 | E4: =GAE!E$2 -> 55142.834 | F4: =GAE!F$2 -> 57616.893 | G4: =GAE!G$2 -> 55992.429 | H4: =GAE!H$2 -> 55746.15 | I4: =GAE!I$2 -> 55327.625 | J4: =GAE!J$2 -> 53335.519 | ... X4: =GAE!X$2 -> 45482.27
A5: International maritime bunkers | B5: =HYPERLINK("#"&CELL("address",INTMARB!$X$2),"INTMARB") -> INTMARB | C5: =INTMARB!C$2 -> 0 | D5: =INTMARB!D$2 -> 0 | E5: =INTMARB!E$2 -> 0 | F5: =INTMARB!F$2 -> 0 | G5: =INTMARB!G$2 -> 0 | H5: =INTMARB!H$2 -> 0 | I5: =INTMARB!I$2 -> 0 | J5: =INTMARB!J$2 -> 0 | ... X5: =INTMARB!X$2 -> 0
A6: International Intra-EEA maritime bunkers | B6: =HYPERLINK("#"&CELL("address",INTMARB_IN!$X$2),"INTMARB_IN") -> INTMARB_IN | C6: =INTMARB_IN!C$2 -> 0 | D6: =INTMARB_IN!D$2 -> 0 | E6: =INTMARB_IN!E$2 -> 0 | F6: =INTMARB_IN!F$2 -> 0 | G6: =INTMARB_IN!G$2 -> 0 | H6: =INTMARB_IN!H$2 -> 0 | I6: =INTMARB_IN!I$2 -> 0 | J6: =INTMARB_IN!J$2 -> 0 | ... X6: =INTMARB_IN!X$2 -> 0
A7: International Extra-EEA maritime bunkers | B7: =HYPERLINK("#"&CELL("address",INTMARB_EX!$X$2),"INTMARB_EX") -> INTMARB_EX | C7: =INTMARB_EX!C$2 -> 0 | D7: =INTMARB_EX!D$2 -> 0 | E7: =INTMARB_EX!E$2 -> 0 | F7: =INTMARB_EX!F$2 -> 0 | G7: =INTMARB_EX!G$2 -> 0 | H7: =INTMARB_EX!H$2 -> 0 | I7: =INTMARB_EX!I$2 -> 0 | J7: =INTMARB_EX!J$2 -> 0 | ... X7: =INTMARB_EX!X$2 -> 0
A8: Gross inland consumption | B8: =HYPERLINK("#"&CELL("address",GIC!$X$2),"GIC") -> GIC | C8: =GIC!C$2 -> 54340.998 | D8: =GIC!D$2 -> 55975.525 | E8: =GIC!E$2 -> 55142.834 | F8: =GIC!F$2 -> 57616.893 | G8: =GIC!G$2 -> 55992.429 | H8: =GIC!H$2 -> 55746.15 | I8: =GIC!I$2 -> 55327.625 | J8: =GIC!J$2 -> 53335.519 | ... X8: =GIC!X$2 -> 45482.27
A9: International aviation | B9: =HYPERLINK("#"&CELL("address",INTAVI!$X$2),"INTAVI") -> INTAVI | C9: =INTAVI!C$2 -> 722.6609 | D9: =INTAVI!D$2 -> 678.40945 | E9: =INTAVI!E$2 -> 640.35997 | F9: =INTAVI!F$2 -> 627.67681 | G9: =INTAVI!G$2 -> 679.15958 | H9: =INTAVI!H$2 -> 784.41462 | I9: =INTAVI!I$2 -> 797.2272 | J9: =INTAVI!J$2 -> 730.79151 | ... X9: =INTAVI!X$2 -> 370.66742
A10: International Intra-EEAwUK passenger aviation | B10: =HYPERLINK("#"&CELL("address",INTAVI_PA_IN!$X$2),"INTAVI_PA_IN") -> INTAVI_PA_IN | C10: =INTAVI_PA_IN!C$2 -> 442.31748 | D10: =INTAVI_PA_IN!D$2 -> 414.13155 | E10: =INTAVI_PA_IN!E$2 -> 395.48628 | F10: =INTAVI_PA_IN!F$2 -> 372.6761 | G10: =INTAVI_PA_IN!G$2 -> 434.2753 | H10: =INTAVI_PA_IN!H$2 -> 514.82868 | I10: =INTAVI_PA_IN!I$2 -> 519.91855 | J10: =INTAVI_PA_IN!J$2 -> 478.35519 | ... X10: =INTAVI_PA_IN!X$2 -> 222.4675
A11: International Extra-EEAwUK passenger aviation | B11: =HYPERLINK("#"&CELL("address",INTAVI_PA_EX!$X$2),"INTAVI_PA_EX") -> INTAVI_PA_EX | C11: =INTAVI_PA_EX!C$2 -> 266.51612 | D11: =INTAVI_PA_EX!D$2 -> 249.53915 | E11: =INTAVI_PA_EX!E$2 -> 227.96565 | F11: =INTAVI_PA_EX!F$2 -> 241.34997 | G11: =INTAVI_PA_EX!G$2 -> 233.28623 | H11: =INTAVI_PA_EX!H$2 -> 255.16675 | I11: =INTAVI_PA_EX!I$2 -> 259.86131 | J11: =INTAVI_PA_EX!J$2 -> 239.29258 | ... X11: =INTAVI_PA_EX!X$2 -> 125.56453
A12: International Intra-EEAwUK freight aviation | B12: =HYPERLINK("#"&CELL("address",INTAVI_FR_IN!$X$2),"INTAVI_FR_IN") -> INTAVI_FR_IN | C12: =INTAVI_FR_IN!C$2 -> 9.988578 | D12: =INTAVI_FR_IN!D$2 -> 11.184268 | E12: =INTAVI_FR_IN!E$2 -> 15.133667 | F12: =INTAVI_FR_IN!F$2 -> 11.885761 | G12: =INTAVI_FR_IN!G$2 -> 10.436293 | H12: =INTAVI_FR_IN!H$2 -> 12.884722 | I12: =INTAVI_FR_IN!I$2 -> 9.6839496 | J12: =INTAVI_FR_IN!J$2 -> 10.486611 | ... X12: =INTAVI_FR_IN!X$2 -> 16.690517
A13: International Extra-EEAwUK freight aviation | B13: =HYPERLINK("#"&CELL("address",INTAVI_FR_EX!$X$2),"INTAVI_FR_EX") -> INTAVI_FR_EX | C13: =INTAVI_FR_EX!C$2 -> 3.8387179 | D13: =INTAVI_FR_EX!D$2 -> 3.5544862 | E13: =INTAVI_FR_EX!E$2 -> 1.7743786 | F13: =INTAVI_FR_EX!F$2 -> 1.764976 | G13: =INTAVI_FR_EX!G$2 -> 1.1617601 | H13: =INTAVI_FR_EX!H$2 -> 1.5344689 | I13: =INTAVI_FR_EX!I$2 -> 7.7633851 | J13: =INTAVI_FR_EX!J$2 -> 2.6571279 | ... X13: =INTAVI_FR_EX!X$2 -> 5.9448789
A14: Total energy supply | B14: =HYPERLINK("#"&CELL("address",NRGSUP!$X$2),"NRGSUP") -> NRGSUP | C14: =NRGSUP!C$2 -> 53618.338 | D14: =NRGSUP!D$2 -> 55297.116 | E14: =NRGSUP!E$2 -> 54502.474 | F14: =NRGSUP!F$2 -> 56989.217 | G14: =NRGSUP!G$2 -> 55313.27 | H14: =NRGSUP!H$2 -> 54961.735 | I14: =NRGSUP!I$2 -> 54530.398 | J14: =NRGSUP!J$2 -> 52604.727 | ... X14: =NRGSUP!X$2 -> 45111.603
A15: Electricity & heat generation | B15: =HYPERLINK("#"&CELL("address",TI_EHG_E!$X$2),"TI_EHG_E") -> TI_EHG_E | C15: =TI_EHG_E!C$2 -> 22372.094 | D15: =TI_EHG_E!D$2 -> 22748.189 | E15: =TI_EHG_E!E$2 -> 21423.159 | F15: =TI_EHG_E!F$2 -> 22472.533 | G15: =TI_EHG_E!G$2 -> 20623.529 | H15: =TI_EHG_E!H$2 -> 18733.593 | I15: =TI_EHG_E!I$2 -> 18710.447 | J15: =TI_EHG_E!J$2 -> 19871.664 | ... X15: =TI_EHG_E!X$2 -> 10155.844
A16: Electricity only | B16: =HYPERLINK("#"&CELL("address",TI_EHG_E_E!$X$2),"TI_EHG_E_E") -> TI_EHG_E_E | C16: =TI_EHG_E_E!C$2 -> 14282.222 | D16: =TI_EHG_E_E!D$2 -> 14681.068 | E16: =TI_EHG_E_E!E$2 -> 13638.218 | F16: =TI_EHG_E_E!F$2 -> 14051.081 | G16: =TI_EHG_E_E!G$2 -> 12760.281 | H16: =TI_EHG_E_E!H$2 -> 10676.122 | I16: =TI_EHG_E_E!I$2 -> 10755.689 | J16: =TI_EHG_E_E!J$2 -> 11997.897 | ... X16: =TI_EHG_E_E!X$2 -> 5010.0846
A17: CHP | B17: =HYPERLINK("#"&CELL("address",TI_EHG_CHP_E!$X$2),"TI_EHG_CHP_E") -> TI_EHG_CHP_E | C17: =TI_EHG_CHP_E!C$2 -> 6984.6306 | D17: =TI_EHG_CHP_E!D$2 -> 6673.5099 | E17: =TI_EHG_CHP_E!E$2 -> 6390.8181 | F17: =TI_EHG_CHP_E!F$2 -> 6697.0251 | G17: =TI_EHG_CHP_E!G$2 -> 6057.3382 | H17: =TI_EHG_CHP_E!H$2 -> 6126.701 | I17: =TI_EHG_CHP_E!I$2 -> 6105.0234 | J17: =TI_EHG_CHP_E!J$2 -> 6087.822 | ... X17: =TI_EHG_CHP_E!X$2 -> 3523.0966
A18: Heat only | B18: =HYPERLINK("#"&CELL("address",TI_EHG_H_E!$X$2),"TI_EHG_H_E") -> TI_EHG_H_E | C18: =TI_EHG_H_E!C$2 -> 1105.242 | D18: =TI_EHG_H_E!D$2 -> 1393.6109 | E18: =TI_EHG_H_E!E$2 -> 1394.1233 | F18: =TI_EHG_H_E!F$2 -> 1724.4272 | G18: =TI_EHG_H_E!G$2 -> 1805.9096 | H18: =TI_EHG_H_E!H$2 -> 1930.7702 | I18: =TI_EHG_H_E!I$2 -> 1849.7349 | J18: =TI_EHG_H_E!J$2 -> 1785.9448 | ... X18: =TI_EHG_H_E!X$2 -> 1622.6624
A19: Energy sector | B19: =HYPERLINK("#"&CELL("address",NRG_E!$X$2),"NRG_E") -> NRG_E | C19: =NRG_E!C$2 -> 1757.9198 | D19: =NRG_E!D$2 -> 1596.3673 | E19: =NRG_E!E$2 -> 1462.9697 | F19: =NRG_E!F$2 -> 1279.2391 | G19: =NRG_E!G$2 -> 1229.6728 | H19: =NRG_E!H$2 -> 1214.7252 | I19: =NRG_E!I$2 -> 1671.2316 | J19: =NRG_E!J$2 -> 1331.6067 | ... X19: =NRG_E!X$2 -> 1931.8021
A20: Coal mines | B20: =HYPERLINK("#"&CELL("address",NRG_CM_E!$X$2),"NRG_CM_E") -> NRG_CM_E | C20: =NRG_CM_E!C$2 -> 0 | D20: =NRG_CM_E!D$2 -> 0 | E20: =NRG_CM_E!E$2 -> 0 | F20: =NRG_CM_E!F$2 -> 2.5923607 | G20: =NRG_CM_E!G$2 -> 8.8582364 | H20: =NRG_CM_E!H$2 -> 6.3582886 | I20: =NRG_CM_E!I$2 -> 6.4308398 | J20: =NRG_CM_E!J$2 -> 6.4364282 | ... X20: =NRG_CM_E!X$2 -> 0
A21: Oil & natural gas extraction plants | B21: =HYPERLINK("#"&CELL("address",NRG_OIL_NG_E!$X$2),"NRG_OIL_NG_E") -> NRG_OIL_NG_E | C21: =NRG_OIL_NG_E!C$2 -> 165.3735 | D21: =NRG_OIL_NG_E!D$2 -> 174.64449 | E21: =NRG_OIL_NG_E!E$2 -> 0 | F21: =NRG_OIL_NG_E!F$2 -> 0 | G21: =NRG_OIL_NG_E!G$2 -> 9.443929 | H21: =NRG_OIL_NG_E!H$2 -> 3.1861814 | I21: =NRG_OIL_NG_E!I$2 -> 6.1278214 | J21: =NRG_OIL_NG_E!J$2 -> 0 | ... X21: =NRG_OIL_NG_E!X$2 -> 89.26632
A22: Patent fuel plants | B22: =HYPERLINK("#"&CELL("address",NRG_PF_E!$X$2),"NRG_PF_E") -> NRG_PF_E | C22: =NRG_PF_E!C$2 -> 0 | D22: =NRG_PF_E!D$2 -> 0 | E22: =NRG_PF_E!E$2 -> 3.9929366 | F22: =NRG_PF_E!F$2 -> 0 | G22: =NRG_PF_E!G$2 -> 0 | H22: =NRG_PF_E!H$2 -> 0 | I22: =NRG_PF_E!I$2 -> 0 | J22: =NRG_PF_E!J$2 -> 0 | ... X22: =NRG_PF_E!X$2 -> 0
A23: Coke ovens | B23: =HYPERLINK("#"&CELL("address",NRG_CO_E!$X$2),"NRG_CO_E") -> NRG_CO_E | C23: =NRG_CO_E!C$2 -> 151.32852 | D23: =NRG_CO_E!D$2 -> 109.25064 | E23: =NRG_CO_E!E$2 -> 77.80212 | F23: =NRG_CO_E!F$2 -> 88.15176 | G23: =NRG_CO_E!G$2 -> 71.5284 | H23: =NRG_CO_E!H$2 -> 73.08684 | I23: =NRG_CO_E!I$2 -> 149.29056 | J23: =NRG_CO_E!J$2 -> 164.19564 | ... X23: =NRG_CO_E!X$2 -> 112.44744
A24: BKB & PB plants | B24: =HYPERLINK("#"&CELL("address",NRG_BKBPB_E!$X$2),"NRG_BKBPB_E") -> NRG_BKBPB_E | C24: =NRG_BKBPB_E!C$2 -> 0 | D24: =NRG_BKBPB_E!D$2 -> 0 | E24: =NRG_BKBPB_E!E$2 -> 0 | F24: =NRG_BKBPB_E!F$2 -> 0 | G24: =NRG_BKBPB_E!G$2 -> 0 | H24: =NRG_BKBPB_E!H$2 -> 0 | I24: =NRG_BKBPB_E!I$2 -> 0 | J24: =NRG_BKBPB_E!J$2 -> 0 | ... X24: =NRG_BKBPB_E!X$2 -> 0
A25: Gas works | B25: =HYPERLINK("#"&CELL("address",NRG_GW_E!$X$2),"NRG_GW_E") -> NRG_GW_E | C25: =NRG_GW_E!C$2 -> 0 | D25: =NRG_GW_E!D$2 -> 0 | E25: =NRG_GW_E!E$2 -> 0 | F25: =NRG_GW_E!F$2 -> 0 | G25: =NRG_GW_E!G$2 -> 0 | H25: =NRG_GW_E!H$2 -> 0 | I25: =NRG_GW_E!I$2 -> 0 | J25: =NRG_GW_E!J$2 -> 0 | ... X25: =NRG_GW_E!X$2 -> 0
A26: Blast furnaces | B26: =HYPERLINK("#"&CELL("address",NRG_BF_E!$X$2),"NRG_BF_E") -> NRG_BF_E | C26: =NRG_BF_E!C$2 -> 0 | D26: =NRG_BF_E!D$2 -> 0 | E26: =NRG_BF_E!E$2 -> 0 | F26: =NRG_BF_E!F$2 -> 0 | G26: =NRG_BF_E!G$2 -> 0 | H26: =NRG_BF_E!H$2 -> 0 | I26: =NRG_BF_E!I$2 -> 0 | J26: =NRG_BF_E!J$2 -> 0 | ... X26: =NRG_BF_E!X$2 -> 360.45904
A27: Petroleum refineries (oil refineries) | B27: =HYPERLINK("#"&CELL("address",NRG_PR_E!$X$2),"NRG_PR_E") -> NRG_PR_E | C27: =NRG_PR_E!C$2 -> 1441.2177 | D27: =NRG_PR_E!D$2 -> 1312.4722 | E27: =NRG_PR_E!E$2 -> 1381.1746 | F27: =NRG_PR_E!F$2 -> 1188.495 | G27: =NRG_PR_E!G$2 -> 1139.8422 | H27: =NRG_PR_E!H$2 -> 1132.0939 | I27: =NRG_PR_E!I$2 -> 1509.3824 | J27: =NRG_PR_E!J$2 -> 1160.9746 | ... X27: =NRG_PR_E!X$2 -> 1369.6293
A28: Nuclear industry | B28: =HYPERLINK("#"&CELL("address",NRG_NI_E!$X$2),"NRG_NI_E") -> NRG_NI_E | C28: =NRG_NI_E!C$2 -> 0 | D28: =NRG_NI_E!D$2 -> 0 | E28: =NRG_NI_E!E$2 -> 0 | F28: =NRG_NI_E!F$2 -> 0 | G28: =NRG_NI_E!G$2 -> 0 | H28: =NRG_NI_E!H$2 -> 0 | I28: =NRG_NI_E!I$2 -> 0 | J28: =NRG_NI_E!J$2 -> 0 | ... X28: =NRG_NI_E!X$2 -> 0
A29: Coal liquefaction plants | B29: =HYPERLINK("#"&CELL("address",NRG_CL_E!$X$2),"NRG_CL_E") -> NRG_CL_E | C29: =NRG_CL_E!C$2 -> 0 | D29: =NRG_CL_E!D$2 -> 0 | E29: =NRG_CL_E!E$2 -> 0 | F29: =NRG_CL_E!F$2 -> 0 | G29: =NRG_CL_E!G$2 -> 0 | H29: =NRG_CL_E!H$2 -> 0 | I29: =NRG_CL_E!I$2 -> 0 | J29: =NRG_CL_E!J$2 -> 0 | ... X29: =NRG_CL_E!X$2 -> 0
A30: Liquefaction & regasification plants (LNG) | B30: =HYPERLINK("#"&CELL("address",NRG_LNG_E!$X$2),"NRG_LNG_E") -> NRG_LNG_E | C30: =NRG_LNG_E!C$2 -> 0 | D30: =NRG_LNG_E!D$2 -> 0 | E30: =NRG_LNG_E!E$2 -> 0 | F30: =NRG_LNG_E!F$2 -> 0 | G30: =NRG_LNG_E!G$2 -> 0 | H30: =NRG_LNG_E!H$2 -> 0 | I30: =NRG_LNG_E!I$2 -> 0 | J30: =NRG_LNG_E!J$2 -> 0 | ... X30: =NRG_LNG_E!X$2 -> 0
A31: Gasification plants for biogas | B31: =HYPERLINK("#"&CELL("address",NRG_BIOG_E!$X$2),"NRG_BIOG_E") -> NRG_BIOG_E | C31: =NRG_BIOG_E!C$2 -> 0 | D31: =NRG_BIOG_E!D$2 -> 0 | E31: =NRG_BIOG_E!E$2 -> 0 | F31: =NRG_BIOG_E!F$2 -> 0 | G31: =NRG_BIOG_E!G$2 -> 0 | H31: =NRG_BIOG_E!H$2 -> 0 | I31: =NRG_BIOG_E!I$2 -> 0 | J31: =NRG_BIOG_E!J$2 -> 0 | ... X31: =NRG_BIOG_E!X$2 -> 0
A32: Gas-to-liquids (GTL) plants | B32: =HYPERLINK("#"&CELL("address",NRG_GTL_E!$X$2),"NRG_GTL_E") -> NRG_GTL_E | C32: =NRG_GTL_E!C$2 -> 0 | D32: =NRG_GTL_E!D$2 -> 0 | E32: =NRG_GTL_E!E$2 -> 0 | F32: =NRG_GTL_E!F$2 -> 0 | G32: =NRG_GTL_E!G$2 -> 0 | H32: =NRG_GTL_E!H$2 -> 0 | I32: =NRG_GTL_E!I$2 -> 0 | J32: =NRG_GTL_E!J$2 -> 0 | ... X32: =NRG_GTL_E!X$2 -> 0
A33: Charcoal production plants | B33: =HYPERLINK("#"&CELL("address",NRG_CPP_E!$X$2),"NRG_CPP_E") -> NRG_CPP_E | C33: =NRG_CPP_E!C$2 -> 0 | D33: =NRG_CPP_E!D$2 -> 0 | E33: =NRG_CPP_E!E$2 -> 0 | F33: =NRG_CPP_E!F$2 -> 0 | G33: =NRG_CPP_E!G$2 -> 0 | H33: =NRG_CPP_E!H$2 -> 0 | I33: =NRG_CPP_E!I$2 -> 0 | J33: =NRG_CPP_E!J$2 -> 0 | ... X33: =NRG_CPP_E!X$2 -> 0
A34: Not elsewhere specified (energy) | B34: =HYPERLINK("#"&CELL("address",NRG_NSP_E!$X$2),"NRG_NSP_E") -> NRG_NSP_E | C34: =NRG_NSP_E!C$2 -> 0 | D34: =NRG_NSP_E!D$2 -> 0 | E34: =NRG_NSP_E!E$2 -> 0 | F34: =NRG_NSP_E!F$2 -> 0 | G34: =NRG_NSP_E!G$2 -> 0 | H34: =NRG_NSP_E!H$2 -> 0 | I34: =NRG_NSP_E!I$2 -> 0 | J34: =NRG_NSP_E!J$2 -> 0 | ... X34: =NRG_NSP_E!X$2 -> 0
A35: Final energy consumption | B35: =HYPERLINK("#"&CELL("address",FC_E!$X$2),"FC_E") -> FC_E | C35: =FC_E!C$2 -> 29488.323 | D35: =FC_E!D$2 -> 30952.559 | E35: =FC_E!E$2 -> 31616.345 | F35: =FC_E!F$2 -> 33237.444 | G35: =FC_E!G$2 -> 33460.068 | H35: =FC_E!H$2 -> 35013.417 | I35: =FC_E!I$2 -> 34148.719 | J35: =FC_E!J$2 -> 31401.456 | ... X35: =FC_E!X$2 -> 33023.957
A36: Industry sector | B36: =HYPERLINK("#"&CELL("address",FC_IND_E!$X$2),"FC_IND_E") -> FC_IND_E | C36: =FC_IND_E!C$2 -> 5650.0074 | D36: =FC_IND_E!D$2 -> 5897.9993 | E36: =FC_IND_E!E$2 -> 5952.8707 | F36: =FC_IND_E!F$2 -> 5807.8116 | G36: =FC_IND_E!G$2 -> 5606.9162 | H36: =FC_IND_E!H$2 -> 5697.8534 | I36: =FC_IND_E!I$2 -> 5542.0513 | J36: =FC_IND_E!J$2 -> 5429.6425 | ... X36: =FC_IND_E!X$2 -> 6763.3963
A37: Iron & steel | B37: =HYPERLINK("#"&CELL("address",FC_IND_IS_E!$X$2),"FC_IND_IS_E") -> FC_IND_IS_E | C37: =FC_IND_IS_E!C$2 -> 1682.9101 | D37: =FC_IND_IS_E!D$2 -> 1483.2022 | E37: =FC_IND_IS_E!E$2 -> 1521.8449 | F37: =FC_IND_IS_E!F$2 -> 1493.5207 | G37: =FC_IND_IS_E!G$2 -> 1464.9732 | H37: =FC_IND_IS_E!H$2 -> 1397.6786 | I37: =FC_IND_IS_E!I$2 -> 1409.3991 | J37: =FC_IND_IS_E!J$2 -> 1367.6563 | ... X37: =FC_IND_IS_E!X$2 -> 270.81391
A38: Iron & steel - Integrated steelworks | B38: =HYPERLINK("#"&CELL("address",FC_IND_IS_BF_E!$X$2),"FC_IND_IS_BF_E") -> FC_IND_IS_BF_E | C38: =FC_IND_IS_BF_E!C$2 -> 1628.1958 | D38: =FC_IND_IS_BF_E!D$2 -> 1383.6973 | E38: =FC_IND_IS_BF_E!E$2 -> 1440.7127 | F38: =FC_IND_IS_BF_E!F$2 -> 1422.5957 | G38: =FC_IND_IS_BF_E!G$2 -> 1405.8214 | H38: =FC_IND_IS_BF_E!H$2 -> 1339.0715 | I38: =FC_IND_IS_BF_E!I$2 -> 1328.4274 | J38: =FC_IND_IS_BF_E!J$2 -> 1277.299 | ... X38: =FC_IND_IS_BF_E!X$2 -> 254.96231
A39: Iron & steel - Electric arc | B39: =HYPERLINK("#"&CELL("address",FC_IND_IS_EA_E!$X$2),"FC_IND_IS_EA_E") -> FC_IND_IS_EA_E | C39: =FC_IND_IS_EA_E!C$2 -> 54.714312 | D39: =FC_IND_IS_EA_E!D$2 -> 99.504849 | E39: =FC_IND_IS_EA_E!E$2 -> 81.132221 | F39: =FC_IND_IS_EA_E!F$2 -> 70.924982 | G39: =FC_IND_IS_EA_E!G$2 -> 59.151833 | H39: =FC_IND_IS_EA_E!H$2 -> 58.60711 | I39: =FC_IND_IS_EA_E!I$2 -> 80.971728 | J39: =FC_IND_IS_EA_E!J$2 -> 90.357271 | ... X39: =FC_IND_IS_EA_E!X$2 -> 15.851597
A40: Non-ferrous metals | B40: =HYPERLINK("#"&CELL("address",FC_IND_NFM_E!$X$2),"FC_IND_NFM_E") -> FC_IND_NFM_E | C40: =FC_IND_NFM_E!C$2 -> 251.71895 | D40: =FC_IND_NFM_E!D$2 -> 279.56496 | E40: =FC_IND_NFM_E!E$2 -> 284.63413 | F40: =FC_IND_NFM_E!F$2 -> 276.82086 | G40: =FC_IND_NFM_E!G$2 -> 273.06632 | H40: =FC_IND_NFM_E!H$2 -> 234.07164 | I40: =FC_IND_NFM_E!I$2 -> 244.73592 | J40: =FC_IND_NFM_E!J$2 -> 222.44085 | ... X40: =FC_IND_NFM_E!X$2 -> 164.49453
A41: Alumina production | B41: =HYPERLINK("#"&CELL("address",FC_IND_NFM_AM_E!$X$2),"FC_IND_NFM_AM_E") -> FC_IND_NFM_AM_E | C41: =FC_IND_NFM_AM_E!C$2 -> 202.26018 | D41: =FC_IND_NFM_AM_E!D$2 -> 189.96433 | E41: =FC_IND_NFM_AM_E!E$2 -> 211.82999 | F41: =FC_IND_NFM_AM_E!F$2 -> 217.96592 | G41: =FC_IND_NFM_AM_E!G$2 -> 214.12562 | H41: =FC_IND_NFM_AM_E!H$2 -> 183.04897 | I41: =FC_IND_NFM_AM_E!I$2 -> 175.29654 | J41: =FC_IND_NFM_AM_E!J$2 -> 167.92832 | ... X41: =FC_IND_NFM_AM_E!X$2 -> 155.28677
A42: Aluminium production - Primary | B42: =HYPERLINK("#"&CELL("address",FC_IND_NFM_PA_E!$X$2),"FC_IND_NFM_PA_E") -> FC_IND_NFM_PA_E | C42: =FC_IND_NFM_PA_E!C$2 -> 9.0492807 | D42: =FC_IND_NFM_PA_E!D$2 -> 22.852669 | E42: =FC_IND_NFM_PA_E!E$2 -> 12.77963 | F42: =FC_IND_NFM_PA_E!F$2 -> 12.370721 | G42: =FC_IND_NFM_PA_E!G$2 -> 12.612042 | H42: =FC_IND_NFM_PA_E!H$2 -> 10.113209 | I42: =FC_IND_NFM_PA_E!I$2 -> 21.211022 | J42: =FC_IND_NFM_PA_E!J$2 -> 0 | ... X42: =FC_IND_NFM_PA_E!X$2 -> 0
A43: Aluminium production - Secondary | B43: =HYPERLINK("#"&CELL("address",FC_IND_NFM_SA_E!$X$2),"FC_IND_NFM_SA_E") -> FC_IND_NFM_SA_E | C43: =FC_IND_NFM_SA_E!C$2 -> 23.542694 | D43: =FC_IND_NFM_SA_E!D$2 -> 45.888252 | E43: =FC_IND_NFM_SA_E!E$2 -> 41.565777 | F43: =FC_IND_NFM_SA_E!F$2 -> 27.715548 | G43: =FC_IND_NFM_SA_E!G$2 -> 27.699698 | H43: =FC_IND_NFM_SA_E!H$2 -> 24.5695 | I43: =FC_IND_NFM_SA_E!I$2 -> 28.457099 | J43: =FC_IND_NFM_SA_E!J$2 -> 39.25895 | ... X43: =FC_IND_NFM_SA_E!X$2 -> 9.2077604
A44: Other non-ferrous metals | B44: =HYPERLINK("#"&CELL("address",FC_IND_NFM_OM_E!$X$2),"FC_IND_NFM_OM_E") -> FC_IND_NFM_OM_E | C44: =FC_IND_NFM_OM_E!C$2 -> 16.866796 | D44: =FC_IND_NFM_OM_E!D$2 -> 20.859704 | E44: =FC_IND_NFM_OM_E!E$2 -> 18.458729 | F44: =FC_IND_NFM_OM_E!F$2 -> 18.768671 | G44: =FC_IND_NFM_OM_E!G$2 -> 18.628956 | H44: =FC_IND_NFM_OM_E!H$2 -> 16.33996 | I44: =FC_IND_NFM_OM_E!I$2 -> 19.771263 | J44: =FC_IND_NFM_OM_E!J$2 -> 15.253576 | ... X44: =FC_IND_NFM_OM_E!X$2 -> 0
A45: Chemical & petrochemical | B45: =HYPERLINK("#"&CELL("address",FC_IND_CPC_E!$X$2),"FC_IND_CPC_E") -> FC_IND_CPC_E | C45: =FC_IND_CPC_E!C$2 -> 707.27166 | D45: =FC_IND_CPC_E!D$2 -> 695.5169 | E45: =FC_IND_CPC_E!E$2 -> 593.56712 | F45: =FC_IND_CPC_E!F$2 -> 529.30548 | G45: =FC_IND_CPC_E!G$2 -> 388.48629 | H45: =FC_IND_CPC_E!H$2 -> 544.49628 | I45: =FC_IND_CPC_E!I$2 -> 536.30879 | J45: =FC_IND_CPC_E!J$2 -> 592.15374 | ... X45: =FC_IND_CPC_E!X$2 -> 1674.3286
A46: Basic chemicals | B46: =HYPERLINK("#"&CELL("address",FC_IND_CPC_BC_E!$X$2),"FC_IND_CPC_BC_E") -> FC_IND_CPC_BC_E | C46: =FC_IND_CPC_BC_E!C$2 -> 465.47205 | D46: =FC_IND_CPC_BC_E!D$2 -> 392.56264 | E46: =FC_IND_CPC_BC_E!E$2 -> 392.94628 | F46: =FC_IND_CPC_BC_E!F$2 -> 349.08162 | G46: =FC_IND_CPC_BC_E!G$2 -> 178.90183 | H46: =FC_IND_CPC_BC_E!H$2 -> 211.66784 | I46: =FC_IND_CPC_BC_E!I$2 -> 183.42437 | J46: =FC_IND_CPC_BC_E!J$2 -> 183.84403 | ... X46: =FC_IND_CPC_BC_E!X$2 -> 1008.1583
A47: Other chemicals | B47: =HYPERLINK("#"&CELL("address",FC_IND_CPC_OC_E!$X$2),"FC_IND_CPC_OC_E") -> FC_IND_CPC_OC_E | C47: =FC_IND_CPC_OC_E!C$2 -> 139.9361 | D47: =FC_IND_CPC_OC_E!D$2 -> 186.41324 | E47: =FC_IND_CPC_OC_E!E$2 -> 97.384787 | F47: =FC_IND_CPC_OC_E!F$2 -> 54.590225 | G47: =FC_IND_CPC_OC_E!G$2 -> 89.917787 | H47: =FC_IND_CPC_OC_E!H$2 -> 178.16801 | I47: =FC_IND_CPC_OC_E!I$2 -> 192.74904 | J47: =FC_IND_CPC_OC_E!J$2 -> 256.04479 | ... X47: =FC_IND_CPC_OC_E!X$2 -> 428.36403
A48: Basic pharmaceutical products | B48: =HYPERLINK("#"&CELL("address",FC_IND_CPC_PH_E!$X$2),"FC_IND_CPC_PH_E") -> FC_IND_CPC_PH_E | C48: =FC_IND_CPC_PH_E!C$2 -> 101.8635 | D48: =FC_IND_CPC_PH_E!D$2 -> 116.54101 | E48: =FC_IND_CPC_PH_E!E$2 -> 103.23605 | F48: =FC_IND_CPC_PH_E!F$2 -> 125.63363 | G48: =FC_IND_CPC_PH_E!G$2 -> 119.66667 | H48: =FC_IND_CPC_PH_E!H$2 -> 154.66043 | I48: =FC_IND_CPC_PH_E!I$2 -> 160.13538 | J48: =FC_IND_CPC_PH_E!J$2 -> 152.26491 | ... X48: =FC_IND_CPC_PH_E!X$2 -> 237.80625
A49: Non-metallic minerals | B49: =HYPERLINK("#"&CELL("address",FC_IND_NMM_E!$X$2),"FC_IND_NMM_E") -> FC_IND_NMM_E | C49: =FC_IND_NMM_E!C$2 -> 1352.863 | D49: =FC_IND_NMM_E!D$2 -> 1463.0414 | E49: =FC_IND_NMM_E!E$2 -> 1514.6422 | F49: =FC_IND_NMM_E!F$2 -> 1597.0448 | G49: =FC_IND_NMM_E!G$2 -> 1642.4658 | H49: =FC_IND_NMM_E!H$2 -> 1739.5441 | I49: =FC_IND_NMM_E!I$2 -> 1587.8868 | J49: =FC_IND_NMM_E!J$2 -> 1671.7795 | ... X49: =FC_IND_NMM_E!X$2 -> 1385.1863
A50: Cement | B50: =HYPERLINK("#"&CELL("address",FC_IND_NMM_CM_E!$X$2),"FC_IND_NMM_CM_E") -> FC_IND_NMM_CM_E | C50: =FC_IND_NMM_CM_E!C$2 -> 698.82294 | D50: =FC_IND_NMM_CM_E!D$2 -> 728.9421 | E50: =FC_IND_NMM_CM_E!E$2 -> 757.26623 | F50: =FC_IND_NMM_CM_E!F$2 -> 745.7519 | G50: =FC_IND_NMM_CM_E!G$2 -> 823.49672 | H50: =FC_IND_NMM_CM_E!H$2 -> 836.17589 | I50: =FC_IND_NMM_CM_E!I$2 -> 794.47458 | J50: =FC_IND_NMM_CM_E!J$2 -> 811.20606 | ... X50: =FC_IND_NMM_CM_E!X$2 -> 544.9736
A51: Ceramics & other non-metallic minerals | B51: =HYPERLINK("#"&CELL("address",FC_IND_NMM_CR_E!$X$2),"FC_IND_NMM_CR_E") -> FC_IND_NMM_CR_E | C51: =FC_IND_NMM_CR_E!C$2 -> 467.86808 | D51: =FC_IND_NMM_CR_E!D$2 -> 547.76889 | E51: =FC_IND_NMM_CR_E!E$2 -> 566.15787 | F51: =FC_IND_NMM_CR_E!F$2 -> 681.47391 | G51: =FC_IND_NMM_CR_E!G$2 -> 654.67954 | H51: =FC_IND_NMM_CR_E!H$2 -> 706.59753 | I51: =FC_IND_NMM_CR_E!I$2 -> 610.74163 | J51: =FC_IND_NMM_CR_E!J$2 -> 680.22539 | ... X51: =FC_IND_NMM_CR_E!X$2 -> 742.38868
A52: Glass | B52: =HYPERLINK("#"&CELL("address",FC_IND_NMM_GL_E!$X$2),"FC_IND_NMM_GL_E") -> FC_IND_NMM_GL_E | C52: =FC_IND_NMM_GL_E!C$2 -> 186.17203 | D52: =FC_IND_NMM_GL_E!D$2 -> 186.33039 | E52: =FC_IND_NMM_GL_E!E$2 -> 191.21815 | F52: =FC_IND_NMM_GL_E!F$2 -> 169.81903 | G52: =FC_IND_NMM_GL_E!G$2 -> 164.28951 | H52: =FC_IND_NMM_GL_E!H$2 -> 196.77062 | I52: =FC_IND_NMM_GL_E!I$2 -> 182.67057 | J52: =FC_IND_NMM_GL_E!J$2 -> 180.34809 | ... X52: =FC_IND_NMM_GL_E!X$2 -> 97.824046
A53: Paper, pulp & printing | B53: =HYPERLINK("#"&CELL("address",FC_IND_PPP_E!$X$2),"FC_IND_PPP_E") -> FC_IND_PPP_E | C53: =FC_IND_PPP_E!C$2 -> 170.3859 | D53: =FC_IND_PPP_E!D$2 -> 196.47433 | E53: =FC_IND_PPP_E!E$2 -> 208.08552 | F53: =FC_IND_PPP_E!F$2 -> 209.71164 | G53: =FC_IND_PPP_E!G$2 -> 183.79368 | H53: =FC_IND_PPP_E!H$2 -> 168.64668 | I53: =FC_IND_PPP_E!I$2 -> 195.96846 | J53: =FC_IND_PPP_E!J$2 -> 195.58533 | ... X53: =FC_IND_PPP_E!X$2 -> 414.87826
A54: Pulp | B54: =HYPERLINK("#"&CELL("address",FC_IND_PPP_PU_E!$X$2),"FC_IND_PPP_PU_E") -> FC_IND_PPP_PU_E | C54: =FC_IND_PPP_PU_E!C$2 -> 0 | D54: =FC_IND_PPP_PU_E!D$2 -> 0 | E54: =FC_IND_PPP_PU_E!E$2 -> 0 | F54: =FC_IND_PPP_PU_E!F$2 -> 0 | G54: =FC_IND_PPP_PU_E!G$2 -> 0 | H54: =FC_IND_PPP_PU_E!H$2 -> 0 | I54: =FC_IND_PPP_PU_E!I$2 -> 0 | J54: =FC_IND_PPP_PU_E!J$2 -> 0 | ... X54: =FC_IND_PPP_PU_E!X$2 -> 19.513334
A55: Paper | B55: =HYPERLINK("#"&CELL("address",FC_IND_PPP_PA_E!$X$2),"FC_IND_PPP_PA_E") -> FC_IND_PPP_PA_E | C55: =FC_IND_PPP_PA_E!C$2 -> 156.97519 | D55: =FC_IND_PPP_PA_E!D$2 -> 178.30973 | E55: =FC_IND_PPP_PA_E!E$2 -> 185.67831 | F55: =FC_IND_PPP_PA_E!F$2 -> 189.22087 | G55: =FC_IND_PPP_PA_E!G$2 -> 168.60432 | H55: =FC_IND_PPP_PA_E!H$2 -> 158.11701 | I55: =FC_IND_PPP_PA_E!I$2 -> 182.29179 | J55: =FC_IND_PPP_PA_E!J$2 -> 180.82904 | ... X55: =FC_IND_PPP_PA_E!X$2 -> 389.71862
A56: Printing and reproduction of recorded media | B56: =HYPERLINK("#"&CELL("address",FC_IND_PPP_PR_E!$X$2),"FC_IND_PPP_PR_E") -> FC_IND_PPP_PR_E | C56: =FC_IND_PPP_PR_E!C$2 -> 13.410711 | D56: =FC_IND_PPP_PR_E!D$2 -> 18.164596 | E56: =FC_IND_PPP_PR_E!E$2 -> 22.407205 | F56: =FC_IND_PPP_PR_E!F$2 -> 20.49077 | G56: =FC_IND_PPP_PR_E!G$2 -> 15.189364 | H56: =FC_IND_PPP_PR_E!H$2 -> 10.529674 | I56: =FC_IND_PPP_PR_E!I$2 -> 13.67667 | J56: =FC_IND_PPP_PR_E!J$2 -> 14.756291 | ... X56: =FC_IND_PPP_PR_E!X$2 -> 5.6462972
A57: Food, beverages & tobacco | B57: =HYPERLINK("#"&CELL("address",FC_IND_FBT_E!$X$2),"FC_IND_FBT_E") -> FC_IND_FBT_E | C57: =FC_IND_FBT_E!C$2 -> 811.85275 | D57: =FC_IND_FBT_E!D$2 -> 1070.21 | E57: =FC_IND_FBT_E!E$2 -> 1064.7266 | F57: =FC_IND_FBT_E!F$2 -> 883.84491 | G57: =FC_IND_FBT_E!G$2 -> 917.8815 | H57: =FC_IND_FBT_E!H$2 -> 755.85058 | I57: =FC_IND_FBT_E!I$2 -> 748.95286 | J57: =FC_IND_FBT_E!J$2 -> 631.89147 | ... X57: =FC_IND_FBT_E!X$2 -> 868.75036
A58: Transport equipment | B58: =HYPERLINK("#"&CELL("address",FC_IND_TE_E!$X$2),"FC_IND_TE_E") -> FC_IND_TE_E | C58: =FC_IND_TE_E!C$2 -> 114.56712 | D58: =FC_IND_TE_E!D$2 -> 107.19558 | E58: =FC_IND_TE_E!E$2 -> 134.60291 | F58: =FC_IND_TE_E!F$2 -> 150.36936 | G58: =FC_IND_TE_E!G$2 -> 138.90131 | H58: =FC_IND_TE_E!H$2 -> 150.44078 | I58: =FC_IND_TE_E!I$2 -> 151.45606 | J58: =FC_IND_TE_E!J$2 -> 143.56236 | ... X58: =FC_IND_TE_E!X$2 -> 190.58095
A59: Machinery | B59: =HYPERLINK("#"&CELL("address",FC_IND_MAC_E!$X$2),"FC_IND_MAC_E") -> FC_IND_MAC_E | C59: =FC_IND_MAC_E!C$2 -> 291.64029 | D59: =FC_IND_MAC_E!D$2 -> 304.29319 | E59: =FC_IND_MAC_E!E$2 -> 296.42237 | F59: =FC_IND_MAC_E!F$2 -> 333.12805 | G59: =FC_IND_MAC_E!G$2 -> 318.74566 | H59: =FC_IND_MAC_E!H$2 -> 389.77031 | I59: =FC_IND_MAC_E!I$2 -> 371.85582 | J59: =FC_IND_MAC_E!J$2 -> 370.90888 | ... X59: =FC_IND_MAC_E!X$2 -> 545.42445
A60: Textile & leather | B60: =HYPERLINK("#"&CELL("address",FC_IND_TL_E!$X$2),"FC_IND_TL_E") -> FC_IND_TL_E | C60: =FC_IND_TL_E!C$2 -> 62.600636 | D60: =FC_IND_TL_E!D$2 -> 76.876597 | E60: =FC_IND_TL_E!E$2 -> 87.265876 | F60: =FC_IND_TL_E!F$2 -> 73.988644 | G60: =FC_IND_TL_E!G$2 -> 55.74096 | H60: =FC_IND_TL_E!H$2 -> 54.68067 | I60: =FC_IND_TL_E!I$2 -> 36.15084 | J60: =FC_IND_TL_E!J$2 -> 29.58714 | ... X60: =FC_IND_TL_E!X$2 -> 44.02728
A61: Wood & wood products | B61: =HYPERLINK("#"&CELL("address",FC_IND_WP_E!$X$2),"FC_IND_WP_E") -> FC_IND_WP_E | C61: =FC_IND_WP_E!C$2 -> 57.0537 | D61: =FC_IND_WP_E!D$2 -> 56.59929 | E61: =FC_IND_WP_E!E$2 -> 54.93312 | F61: =FC_IND_WP_E!F$2 -> 53.36793 | G61: =FC_IND_WP_E!G$2 -> 49.88412 | H61: =FC_IND_WP_E!H$2 -> 42.81552 | I61: =FC_IND_WP_E!I$2 -> 27.7695 | J61: =FC_IND_WP_E!J$2 -> 25.39647 | ... X61: =FC_IND_WP_E!X$2 -> 52.024041
A62: Mining & quarrying | B62: =HYPERLINK("#"&CELL("address",FC_IND_MQ_E!$X$2),"FC_IND_MQ_E") -> FC_IND_MQ_E | C62: =FC_IND_MQ_E!C$2 -> 21.784799 | D62: =FC_IND_MQ_E!D$2 -> 14.231178 | E62: =FC_IND_MQ_E!E$2 -> 26.298359 | F62: =FC_IND_MQ_E!F$2 -> 46.940899 | G62: =FC_IND_MQ_E!G$2 -> 28.05993 | H62: =FC_IND_MQ_E!H$2 -> 32.81688 | I62: =FC_IND_MQ_E!I$2 -> 35.498161 | J62: =FC_IND_MQ_E!J$2 -> 31.39263 | ... X62: =FC_IND_MQ_E!X$2 -> 75.94587
A63: Construction | B63: =HYPERLINK("#"&CELL("address",FC_IND_CON_E!$X$2),"FC_IND_CON_E") -> FC_IND_CON_E | C63: =FC_IND_CON_E!C$2 -> 50.063115 | D63: =FC_IND_CON_E!D$2 -> 81.001576 | E63: =FC_IND_CON_E!E$2 -> 86.264233 | F63: =FC_IND_CON_E!F$2 -> 88.970202 | G63: =FC_IND_CON_E!G$2 -> 74.597984 | H63: =FC_IND_CON_E!H$2 -> 129.78577 | I63: =FC_IND_CON_E!I$2 -> 129.06872 | J63: =FC_IND_CON_E!J$2 -> 81.701291 | ... X63: =FC_IND_CON_E!X$2 -> 794.01051
A64: Not elsewhere specified (industry) | B64: =HYPERLINK("#"&CELL("address",FC_IND_NSP_E!$X$2),"FC_IND_NSP_E") -> FC_IND_NSP_E | C64: =FC_IND_NSP_E!C$2 -> 75.295348 | D64: =FC_IND_NSP_E!D$2 -> 69.792125 | E64: =FC_IND_NSP_E!E$2 -> 79.583297 | F64: =FC_IND_NSP_E!F$2 -> 70.798037 | G64: =FC_IND_NSP_E!G$2 -> 70.319461 | H64: =FC_IND_NSP_E!H$2 -> 57.25566 | I64: =FC_IND_NSP_E!I$2 -> 67.00023 | J64: =FC_IND_NSP_E!J$2 -> 65.58651 | ... X64: =FC_IND_NSP_E!X$2 -> 282.93119
A65: Transport sector | B65: =HYPERLINK("#"&CELL("address",FC_TRA_E!$X$2),"FC_TRA_E") -> FC_TRA_E | C65: =FC_TRA_E!C$2 -> 8943.425 | D65: =FC_TRA_E!D$2 -> 9417.3364 | E65: =FC_TRA_E!E$2 -> 10032.383 | F65: =FC_TRA_E!F$2 -> 10492.064 | G65: =FC_TRA_E!G$2 -> 10970.592 | H65: =FC_TRA_E!H$2 -> 11885.286 | I65: =FC_TRA_E!I$2 -> 12700.156 | J65: =FC_TRA_E!J$2 -> 12888.968 | ... X65: =FC_TRA_E!X$2 -> 13663.566
A66: Rail | B66: =HYPERLINK("#"&CELL("address",FC_TRA_RAIL_E!$X$2),"FC_TRA_RAIL_E") -> FC_TRA_RAIL_E | C66: =FC_TRA_RAIL_E!C$2 -> 268.82605 | D66: =FC_TRA_RAIL_E!D$2 -> 258.44363 | E66: =FC_TRA_RAIL_E!E$2 -> 249.59176 | F66: =FC_TRA_RAIL_E!F$2 -> 238.47114 | G66: =FC_TRA_RAIL_E!G$2 -> 225.17394 | H66: =FC_TRA_RAIL_E!H$2 -> 204.75838 | I66: =FC_TRA_RAIL_E!I$2 -> 194.36427 | J66: =FC_TRA_RAIL_E!J$2 -> 186.732 | ... X66: =FC_TRA_RAIL_E!X$2 -> 104.90337
A67: Metro and tram, urban light rail | B67: =HYPERLINK("#"&CELL("address",FC_TRA_RAIL_MTU_E!$X$2),"FC_TRA_RAIL_MTU_E") -> FC_TRA_RAIL_MTU_E | C67: =FC_TRA_RAIL_MTU_E!C$2 -> 0 | D67: =FC_TRA_RAIL_MTU_E!D$2 -> 0 | E67: =FC_TRA_RAIL_MTU_E!E$2 -> 0 | F67: =FC_TRA_RAIL_MTU_E!F$2 -> 0 | G67: =FC_TRA_RAIL_MTU_E!G$2 -> 0 | H67: =FC_TRA_RAIL_MTU_E!H$2 -> 0 | I67: =FC_TRA_RAIL_MTU_E!I$2 -> 0 | J67: =FC_TRA_RAIL_MTU_E!J$2 -> 0 | ... X67: =FC_TRA_RAIL_MTU_E!X$2 -> 0
A68: Conventional passenger trains | B68: =HYPERLINK("#"&CELL("address",FC_TRA_RAIL_CPT_E!$X$2),"FC_TRA_RAIL_CPT_E") -> FC_TRA_RAIL_CPT_E | C68: =FC_TRA_RAIL_CPT_E!C$2 -> 225.47747 | D68: =FC_TRA_RAIL_CPT_E!D$2 -> 220.82545 | E68: =FC_TRA_RAIL_CPT_E!E$2 -> 213.53604 | F68: =FC_TRA_RAIL_CPT_E!F$2 -> 206.79257 | G68: =FC_TRA_RAIL_CPT_E!G$2 -> 192.93766 | H68: =FC_TRA_RAIL_CPT_E!H$2 -> 172.81081 | I68: =FC_TRA_RAIL_CPT_E!I$2 -> 157.5446 | J68: =FC_TRA_RAIL_CPT_E!J$2 -> 150.49698 | ... X68: =FC_TRA_RAIL_CPT_E!X$2 -> 78.060136
A69: High speed passenger trains | B69: =HYPERLINK("#"&CELL("address",FC_TRA_RAIL_HST_E!$X$2),"FC_TRA_RAIL_HST_E") -> FC_TRA_RAIL_HST_E | C69: =FC_TRA_RAIL_HST_E!C$2 -> 0 | D69: =FC_TRA_RAIL_HST_E!D$2 -> 0 | E69: =FC_TRA_RAIL_HST_E!E$2 -> 0 | F69: =FC_TRA_RAIL_HST_E!F$2 -> 0 | G69: =FC_TRA_RAIL_HST_E!G$2 -> 0 | H69: =FC_TRA_RAIL_HST_E!H$2 -> 0 | I69: =FC_TRA_RAIL_HST_E!I$2 -> 0 | J69: =FC_TRA_RAIL_HST_E!J$2 -> 0 | ... X69: =FC_TRA_RAIL_HST_E!X$2 -> 0
A70: Freight trains | B70: =HYPERLINK("#"&CELL("address",FC_TRA_RAIL_FRT_E!$X$2),"FC_TRA_RAIL_FRT_E") -> FC_TRA_RAIL_FRT_E | C70: =FC_TRA_RAIL_FRT_E!C$2 -> 43.348587 | D70: =FC_TRA_RAIL_FRT_E!D$2 -> 37.618182 | E70: =FC_TRA_RAIL_FRT_E!E$2 -> 36.055721 | F70: =FC_TRA_RAIL_FRT_E!F$2 -> 31.678571 | G70: =FC_TRA_RAIL_FRT_E!G$2 -> 32.236273 | H70: =FC_TRA_RAIL_FRT_E!H$2 -> 31.947574 | I70: =FC_TRA_RAIL_FRT_E!I$2 -> 36.81967 | J70: =FC_TRA_RAIL_FRT_E!J$2 -> 36.235024 | ... X70: =FC_TRA_RAIL_FRT_E!X$2 -> 26.843234
A71: Road | B71: =HYPERLINK("#"&CELL("address",FC_TRA_ROAD_E!$X$2),"FC_TRA_ROAD_E") -> FC_TRA_ROAD_E | C71: =FC_TRA_ROAD_E!C$2 -> 8671.4127 | D71: =FC_TRA_ROAD_E!D$2 -> 9155.7066 | E71: =FC_TRA_ROAD_E!E$2 -> 9776.4184 | F71: =FC_TRA_ROAD_E!F$2 -> 10224.916 | G71: =FC_TRA_ROAD_E!G$2 -> 10739.046 | H71: =FC_TRA_ROAD_E!H$2 -> 11677.341 | I71: =FC_TRA_ROAD_E!I$2 -> 12502.605 | J71: =FC_TRA_ROAD_E!J$2 -> 12699.124 | ... X71: =FC_TRA_ROAD_E!X$2 -> 13486.064
A72: Powered two-wheelers | B72: =HYPERLINK("#"&CELL("address",FC_TRA_ROAD_P2W_E!$X$2),"FC_TRA_ROAD_P2W_E") -> FC_TRA_ROAD_P2W_E | C72: =FC_TRA_ROAD_P2W_E!C$2 -> 34.283106 | D72: =FC_TRA_ROAD_P2W_E!D$2 -> 34.853257 | E72: =FC_TRA_ROAD_P2W_E!E$2 -> 36.218434 | F72: =FC_TRA_ROAD_P2W_E!F$2 -> 38.022281 | G72: =FC_TRA_ROAD_P2W_E!G$2 -> 41.262462 | H72: =FC_TRA_ROAD_P2W_E!H$2 -> 43.861108 | I72: =FC_TRA_ROAD_P2W_E!I$2 -> 45.830003 | J72: =FC_TRA_ROAD_P2W_E!J$2 -> 46.856797 | ... X72: =FC_TRA_ROAD_P2W_E!X$2 -> 47.962302
A73: Passenger cars | B73: =HYPERLINK("#"&CELL("address",FC_TRA_ROAD_CAR_E!$X$2),"FC_TRA_ROAD_CAR_E") -> FC_TRA_ROAD_CAR_E | C73: =FC_TRA_ROAD_CAR_E!C$2 -> 4462.1907 | D73: =FC_TRA_ROAD_CAR_E!D$2 -> 4745.8404 | E73: =FC_TRA_ROAD_CAR_E!E$2 -> 4999.3578 | F73: =FC_TRA_ROAD_CAR_E!F$2 -> 5280.2396 | G73: =FC_TRA_ROAD_CAR_E!G$2 -> 5538.2663 | H73: =FC_TRA_ROAD_CAR_E!H$2 -> 5580.9384 | I73: =FC_TRA_ROAD_CAR_E!I$2 -> 5973.8936 | J73: =FC_TRA_ROAD_CAR_E!J$2 -> 6242.9308 | ... X73: =FC_TRA_ROAD_CAR_E!X$2 -> 7420.3276
A74: Motor coaches, buses and trolley buses | B74: =HYPERLINK("#"&CELL("address",FC_TRA_ROAD_BUS_E!$X$2),"FC_TRA_ROAD_BUS_E") -> FC_TRA_ROAD_BUS_E | C74: =FC_TRA_ROAD_BUS_E!C$2 -> 1174.703 | D74: =FC_TRA_ROAD_BUS_E!D$2 -> 1178.5385 | E74: =FC_TRA_ROAD_BUS_E!E$2 -> 1218.1103 | F74: =FC_TRA_ROAD_BUS_E!F$2 -> 1220.548 | G74: =FC_TRA_ROAD_BUS_E!G$2 -> 1176.7694 | H74: =FC_TRA_ROAD_BUS_E!H$2 -> 1216.4862 | I74: =FC_TRA_ROAD_BUS_E!I$2 -> 1317.6544 | J74: =FC_TRA_ROAD_BUS_E!J$2 -> 1300.445 | ... X74: =FC_TRA_ROAD_BUS_E!X$2 -> 1087.4141
A75: Light commercial vehicles | B75: =HYPERLINK("#"&CELL("address",FC_TRA_ROAD_LCV_E!$X$2),"FC_TRA_ROAD_LCV_E") -> FC_TRA_ROAD_LCV_E | C75: =FC_TRA_ROAD_LCV_E!C$2 -> 1036.1049 | D75: =FC_TRA_ROAD_LCV_E!D$2 -> 1076.3381 | E75: =FC_TRA_ROAD_LCV_E!E$2 -> 1172.9132 | F75: =FC_TRA_ROAD_LCV_E!F$2 -> 1224.559 | G75: =FC_TRA_ROAD_LCV_E!G$2 -> 1243.8716 | H75: =FC_TRA_ROAD_LCV_E!H$2 -> 1338.65 | I75: =FC_TRA_ROAD_LCV_E!I$2 -> 1330.1609 | J75: =FC_TRA_ROAD_LCV_E!J$2 -> 1349.2087 | ... X75: =FC_TRA_ROAD_LCV_E!X$2 -> 2086.2723
A76: Heavy goods vehicles | B76: =HYPERLINK("#"&CELL("address",FC_TRA_ROAD_HGV_E!$X$2),"FC_TRA_ROAD_HGV_E") -> FC_TRA_ROAD_HGV_E | C76: =FC_TRA_ROAD_HGV_E!C$2 -> 1964.131 | D76: =FC_TRA_ROAD_HGV_E!D$2 -> 2120.1364 | E76: =FC_TRA_ROAD_HGV_E!E$2 -> 2349.8186 | F76: =FC_TRA_ROAD_HGV_E!F$2 -> 2461.547 | G76: =FC_TRA_ROAD_HGV_E!G$2 -> 2738.8758 | H76: =FC_TRA_ROAD_HGV_E!H$2 -> 3497.4057 | I76: =FC_TRA_ROAD_HGV_E!I$2 -> 3835.0665 | J76: =FC_TRA_ROAD_HGV_E!J$2 -> 3759.6826 | ... X76: =FC_TRA_ROAD_HGV_E!X$2 -> 2844.088
A77: Domestic aviation | B77: =HYPERLINK("#"&CELL("address",FC_TRA_DAVI_E!$X$2),"FC_TRA_DAVI_E") -> FC_TRA_DAVI_E | C77: =FC_TRA_DAVI_E!C$2 -> 0 | D77: =FC_TRA_DAVI_E!D$2 -> 0 | E77: =FC_TRA_DAVI_E!E$2 -> 0 | F77: =FC_TRA_DAVI_E!F$2 -> 0 | G77: =FC_TRA_DAVI_E!G$2 -> 0 | H77: =FC_TRA_DAVI_E!H$2 -> 0 | I77: =FC_TRA_DAVI_E!I$2 -> 0 | J77: =FC_TRA_DAVI_E!J$2 -> 0 | ... X77: =FC_TRA_DAVI_E!X$2 -> 0
A78: Domestic passenger aviation | B78: =HYPERLINK("#"&CELL("address",FC_TRA_DAVI_PA_E!$X$2),"FC_TRA_DAVI_PA_E") -> FC_TRA_DAVI_PA_E | C78: =FC_TRA_DAVI_PA_E!C$2 -> 0 | D78: =FC_TRA_DAVI_PA_E!D$2 -> 0 | E78: =FC_TRA_DAVI_PA_E!E$2 -> 0 | F78: =FC_TRA_DAVI_PA_E!F$2 -> 0 | G78: =FC_TRA_DAVI_PA_E!G$2 -> 0 | H78: =FC_TRA_DAVI_PA_E!H$2 -> 0 | I78: =FC_TRA_DAVI_PA_E!I$2 -> 0 | J78: =FC_TRA_DAVI_PA_E!J$2 -> 0 | ... X78: =FC_TRA_DAVI_PA_E!X$2 -> 0
A79: Domestic freight aviation | B79: =HYPERLINK("#"&CELL("address",FC_TRA_DAVI_FR_E!$X$2),"FC_TRA_DAVI_FR_E") -> FC_TRA_DAVI_FR_E | C79: =FC_TRA_DAVI_FR_E!C$2 -> 0 | D79: =FC_TRA_DAVI_FR_E!D$2 -> 0 | E79: =FC_TRA_DAVI_FR_E!E$2 -> 0 | F79: =FC_TRA_DAVI_FR_E!F$2 -> 0 | G79: =FC_TRA_DAVI_FR_E!G$2 -> 0 | H79: =FC_TRA_DAVI_FR_E!H$2 -> 0 | I79: =FC_TRA_DAVI_FR_E!I$2 -> 0 | J79: =FC_TRA_DAVI_FR_E!J$2 -> 0 | ... X79: =FC_TRA_DAVI_FR_E!X$2 -> 0
A80: Domestic navigation | B80: =HYPERLINK("#"&CELL("address",FC_TRA_DNAVI_E!$X$2),"FC_TRA_DNAVI_E") -> FC_TRA_DNAVI_E | C80: =FC_TRA_DNAVI_E!C$2 -> 3.1861814 | D80: =FC_TRA_DNAVI_E!D$2 -> 3.1861814 | E80: =FC_TRA_DNAVI_E!E$2 -> 6.3726296 | F80: =FC_TRA_DNAVI_E!F$2 -> 28.6767 | G80: =FC_TRA_DNAVI_E!G$2 -> 6.3726296 | H80: =FC_TRA_DNAVI_E!H$2 -> 3.1861814 | I80: =FC_TRA_DNAVI_E!I$2 -> 3.1861814 | J80: =FC_TRA_DNAVI_E!J$2 -> 3.1122889 | ... X80: =FC_TRA_DNAVI_E!X$2 -> 9.53667
A81: Domestic coastal shipping | B81: =HYPERLINK("#"&CELL("address",FC_TRA_DNAVI_DCS_E!$X$2),"FC_TRA_DNAVI_DCS_E") -> FC_TRA_DNAVI_DCS_E | C81: =FC_TRA_DNAVI_DCS_E!C$2 -> 0 | D81: =FC_TRA_DNAVI_DCS_E!D$2 -> 0 | E81: =FC_TRA_DNAVI_DCS_E!E$2 -> 0 | F81: =FC_TRA_DNAVI_DCS_E!F$2 -> 0 | G81: =FC_TRA_DNAVI_DCS_E!G$2 -> 0 | H81: =FC_TRA_DNAVI_DCS_E!H$2 -> 0 | I81: =FC_TRA_DNAVI_DCS_E!I$2 -> 0 | J81: =FC_TRA_DNAVI_DCS_E!J$2 -> 0 | ... X81: =FC_TRA_DNAVI_DCS_E!X$2 -> 0
A82: Inland waterways | B82: =HYPERLINK("#"&CELL("address",FC_TRA_DNAVI_IWW_E!$X$2),"FC_TRA_DNAVI_IWW_E") -> FC_TRA_DNAVI_IWW_E | C82: =FC_TRA_DNAVI_IWW_E!C$2 -> 3.1861814 | D82: =FC_TRA_DNAVI_IWW_E!D$2 -> 3.1861814 | E82: =FC_TRA_DNAVI_IWW_E!E$2 -> 6.3726296 | F82: =FC_TRA_DNAVI_IWW_E!F$2 -> 28.6767 | G82: =FC_TRA_DNAVI_IWW_E!G$2 -> 6.3726296 | H82: =FC_TRA_DNAVI_IWW_E!H$2 -> 3.1861814 | I82: =FC_TRA_DNAVI_IWW_E!I$2 -> 3.1861814 | J82: =FC_TRA_DNAVI_IWW_E!J$2 -> 3.1122889 | ... X82: =FC_TRA_DNAVI_IWW_E!X$2 -> 9.53667
A83: Pipeline transport | B83: =HYPERLINK("#"&CELL("address",FC_TRA_PIPE_E!$X$2),"FC_TRA_PIPE_E") -> FC_TRA_PIPE_E | C83: =FC_TRA_PIPE_E!C$2 -> 0 | D83: =FC_TRA_PIPE_E!D$2 -> 0 | E83: =FC_TRA_PIPE_E!E$2 -> 0 | F83: =FC_TRA_PIPE_E!F$2 -> 0 | G83: =FC_TRA_PIPE_E!G$2 -> 0 | H83: =FC_TRA_PIPE_E!H$2 -> 0 | I83: =FC_TRA_PIPE_E!I$2 -> 0 | J83: =FC_TRA_PIPE_E!J$2 -> 0 | ... X83: =FC_TRA_PIPE_E!X$2 -> 63.06201
A84: Other sectors | B84: =HYPERLINK("#"&CELL("address",FC_OTH_E!$X$2),"FC_OTH_E") -> FC_OTH_E | C84: =FC_OTH_E!C$2 -> 14894.891 | D84: =FC_OTH_E!D$2 -> 15637.224 | E84: =FC_OTH_E!E$2 -> 15631.092 | F84: =FC_OTH_E!F$2 -> 16937.569 | G84: =FC_OTH_E!G$2 -> 16882.56 | H84: =FC_OTH_E!H$2 -> 17430.277 | I84: =FC_OTH_E!I$2 -> 15906.512 | J84: =FC_OTH_E!J$2 -> 13082.846 | ... X84: =FC_OTH_E!X$2 -> 12596.994
A85: Commercial & public services | B85: =HYPERLINK("#"&CELL("address",FC_OTH_CP_E!$X$2),"FC_OTH_CP_E") -> FC_OTH_CP_E | C85: =FC_OTH_CP_E!C$2 -> 4505.0887 | D85: =FC_OTH_CP_E!D$2 -> 4804.1788 | E85: =FC_OTH_CP_E!E$2 -> 4403.8717 | F85: =FC_OTH_CP_E!F$2 -> 4630.9591 | G85: =FC_OTH_CP_E!G$2 -> 5768.8327 | H85: =FC_OTH_CP_E!H$2 -> 5473.2182 | I85: =FC_OTH_CP_E!I$2 -> 4723.6247 | J85: =FC_OTH_CP_E!J$2 -> 3666.1525 | ... X85: =FC_OTH_CP_E!X$2 -> 2792.9721
A86: Space heating (services) | B86: =HYPERLINK("#"&CELL("address",FC_OTH_CP_SH_E!$X$2),"FC_OTH_CP_SH_E") -> FC_OTH_CP_SH_E | C86: =FC_OTH_CP_SH_E!C$2 -> 4115.789 | D86: =FC_OTH_CP_SH_E!D$2 -> 4404.5476 | E86: =FC_OTH_CP_SH_E!E$2 -> 3964.9916 | F86: =FC_OTH_CP_SH_E!F$2 -> 4155.0996 | G86: =FC_OTH_CP_SH_E!G$2 -> 5276.8646 | H86: =FC_OTH_CP_SH_E!H$2 -> 4948.7992 | I86: =FC_OTH_CP_SH_E!I$2 -> 4169.2735 | J86: =FC_OTH_CP_SH_E!J$2 -> 3077.5917 | ... X86: =FC_OTH_CP_SH_E!X$2 -> 2108.8897
A87: Space cooling (services) | B87: =HYPERLINK("#"&CELL("address",FC_OTH_CP_SC_E!$X$2),"FC_OTH_CP_SC_E") -> FC_OTH_CP_SC_E | C87: =FC_OTH_CP_SC_E!C$2 -> 0.13744902 | D87: =FC_OTH_CP_SC_E!D$2 -> 0.14086955 | E87: =FC_OTH_CP_SC_E!E$2 -> 0.17560285 | F87: =FC_OTH_CP_SC_E!F$2 -> 0.22534292 | G87: =FC_OTH_CP_SC_E!G$2 -> 0.18214905 | H87: =FC_OTH_CP_SC_E!H$2 -> 0.19686308 | I87: =FC_OTH_CP_SC_E!I$2 -> 0.25051424 | J87: =FC_OTH_CP_SC_E!J$2 -> 0.30673183 | ... X87: =FC_OTH_CP_SC_E!X$2 -> 1.151741
A88: Hot water (services) | B88: =HYPERLINK("#"&CELL("address",FC_OTH_CP_HW_E!$X$2),"FC_OTH_CP_HW_E") -> FC_OTH_CP_HW_E | C88: =FC_OTH_CP_HW_E!C$2 -> 222.05793 | D88: =FC_OTH_CP_HW_E!D$2 -> 225.43447 | E88: =FC_OTH_CP_HW_E!E$2 -> 236.9441 | F88: =FC_OTH_CP_HW_E!F$2 -> 247.53811 | G88: =FC_OTH_CP_HW_E!G$2 -> 261.62174 | H88: =FC_OTH_CP_HW_E!H$2 -> 259.45202 | I88: =FC_OTH_CP_HW_E!I$2 -> 261.18446 | J88: =FC_OTH_CP_HW_E!J$2 -> 274.97356 | ... X88: =FC_OTH_CP_HW_E!X$2 -> 304.55594
A89: Catering (services) | B89: =HYPERLINK("#"&CELL("address",FC_OTH_CP_CA_E!$X$2),"FC_OTH_CP_CA_E") -> FC_OTH_CP_CA_E | C89: =FC_OTH_CP_CA_E!C$2 -> 167.10433 | D89: =FC_OTH_CP_CA_E!D$2 -> 174.0559 | E89: =FC_OTH_CP_CA_E!E$2 -> 201.76043 | F89: =FC_OTH_CP_CA_E!F$2 -> 228.09605 | G89: =FC_OTH_CP_CA_E!G$2 -> 230.16428 | H89: =FC_OTH_CP_CA_E!H$2 -> 264.77006 | I89: =FC_OTH_CP_CA_E!I$2 -> 292.91622 | J89: =FC_OTH_CP_CA_E!J$2 -> 313.28058 | ... X89: =FC_OTH_CP_CA_E!X$2 -> 378.37478
A90: Households | B90: =HYPERLINK("#"&CELL("address",FC_OTH_HH_E!$X$2),"FC_OTH_HH_E") -> FC_OTH_HH_E | C90: =FC_OTH_HH_E!C$2 -> 8766.2489 | D90: =FC_OTH_HH_E!D$2 -> 9351.8363 | E90: =FC_OTH_HH_E!E$2 -> 9716.4907 | F90: =FC_OTH_HH_E!F$2 -> 10898.07 | G90: =FC_OTH_HH_E!G$2 -> 9813.8059 | H90: =FC_OTH_HH_E!H$2 -> 10708.834 | I90: =FC_OTH_HH_E!I$2 -> 9939.3276 | J90: =FC_OTH_HH_E!J$2 -> 8317.1385 | ... X90: =FC_OTH_HH_E!X$2 -> 8212.2349
A91: Space heating (households) | B91: =HYPERLINK("#"&CELL("address",FC_OTH_HH_SH_E!$X$2),"FC_OTH_HH_SH_E") -> FC_OTH_HH_SH_E | C91: =FC_OTH_HH_SH_E!C$2 -> 7418.2066 | D91: =FC_OTH_HH_SH_E!D$2 -> 8010.8713 | E91: =FC_OTH_HH_SH_E!E$2 -> 8295.8441 | F91: =FC_OTH_HH_SH_E!F$2 -> 9524.4738 | G91: =FC_OTH_HH_SH_E!G$2 -> 8452.5553 | H91: =FC_OTH_HH_SH_E!H$2 -> 9308.7317 | I91: =FC_OTH_HH_SH_E!I$2 -> 8651.8901 | J91: =FC_OTH_HH_SH_E!J$2 -> 7054.1345 | ... X91: =FC_OTH_HH_SH_E!X$2 -> 6836.5027
A92: Space cooling (households) | B92: =HYPERLINK("#"&CELL("address",FC_OTH_HH_SC_E!$X$2),"FC_OTH_HH_SC_E") -> FC_OTH_HH_SC_E | C92: =FC_OTH_HH_SC_E!C$2 -> 0 | D92: =FC_OTH_HH_SC_E!D$2 -> 0 | E92: =FC_OTH_HH_SC_E!E$2 -> 0 | F92: =FC_OTH_HH_SC_E!F$2 -> 0 | G92: =FC_OTH_HH_SC_E!G$2 -> 0 | H92: =FC_OTH_HH_SC_E!H$2 -> 0 | I92: =FC_OTH_HH_SC_E!I$2 -> 0 | J92: =FC_OTH_HH_SC_E!J$2 -> 0 | ... X92: =FC_OTH_HH_SC_E!X$2 -> 0
A93: Water heating (households) | B93: =HYPERLINK("#"&CELL("address",FC_OTH_HH_WH_E!$X$2),"FC_OTH_HH_WH_E") -> FC_OTH_HH_WH_E | C93: =FC_OTH_HH_WH_E!C$2 -> 752.36119 | D93: =FC_OTH_HH_WH_E!D$2 -> 733.43071 | E93: =FC_OTH_HH_WH_E!E$2 -> 771.94701 | F93: =FC_OTH_HH_WH_E!F$2 -> 724.07733 | G93: =FC_OTH_HH_WH_E!G$2 -> 718.26074 | H93: =FC_OTH_HH_WH_E!H$2 -> 762.28713 | I93: =FC_OTH_HH_WH_E!I$2 -> 671.17912 | J93: =FC_OTH_HH_WH_E!J$2 -> 711.30372 | ... X93: =FC_OTH_HH_WH_E!X$2 -> 757.31766
A94: Cooking (households) | B94: =HYPERLINK("#"&CELL("address",FC_OTH_HH_CO_E!$X$2),"FC_OTH_HH_CO_E") -> FC_OTH_HH_CO_E | C94: =FC_OTH_HH_CO_E!C$2 -> 595.68116 | D94: =FC_OTH_HH_CO_E!D$2 -> 607.53429 | E94: =FC_OTH_HH_CO_E!E$2 -> 648.69957 | F94: =FC_OTH_HH_CO_E!F$2 -> 649.51906 | G94: =FC_OTH_HH_CO_E!G$2 -> 642.98991 | H94: =FC_OTH_HH_CO_E!H$2 -> 637.81487 | I94: =FC_OTH_HH_CO_E!I$2 -> 616.2583 | J94: =FC_OTH_HH_CO_E!J$2 -> 551.70028 | ... X94: =FC_OTH_HH_CO_E!X$2 -> 618.41455
A95: Agriculture, forestry and fishing | B95: =HYPERLINK("#"&CELL("address",FC_OTH_AFF_E!$X$2),"FC_OTH_AFF_E") -> FC_OTH_AFF_E | C95: =FC_OTH_AFF_E!C$2 -> 1623.5533 | D95: =FC_OTH_AFF_E!D$2 -> 1481.2086 | E95: =FC_OTH_AFF_E!E$2 -> 1510.7296 | F95: =FC_OTH_AFF_E!F$2 -> 1408.5398 | G95: =FC_OTH_AFF_E!G$2 -> 1299.9214 | H95: =FC_OTH_AFF_E!H$2 -> 1248.2256 | I95: =FC_OTH_AFF_E!I$2 -> 1243.5598 | J95: =FC_OTH_AFF_E!J$2 -> 1099.5547 | ... X95: =FC_OTH_AFF_E!X$2 -> 1591.7873

Sheet ef
A1: CO2 emission factors (t CO2 / toe) | B1: ef | C1: 2000 | D1: 2001 | E1: 2002 | F1: 2003 | G1: 2004 | H1: 2005 | I1: 2006 | J1: 2007 | K1: 2008 | L1: 2009 | M1: 2010 | N1: 2011 | O1: 2012 | P1: 2013 | Q1: 2014 | R1: 2015 | S1: 2016 | T1: 2017 | U1: 2018 | V1: 2019 | W1: 2020 | X1: 2021
A2: Total | B2: TOTAL
A3: Solid fossil fuels | B3: C0000X0350-0370
A4: Hard coal | B4: C0100
A5: Anthracite | B5: C0110 | C5: 4.1142288 | D5: 4.1142288 | E5: 4.1142288 | F5: 4.1142288 | G5: 4.1142288 | H5: 4.1142288 | I5: 4.1142288 | J5: 4.1142288 | K5: 4.1142288 | L5: 4.1142288 | M5: 4.1142288 | N5: 4.1142288 | O5: 4.1142288 | P5: 4.1142288 | Q5: 4.1142288 | R5: 4.1142288 | S5: 4.1142288 | T5: 4.1142288 | U5: 4.1142288 | V5: 4.1142288 | W5: 4.1142288 | X5: 4.1142288
A6: Coking coal | B6: C0121 | C6: 3.9607128 | D6: 3.9607128 | E6: 3.9607128 | F6: 3.9607128 | G6: 3.9607128 | H6: 3.9607128 | I6: 3.9607128 | J6: 3.9607128 | K6: 3.9607128 | L6: 3.9607128 | M6: 3.9607128 | N6: 3.9607128 | O6: 3.9607128 | P6: 3.9607128 | Q6: 3.9607128 | R6: 3.9607128 | S6: 3.9607128 | T6: 3.9607128 | U6: 3.9607128 | V6: 3.9607128 | W6: 3.9607128 | X6: 3.9607128
A7: Other bituminous coal | B7: C0129 | C7: 3.9607128 | D7: 3.9607128 | E7: 3.9607128 | F7: 3.9607128 | G7: 3.9607128 | H7: 3.9607128 | I7: 3.9607128 | J7: 3.9607128 | K7: 3.9607128 | L7: 3.9607128 | M7: 3.9607128 | N7: 3.9607128 | O7: 3.9607128 | P7: 3.9607128 | Q7: 3.9607128 | R7: 3.9607128 | S7: 3.9607128 | T7: 3.9607128 | U7: 3.9607128 | V7: 3.9607128 | W7: 3.9607128 | X7: 3.9607128
A8: Brown coal | B8: C0200
A9: Sub-bituminous coal | B9: C0210 | C9: 4.0221192 | D9: 4.0221192 | E9: 4.0221192 | F9: 4.0221192 | G9: 4.0221192 | H9: 4.0221192 | I9: 4.0221192 | J9: 4.0221192 | K9: 4.0221192 | L9: 4.0221192 | M9: 4.0221192 | N9: 4.0221192 | O9: 4.0221192 | P9: 4.0221192 | Q9: 4.0221192 | R9: 4.0221192 | S9: 4.0221192 | T9: 4.0221192 | U9: 4.0221192 | V9: 4.0221192 | W9: 4.0221192 | X9: 4.0221192
A10: Lignite | B10: C0220 | C10: 4.2689001 | D10: 4.2843846 | E10: 4.2858627 | F10: 4.3268018 | G10: 4.3947312 | H10: 4.4449926 | I10: 4.4613855 | J10: 4.4557374 | K10: 4.4431554 | L10: 4.498357 | M10: 4.5175705 | N10: 4.4997515 | O10: 4.5147149 | P10: 4.5188637 | Q10: 4.5266786 | R10: 4.5236236 | S10: 4.550136 | T10: 4.5165964 | U10: 4.4946052 | V10: 4.4652111 | W10: 4.4322586 | X10: 4.4233971
A11: Coal products | B11: C0300
A12: Patent fuel | B12: C0320 | C12: 4.0835256 | D12: 4.0835256 | E12: 4.0835256 | F12: 4.0835256 | G12: 4.0835256 | H12: 4.0835256 | I12: 4.0835256 | J12: 4.0835256 | K12: 4.0835256 | L12: 4.0835256 | M12: 4.0835256 | N12: 4.0835256 | O12: 4.0835256 | P12: 4.0835256 | Q12: 4.0835256 | R12: 4.0835256 | S12: 4.0835256 | T12: 4.0835256 | U12: 4.0835256 | V12: 4.0835256 | W12: 4.0835256 | X12: 4.0835256
A13: Coke oven coke | B13: C0311 | C13: 4.4826672 | D13: 4.4826672 | E13: 4.4826672 | F13: 4.4826672 | G13: 4.4826672 | H13: 4.4826672 | I13: 4.4826672 | J13: 4.4826672 | K13: 4.4826672 | L13: 4.4826672 | M13: 4.4826672 | N13: 4.4826672 | O13: 4.4826672 | P13: 4.4826672 | Q13: 4.4826672 | R13: 4.4826672 | S13: 4.4826672 | T13: 4.4826672 | U13: 4.4826672 | V13: 4.4826672 | W13: 4.4826672 | X13: 4.4826672
A14: Gas coke | B14: C0312 | C14: 4.4826672 | D14: 4.4826672 | E14: 4.4826672 | F14: 4.4826672 | G14: 4.4826672 | H14: 4.4826672 | I14: 4.4826672 | J14: 4.4826672 | K14: 4.4826672 | L14: 4.4826672 | M14: 4.4826672 | N14: 4.4826672 | O14: 4.4826672 | P14: 4.4826672 | Q14: 4.4826672 | R14: 4.4826672 | S14: 4.4826672 | T14: 4.4826672 | U14: 4.4826672 | V14: 4.4826672 | W14: 4.4826672 | X14: 4.4826672
A15: Coal tar | B15: C0340 | C15: 3.377352 | D15: 3.377352 | E15: 3.377352 | F15: 3.377352 | G15: 3.377352 | H15: 3.377352 | I15: 3.377352 | J15: 3.377352 | K15: 3.377352 | L15: 3.377352 | M15: 3.377352 | N15: 3.377352 | O15: 3.377352 | P15: 3.377352 | Q15: 3.377352 | R15: 3.377352 | S15: 3.377352 | T15: 3.377352 | U15: 3.377352 | V15: 3.377352 | W15: 3.377352 | X15: 3.377352
A16: Brown coal briquettes | B16: C0330 | C16: 4.0835256 | D16: 4.0835256 | E16: 4.0835256 | F16: 4.0835256 | G16: 4.0835256 | H16: 4.0835256 | I16: 4.0835256 | J16: 4.0835256 | K16: 4.0835256 | L16: 4.0835256 | M16: 4.0835256 | N16: 4.0835256 | O16: 4.0835256 | P16: 4.0835256 | Q16: 4.0835256 | R16: 4.0835256 | S16: 4.0835256 | T16: 4.0835256 | U16: 4.0835256 | V16: 4.0835256 | W16: 4.0835256 | X16: 4.0835256
A17: Manufactured gases | B17: C0350-0370
A18: Gas works gas | B18: C0360 | C18: 1.8589392 | D18: 1.8589392 | E18: 1.8589392 | F18: 1.8589392 | G18: 1.8589392 | H18: 1.8589392 | I18: 1.8589392 | J18: 1.8589392 | K18: 1.8589392 | L18: 1.8589392 | M18: 1.8589392 | N18: 1.8589392 | O18: 1.8589392 | P18: 1.8589392 | Q18: 1.8589392 | R18: 1.8589392 | S18: 1.8589392 | T18: 1.8589392 | U18: 1.8589392 | V18: 1.8589392 | W18: 1.8589392 | X18: 1.8589392
A19: Coke oven gas | B19: C0350 | C19: 1.8589392 | D19: 1.8589392 | E19: 1.8589392 | F19: 1.8589392 | G19: 1.8589392 | H19: 1.8589392 | I19: 1.8589392 | J19: 1.8589392 | K19: 1.8589392 | L19: 1.8589392 | M19: 1.8589392 | N19: 1.8589392 | O19: 1.8589392 | P19: 1.8589392 | Q19: 1.8589392 | R19: 1.8589392 | S19: 1.8589392 | T19: 1.8589392 | U19: 1.8589392 | V19: 1.8589392 | W19: 1.8589392 | X19: 1.8589392
A20: Blast furnace gas | B20: C0371 | C20: 10.88568 | D20: 10.88568 | E20: 10.88568 | F20: 10.88568 | G20: 10.88568 | H20: 10.88568 | I20: 10.88568 | J20: 10.88568 | K20: 10.88568 | L20: 10.88568 | M20: 10.88568 | N20: 10.88568 | O20: 10.88568 | P20: 10.88568 | Q20: 10.88568 | R20: 10.88568 | S20: 10.88568 | T20: 10.88568 | U20: 10.88568 | V20: 10.88568 | W20: 10.88568 | X20: 10.88568
A21: Other recovered gases | B21: C0379 | C21: 7.619976 | D21: 7.619976 | E21: 7.619976 | F21: 7.619976 | G21: 7.619976 | H21: 7.619976 | I21: 7.619976 | J21: 7.619976 | K21: 7.619976 | L21: 7.619976 | M21: 7.619976 | N21: 7.619976 | O21: 7.619976 | P21: 7.619976 | Q21: 7.619976 | R21: 7.619976 | S21: 7.619976 | T21: 7.619976 | U21: 7.619976 | V21: 7.619976 | W21: 7.619976 | X21: 7.619976
A22: Peat and peat products | B22: P1000
A23: Peat | B23: P1100 | C23: 4.4366124 | D23: 4.4366124 | E23: 4.4366124 | F23: 4.4366124 | G23: 4.4366124 | H23: 4.4366124 | I23: 4.4366124 | J23: 4.4366124 | K23: 4.4366124 | L23: 4.4366124 | M23: 4.4366124 | N23: 4.4366124 | O23: 4.4366124 | P23: 4.4366124 | Q23: 4.4366124 | R23: 4.4366124 | S23: 4.4366124 | T23: 4.4366124 | U23: 4.4366124 | V23: 4.4366124 | W23: 4.4366124 | X23: 4.4366124
A24: Peat products | B24: P1200 | C24: 4.4366124 | D24: 4.4366124 | E24: 4.4366124 | F24: 4.4366124 | G24: 4.4366124 | H24: 4.4366124 | I24: 4.4366124 | J24: 4.4366124 | K24: 4.4366124 | L24: 4.4366124 | M24: 4.4366124 | N24: 4.4366124 | O24: 4.4366124 | P24: 4.4366124 | Q24: 4.4366124 | R24: 4.4366124 | S24: 4.4366124 | T24: 4.4366124 | U24: 4.4366124 | V24: 4.4366124 | W24: 4.4366124 | X24: 4.4366124
A25: Oil shale and oil sands | B25: S2000 | C25: 4.4673156 | D25: 4.4673156 | E25: 4.4673156 | F25: 4.4673156 | G25: 4.4673156 | H25: 4.4673156 | I25: 4.4673156 | J25: 4.4673156 | K25: 4.4673156 | L25: 4.4673156 | M25: 4.4673156 | N25: 4.4673156 | O25: 4.4673156 | P25: 4.4673156 | Q25: 4.4673156 | R25: 4.4673156 | S25: 4.4673156 | T25: 4.4673156 | U25: 4.4673156 | V25: 4.4673156 | W25: 4.4673156 | X25: 4.4673156
A26: Oil and petroleum products | B26: O4000XBIO
A27: Crude oil, NGL, refinery feedstocks, additives and oxygenates and other hydrocarbons (excluding biofuel portion) | B27: O4100_TOT_4200-4500XBIO
A28: Crude oil | B28: O4100_TOT | C28: 3.0689244 | D28: 3.0689244 | E28: 3.0689244 | F28: 3.0689244 | G28: 3.0689244 | H28: 3.0689244 | I28: 3.0689244 | J28: 3.0689244 | K28: 3.0689244 | L28: 3.0689244 | M28: 3.0689244 | N28: 3.0689244 | O28: 3.0689244 | P28: 3.0689244 | Q28: 3.0689244 | R28: 3.0689244 | S28: 3.0689244 | T28: 3.0689244 | U28: 3.0689244 | V28: 3.0689244 | W28: 3.0689244 | X28: 3.0689244
A29: Natural gas liquids | B29: O4200 | C29: 2.6879256 | D29: 2.6879256 | E29: 2.6879256 | F29: 2.6879256 | G29: 2.6879256 | H29: 2.6879256 | I29: 2.6879256 | J29: 2.6879256 | K29: 2.6879256 | L29: 2.6879256 | M29: 2.6879256 | N29: 2.6879256 | O29: 2.6879256 | P29: 2.6879256 | Q29: 2.6879256 | R29: 2.6879256 | S29: 2.6879256 | T29: 2.6879256 | U29: 2.6879256 | V29: 2.6879256 | W29: 2.6879256 | X29: 2.6879256
A30: Refinery feedstocks | B30: O4300 | C30: 3.0689244 | D30: 3.0689244 | E30: 3.0689244 | F30: 3.0689244 | G30: 3.0689244 | H30: 3.0689244 | I30: 3.0689244 | J30: 3.0689244 | K30: 3.0689244 | L30: 3.0689244 | M30: 3.0689244 | N30: 3.0689244 | O30: 3.0689244 | P30: 3.0689244 | Q30: 3.0689244 | R30: 3.0689244 | S30: 3.0689244 | T30: 3.0689244 | U30: 3.0689244 | V30: 3.0689244 | W30: 3.0689244 | X30: 3.0689244
A31: Additives and oxygenates (excluding biofuel portion) | B31: O4400X4410 | C31: 3.0689244 | D31: 3.0689244 | E31: 3.0689244 | F31: 3.0689244 | G31: 3.0689244 | H31: 3.0689244 | I31: 3.0689244 | J31: 3.0689244 | K31: 3.0689244 | L31: 3.0689244 | M31: 3.0689244 | N31: 3.0689244 | O31: 3.0689244 | P31: 3.0689244 | Q31: 3.0689244 | R31: 3.0689244 | S31: 3.0689244 | T31: 3.0689244 | U31: 3.0689244 | V31: 3.0689244 | W31: 3.0689244 | X31: 3.0689244
A32: Other hydrocarbons | B32: O4500 | C32: 3.0689244 | D32: 3.0689244 | E32: 3.0689244 | F32: 3.0689244 | G32: 3.0689244 | H32: 3.0689244 | I32: 3.0689244 | J32: 3.0689244 | K32: 3.0689244 | L32: 3.0689244 | M32: 3.0689244 | N32: 3.0689244 | O32: 3.0689244 | P32: 3.0689244 | Q32: 3.0689244 | R32: 3.0689244 | S32: 3.0689244 | T32: 3.0689244 | U32: 3.0689244 | V32: 3.0689244 | W32: 3.0689244 | X32: 3.0689244
A33: Oil products (excluding biofuel portion) | B33: O4600XBIO
A34: Refinery gas | B34: O4610 | C34: 2.4115968 | D34: 2.4115968 | E34: 2.4115968 | F34: 2.4115968 | G34: 2.4115968 | H34: 2.4115968 | I34: 2.4115968 | J34: 2.4115968 | K34: 2.4115968 | L34: 2.4115968 | M34: 2.4115968 | N34: 2.4115968 | O34: 2.4115968 | P34: 2.4115968 | Q34: 2.4115968 | R34: 2.4115968 | S34: 2.4115968 | T34: 2.4115968 | U34: 2.4115968 | V34: 2.4115968 | W34: 2.4115968 | X34: 2.4115968
A35: Ethane | B35: O4620 | C35: 2.5790688 | D35: 2.5790688 | E35: 2.5790688 | F35: 2.5790688 | G35: 2.5790688 | H35: 2.5790688 | I35: 2.5790688 | J35: 2.5790688 | K35: 2.5790688 | L35: 2.5790688 | M35: 2.5790688 | N35: 2.5790688 | O35: 2.5790688 | P35: 2.5790688 | Q35: 2.5790688 | R35: 2.5790688 | S35: 2.5790688 | T35: 2.5790688 | U35: 2.5790688 | V35: 2.5790688 | W35: 2.5790688 | X35: 2.5790688
A36: Liquefied petroleum gases | B36: O4630 | C36: 2.6418708 | D36: 2.6418708 | E36: 2.6418708 | F36: 2.6418708 | G36: 2.6418708 | H36: 2.6418708 | I36: 2.6418708 | J36: 2.6418708 | K36: 2.6418708 | L36: 2.6418708 | M36: 2.6418708 | N36: 2.6418708 | O36: 2.6418708 | P36: 2.6418708 | Q36: 2.6418708 | R36: 2.6418708 | S36: 2.6418708 | T36: 2.6418708 | U36: 2.6418708 | V36: 2.6418708 | W36: 2.6418708 | X36: 2.6418708
A37: Motor gasoline (excluding biofuel portion) | B37: O4652XR5210B | C37: 2.9014524 | D37: 2.9014524 | E37: 2.9014524 | F37: 2.9014524 | G37: 2.9014524 | H37: 2.9014524 | I37: 2.9014524 | J37: 2.9014524 | K37: 2.9014524 | L37: 2.9014524 | M37: 2.9014524 | N37: 2.9014524 | O37: 2.9014524 | P37: 2.9014524 | Q37: 2.9014524 | R37: 2.9014524 | S37: 2.9014524 | T37: 2.9014524 | U37: 2.9014524 | V37: 2.9014524 | W37: 2.9014524 | X37: 2.9014524
A38: Aviation gasoline | B38: O4651 | C38: 2.93076 | D38: 2.93076 | E38: 2.93076 | F38: 2.93076 | G38: 2.93076 | H38: 2.93076 | I38: 2.93076 | J38: 2.93076 | K38: 2.93076 | L38: 2.93076 | M38: 2.93076 | N38: 2.93076 | O38: 2.93076 | P38: 2.93076 | Q38: 2.93076 | R38: 2.93076 | S38: 2.93076 | T38: 2.93076 | U38: 2.93076 | V38: 2.93076 | W38: 2.93076 | X38: 2.93076
A39: Gasoline-type jet fuel | B39: O4653 | C39: 3.0103092 | D39: 3.0103092 | E39: 3.0103092 | F39: 3.0103092 | G39: 3.0103092 | H39: 3.0103092 | I39: 3.0103092 | J39: 3.0103092 | K39: 3.0103092 | L39: 3.0103092 | M39: 3.0103092 | N39: 3.0103092 | O39: 3.0103092 | P39: 3.0103092 | Q39: 3.0103092 | R39: 3.0103092 | S39: 3.0103092 | T39: 3.0103092 | U39: 3.0103092 | V39: 3.0103092 | W39: 3.0103092 | X39: 3.0103092
A40: Kerosene-type jet fuel (excluding biofuel portion) | B40: O4661XR5230B | C40: 3.0103092 | D40: 3.0103092 | E40: 3.0103092 | F40: 3.0103092 | G40: 3.0103092 | H40: 3.0103092 | I40: 3.0103092 | J40: 3.0103092 | K40: 3.0103092 | L40: 3.0103092 | M40: 3.0103092 | N40: 3.0103092 | O40: 3.0103092 | P40: 3.0103092 | Q40: 3.0103092 | R40: 3.0103092 | S40: 3.0103092 | T40: 3.0103092 | U40: 3.0103092 | V40: 3.0103092 | W40: 3.0103092 | X40: 3.0103092
A41: Other kerosene | B41: O4669 | C41: 3.0103092 | D41: 3.0103092 | E41: 3.0103092 | F41: 3.0103092 | G41: 3.0103092 | H41: 3.0103092 | I41: 3.0103092 | J41: 3.0103092 | K41: 3.0103092 | L41: 3.0103092 | M41: 3.0103092 | N41: 3.0103092 | O41: 3.0103092 | P41: 3.0103092 | Q41: 3.0103092 | R41: 3.0103092 | S41: 3.0103092 | T41: 3.0103092 | U41: 3.0103092 | V41: 3.0103092 | W41: 3.0103092 | X41: 3.0103092
A42: Naphtha | B42: O4640 | C42: 3.0689244 | D42: 3.0689244 | E42: 3.0689244 | F42: 3.0689244 | G42: 3.0689244 | H42: 3.0689244 | I42: 3.0689244 | J42: 3.0689244 | K42: 3.0689244 | L42: 3.0689244 | M42: 3.0689244 | N42: 3.0689244 | O42: 3.0689244 | P42: 3.0689244 | Q42: 3.0689244 | R42: 3.0689244 | S42: 3.0689244 | T42: 3.0689244 | U42: 3.0689244 | V42: 3.0689244 | W42: 3.0689244 | X42: 3.0689244
A43: Gas oil and diesel oil (excluding biofuel portion) | B43: O4671XR5220B | C43: 3.1024188 | D43: 3.1024188 | E43: 3.1024188 | F43: 3.1024188 | G43: 3.1024188 | H43: 3.1024188 | I43: 3.1024188 | J43: 3.1024188 | K43: 3.1024188 | L43: 3.1024188 | M43: 3.1024188 | N43: 3.1024188 | O43: 3.1024188 | P43: 3.1024188 | Q43: 3.1024188 | R43: 3.1024188 | S43: 3.1024188 | T43: 3.1024188 | U43: 3.1024188 | V43: 3.1024188 | W43: 3.1024188 | X43: 3.1024188
A44: Fuel oil | B44: O4680 | C44: 3.2405832 | D44: 3.2405832 | E44: 3.2405832 | F44: 3.2405832 | G44: 3.2405832 | H44: 3.2405832 | I44: 3.2405832 | J44: 3.2405832 | K44: 3.2405832 | L44: 3.2405832 | M44: 3.2405832 | N44: 3.2405832 | O44: 3.2405832 | P44: 3.2405832 | Q44: 3.2405832 | R44: 3.2405832 | S44: 3.2405832 | T44: 3.2405832 | U44: 3.2405832 | V44: 3.2405832 | W44: 3.2405832 | X44: 3.2405832
A45: White spirit and special boiling point industrial spirits | B45: O4691 | C45: 3.0689244 | D45: 3.0689244 | E45: 3.0689244 | F45: 3.0689244 | G45: 3.0689244 | H45: 3.0689244 | I45: 3.0689244 | J45: 3.0689244 | K45: 3.0689244 | L45: 3.0689244 | M45: 3.0689244 | N45: 3.0689244 | O45: 3.0689244 | P45: 3.0689244 | Q45: 3.0689244 | R45: 3.0689244 | S45: 3.0689244 | T45: 3.0689244 | U45: 3.0689244 | V45: 3.0689244 | W45: 3.0689244 | X45: 3.0689244
... A51: Natural gas | B51: G3000 | C51: 2.3487948 | D51: 2.3487948 | E51: 2.3487948 | F51: 2.3487948 | G51: 2.3487948 | H51: 2.3487948 | I51: 2.3487948 | J51: 2.3487948 | K51: 2.3487948 | L51: 2.3487948 | M51: 2.3487948 | N51: 2.3487948 | O51: 2.3487948 | P51: 2.3487948 | Q51: 2.3487948 | R51: 2.3487948 | S51: 2.3487948 | T51: 2.3487948 | U51: 2.3487948 | V51: 2.3487948 | W51: 2.3487948 | X51: 2.3487948
A52: Non-renewable waste | B52: W6100_6220
A53: Industrial waste (non-renewable) | B53: W6100 | C53: 5.987124 | D53: 5.987124 | E53: 5.987124 | F53: 5.987124 | G53: 5.987124 | H53: 5.987124 | I53: 5.987124 | J53: 5.987124 | K53: 5.987124 | L53: 5.987124 | M53: 5.987124 | N53: 5.987124 | O53: 5.987124 | P53: 5.987124 | Q53: 5.987124 | R53: 5.987124 | S53: 5.987124 | T53: 5.987124 | U53: 5.987124 | V53: 5.987124 | W53: 5.987124 | X53: 5.987124
A54: Non-renewable municipal waste | B54: W6220 | C54: 3.8854219 | D54: 4.6122468 | E54: 5.3520934 | F54: 5.0793026 | G54: 4.281883 | H54: 4.2097551 | I54: 4.1672636 | J54: 5.5086596 | K54: 5.6959697 | L54: 5.4323946 | M54: 4.8659963 | N54: 4.3119256 | O54: 4.7757773 | P54: 4.4236928 | Q54: 3.8369516 | R54: 3.8046724 | S54: 3.5354885 | T54: 3.6229579 | U54: 3.2237224 | V54: 3.4475259 | W54: 3.3874115 | X54: 3.5823449
A60: CO2 emissions not accounted:
A61: Renewables and biofuels | B61: RA000
A62: Primary solid biofuels | B62: R5110-5150_W6000RI | C62: 4.689216 | D62: 4.689216 | E62: 4.689216 | F62: 4.689216 | G62: 4.689216 | H62: 4.689216 | I62: 4.689216 | J62: 4.689216 | K62: 4.689216 | L62: 4.689216 | M62: 4.689216 | N62: 4.689216 | O62: 4.689216 | P62: 4.689216 | Q62: 4.689216 | R62: 4.689216 | S62: 4.689216 | T62: 4.689216 | U62: 4.689216 | V62: 4.689216 | W62: 4.689216 | X62: 4.689216
A63: Charcoal | B63: R5160 | C63: 4.689216 | D63: 4.689216 | E63: 4.689216 | F63: 4.689216 | G63: 4.689216 | H63: 4.689216 | I63: 4.689216 | J63: 4.689216 | K63: 4.689216 | L63: 4.689216 | M63: 4.689216 | N63: 4.689216 | O63: 4.689216 | P63: 4.689216 | Q63: 4.689216 | R63: 4.689216 | S63: 4.689216 | T63: 4.689216 | U63: 4.689216 | V63: 4.689216 | W63: 4.689216 | X63: 4.689216
A64: Biogases | B64: R5300 | C64: 2.2859928 | D64: 2.2859928 | E64: 2.2859928 | F64: 2.2859928 | G64: 2.2859928 | H64: 2.2859928 | I64: 2.2859928 | J64: 2.2859928 | K64: 2.2859928 | L64: 2.2859928 | M64: 2.2859928 | N64: 2.2859928 | O64: 2.2859928 | P64: 2.2859928 | Q64: 2.2859928 | R64: 2.2859928 | S64: 2.2859928 | T64: 2.2859928 | U64: 2.2859928 | V64: 2.2859928 | W64: 2.2859928 | X64: 2.2859928
A65: Renewable municipal waste | B65: W6210 | C65: 4.1868 | D65: 4.1868 | E65: 4.1868 | F65: 4.1868 | G65: 4.1868 | H65: 4.1868 | I65: 4.1868 | J65: 4.1868 | K65: 4.1868 | L65: 4.1868 | M65: 4.1868 | N65: 4.1868 | O65: 4.1868 | P65: 4.1868 | Q65: 4.1868 | R65: 4.1868 | S65: 4.1868 | T65: 4.1868 | U65: 4.1868 | V65: 4.1868 | W65: 4.1868 | X65: 4.1868
A66: Pure biogasoline | B66: R5210P | C66: 2.9642544 | D66: 2.9642544 | E66: 2.9642544 | F66: 2.9642544 | G66: 2.9642544 | H66: 2.9642544 | I66: 2.9642544 | J66: 2.9642544 | K66: 2.9642544 | L66: 2.9642544 | M66: 2.9642544 | N66: 2.9642544 | O66: 2.9642544 | P66: 2.9642544 | Q66: 2.9642544 | R66: 2.9642544 | S66: 2.9642544 | T66: 2.9642544 | U66: 2.9642544 | V66: 2.9642544 | W66: 2.9642544 | X66: 2.9642544
A67: Blended biogasoline | B67: R5210B | C67: 2.9642544 | D67: 2.9642544 | E67: 2.9642544 | F67: 2.9642544 | G67: 2.9642544 | H67: 2.9642544 | I67: 2.9642544 | J67: 2.9642544 | K67: 2.9642544 | L67: 2.9642544 | M67: 2.9642544 | N67: 2.9642544 | O67: 2.9642544 | P67: 2.9642544 | Q67: 2.9642544 | R67: 2.9642544 | S67: 2.9642544 | T67: 2.9642544 | U67: 2.9642544 | V67: 2.9642544 | W67: 2.9642544 | X67: 2.9642544
A68: Pure biodiesels | B68: R5220P | C68: 2.9642544 | D68: 2.9642544 | E68: 2.9642544 | F68: 2.9642544 | G68: 2.9642544 | H68: 2.9642544 | I68: 2.9642544 | J68: 2.9642544 | K68: 2.9642544 | L68: 2.9642544 | M68: 2.9642544 | N68: 2.9642544 | O68: 2.9642544 | P68: 2.9642544 | Q68: 2.9642544 | R68: 2.9642544 | S68: 2.9642544 | T68: 2.9642544 | U68: 2.9642544 | V68: 2.9642544 | W68: 2.9642544 | X68: 2.9642544
A69: Blended biodiesels | B69: R5220B | C69: 2.9642544 | D69: 2.9642544 | E69: 2.9642544 | F69: 2.9642544 | G69: 2.9642544 | H69: 2.9642544 | I69: 2.9642544 | J69: 2.9642544 | K69: 2.9642544 | L69: 2.9642544 | M69: 2.9642544 | N69: 2.9642544 | O69: 2.9642544 | P69: 2.9642544 | Q69: 2.9642544 | R69: 2.9642544 | S69: 2.9642544 | T69: 2.9642544 | U69: 2.9642544 | V69: 2.9642544 | W69: 2.9642544 | X69: 2.9642544
A70: Pure bio jet kerosene | B70: R5230P | C70: 2.9642544 | D70: 2.9642544 | E70: 2.9642544 | F70: 2.9642544 | G70: 2.9642544 | H70: 2.9642544 | I70: 2.9642544 | J70: 2.9642544 | K70: 2.9642544 | L70: 2.9642544 | M70: 2.9642544 | N70: 2.9642544 | O70: 2.9642544 | P70: 2.9642544 | Q70: 2.9642544 | R70: 2.9642544 | S70: 2.9642544 | T70: 2.9642544 | U70: 2.9642544 | V70: 2.9642544 | W70: 2.9642544 | X70: 2.9642544
A71: Blended bio jet kerosene | B71: R5230B | C71: 2.9642544 | D71: 2.9642544 | E71: 2.9642544 | F71: 2.9642544 | G71: 2.9642544 | H71: 2.9642544 | I71: 2.9642544 | J71: 2.9642544 | K71: 2.9642544 | L71: 2.9642544 | M71: 2.9642544 | N71: 2.9642544 | O71: 2.9642544 | P71: 2.9642544 | Q71: 2.9642544 | R71: 2.9642544 | S71: 2.9642544 | T71: 2.9642544 | U71: 2.9642544 | V71: 2.9642544 | W71: 2.9642544 | X71: 2.9642544
A72: Other liquid biofuels | B72: R5290 | C72: 3.3326928 | D72: 3.3326928 | E72: 3.3326928 | F72: 3.3326928 | G72: 3.3326928 | H72: 3.3326928 | I72: 3.3326928 | J72: 3.3326928 | K72: 3.3326928 | L72: 3.3326928 | M72: 3.3326928 | N72: 3.3326928 | O72: 3.3326928 | P72: 3.3326928 | Q72: 3.3326928 | R72: 3.3326928 | S72: 3.3326928 | T72: 3.3326928 | U72: 3.3326928 | V72: 3.3326928 | W72: 3.3326928 | X72: 3.3326928

Sheet GAE
A1: Gross available energy | B1: GAE | C1: 2000 | D1: 2001 | E1: 2002 | F1: 2003 | G1: 2004 | H1: 2005 | I1: 2006 | J1: 2007 | K1: 2008 | L1: 2009 | M1: 2010 | N1: 2011 | O1: 2012 | P1: 2013 | Q1: 2014 | R1: 2015 | S1: 2016 | T1: 2017 | U1: 2018 | V1: 2019 | W1: 2020 | X1: 2021
A2: Total | B2: TOTAL | C2: =SUM(C3,C17,C22,C25,C26,C51,C52) -> 54340.998 | D2: =SUM(D3,D17,D22,D25,D26,D51,D52) -> 55975.525 | E2: =SUM(E3,E17,E22,E25,E26,E51,E52) -> 55142.834 | F2: =SUM(F3,F17,F22,F25,F26,F51,F52) -> 57616.893 | G2: =SUM(G3,G17,G22,G25,G26,G51,G52) -> 55992.429 | H2: =SUM(H3,H17,H22,H25,H26,H51,H52) -> 55746.15 | I2: =SUM(I3,I17,I22,I25,I26,I51,I52) -> 55327.625 | J2: =SUM(J3,J17,J22,J25,J26,J51,J52) -> 53335.519 | ... X2: =SUM(X3,X17,X22,X25,X26,X51,X52) -> 45482.27
A3: Solid fossil fuels | B3: C0000X0350-0370 | C3: =SUM(C4,C8,C11) -> 13447.258 | D3: =SUM(D4,D8,D11) -> 13239.17 | E3: =SUM(E4,E8,E11) -> 12845.876 | F3: =SUM(F4,F8,F11) -> 13306.185 | G3: =SUM(G4,G8,G11) -> 12721.055 | H3: =SUM(H4,H8,H11) -> 10751.982 | I3: =SUM(I4,I8,I11) -> 10256.578 | J3: =SUM(J4,J8,J11) -> 10276.268 | ... X3: =SUM(X4,X8,X11) -> 3889.0775
A4: Hard coal | B4: C0100 | C4: =SUM(C5:C7) -> 0 | D4: =SUM(D5:D7) -> 0 | E4: =SUM(E5:E7) -> 683.69463 | F4: =SUM(F5:F7) -> 869.81612 | G4: =SUM(G5:G7) -> 1071.3772 | H4: =SUM(H5:H7) -> 1208.9628 | I4: =SUM(I5:I7) -> 1233.6619 | J4: =SUM(J5:J7) -> 1208.0743 | ... X4: =SUM(X5:X7) -> 178.96376
A5: Anthracite | B5: C0110 | C5: =INTMARB!C5+GIC!C5 -> 0 | D5: =INTMARB!D5+GIC!D5 -> 0 | E5: =INTMARB!E5+GIC!E5 -> 0 | F5: =INTMARB!F5+GIC!F5 -> 0 | G5: =INTMARB!G5+GIC!G5 -> 0 | H5: =INTMARB!H5+GIC!H5 -> 0 | I5: =INTMARB!I5+GIC!I5 -> 0 | J5: =INTMARB!J5+GIC!J5 -> 0 | ... X5: =INTMARB!X5+GIC!X5 -> 7.3698821
A6: Coking coal | B6: C0121 | C6: =INTMARB!C6+GIC!C6 -> 0 | D6: =INTMARB!D6+GIC!D6 -> 0 | E6: =INTMARB!E6+GIC!E6 -> 0 | F6: =INTMARB!F6+GIC!F6 -> 37.596121 | G6: =INTMARB!G6+GIC!G6 -> 81.166005 | H6: =INTMARB!H6+GIC!H6 -> 0 | I6: =INTMARB!I6+GIC!I6 -> 0 | J6: =INTMARB!J6+GIC!J6 -> 0 | ... X6: =INTMARB!X6+GIC!X6 -> 0
A7: Other bituminous coal | B7: C0129 | C7: =INTMARB!C7+GIC!C7 -> 0 | D7: =INTMARB!D7+GIC!D7 -> 0 | E7: =INTMARB!E7+GIC!E7 -> 683.69463 | F7: =INTMARB!F7+GIC!F7 -> 832.22 | G7: =INTMARB!G7+GIC!G7 -> 990.21123 | H7: =INTMARB!H7+GIC!H7 -> 1208.9628 | I7: =INTMARB!I7+GIC!I7 -> 1233.6619 | J7: =INTMARB!J7+GIC!J7 -> 1208.0743 | ... X7: =INTMARB!X7+GIC!X7 -> 171.59388
A8: Brown coal | B8: C0200 | C8: =SUM(C9:C10) -> 12865.333 | D8: =SUM(D9:D10) -> 12627.404 | E8: =SUM(E9:E10) -> 11571.121 | F8: =SUM(F9:F10) -> 11697.967 | G8: =SUM(G9:G10) -> 10915.139 | H8: =SUM(H9:H10) -> 8987.204 | I8: =SUM(I9:I10) -> 8527.8106 | J8: =SUM(J9:J10) -> 8535.7052 | ... X8: =SUM(X9:X10) -> 3511.0606
A9: Sub-bituminous coal | B9: C0210 | C9: =INTMARB!C9+GIC!C9 -> 784.04591 | D9: =INTMARB!D9+GIC!D9 -> 753.77073 | E9: =INTMARB!E9+GIC!E9 -> 442.74886 | F9: =INTMARB!F9+GIC!F9 -> 523.2656 | G9: =INTMARB!G9+GIC!G9 -> 700.22363 | H9: =INTMARB!H9+GIC!H9 -> 1229.1451 | I9: =INTMARB!I9+GIC!I9 -> 1134.0557 | J9: =INTMARB!J9+GIC!J9 -> 944.43405 | ... X9: =INTMARB!X9+GIC!X9 -> 0
A10: Lignite | B10: C0220 | C10: =INTMARB!C10+GIC!C10 -> 12081.287 | D10: =INTMARB!D10+GIC!D10 -> 11873.633 | E10: =INTMARB!E10+GIC!E10 -> 11128.372 | F10: =INTMARB!F10+GIC!F10 -> 11174.702 | G10: =INTMARB!G10+GIC!G10 -> 10214.915 | H10: =INTMARB!H10+GIC!H10 -> 7758.0589 | I10: =INTMARB!I10+GIC!I10 -> 7393.7549 | J10: =INTMARB!J10+GIC!J10 -> 7591.2712 | ... X10: =INTMARB!X10+GIC!X10 -> 3511.0606
A11: Coal products | B11: C0300 | C11: =SUM(C12:C16) -> 581.92519 | D11: =SUM(D12:D16) -> 611.76572 | E11: =SUM(E12:E16) -> 591.06103 | F11: =SUM(F12:F16) -> 738.40098 | G11: =SUM(G12:G16) -> 734.5395 | H11: =SUM(H12:H16) -> 555.81512 | I11: =SUM(I12:I16) -> 495.10526 | J11: =SUM(J12:J16) -> 532.48806 | ... X11: =SUM(X12:X16) -> 199.05309
A12: Patent fuel | B12: C0320 | C12: =INTMARB!C12+GIC!C12 -> 137.49087 | D12: =INTMARB!D12+GIC!D12 -> 93.836118 | E12: =INTMARB!E12+GIC!E12 -> 91.839298 | F12: =INTMARB!F12+GIC!F12 -> 87.25332 | G12: =INTMARB!G12+GIC!G12 -> 57.14478 | H12: =INTMARB!H12+GIC!H12 -> 56.6181 | I12: =INTMARB!I12+GIC!I12 -> 49.352023 | J12: =INTMARB!J12+GIC!J12 -> 19.030704 | ... X12: =INTMARB!X12+GIC!X12 -> 0
A13: Coke oven coke | B13: C0311 | C13: =INTMARB!C13+GIC!C13 -> 427.10761 | D13: =INTMARB!D13+GIC!D13 -> 500.41714 | E13: =INTMARB!E13+GIC!E13 -> 466.06056 | F13: =INTMARB!F13+GIC!F13 -> 610.1839 | G13: =INTMARB!G13+GIC!G13 -> 652.03613 | H13: =INTMARB!H13+GIC!H13 -> 471.88725 | I13: =INTMARB!I13+GIC!I13 -> 416.49336 | J13: =INTMARB!J13+GIC!J13 -> 483.2454 | ... X13: =INTMARB!X13+GIC!X13 -> 125.86774
A14: Gas coke | B14: C0312 | C14: =INTMARB!C14+GIC!C14 -> 0 | D14: =INTMARB!D14+GIC!D14 -> 0 | E14: =INTMARB!E14+GIC!E14 -> 0 | F14: =INTMARB!F14+GIC!F14 -> 0 | G14: =INTMARB!G14+GIC!G14 -> 0 | H14: =INTMARB!H14+GIC!H14 -> 0 | I14: =INTMARB!I14+GIC!I14 -> 0 | J14: =INTMARB!J14+GIC!J14 -> 0 | ... X14: =INTMARB!X14+GIC!X14 -> 0
A15: Coal tar | B15: C0340 | C15: =INTMARB!C15+GIC!C15 -> 0 | D15: =INTMARB!D15+GIC!D15 -> 0 | E15: =INTMARB!E15+GIC!E15 -> 0 | F15: =INTMARB!F15+GIC!F15 -> 0 | G15: =INTMARB!G15+GIC!G15 -> 0 | H15: =INTMARB!H15+GIC!H15 -> 0 | I15: =INTMARB!I15+GIC!I15 -> 0 | J15: =INTMARB!J15+GIC!J15 -> 3.0654624 | ... X15: =INTMARB!X15+GIC!X15 -> 0
A16: Brown coal briquettes | B16: C0330 | C16: =INTMARB!C16+GIC!C16 -> 17.326719 | D16: =INTMARB!D16+GIC!D16 -> 17.512461 | E16: =INTMARB!E16+GIC!E16 -> 33.161177 | F16: =INTMARB!F16+GIC!F16 -> 40.963766 | G16: =INTMARB!G16+GIC!G16 -> 25.358589 | H16: =INTMARB!H16+GIC!H16 -> 27.309762 | I16: =INTMARB!I16+GIC!I16 -> 29.259883 | J16: =INTMARB!J16+GIC!J16 -> 27.146492 | ... X16: =INTMARB!X16+GIC!X16 -> 73.185346
A17: Manufactured gases | B17: C0350-0370 | C17: =SUM(C18:C21) -> 2291.4693 | D17: =SUM(D18:D21) -> 1930.7636 | E17: =SUM(E18:E21) -> 1996.7264 | F17: =SUM(F18:F21) -> 1866.9842 | G17: =SUM(G18:G21) -> 1976.4066 | H17: =SUM(H18:H21) -> 2003.8974 | I17: =SUM(I18:I21) -> 2140.6525 | J17: =SUM(J18:J21) -> 2167.8949 | ... X17: =SUM(X18:X21) -> 1277.4271
A18: Gas works gas | B18: C0360 | C18: =INTMARB!C18+GIC!C18 -> 0 | D18: =INTMARB!D18+GIC!D18 -> 0 | E18: =INTMARB!E18+GIC!E18 -> 0 | F18: =INTMARB!F18+GIC!F18 -> 0 | G18: =INTMARB!G18+GIC!G18 -> 0 | H18: =INTMARB!H18+GIC!H18 -> 0 | I18: =INTMARB!I18+GIC!I18 -> 0 | J18: =INTMARB!J18+GIC!J18 -> 0 | ... X18: =INTMARB!X18+GIC!X18 -> 0
A19: Coke oven gas | B19: C0350 | C19: =INTMARB!C19+GIC!C19 -> 311.04864 | D19: =INTMARB!D19+GIC!D19 -> 176.0238 | E19: =INTMARB!E19+GIC!E19 -> 113.80608 | F19: =INTMARB!F19+GIC!F19 -> 176.46336 | G19: =INTMARB!G19+GIC!G19 -> 173.30652 | H19: =INTMARB!H19+GIC!H19 -> 182.33748 | I19: =INTMARB!I19+GIC!I19 -> 327.672 | J19: =INTMARB!J19+GIC!J19 -> 364.79484 | ... X19: =INTMARB!X19+GIC!X19 -> 273.56616
A20: Blast furnace gas | B20: C0371 | C20: =INTMARB!C20+GIC!C20 -> 1980.4206 | D20: =INTMARB!D20+GIC!D20 -> 1754.7398 | E20: =INTMARB!E20+GIC!E20 -> 1882.9203 | F20: =INTMARB!F20+GIC!F20 -> 1690.5208 | G20: =INTMARB!G20+GIC!G20 -> 1803.1001 | H20: =INTMARB!H20+GIC!H20 -> 1821.5599 | I20: =INTMARB!I20+GIC!I20 -> 1812.9805 | J20: =INTMARB!J20+GIC!J20 -> 1803.1001 | ... X20: =INTMARB!X20+GIC!X20 -> 1003.8609
A21: Other recovered gases | B21: C0379 | C21: =INTMARB!C21+GIC!C21 -> 0 | D21: =INTMARB!D21+GIC!D21 -> 0 | E21: =INTMARB!E21+GIC!E21 -> 0 | F21: =INTMARB!F21+GIC!F21 -> 0 | G21: =INTMARB!G21+GIC!G21 -> 0 | H21: =INTMARB!H21+GIC!H21 -> 0 | I21: =INTMARB!I21+GIC!I21 -> 0 | J21: =INTMARB!J21+GIC!J21 -> 0 | ... X21: =INTMARB!X21+GIC!X21 -> 0
A22: Peat and peat products | B22: P1000 | C22: =SUM(C23:C24) -> 0 | D22: =SUM(D23:D24) -> 0 | E22: =SUM(E23:E24) -> 0 | F22: =SUM(F23:F24) -> 0 | G22: =SUM(G23:G24) -> 0 | H22: =SUM(H23:H24) -> 0 | I22: =SUM(I23:I24) -> 0 | J22: =SUM(J23:J24) -> 0 | ... X22: =SUM(X23:X24) -> 0
A23: Peat | B23: P1100 | C23: =INTMARB!C23+GIC!C23 -> 0 | D23: =INTMARB!D23+GIC!D23 -> 0 | E23: =INTMARB!E23+GIC!E23 -> 0 | F23: =INTMARB!F23+GIC!F23 -> 0 | G23: =INTMARB!G23+GIC!G23 -> 0 | H23: =INTMARB!H23+GIC!H23 -> 0 | I23: =INTMARB!I23+GIC!I23 -> 0 | J23: =INTMARB!J23+GIC!J23 -> 0 | ... X23: =INTMARB!X23+GIC!X23 -> 0
A24: Peat products | B24: P1200 | C24: =INTMARB!C24+GIC!C24 -> 0 | D24: =INTMARB!D24+GIC!D24 -> 0 | E24: =INTMARB!E24+GIC!E24 -> 0 | F24: =INTMARB!F24+GIC!F24 -> 0 | G24: =INTMARB!G24+GIC!G24 -> 0 | H24: =INTMARB!H24+GIC!H24 -> 0 | I24: =INTMARB!I24+GIC!I24 -> 0 | J24: =INTMARB!J24+GIC!J24 -> 0 | ... X24: =INTMARB!X24+GIC!X24 -> 0
A25: Oil shale and oil sands | B25: S2000 | C25: =INTMARB!C25+GIC!C25 -> 0 | D25: =INTMARB!D25+GIC!D25 -> 0 | E25: =INTMARB!E25+GIC!E25 -> 0 | F25: =INTMARB!F25+GIC!F25 -> 0 | G25: =INTMARB!G25+GIC!G25 -> 0 | H25: =INTMARB!H25+GIC!H25 -> 0 | I25: =INTMARB!I25+GIC!I25 -> 0 | J25: =INTMARB!J25+GIC!J25 -> 0 | ... X25: =INTMARB!X25+GIC!X25 -> 0
A26: Oil and petroleum products | B26: O4000XBIO | C26: =SUM(C27,C33) -> 17310.956 | D26: =SUM(D27,D33) -> 17079.581 | E26: =SUM(E27,E33) -> 16113.894 | F26: =SUM(F27,F33) -> 15955.244 | G26: =SUM(G27,G33) -> 15542.472 | H26: =SUM(H27,H33) -> 16052.416 | I26: =SUM(I27,I33) -> 17129.758 | J26: =SUM(J27,J33) -> 16769.262 | ... X26: =SUM(X27,X33) -> 18717.951
A27: Crude oil, NGL, refinery feedstocks, additives and oxygenates and other hydrocarbons (excluding biofuel portion) | B27: O4100_TOT_4200-4500XBIO | C27: =SUM(C28:C32) -> 162.38885 | D27: =SUM(D28:D32) -> 174.64449 | E27: =SUM(E28:E32) -> 0 | F27: =SUM(F28:F32) -> 0 | G27: =SUM(G28:G32) -> 3.0712993 | H27: =SUM(H28:H32) -> 0 | I27: =SUM(I28:I32) -> 6.1278214 | J27: =SUM(J28:J32) -> 0 | ... X27: =SUM(X28:X32) -> 0
A28: Crude oil | B28: O4100_TOT | C28: =INTMARB!C28+GIC!C28 -> 162.38885 | D28: =INTMARB!D28+GIC!D28 -> 174.64449 | E28: =INTMARB!E28+GIC!E28 -> 0 | F28: =INTMARB!F28+GIC!F28 -> 0 | G28: =INTMARB!G28+GIC!G28 -> 3.0712993 | H28: =INTMARB!H28+GIC!H28 -> 0 | I28: =INTMARB!I28+GIC!I28 -> 6.1278214 | J28: =INTMARB!J28+GIC!J28 -> 0 | ... X28: =INTMARB!X28+GIC!X28 -> 0
A29: Natural gas liquids | B29: O4200 | C29: =INTMARB!C29+GIC!C29 -> 0 | D29: =INTMARB!D29+GIC!D29 -> 0 | E29: =INTMARB!E29+GIC!E29 -> 0 | F29: =INTMARB!F29+GIC!F29 -> 0 | G29: =INTMARB!G29+GIC!G29 -> 0 | H29: =INTMARB!H29+GIC!H29 -> 0 | I29: =INTMARB!I29+GIC!I29 -> 0 | J29: =INTMARB!J29+GIC!J29 -> 0 | ... X29: =INTMARB!X29+GIC!X29 -> 0
A30: Refinery feedstocks | B30: O4300 | C30: =INTMARB!C30+GIC!C30 -> 0 | D30: =INTMARB!D30+GIC!D30 -> 0 | E30: =INTMARB!E30+GIC!E30 -> 0 | F30: =INTMARB!F30+GIC!F30 -> 0 | G30: =INTMARB!G30+GIC!G30 -> 0 | H30: =INTMARB!H30+GIC!H30 -> 0 | I30: =INTMARB!I30+GIC!I30 -> 0 | J30: =INTMARB!J30+GIC!J30 -> 0 | ... X30: =INTMARB!X30+GIC!X30 -> 0
A31: Additives and oxygenates (excluding biofuel portion) | B31: O4400X4410 | C31: =INTMARB!C31+GIC!C31 -> 0 | D31: =INTMARB!D31+GIC!D31 -> 0 | E31: =INTMARB!E31+GIC!E31 -> 0 | F31: =INTMARB!F31+GIC!F31 -> 0 | G31: =INTMARB!G31+GIC!G31 -> 0 | H31: =INTMARB!H31+GIC!H31 -> 0 | I31: =INTMARB!I31+GIC!I31 -> 0 | J31: =INTMARB!J31+GIC!J31 -> 0 | ... X31: =INTMARB!X31+GIC!X31 -> 0
A32: Other hydrocarbons | B32: O4500 | C32: =INTMARB!C32+GIC!C32 -> 0 | D32: =INTMARB!D32+GIC!D32 -> 0 | E32: =INTMARB!E32+GIC!E32 -> 0 | F32: =INTMARB!F32+GIC!F32 -> 0 | G32: =INTMARB!G32+GIC!G32 -> 0 | H32: =INTMARB!H32+GIC!H32 -> 0 | I32: =INTMARB!I32+GIC!I32 -> 0 | J32: =INTMARB!J32+GIC!J32 -> 0 | ... X32: =INTMARB!X32+GIC!X32 -> 0
A33: Oil products (excluding biofuel portion) | B33: O4600XBIO | C33: =SUM(C34:C50) -> 17148.567 | D33: =SUM(D34:D50) -> 16904.937 | E33: =SUM(E34:E50) -> 16113.894 | F33: =SUM(F34:F50) -> 15955.244 | G33: =SUM(G34:G50) -> 15539.401 | H33: =SUM(H34:H50) -> 16052.416 | I33: =SUM(I34:I50) -> 17123.63 | J33: =SUM(J34:J50) -> 16769.262 | ... X33: =SUM(X34:X50) -> 18717.951
A34: Refinery gas | B34: O4610 | C34: =INTMARB!C34+GIC!C34 -> 424.8288 | D34: =INTMARB!D34+GIC!D34 -> 490.4064 | E34: =INTMARB!E34+GIC!E34 -> 564.5376 | F34: =INTMARB!F34+GIC!F34 -> 479.0016 | G34: =INTMARB!G34+GIC!G34 -> 458.95673 | H34: =INTMARB!H34+GIC!H34 -> 470.01586 | I34: =INTMARB!I34+GIC!I34 -> 464.4864 | J34: =INTMARB!J34+GIC!J34 -> 472.7808 | ... X34: =INTMARB!X34+GIC!X34 -> 485.44013
A35: Ethane | B35: O4620 | C35: =INTMARB!C35+GIC!C35 -> 0 | D35: =INTMARB!D35+GIC!D35 -> 0 | E35: =INTMARB!E35+GIC!E35 -> 0 | F35: =INTMARB!F35+GIC!F35 -> 0 | G35: =INTMARB!G35+GIC!G35 -> 0 | H35: =INTMARB!H35+GIC!H35 -> 0 | I35: =INTMARB!I35+GIC!I35 -> 0 | J35: =INTMARB!J35+GIC!J35 -> 0 | ... X35: =INTMARB!X35+GIC!X35 -> 0
A36: Liquefied petroleum gases | B36: O4630 | C36: =INTMARB!C36+GIC!C36 -> 975.97409 | D36: =INTMARB!D36+GIC!D36 -> 841.66574 | E36: =INTMARB!E36+GIC!E36 -> 913.29678 | F36: =INTMARB!F36+GIC!F36 -> 901.35861 | G36: =INTMARB!G36+GIC!G36 -> 711.76815 | H36: =INTMARB!H36+GIC!H36 -> 744.39083 | I36: =INTMARB!I36+GIC!I36 -> 667.28318 | J36: =INTMARB!J36+GIC!J36 -> 524.92905 | ... X36: =INTMARB!X36+GIC!X36 -> 701.65567
A37: Motor gasoline (excluding biofuel portion) | B37: O4652XR5210B | C37: =INTMARB!C37+GIC!C37 -> 4101.5066 | D37: =INTMARB!D37+GIC!D37 -> 4270.3561 | E37: =INTMARB!E37+GIC!E37 -> 4374.7358 | F37: =INTMARB!F37+GIC!F37 -> 4371.6657 | G37: =INTMARB!G37+GIC!G37 -> 4426.9256 | H37: =INTMARB!H37+GIC!H37 -> 4549.7251 | I37: =INTMARB!I37+GIC!I37 -> 4635.6849 | J37: =INTMARB!J37+GIC!J37 -> 4706.2948 | ... X37: =INTMARB!X37+GIC!X37 -> 4027.9933
A38: Aviation gasoline | B38: O4651 | C38: =INTMARB!C38+GIC!C38 -> 12.403944 | D38: =INTMARB!D38+GIC!D38 -> 6.201972 | E38: =INTMARB!E38+GIC!E38 -> 6.201972 | F38: =INTMARB!F38+GIC!F38 -> 6.201972 | G38: =INTMARB!G38+GIC!G38 -> 8.82 | H38: =INTMARB!H38+GIC!H38 -> 8.82 | I38: =INTMARB!I38+GIC!I38 -> 5.879916 | J38: =INTMARB!J38+GIC!J38 -> 0 | ... X38: =INTMARB!X38+GIC!X38 -> 3.152016
A39: Gasoline-type jet fuel | B39: O4653 | C39: =INTMARB!C39+GIC!C39 -> 0 | D39: =INTMARB!D39+GIC!D39 -> 0 | E39: =INTMARB!E39+GIC!E39 -> 0 | F39: =INTMARB!F39+GIC!F39 -> 0 | G39: =INTMARB!G39+GIC!G39 -> 0 | H39: =INTMARB!H39+GIC!H39 -> 0 | I39: =INTMARB!I39+GIC!I39 -> 0 | J39: =INTMARB!J39+GIC!J39 -> 0 | ... X39: =INTMARB!X39+GIC!X39 -> 0
A40: Kerosene-type jet fuel (excluding biofuel portion) | B40: O4661XR5230B | C40: =INTMARB!C40+GIC!C40 -> 710.25696 | D40: =INTMARB!D40+GIC!D40 -> 672.20748 | E40: =INTMARB!E40+GIC!E40 -> 634.158 | F40: =INTMARB!F40+GIC!F40 -> 621.47484 | G40: =INTMARB!G40+GIC!G40 -> 676.2195 | H40: =INTMARB!H40+GIC!H40 -> 784.41462 | I40: =INTMARB!I40+GIC!I40 -> 797.2272 | J40: =INTMARB!J40+GIC!J40 -> 730.79151 | ... X40: =INTMARB!X40+GIC!X40 -> 426.73475
A41: Other kerosene | B41: O4669 | C41: =INTMARB!C41+GIC!C41 -> 9.44766 | D41: =INTMARB!D41+GIC!D41 -> 6.2983537 | E41: =INTMARB!E41+GIC!E41 -> 0 | F41: =INTMARB!F41+GIC!F41 -> 0 | G41: =INTMARB!G41+GIC!G41 -> 0 | H41: =INTMARB!H41+GIC!H41 -> 0 | I41: =INTMARB!I41+GIC!I41 -> 0 | J41: =INTMARB!J41+GIC!J41 -> 0 | ... X41: =INTMARB!X41+GIC!X41 -> 0
A42: Naphtha | B42: O4640 | C42: =INTMARB!C42+GIC!C42 -> 0 | D42: =INTMARB!D42+GIC!D42 -> 0 | E42: =INTMARB!E42+GIC!E42 -> 0 | F42: =INTMARB!F42+GIC!F42 -> 0 | G42: =INTMARB!G42+GIC!G42 -> 0 | H42: =INTMARB!H42+GIC!H42 -> 0 | I42: =INTMARB!I42+GIC!I42 -> 0 | J42: =INTMARB!J42+GIC!J42 -> 0 | ... X42: =INTMARB!X42+GIC!X42 -> 788.12169
A43: Gas oil and diesel oil (excluding biofuel portion) | B43: O4671XR5220B | C43: =INTMARB!C43+GIC!C43 -> 5948.8214 | D43: =INTMARB!D43+GIC!D43 -> 6318.4323 | E43: =INTMARB!E43+GIC!E43 -> 6949.3202 | F43: =INTMARB!F43+GIC!F43 -> 6990.7424 | G43: =INTMARB!G43+GIC!G43 -> 7322.1165 | H43: =INTMARB!H43+GIC!H43 -> 8042.2205 | I43: =INTMARB!I43+GIC!I43 -> 8896.1488 | J43: =INTMARB!J43+GIC!J43 -> 8891.556 | ... X43: =INTMARB!X43+GIC!X43 -> 11548.908
A44: Fuel oil | B44: O4680 | C44: =INTMARB!C44+GIC!C44 -> 4749.8524 | D44: =INTMARB!D44+GIC!D44 -> 4077.5559 | E44: =INTMARB!E44+GIC!E44 -> 2342.0932 | F44: =INTMARB!F44+GIC!F44 -> 2201.3797 | G44: =INTMARB!G44+GIC!G44 -> 1463.4173 | H44: =INTMARB!H44+GIC!H44 -> 762.97874 | I44: =INTMARB!I44+GIC!I44 -> 719.20049 | J44: =INTMARB!J44+GIC!J44 -> 681.41412 | ... X44: =INTMARB!X44+GIC!X44 -> 74.364279
A45: White spirit and special boiling point industrial spirits | B45: O4691 | C45: =INTMARB!C45+GIC!C45 -> 0 | D45: =INTMARB!D45+GIC!D45 -> 0 | E45: =INTMARB!E45+GIC!E45 -> 0 | F45: =INTMARB!F45+GIC!F45 -> 0 | G45: =INTMARB!G45+GIC!G45 -> 0 | H45: =INTMARB!H45+GIC!H45 -> 0 | I45: =INTMARB!I45+GIC!I45 -> 0 | J45: =INTMARB!J45+GIC!J45 -> 0 | ... X45: =INTMARB!X45+GIC!X45 -> 0
... A51: Natural gas | B51: G3000 | C51: =INTMARB!C51+GIC!C51 -> 21178.283 | D51: =INTMARB!D51+GIC!D51 -> 23583.021 | E51: =INTMARB!E51+GIC!E51 -> 24058.889 | F51: =INTMARB!F51+GIC!F51 -> 26391.123 | G51: =INTMARB!G51+GIC!G51 -> 25617.313 | H51: =INTMARB!H51+GIC!H51 -> 26622.721 | I51: =INTMARB!I51+GIC!I51 -> 25440.144 | J51: =INTMARB!J51+GIC!J51 -> 23703.237 | ... X51: =INTMARB!X51+GIC!X51 -> 20305.816
A52: Non-renewable waste | B52: W6100_6220 | C52: =SUM(C53:C54) -> 113.03237 | D52: =SUM(D53:D54) -> 142.98996 | E52: =SUM(E53:E54) -> 127.44885 | F52: =SUM(F53:F54) -> 97.358062 | G52: =SUM(G53:G54) -> 135.18201 | H52: =SUM(H53:H54) -> 315.13364 | I52: =SUM(I53:I54) -> 360.49318 | J52: =SUM(J53:J54) -> 418.85723 | ... X52: =SUM(X53:X54) -> 1291.9992
A53: Industrial waste (non-renewable) | B53: W6100 | C53: =INTMARB!C53+GIC!C53 -> 0 | D53: =INTMARB!D53+GIC!D53 -> 0 | E53: =INTMARB!E53+GIC!E53 -> 0 | F53: =INTMARB!F53+GIC!F53 -> 6.0061716 | G53: =INTMARB!G53+GIC!G53 -> 64.921943 | H53: =INTMARB!H53+GIC!H53 -> 176.17589 | I53: =INTMARB!I53+GIC!I53 -> 165.30794 | J53: =INTMARB!J53+GIC!J53 -> 120.978 | ... X53: =INTMARB!X53+GIC!X53 -> 1031.8883
A54: Non-renewable municipal waste | B54: W6220 | C54: =INTMARB!C54+GIC!C54 -> 113.03237 | D54: =INTMARB!D54+GIC!D54 -> 142.98996 | E54: =INTMARB!E54+GIC!E54 -> 127.44885 | F54: =INTMARB!F54+GIC!F54 -> 91.351891 | G54: =INTMARB!G54+GIC!G54 -> 70.260067 | H54: =INTMARB!H54+GIC!H54 -> 138.95775 | I54: =INTMARB!I54+GIC!I54 -> 195.18524 | J54: =INTMARB!J54+GIC!J54 -> 297.87923 | ... X54: =INTMARB!X54+GIC!X54 -> 260.11089
A60: CO2 emissions not accounted:
A61: Renewables and biofuels | B61: RA000 | C61: =SUM(C62:C72) -> 3403.1671 | D61: =SUM(D62:D72) -> 3565.9338 | E61: =SUM(E62:E72) -> 3604.0893 | F61: =SUM(F62:F72) -> 3745.3083 | G61: =SUM(G62:G72) -> 3931.8606 | H61: =SUM(H62:H72) -> 7384.4387 | I61: =SUM(I62:I72) -> 7416.3602 | J61: =SUM(J62:J72) -> 8169.3925 | ... X61: =SUM(X62:X72) -> 11622.877
A62: Primary solid biofuels | B62: R5110-5150_W6000RI | C62: =INTMARB!C62+GIC!C62 -> 3281.0396 | D62: =INTMARB!D62+GIC!D62 -> 3431.1199 | E62: =INTMARB!E62+GIC!E62 -> 3496.8637 | F62: =INTMARB!F62+GIC!F62 -> 3659.1521 | G62: =INTMARB!G62+GIC!G62 -> 3847.8727 | H62: =INTMARB!H62+GIC!H62 -> 7222.4325 | I62: =INTMARB!I62+GIC!I62 -> 7160.0482 | J62: =INTMARB!J62+GIC!J62 -> 7819.8406 | ... X62: =INTMARB!X62+GIC!X62 -> 10254.72
A63: Charcoal | B63: R5160 | C63: =INTMARB!C63+GIC!C63 -> 0 | D63: =INTMARB!D63+GIC!D63 -> 0 | E63: =INTMARB!E63+GIC!E63 -> 0 | F63: =INTMARB!F63+GIC!F63 -> 0 | G63: =INTMARB!G63+GIC!G63 -> 0 | H63: =INTMARB!H63+GIC!H63 -> 0 | I63: =INTMARB!I63+GIC!I63 -> 0 | J63: =INTMARB!J63+GIC!J63 -> 0 | ... X63: =INTMARB!X63+GIC!X63 -> 0
A64: Biogases | B64: R5300 | C64: =INTMARB!C64+GIC!C64 -> 0.32766552 | D64: =INTMARB!D64+GIC!D64 -> 4.914 | E64: =INTMARB!E64+GIC!E64 -> 7.4256437 | F64: =INTMARB!F64+GIC!F64 -> 10.756353 | G64: =INTMARB!G64+GIC!G64 -> 15.288044 | H64: =INTMARB!H64+GIC!H64 -> 16.216397 | I64: =INTMARB!I64+GIC!I64 -> 27.955156 | J64: =INTMARB!J64+GIC!J64 -> 38.219913 | ... X64: =INTMARB!X64+GIC!X64 -> 183.292
A65: Renewable municipal waste | B65: W6210 | C65: =INTMARB!C65+GIC!C65 -> 121.79988 | D65: =INTMARB!D65+GIC!D65 -> 129.89988 | E65: =INTMARB!E65+GIC!E65 -> 99.79992 | F65: =INTMARB!F65+GIC!F65 -> 75.39984 | G65: =INTMARB!G65+GIC!G65 -> 68.69988 | H65: =INTMARB!H65+GIC!H65 -> 138.20004 | I65: =INTMARB!I65+GIC!I65 -> 196.10028 | J65: =INTMARB!J65+GIC!J65 -> 226.40004 | ... X65: =INTMARB!X65+GIC!X65 -> 340.09992
A66: Pure biogasoline | B66: R5210P | C66: =INTMARB!C66+GIC!C66 -> 0 | D66: =INTMARB!D66+GIC!D66 -> 0 | E66: =INTMARB!E66+GIC!E66 -> 0 | F66: =INTMARB!F66+GIC!F66 -> 0 | G66: =INTMARB!G66+GIC!G66 -> 0 | H66: =INTMARB!H66+GIC!H66 -> 0 | I66: =INTMARB!I66+GIC!I66 -> 0 | J66: =INTMARB!J66+GIC!J66 -> 0 | ... X66: =INTMARB!X66+GIC!X66 -> 0
A67: Blended biogasoline | B67: R5210B | C67: =INTMARB!C67+GIC!C67 -> 0 | D67: =INTMARB!D67+GIC!D67 -> 0 | E67: =INTMARB!E67+GIC!E67 -> 0 | F67: =INTMARB!F67+GIC!F67 -> 0 | G67: =INTMARB!G67+GIC!G67 -> 0 | H67: =INTMARB!H67+GIC!H67 -> 7.5898166 | I67: =INTMARB!I67+GIC!I67 -> 32.256593 | J67: =INTMARB!J67+GIC!J67 -> 79.692565 | ... X67: =INTMARB!X67+GIC!X67 -> 258.00942
A68: Pure biodiesels | B68: R5220P | C68: =INTMARB!C68+GIC!C68 -> 0 | D68: =INTMARB!D68+GIC!D68 -> 0 | E68: =INTMARB!E68+GIC!E68 -> 0 | F68: =INTMARB!F68+GIC!F68 -> 0 | G68: =INTMARB!G68+GIC!G68 -> 0 | H68: =INTMARB!H68+GIC!H68 -> 0 | I68: =INTMARB!I68+GIC!I68 -> 0 | J68: =INTMARB!J68+GIC!J68 -> 0 | ... X68: =INTMARB!X68+GIC!X68 -> 0
A69: Blended biodiesels | B69: R5220B | C69: =INTMARB!C69+GIC!C69 -> 0 | D69: =INTMARB!D69+GIC!D69 -> 0 | E69: =INTMARB!E69+GIC!E69 -> 0 | F69: =INTMARB!F69+GIC!F69 -> 0 | G69: =INTMARB!G69+GIC!G69 -> 0 | H69: =INTMARB!H69+GIC!H69 -> 0 | I69: =INTMARB!I69+GIC!I69 -> 0 | J69: =INTMARB!J69+GIC!J69 -> 5.2393133 | ... X69: =INTMARB!X69+GIC!X69 -> 586.75492
A70: Pure bio jet kerosene | B70: R5230P | C70: =INTMARB!C70+GIC!C70 -> 0 | D70: =INTMARB!D70+GIC!D70 -> 0 | E70: =INTMARB!E70+GIC!E70 -> 0 | F70: =INTMARB!F70+GIC!F70 -> 0 | G70: =INTMARB!G70+GIC!G70 -> 0 | H70: =INTMARB!H70+GIC!H70 -> 0 | I70: =INTMARB!I70+GIC!I70 -> 0 | J70: =INTMARB!J70+GIC!J70 -> 0 | ... X70: =INTMARB!X70+GIC!X70 -> 0
A71: Blended bio jet kerosene | B71: R5230B | C71: =INTMARB!C71+GIC!C71 -> 0 | D71: =INTMARB!D71+GIC!D71 -> 0 | E71: =INTMARB!E71+GIC!E71 -> 0 | F71: =INTMARB!F71+GIC!F71 -> 0 | G71: =INTMARB!G71+GIC!G71 -> 0 | H71: =INTMARB!H71+GIC!H71 -> 0 | I71: =INTMARB!I71+GIC!I71 -> 0 | J71: =INTMARB!J71+GIC!J71 -> 0 | ... X71: =INTMARB!X71+GIC!X71 -> 0
A72: Other liquid biofuels | B72: R5290 | C72: =INTMARB!C72+GIC!C72 -> 0 | D72: =INTMARB!D72+GIC!D72 -> 0 | E72: =INTMARB!E72+GIC!E72 -> 0 | F72: =INTMARB!F72+GIC!F72 -> 0 | G72: =INTMARB!G72+GIC!G72 -> 0 | H72: =INTMARB!H72+GIC!H72 -> 0 | I72: =INTMARB!I72+GIC!I72 -> 0 | J72: =INTMARB!J72+GIC!J72 -> 0 | ... X72: =INTMARB!X72+GIC!X72 -> 0

Sheet INTMARB
A1: International maritime bunkers | B1: INTMARB | C1: 2000 | D1: 2001 | E1: 2002 | F1: 2003 | G1: 2004 | H1: 2005 | I1: 2006 | J1: 2007 | K1: 2008 | L1: 2009 | M1: 2010 | N1: 2011 | O1: 2012 | P1: 2013 | Q1: 2014 | R1: 2015 | S1: 2016 | T1: 2017 | U1: 2018 | V1: 2019 | W1: 2020 | X1: 2021
A2: Total | B2: TOTAL | C2: =SUM(C3,C17,C22,C25,C26,C51,C52) -> 0 | D2: =SUM(D3,D17,D22,D25,D26,D51,D52) -> 0 | E2: =SUM(E3,E17,E22,E25,E26,E51,E52) -> 0 | F2: =SUM(F3,F17,F22,F25,F26,F51,F52) -> 0 | G2: =SUM(G3,G17,G22,G25,G26,G51,G52) -> 0 | H2: =SUM(H3,H17,H22,H25,H26,H51,H52) -> 0 | I2: =SUM(I3,I17,I22,I25,I26,I51,I52) -> 0 | J2: =SUM(J3,J17,J22,J25,J26,J51,J52) -> 0 | ... X2: =SUM(X3,X17,X22,X25,X26,X51,X52) -> 0
A3: Solid fossil fuels | B3: C0000X0350-0370 | C3: =SUM(C4,C8,C11) -> 0 | D3: =SUM(D4,D8,D11) -> 0 | E3: =SUM(E4,E8,E11) -> 0 | F3: =SUM(F4,F8,F11) -> 0 | G3: =SUM(G4,G8,G11) -> 0 | H3: =SUM(H4,H8,H11) -> 0 | I3: =SUM(I4,I8,I11) -> 0 | J3: =SUM(J4,J8,J11) -> 0 | ... X3: =SUM(X4,X8,X11) -> 0
A4: Hard coal | B4: C0100 | C4: =SUM(C5:C7) -> 0 | D4: =SUM(D5:D7) -> 0 | E4: =SUM(E5:E7) -> 0 | F4: =SUM(F5:F7) -> 0 | G4: =SUM(G5:G7) -> 0 | H4: =SUM(H5:H7) -> 0 | I4: =SUM(I5:I7) -> 0 | J4: =SUM(J5:J7) -> 0 | ... X4: =SUM(X5:X7) -> 0
A5: Anthracite | B5: C0110 | C5: =INTMARB_IN!C5+INTMARB_EX!C5 -> 0 | D5: =INTMARB_IN!D5+INTMARB_EX!D5 -> 0 | E5: =INTMARB_IN!E5+INTMARB_EX!E5 -> 0 | F5: =INTMARB_IN!F5+INTMARB_EX!F5 -> 0 | G5: =INTMARB_IN!G5+INTMARB_EX!G5 -> 0 | H5: =INTMARB_IN!H5+INTMARB_EX!H5 -> 0 | I5: =INTMARB_IN!I5+INTMARB_EX!I5 -> 0 | J5: =INTMARB_IN!J5+INTMARB_EX!J5 -> 0 | ... X5: =INTMARB_IN!X5+INTMARB_EX!X5 -> 0
A6: Coking coal | B6: C0121 | C6: =INTMARB_IN!C6+INTMARB_EX!C6 -> 0 | D6: =INTMARB_IN!D6+INTMARB_EX!D6 -> 0 | E6: =INTMARB_IN!E6+INTMARB_EX!E6 -> 0 | F6: =INTMARB_IN!F6+INTMARB_EX!F6 -> 0 | G6: =INTMARB_IN!G6+INTMARB_EX!G6 -> 0 | H6: =INTMARB_IN!H6+INTMARB_EX!H6 -> 0 | I6: =INTMARB_IN!I6+INTMARB_EX!I6 -> 0 | J6: =INTMARB_IN!J6+INTMARB_EX!J6 -> 0 | ... X6: =INTMARB_IN!X6+INTMARB_EX!X6 -> 0
A7: Other bituminous coal | B7: C0129 | C7: =INTMARB_IN!C7+INTMARB_EX!C7 -> 0 | D7: =INTMARB_IN!D7+INTMARB_EX!D7 -> 0 | E7: =INTMARB_IN!E7+INTMARB_EX!E7 -> 0 | F7: =INTMARB_IN!F7+INTMARB_EX!F7 -> 0 | G7: =INTMARB_IN!G7+INTMARB_EX!G7 -> 0 | H7: =INTMARB_IN!H7+INTMARB_EX!H7 -> 0 | I7: =INTMARB_IN!I7+INTMARB_EX!I7 -> 0 | J7: =INTMARB_IN!J7+INTMARB_EX!J7 -> 0 | ... X7: =INTMARB_IN!X7+INTMARB_EX!X7 -> 0
A8: Brown coal | B8: C0200 | C8: =SUM(C9:C10) -> 0 | D8: =SUM(D9:D10) -> 0 | E8: =SUM(E9:E10) -> 0 | F8: =SUM(F9:F10) -> 0 | G8: =SUM(G9:G10) -> 0 | H8: =SUM(H9:H10) -> 0 | I8: =SUM(I9:I10) -> 0 | J8: =SUM(J9:J10) -> 0 | ... X8: =SUM(X9:X10) -> 0
A9: Sub-bituminous coal | B9: C0210 | C9: =INTMARB_IN!C9+INTMARB_EX!C9 -> 0 | D9: =INTMARB_IN!D9+INTMARB_EX!D9 -> 0 | E9: =INTMARB_IN!E9+INTMARB_EX!E9 -> 0 | F9: =INTMARB_IN!F9+INTMARB_EX!F9 -> 0 | G9: =INTMARB_IN!G9+INTMARB_EX!G9 -> 0 | H9: =INTMARB_IN!H9+INTMARB_EX!H9 -> 0 | I9: =INTMARB_IN!I9+INTMARB_EX!I9 -> 0 | J9: =INTMARB_IN!J9+INTMARB_EX!J9 -> 0 | ... X9: =INTMARB_IN!X9+INTMARB_EX!X9 -> 0
A10: Lignite | B10: C0220 | C10: =INTMARB_IN!C10+INTMARB_EX!C10 -> 0 | D10: =INTMARB_IN!D10+INTMARB_EX!D10 -> 0 | E10: =INTMARB_IN!E10+INTMARB_EX!E10 -> 0 | F10: =INTMARB_IN!F10+INTMARB_EX!F10 -> 0 | G10: =INTMARB_IN!G10+INTMARB_EX!G10 -> 0 | H10: =INTMARB_IN!H10+INTMARB_EX!H10 -> 0 | I10: =INTMARB_IN!I10+INTMARB_EX!I10 -> 0 | J10: =INTMARB_IN!J10+INTMARB_EX!J10 -> 0 | ... X10: =INTMARB_IN!X10+INTMARB_EX!X10 -> 0
A11: Coal products | B11: C0300 | C11: =SUM(C12:C16) -> 0 | D11: =SUM(D12:D16) -> 0 | E11: =SUM(E12:E16) -> 0 | F11: =SUM(F12:F16) -> 0 | G11: =SUM(G12:G16) -> 0 | H11: =SUM(H12:H16) -> 0 | I11: =SUM(I12:I16) -> 0 | J11: =SUM(J12:J16) -> 0 | ... X11: =SUM(X12:X16) -> 0
A12: Patent fuel | B12: C0320 | C12: =INTMARB_IN!C12+INTMARB_EX!C12 -> 0 | D12: =INTMARB_IN!D12+INTMARB_EX!D12 -> 0 | E12: =INTMARB_IN!E12+INTMARB_EX!E12 -> 0 | F12: =INTMARB_IN!F12+INTMARB_EX!F12 -> 0 | G12: =INTMARB_IN!G12+INTMARB_EX!G12 -> 0 | H12: =INTMARB_IN!H12+INTMARB_EX!H12 -> 0 | I12: =INTMARB_IN!I12+INTMARB_EX!I12 -> 0 | J12: =INTMARB_IN!J12+INTMARB_EX!J12 -> 0 | ... X12: =INTMARB_IN!X12+INTMARB_EX!X12 -> 0
A13: Coke oven coke | B13: C0311 | C13: =INTMARB_IN!C13+INTMARB_EX!C13 -> 0 | D13: =INTMARB_IN!D13+INTMARB_EX!D13 -> 0 | E13: =INTMARB_IN!E13+INTMARB_EX!E13 -> 0 | F13: =INTMARB_IN!F13+INTMARB_EX!F13 -> 0 | G13: =INTMARB_IN!G13+INTMARB_EX!G13 -> 0 | H13: =INTMARB_IN!H13+INTMARB_EX!H13 -> 0 | I13: =INTMARB_IN!I13+INTMARB_EX!I13 -> 0 | J13: =INTMARB_IN!J13+INTMARB_EX!J13 -> 0 | ... X13: =INTMARB_IN!X13+INTMARB_EX!X13 -> 0
A14: Gas coke | B14: C0312 | C14: =INTMARB_IN!C14+INTMARB_EX!C14 -> 0 | D14: =INTMARB_IN!D14+INTMARB_EX!D14 -> 0 | E14: =INTMARB_IN!E14+INTMARB_EX!E14 -> 0 | F14: =INTMARB_IN!F14+INTMARB_EX!F14 -> 0 | G14: =INTMARB_IN!G14+INTMARB_EX!G14 -> 0 | H14: =INTMARB_IN!H14+INTMARB_EX!H14 -> 0 | I14: =INTMARB_IN!I14+INTMARB_EX!I14 -> 0 | J14: =INTMARB_IN!J14+INTMARB_EX!J14 -> 0 | ... X14: =INTMARB_IN!X14+INTMARB_EX!X14 -> 0
A15: Coal tar | B15: C0340 | C15: =INTMARB_IN!C15+INTMARB_EX!C15 -> 0 | D15: =INTMARB_IN!D15+INTMARB_EX!D15 -> 0 | E15: =INTMARB_IN!E15+INTMARB_EX!E15 -> 0 | F15: =INTMARB_IN!F15+INTMARB_EX!F15 -> 0 | G15: =INTMARB_IN!G15+INTMARB_EX!G15 -> 0 | H15: =INTMARB_IN!H15+INTMARB_EX!H15 -> 0 | I15: =INTMARB_IN!I15+INTMARB_EX!I15 -> 0 | J15: =INTMARB_IN!J15+INTMARB_EX!J15 -> 0 | ... X15: =INTMARB_IN!X15+INTMARB_EX!X15 -> 0
A16: Brown coal briquettes | B16: C0330 | C16: =INTMARB_IN!C16+INTMARB_EX!C16 -> 0 | D16: =INTMARB_IN!D16+INTMARB_EX!D16 -> 0 | E16: =INTMARB_IN!E16+INTMARB_EX!E16 -> 0 | F16: =INTMARB_IN!F16+INTMARB_EX!F16 -> 0 | G16: =INTMARB_IN!G16+INTMARB_EX!G16 -> 0 | H16: =INTMARB_IN!H16+INTMARB_EX!H16 -> 0 | I16: =INTMARB_IN!I16+INTMARB_EX!I16 -> 0 | J16: =INTMARB_IN!J16+INTMARB_EX!J16 -> 0 | ... X16: =INTMARB_IN!X16+INTMARB_EX!X16 -> 0
A17: Manufactured gases | B17: C0350-0370 | C17: =SUM(C18:C21) -> 0 | D17: =SUM(D18:D21) -> 0 | E17: =SUM(E18:E21) -> 0 | F17: =SUM(F18:F21) -> 0 | G17: =SUM(G18:G21) -> 0 | H17: =SUM(H18:H21) -> 0 | I17: =SUM(I18:I21) -> 0 | J17: =SUM(J18:J21) -> 0 | ... X17: =SUM(X18:X21) -> 0
A18: Gas works gas | B18: C0360 | C18: =INTMARB_IN!C18+INTMARB_EX!C18 -> 0 | D18: =INTMARB_IN!D18+INTMARB_EX!D18 -> 0 | E18: =INTMARB_IN!E18+INTMARB_EX!E18 -> 0 | F18: =INTMARB_IN!F18+INTMARB_EX!F18 -> 0 | G18: =INTMARB_IN!G18+INTMARB_EX!G18 -> 0 | H18: =INTMARB_IN!H18+INTMARB_EX!H18 -> 0 | I18: =INTMARB_IN!I18+INTMARB_EX!I18 -> 0 | J18: =INTMARB_IN!J18+INTMARB_EX!J18 -> 0 | ... X18: =INTMARB_IN!X18+INTMARB_EX!X18 -> 0
A19: Coke oven gas | B19: C0350 | C19: =INTMARB_IN!C19+INTMARB_EX!C19 -> 0 | D19: =INTMARB_IN!D19+INTMARB_EX!D19 -> 0 | E19: =INTMARB_IN!E19+INTMARB_EX!E19 -> 0 | F19: =INTMARB_IN!F19+INTMARB_EX!F19 -> 0 | G19: =INTMARB_IN!G19+INTMARB_EX!G19 -> 0 | H19: =INTMARB_IN!H19+INTMARB_EX!H19 -> 0 | I19: =INTMARB_IN!I19+INTMARB_EX!I19 -> 0 | J19: =INTMARB_IN!J19+INTMARB_EX!J19 -> 0 | ... X19: =INTMARB_IN!X19+INTMARB_EX!X19 -> 0
A20: Blast furnace gas | B20: C0371 | C20: =INTMARB_IN!C20+INTMARB_EX!C20 -> 0 | D20: =INTMARB_IN!D20+INTMARB_EX!D20 -> 0 | E20: =INTMARB_IN!E20+INTMARB_EX!E20 -> 0 | F20: =INTMARB_IN!F20+INTMARB_EX!F20 -> 0 | G20: =INTMARB_IN!G20+INTMARB_EX!G20 -> 0 | H20: =INTMARB_IN!H20+INTMARB_EX!H20 -> 0 | I20: =INTMARB_IN!I20+INTMARB_EX!I20 -> 0 | J20: =INTMARB_IN!J20+INTMARB_EX!J20 -> 0 | ... X20: =INTMARB_IN!X20+INTMARB_EX!X20 -> 0
A21: Other recovered gases | B21: C0379 | C21: =INTMARB_IN!C21+INTMARB_EX!C21 -> 0 | D21: =INTMARB_IN!D21+INTMARB_EX!D21 -> 0 | E21: =INTMARB_IN!E21+INTMARB_EX!E21 -> 0 | F21: =INTMARB_IN!F21+INTMARB_EX!F21 -> 0 | G21: =INTMARB_IN!G21+INTMARB_EX!G21 -> 0 | H21: =INTMARB_IN!H21+INTMARB_EX!H21 -> 0 | I21: =INTMARB_IN!I21+INTMARB_EX!I21 -> 0 | J21: =INTMARB_IN!J21+INTMARB_EX!J21 -> 0 | ... X21: =INTMARB_IN!X21+INTMARB_EX!X21 -> 0
A22: Peat and peat products | B22: P1000 | C22: =SUM(C23:C24) -> 0 | D22: =SUM(D23:D24) -> 0 | E22: =SUM(E23:E24) -> 0 | F22: =SUM(F23:F24) -> 0 | G22: =SUM(G23:G24) -> 0 | H22: =SUM(H23:H24) -> 0 | I22: =SUM(I23:I24) -> 0 | J22: =SUM(J23:J24) -> 0 | ... X22: =SUM(X23:X24) -> 0
A23: Peat | B23: P1100 | C23: =INTMARB_IN!C23+INTMARB_EX!C23 -> 0 | D23: =INTMARB_IN!D23+INTMARB_EX!D23 -> 0 | E23: =INTMARB_IN!E23+INTMARB_EX!E23 -> 0 | F23: =INTMARB_IN!F23+INTMARB_EX!F23 -> 0 | G23: =INTMARB_IN!G23+INTMARB_EX!G23 -> 0 | H23: =INTMARB_IN!H23+INTMARB_EX!H23 -> 0 | I23: =INTMARB_IN!I23+INTMARB_EX!I23 -> 0 | J23: =INTMARB_IN!J23+INTMARB_EX!J23 -> 0 | ... X23: =INTMARB_IN!X23+INTMARB_EX!X23 -> 0
A24: Peat products | B24: P1200 | C24: =INTMARB_IN!C24+INTMARB_EX!C24 -> 0 | D24: =INTMARB_IN!D24+INTMARB_EX!D24 -> 0 | E24: =INTMARB_IN!E24+INTMARB_EX!E24 -> 0 | F24: =INTMARB_IN!F24+INTMARB_EX!F24 -> 0 | G24: =INTMARB_IN!G24+INTMARB_EX!G24 -> 0 | H24: =INTMARB_IN!H24+INTMARB_EX!H24 -> 0 | I24: =INTMARB_IN!I24+INTMARB_EX!I24 -> 0 | J24: =INTMARB_IN!J24+INTMARB_EX!J24 -> 0 | ... X24: =INTMARB_IN!X24+INTMARB_EX!X24 -> 0
A25: Oil shale and oil sands | B25: S2000 | C25: =INTMARB_IN!C25+INTMARB_EX!C25 -> 0 | D25: =INTMARB_IN!D25+INTMARB_EX!D25 -> 0 | E25: =INTMARB_IN!E25+INTMARB_EX!E25 -> 0 | F25: =INTMARB_IN!F25+INTMARB_EX!F25 -> 0 | G25: =INTMARB_IN!G25+INTMARB_EX!G25 -> 0 | H25: =INTMARB_IN!H25+INTMARB_EX!H25 -> 0 | I25: =INTMARB_IN!I25+INTMARB_EX!I25 -> 0 | J25: =INTMARB_IN!J25+INTMARB_EX!J25 -> 0 | ... X25: =INTMARB_IN!X25+INTMARB_EX!X25 -> 0
A26: Oil and petroleum products | B26: O4000XBIO | C26: =SUM(C27,C33) -> 0 | D26: =SUM(D27,D33) -> 0 | E26: =SUM(E27,E33) -> 0 | F26: =SUM(F27,F33) -> 0 | G26: =SUM(G27,G33) -> 0 | H26: =SUM(H27,H33) -> 0 | I26: =SUM(I27,I33) -> 0 | J26: =SUM(J27,J33) -> 0 | ... X26: =SUM(X27,X33) -> 0
A27: Crude oil, NGL, refinery feedstocks, additives and oxygenates and other hydrocarbons (excluding biofuel portion) | B27: O4100_TOT_4200-4500XBIO | C27: =SUM(C28:C32) -> 0 | D27: =SUM(D28:D32) -> 0 | E27: =SUM(E28:E32) -> 0 | F27: =SUM(F28:F32) -> 0 | G27: =SUM(G28:G32) -> 0 | H27: =SUM(H28:H32) -> 0 | I27: =SUM(I28:I32) -> 0 | J27: =SUM(J28:J32) -> 0 | ... X27: =SUM(X28:X32) -> 0
A28: Crude oil | B28: O4100_TOT | C28: =INTMARB_IN!C28+INTMARB_EX!C28 -> 0 | D28: =INTMARB_IN!D28+INTMARB_EX!D28 -> 0 | E28: =INTMARB_IN!E28+INTMARB_EX!E28 -> 0 | F28: =INTMARB_IN!F28+INTMARB_EX!F28 -> 0 | G28: =INTMARB_IN!G28+INTMARB_EX!G28 -> 0 | H28: =INTMARB_IN!H28+INTMARB_EX!H28 -> 0 | I28: =INTMARB_IN!I28+INTMARB_EX!I28 -> 0 | J28: =INTMARB_IN!J28+INTMARB_EX!J28 -> 0 | ... X28: =INTMARB_IN!X28+INTMARB_EX!X28 -> 0
A29: Natural gas liquids | B29: O4200 | C29: =INTMARB_IN!C29+INTMARB_EX!C29 -> 0 | D29: =INTMARB_IN!D29+INTMARB_EX!D29 -> 0 | E29: =INTMARB_IN!E29+INTMARB_EX!E29 -> 0 | F29: =INTMARB_IN!F29+INTMARB_EX!F29 -> 0 | G29: =INTMARB_IN!G29+INTMARB_EX!G29 -> 0 | H29: =INTMARB_IN!H29+INTMARB_EX!H29 -> 0 | I29: =INTMARB_IN!I29+INTMARB_EX!I29 -> 0 | J29: =INTMARB_IN!J29+INTMARB_EX!J29 -> 0 | ... X29: =INTMARB_IN!X29+INTMARB_EX!X29 -> 0
A30: Refinery feedstocks | B30: O4300 | C30: =INTMARB_IN!C30+INTMARB_EX!C30 -> 0 | D30: =INTMARB_IN!D30+INTMARB_EX!D30 -> 0 | E30: =INTMARB_IN!E30+INTMARB_EX!E30 -> 0 | F30: =INTMARB_IN!F30+INTMARB_EX!F30 -> 0 | G30: =INTMARB_IN!G30+INTMARB_EX!G30 -> 0 | H30: =INTMARB_IN!H30+INTMARB_EX!H30 -> 0 | I30: =INTMARB_IN!I30+INTMARB_EX!I30 -> 0 | J30: =INTMARB_IN!J30+INTMARB_EX!J30 -> 0 | ... X30: =INTMARB_IN!X30+INTMARB_EX!X30 -> 0
A31: Additives and oxygenates (excluding biofuel portion) | B31: O4400X4410 | C31: =INTMARB_IN!C31+INTMARB_EX!C31 -> 0 | D31: =INTMARB_IN!D31+INTMARB_EX!D31 -> 0 | E31: =INTMARB_IN!E31+INTMARB_EX!E31 -> 0 | F31: =INTMARB_IN!F31+INTMARB_EX!F31 -> 0 | G31: =INTMARB_IN!G31+INTMARB_EX!G31 -> 0 | H31: =INTMARB_IN!H31+INTMARB_EX!H31 -> 0 | I31: =INTMARB_IN!I31+INTMARB_EX!I31 -> 0 | J31: =INTMARB_IN!J31+INTMARB_EX!J31 -> 0 | ... X31: =INTMARB_IN!X31+INTMARB_EX!X31 -> 0
A32: Other hydrocarbons | B32: O4500 | C32: =INTMARB_IN!C32+INTMARB_EX!C32 -> 0 | D32: =INTMARB_IN!D32+INTMARB_EX!D32 -> 0 | E32: =INTMARB_IN!E32+INTMARB_EX!E32 -> 0 | F32: =INTMARB_IN!F32+INTMARB_EX!F32 -> 0 | G32: =INTMARB_IN!G32+INTMARB_EX!G32 -> 0 | H32: =INTMARB_IN!H32+INTMARB_EX!H32 -> 0 | I32: =INTMARB_IN!I32+INTMARB_EX!I32 -> 0 | J32: =INTMARB_IN!J32+INTMARB_EX!J32 -> 0 | ... X32: =INTMARB_IN!X32+INTMARB_EX!X32 -> 0
A33: Oil products (excluding biofuel portion) | B33: O4600XBIO | C33: =SUM(C34:C50) -> 0 | D33: =SUM(D34:D50) -> 0 | E33: =SUM(E34:E50) -> 0 | F33: =SUM(F34:F50) -> 0 | G33: =SUM(G34:G50) -> 0 | H33: =SUM(H34:H50) -> 0 | I33: =SUM(I34:I50) -> 0 | J33: =SUM(J34:J50) -> 0 | ... X33: =SUM(X34:X50) -> 0
A34: Refinery gas | B34: O4610 | C34: =INTMARB_IN!C34+INTMARB_EX!C34 -> 0 | D34: =INTMARB_IN!D34+INTMARB_EX!D34 -> 0 | E34: =INTMARB_IN!E34+INTMARB_EX!E34 -> 0 | F34: =INTMARB_IN!F34+INTMARB_EX!F34 -> 0 | G34: =INTMARB_IN!G34+INTMARB_EX!G34 -> 0 | H34: =INTMARB_IN!H34+INTMARB_EX!H34 -> 0 | I34: =INTMARB_IN!I34+INTMARB_EX!I34 -> 0 | J34: =INTMARB_IN!J34+INTMARB_EX!J34 -> 0 | ... X34: =INTMARB_IN!X34+INTMARB_EX!X34 -> 0
A35: Ethane | B35: O4620 | C35: =INTMARB_IN!C35+INTMARB_EX!C35 -> 0 | D35: =INTMARB_IN!D35+INTMARB_EX!D35 -> 0 | E35: =INTMARB_IN!E35+INTMARB_EX!E35 -> 0 | F35: =INTMARB_IN!F35+INTMARB_EX!F35 -> 0 | G35: =INTMARB_IN!G35+INTMARB_EX!G35 -> 0 | H35: =INTMARB_IN!H35+INTMARB_EX!H35 -> 0 | I35: =INTMARB_IN!I35+INTMARB_EX!I35 -> 0 | J35: =INTMARB_IN!J35+INTMARB_EX!J35 -> 0 | ... X35: =INTMARB_IN!X35+INTMARB_EX!X35 -> 0
A36: Liquefied petroleum gases | B36: O4630 | C36: =INTMARB_IN!C36+INTMARB_EX!C36 -> 0 | D36: =INTMARB_IN!D36+INTMARB_EX!D36 -> 0 | E36: =INTMARB_IN!E36+INTMARB_EX!E36 -> 0 | F36: =INTMARB_IN!F36+INTMARB_EX!F36 -> 0 | G36: =INTMARB_IN!G36+INTMARB_EX!G36 -> 0 | H36: =INTMARB_IN!H36+INTMARB_EX!H36 -> 0 | I36: =INTMARB_IN!I36+INTMARB_EX!I36 -> 0 | J36: =INTMARB_IN!J36+INTMARB_EX!J36 -> 0 | ... X36: =INTMARB_IN!X36+INTMARB_EX!X36 -> 0
A37: Motor gasoline (excluding biofuel portion) | B37: O4652XR5210B | C37: =INTMARB_IN!C37+INTMARB_EX!C37 -> 0 | D37: =INTMARB_IN!D37+INTMARB_EX!D37 -> 0 | E37: =INTMARB_IN!E37+INTMARB_EX!E37 -> 0 | F37: =INTMARB_IN!F37+INTMARB_EX!F37 -> 0 | G37: =INTMARB_IN!G37+INTMARB_EX!G37 -> 0 | H37: =INTMARB_IN!H37+INTMARB_EX!H37 -> 0 | I37: =INTMARB_IN!I37+INTMARB_EX!I37 -> 0 | J37: =INTMARB_IN!J37+INTMARB_EX!J37 -> 0 | ... X37: =INTMARB_IN!X37+INTMARB_EX!X37 -> 0
A38: Aviation gasoline | B38: O4651 | C38: =INTMARB_IN!C38+INTMARB_EX!C38 -> 0 | D38: =INTMARB_IN!D38+INTMARB_EX!D38 -> 0 | E38: =INTMARB_IN!E38+INTMARB_EX!E38 -> 0 | F38: =INTMARB_IN!F38+INTMARB_EX!F38 -> 0 | G38: =INTMARB_IN!G38+INTMARB_EX!G38 -> 0 | H38: =INTMARB_IN!H38+INTMARB_EX!H38 -> 0 | I38: =INTMARB_IN!I38+INTMARB_EX!I38 -> 0 | J38: =INTMARB_IN!J38+INTMARB_EX!J38 -> 0 | ... X38: =INTMARB_IN!X38+INTMARB_EX!X38 -> 0
A39: Gasoline-type jet fuel | B39: O4653 | C39: =INTMARB_IN!C39+INTMARB_EX!C39 -> 0 | D39: =INTMARB_IN!D39+INTMARB_EX!D39 -> 0 | E39: =INTMARB_IN!E39+INTMARB_EX!E39 -> 0 | F39: =INTMARB_IN!F39+INTMARB_EX!F39 -> 0 | G39: =INTMARB_IN!G39+INTMARB_EX!G39 -> 0 | H39: =INTMARB_IN!H39+INTMARB_EX!H39 -> 0 | I39: =INTMARB_IN!I39+INTMARB_EX!I39 -> 0 | J39: =INTMARB_IN!J39+INTMARB_EX!J39 -> 0 | ... X39: =INTMARB_IN!X39+INTMARB_EX!X39 -> 0
A40: Kerosene-type jet fuel (excluding biofuel portion) | B40: O4661XR5230B | C40: =INTMARB_IN!C40+INTMARB_EX!C40 -> 0 | D40: =INTMARB_IN!D40+INTMARB_EX!D40 -> 0 | E40: =INTMARB_IN!E40+INTMARB_EX!E40 -> 0 | F40: =INTMARB_IN!F40+INTMARB_EX!F40 -> 0 | G40: =INTMARB_IN!G40+INTMARB_EX!G40 -> 0 | H40: =INTMARB_IN!H40+INTMARB_EX!H40 -> 0 | I40: =INTMARB_IN!I40+INTMARB_EX!I40 -> 0 | J40: =INTMARB_IN!J40+INTMARB_EX!J40 -> 0 | ... X40: =INTMARB_IN!X40+INTMARB_EX!X40 -> 0
A41: Other kerosene | B41: O4669 | C41: =INTMARB_IN!C41+INTMARB_EX!C41 -> 0 | D41: =INTMARB_IN!D41+INTMARB_EX!D41 -> 0 | E41: =INTMARB_IN!E41+INTMARB_EX!E41 -> 0 | F41: =INTMARB_IN!F41+INTMARB_EX!F41 -> 0 | G41: =INTMARB_IN!G41+INTMARB_EX!G41 -> 0 | H41: =INTMARB_IN!H41+INTMARB_EX!H41 -> 0 | I41: =INTMARB_IN!I41+INTMARB_EX!I41 -> 0 | J41: =INTMARB_IN!J41+INTMARB_EX!J41 -> 0 | ... X41: =INTMARB_IN!X41+INTMARB_EX!X41 -> 0
A42: Naphtha | B42: O4640 | C42: =INTMARB_IN!C42+INTMARB_EX!C42 -> 0 | D42: =INTMARB_IN!D42+INTMARB_EX!D42 -> 0 | E42: =INTMARB_IN!E42+INTMARB_EX!E42 -> 0 | F42: =INTMARB_IN!F42+INTMARB_EX!F42 -> 0 | G42: =INTMARB_IN!G42+INTMARB_EX!G42 -> 0 | H42: =INTMARB_IN!H42+INTMARB_EX!H42 -> 0 | I42: =INTMARB_IN!I42+INTMARB_EX!I42 -> 0 | J42: =INTMARB_IN!J42+INTMARB_EX!J42 -> 0 | ... X42: =INTMARB_IN!X42+INTMARB_EX!X42 -> 0
A43: Gas oil and diesel oil (excluding biofuel portion) | B43: O4671XR5220B | C43: =INTMARB_IN!C43+INTMARB_EX!C43 -> 0 | D43: =INTMARB_IN!D43+INTMARB_EX!D43 -> 0 | E43: =INTMARB_IN!E43+INTMARB_EX!E43 -> 0 | F43: =INTMARB_IN!F43+INTMARB_EX!F43 -> 0 | G43: =INTMARB_IN!G43+INTMARB_EX!G43 -> 0 | H43: =INTMARB_IN!H43+INTMARB_EX!H43 -> 0 | I43: =INTMARB_IN!I43+INTMARB_EX!I43 -> 0 | J43: =INTMARB_IN!J43+INTMARB_EX!J43 -> 0 | ... X43: =INTMARB_IN!X43+INTMARB_EX!X43 -> 0
A44: Fuel oil | B44: O4680 | C44: =INTMARB_IN!C44+INTMARB_EX!C44 -> 0 | D44: =INTMARB_IN!D44+INTMARB_EX!D44 -> 0 | E44: =INTMARB_IN!E44+INTMARB_EX!E44 -> 0 | F44: =INTMARB_IN!F44+INTMARB_EX!F44 -> 0 | G44: =INTMARB_IN!G44+INTMARB_EX!G44 -> 0 | H44: =INTMARB_IN!H44+INTMARB_EX!H44 -> 0 | I44: =INTMARB_IN!I44+INTMARB_EX!I44 -> 0 | J44: =INTMARB_IN!J44+INTMARB_EX!J44 -> 0 | ... X44: =INTMARB_IN!X44+INTMARB_EX!X44 -> 0
A45: White spirit and special boiling point industrial spirits | B45: O4691 | C45: =INTMARB_IN!C45+INTMARB_EX!C45 -> 0 | D45: =INTMARB_IN!D45+INTMARB_EX!D45 -> 0 | E45: =INTMARB_IN!E45+INTMARB_EX!E45 -> 0 | F45: =INTMARB_IN!F45+INTMARB_EX!F45 -> 0 | G45: =INTMARB_IN!G45+INTMARB_EX!G45 -> 0 | H45: =INTMARB_IN!H45+INTMARB_EX!H45 -> 0 | I45: =INTMARB_IN!I45+INTMARB_EX!I45 -> 0 | J45: =INTMARB_IN!J45+INTMARB_EX!J45 -> 0 | ... X45: =INTMARB_IN!X45+INTMARB_EX!X45 -> 0
... A51: Natural gas | B51: G3000 | C51: =INTMARB_IN!C51+INTMARB_EX!C51 -> 0 | D51: =INTMARB_IN!D51+INTMARB_EX!D51 -> 0 | E51: =INTMARB_IN!E51+INTMARB_EX!E51 -> 0 | F51: =INTMARB_IN!F51+INTMARB_EX!F51 -> 0 | G51: =INTMARB_IN!G51+INTMARB_EX!G51 -> 0 | H51: =INTMARB_IN!H51+INTMARB_EX!H51 -> 0 | I51: =INTMARB_IN!I51+INTMARB_EX!I51 -> 0 | J51: =INTMARB_IN!J51+INTMARB_EX!J51 -> 0 | ... X51: =INTMARB_IN!X51+INTMARB_EX!X51 -> 0
A52: Non-renewable waste | B52: W6100_6220 | C52: =SUM(C53:C54) -> 0 | D52: =SUM(D53:D54) -> 0 | E52: =SUM(E53:E54) -> 0 | F52: =SUM(F53:F54) -> 0 | G52: =SUM(G53:G54) -> 0 | H52: =SUM(H53:H54) -> 0 | I52: =SUM(I53:I54) -> 0 | J52: =SUM(J53:J54) -> 0 | ... X52: =SUM(X53:X54) -> 0
A53: Industrial waste (non-renewable) | B53: W6100 | C53: =INTMARB_IN!C53+INTMARB_EX!C53 -> 0 | D53: =INTMARB_IN!D53+INTMARB_EX!D53 -> 0 | E53: =INTMARB_IN!E53+INTMARB_EX!E53 -> 0 | F53: =INTMARB_IN!F53+INTMARB_EX!F53 -> 0 | G53: =INTMARB_IN!G53+INTMARB_EX!G53 -> 0 | H53: =INTMARB_IN!H53+INTMARB_EX!H53 -> 0 | I53: =INTMARB_IN!I53+INTMARB_EX!I53 -> 0 | J53: =INTMARB_IN!J53+INTMARB_EX!J53 -> 0 | ... X53: =INTMARB_IN!X53+INTMARB_EX!X53 -> 0
A54: Non-renewable municipal waste | B54: W6220 | C54: =INTMARB_IN!C54+INTMARB_EX!C54 -> 0 | D54: =INTMARB_IN!D54+INTMARB_EX!D54 -> 0 | E54: =INTMARB_IN!E54+INTMARB_EX!E54 -> 0 | F54: =INTMARB_IN!F54+INTMARB_EX!F54 -> 0 | G54: =INTMARB_IN!G54+INTMARB_EX!G54 -> 0 | H54: =INTMARB_IN!H54+INTMARB_EX!H54 -> 0 | I54: =INTMARB_IN!I54+INTMARB_EX!I54 -> 0 | J54: =INTMARB_IN!J54+INTMARB_EX!J54 -> 0 | ... X54: =INTMARB_IN!X54+INTMARB_EX!X54 -> 0
A60: CO2 emissions not accounted:
A61: Renewables and biofuels | B61: RA000 | C61: =SUM(C62:C72) -> 0 | D61: =SUM(D62:D72) -> 0 | E61: =SUM(E62:E72) -> 0 | F61: =SUM(F62:F72) -> 0 | G61: =SUM(G62:G72) -> 0 | H61: =SUM(H62:H72) -> 0 | I61: =SUM(I62:I72) -> 0 | J61: =SUM(J62:J72) -> 0 | ... X61: =SUM(X62:X72) -> 0
A62: Primary solid biofuels | B62: R5110-5150_W6000RI | C62: =INTMARB_IN!C62+INTMARB_EX!C62 -> 0 | D62: =INTMARB_IN!D62+INTMARB_EX!D62 -> 0 | E62: =INTMARB_IN!E62+INTMARB_EX!E62 -> 0 | F62: =INTMARB_IN!F62+INTMARB_EX!F62 -> 0 | G62: =INTMARB_IN!G62+INTMARB_EX!G62 -> 0 | H62: =INTMARB_IN!H62+INTMARB_EX!H62 -> 0 | I62: =INTMARB_IN!I62+INTMARB_EX!I62 -> 0 | J62: =INTMARB_IN!J62+INTMARB_EX!J62 -> 0 | ... X62: =INTMARB_IN!X62+INTMARB_EX!X62 -> 0
A63: Charcoal | B63: R5160 | C63: =INTMARB_IN!C63+INTMARB_EX!C63 -> 0 | D63: =INTMARB_IN!D63+INTMARB_EX!D63 -> 0 | E63: =INTMARB_IN!E63+INTMARB_EX!E63 -> 0 | F63: =INTMARB_IN!F63+INTMARB_EX!F63 -> 0 | G63: =INTMARB_IN!G63+INTMARB_EX!G63 -> 0 | H63: =INTMARB_IN!H63+INTMARB_EX!H63 -> 0 | I63: =INTMARB_IN!I63+INTMARB_EX!I63 -> 0 | J63: =INTMARB_IN!J63+INTMARB_EX!J63 -> 0 | ... X63: =INTMARB_IN!X63+INTMARB_EX!X63 -> 0
A64: Biogases | B64: R5300 | C64: =INTMARB_IN!C64+INTMARB_EX!C64 -> 0 | D64: =INTMARB_IN!D64+INTMARB_EX!D64 -> 0 | E64: =INTMARB_IN!E64+INTMARB_EX!E64 -> 0 | F64: =INTMARB_IN!F64+INTMARB_EX!F64 -> 0 | G64: =INTMARB_IN!G64+INTMARB_EX!G64 -> 0 | H64: =INTMARB_IN!H64+INTMARB_EX!H64 -> 0 | I64: =INTMARB_IN!I64+INTMARB_EX!I64 -> 0 | J64: =INTMARB_IN!J64+INTMARB_EX!J64 -> 0 | ... X64: =INTMARB_IN!X64+INTMARB_EX!X64 -> 0
A65: Renewable municipal waste | B65: W6210 | C65: =INTMARB_IN!C65+INTMARB_EX!C65 -> 0 | D65: =INTMARB_IN!D65+INTMARB_EX!D65 -> 0 | E65: =INTMARB_IN!E65+INTMARB_EX!E65 -> 0 | F65: =INTMARB_IN!F65+INTMARB_EX!F65 -> 0 | G65: =INTMARB_IN!G65+INTMARB_EX!G65 -> 0 | H65: =INTMARB_IN!H65+INTMARB_EX!H65 -> 0 | I65: =INTMARB_IN!I65+INTMARB_EX!I65 -> 0 | J65: =INTMARB_IN!J65+INTMARB_EX!J65 -> 0 | ... X65: =INTMARB_IN!X65+INTMARB_EX!X65 -> 0
A66: Pure biogasoline | B66: R5210P | C66: =INTMARB_IN!C66+INTMARB_EX!C66 -> 0 | D66: =INTMARB_IN!D66+INTMARB_EX!D66 -> 0 | E66: =INTMARB_IN!E66+INTMARB_EX!E66 -> 0 | F66: =INTMARB_IN!F66+INTMARB_EX!F66 -> 0 | G66: =INTMARB_IN!G66+INTMARB_EX!G66 -> 0 | H66: =INTMARB_IN!H66+INTMARB_EX!H66 -> 0 | I66: =INTMARB_IN!I66+INTMARB_EX!I66 -> 0 | J66: =INTMARB_IN!J66+INTMARB_EX!J66 -> 0 | ... X66: =INTMARB_IN!X66+INTMARB_EX!X66 -> 0
A67: Blended biogasoline | B67: R5210B | C67: =INTMARB_IN!C67+INTMARB_EX!C67 -> 0 | D67: =INTMARB_IN!D67+INTMARB_EX!D67 -> 0 | E67: =INTMARB_IN!E67+INTMARB_EX!E67 -> 0 | F67: =INTMARB_IN!F67+INTMARB_EX!F67 -> 0 | G67: =INTMARB_IN!G67+INTMARB_EX!G67 -> 0 | H67: =INTMARB_IN!H67+INTMARB_EX!H67 -> 0 | I67: =INTMARB_IN!I67+INTMARB_EX!I67 -> 0 | J67: =INTMARB_IN!J67+INTMARB_EX!J67 -> 0 | ... X67: =INTMARB_IN!X67+INTMARB_EX!X67 -> 0
A68: Pure biodiesels | B68: R5220P | C68: =INTMARB_IN!C68+INTMARB_EX!C68 -> 0 | D68: =INTMARB_IN!D68+INTMARB_EX!D68 -> 0 | E68: =INTMARB_IN!E68+INTMARB_EX!E68 -> 0 | F68: =INTMARB_IN!F68+INTMARB_EX!F68 -> 0 | G68: =INTMARB_IN!G68+INTMARB_EX!G68 -> 0 | H68: =INTMARB_IN!H68+INTMARB_EX!H68 -> 0 | I68: =INTMARB_IN!I68+INTMARB_EX!I68 -> 0 | J68: =INTMARB_IN!J68+INTMARB_EX!J68 -> 0 | ... X68: =INTMARB_IN!X68+INTMARB_EX!X68 -> 0
A69: Blended biodiesels | B69: R5220B | C69: =INTMARB_IN!C69+INTMARB_EX!C69 -> 0 | D69: =INTMARB_IN!D69+INTMARB_EX!D69 -> 0 | E69: =INTMARB_IN!E69+INTMARB_EX!E69 -> 0 | F69: =INTMARB_IN!F69+INTMARB_EX!F69 -> 0 | G69: =INTMARB_IN!G69+INTMARB_EX!G69 -> 0 | H69: =INTMARB_IN!H69+INTMARB_EX!H69 -> 0 | I69: =INTMARB_IN!I69+INTMARB_EX!I69 -> 0 | J69: =INTMARB_IN!J69+INTMARB_EX!J69 -> 0 | ... X69: =INTMARB_IN!X69+INTMARB_EX!X69 -> 0
A70: Pure bio jet kerosene | B70: R5230P | C70: =INTMARB_IN!C70+INTMARB_EX!C70 -> 0 | D70: =INTMARB_IN!D70+INTMARB_EX!D70 -> 0 | E70: =INTMARB_IN!E70+INTMARB_EX!E70 -> 0 | F70: =INTMARB_IN!F70+INTMARB_EX!F70 -> 0 | G70: =INTMARB_IN!G70+INTMARB_EX!G70 -> 0 | H70: =INTMARB_IN!H70+INTMARB_EX!H70 -> 0 | I70: =INTMARB_IN!I70+INTMARB_EX!I70 -> 0 | J70: =INTMARB_IN!J70+INTMARB_EX!J70 -> 0 | ... X70: =INTMARB_IN!X70+INTMARB_EX!X70 -> 0
A71: Blended bio jet kerosene | B71: R5230B | C71: =INTMARB_IN!C71+INTMARB_EX!C71 -> 0 | D71: =INTMARB_IN!D71+INTMARB_EX!D71 -> 0 | E71: =INTMARB_IN!E71+INTMARB_EX!E71 -> 0 | F71: =INTMARB_IN!F71+INTMARB_EX!F71 -> 0 | G71: =INTMARB_IN!G71+INTMARB_EX!G71 -> 0 | H71: =INTMARB_IN!H71+INTMARB_EX!H71 -> 0 | I71: =INTMARB_IN!I71+INTMARB_EX!I71 -> 0 | J71: =INTMARB_IN!J71+INTMARB_EX!J71 -> 0 | ... X71: =INTMARB_IN!X71+INTMARB_EX!X71 -> 0
A72: Other liquid biofuels | B72: R5290 | C72: =INTMARB_IN!C72+INTMARB_EX!C72 -> 0 | D72: =INTMARB_IN!D72+INTMARB_EX!D72 -> 0 | E72: =INTMARB_IN!E72+INTMARB_EX!E72 -> 0 | F72: =INTMARB_IN!F72+INTMARB_EX!F72 -> 0 | G72: =INTMARB_IN!G72+INTMARB_EX!G72 -> 0 | H72: =INTMARB_IN!H72+INTMARB_EX!H72 -> 0 | I72: =INTMARB_IN!I72+INTMARB_EX!I72 -> 0 | J72: =INTMARB_IN!J72+INTMARB_EX!J72 -> 0 | ... X72: =INTMARB_IN!X72+INTMARB_EX!X72 -> 0

Sheet INTMARB_IN
A1: International Intra-EEA maritime bunkers | B1: INTMARB_IN | C1: 2000 | D1: 2001 | E1: 2002 | F1: 2003 | G1: 2004 | H1: 2005 | I1: 2006 | J1: 2007 | K1: 2008 | L1: 2009 | M1: 2010 | N1: 2011 | O1: 2012 | P1: 2013 | Q1: 2014 | R1: 2015 | S1: 2016 | T1: 2017 | U1: 2018 | V1: 2019 | W1: 2020 | X1: 2021
A2: Total | B2: TOTAL | C2: =SUM(C3,C17,C22,C25,C26,C51,C52) -> 0 | D2: =SUM(D3,D17,D22,D25,D26,D51,D52) -> 0 | E2: =SUM(E3,E17,E22,E25,E26,E51,E52) -> 0 | F2: =SUM(F3,F17,F22,F25,F26,F51,F52) -> 0 | G2: =SUM(G3,G17,G22,G25,G26,G51,G52) -> 0 | H2: =SUM(H3,H17,H22,H25,H26,H51,H52) -> 0 | I2: =SUM(I3,I17,I22,I25,I26,I51,I52) -> 0 | J2: =SUM(J3,J17,J22,J25,J26,J51,J52) -> 0 | ... X2: =SUM(X3,X17,X22,X25,X26,X51,X52) -> 0
A3: Solid fossil fuels | B3: C0000X0350-0370 | C3: =SUM(C4,C8,C11) -> 0 | D3: =SUM(D4,D8,D11) -> 0 | E3: =SUM(E4,E8,E11) -> 0 | F3: =SUM(F4,F8,F11) -> 0 | G3: =SUM(G4,G8,G11) -> 0 | H3: =SUM(H4,H8,H11) -> 0 | I3: =SUM(I4,I8,I11) -> 0 | J3: =SUM(J4,J8,J11) -> 0 | ... X3: =SUM(X4,X8,X11) -> 0
A4: Hard coal | B4: C0100 | C4: =SUM(C5:C7) -> 0 | D4: =SUM(D5:D7) -> 0 | E4: =SUM(E5:E7) -> 0 | F4: =SUM(F5:F7) -> 0 | G4: =SUM(G5:G7) -> 0 | H4: =SUM(H5:H7) -> 0 | I4: =SUM(I5:I7) -> 0 | J4: =SUM(J5:J7) -> 0 | ... X4: =SUM(X5:X7) -> 0
A5: Anthracite | B5: C0110 | C5: 0 | D5: 0 | E5: 0 | F5: 0 | G5: 0 | H5: 0 | I5: 0 | J5: 0 | K5: 0 | L5: 0 | M5: 0 | N5: 0 | O5: 0 | P5: 0 | Q5: 0 | R5: 0 | S5: 0 | T5: 0 | U5: 0 | V5: 0 | W5: 0 | X5: 0
A6: Coking coal | B6: C0121 | C6: 0 | D6: 0 | E6: 0 | F6: 0 | G6: 0 | H6: 0 | I6: 0 | J6: 0 | K6: 0 | L6: 0 | M6: 0 | N6: 0 | O6: 0 | P6: 0 | Q6: 0 | R6: 0 | S6: 0 | T6: 0 | U6: 0 | V6: 0 | W6: 0 | X6: 0
A7: Other bituminous coal | B7: C0129 | C7: 0 | D7: 0 | E7: 0 | F7: 0 | G7: 0 | H7: 0 | I7: 0 | J7: 0 | K7: 0 | L7: 0 | M7: 0 | N7: 0 | O7: 0 | P7: 0 | Q7: 0 | R7: 0 | S7: 0 | T7: 0 | U7: 0 | V7: 0 | W7: 0 | X7: 0
A8: Brown coal | B8: C0200 | C8: =SUM(C9:C10) -> 0 | D8: =SUM(D9:D10) -> 0 | E8: =SUM(E9:E10) -> 0 | F8: =SUM(F9:F10) -> 0 | G8: =SUM(G9:G10) -> 0 | H8: =SUM(H9:H10) -> 0 | I8: =SUM(I9:I10) -> 0 | J8: =SUM(J9:J10) -> 0 | ... X8: =SUM(X9:X10) -> 0
A9: Sub-bituminous coal | B9: C0210 | C9: 0 | D9: 0 | E9: 0 | F9: 0 | G9: 0 | H9: 0 | I9: 0 | J9: 0 | K9: 0 | L9: 0 | M9: 0 | N9: 0 | O9: 0 | P9: 0 | Q9: 0 | R9: 0 | S9: 0 | T9: 0 | U9: 0 | V9: 0 | W9: 0 | X9: 0
A10: Lignite | B10: C0220 | C10: 0 | D10: 0 | E10: 0 | F10: 0 | G10: 0 | H10: 0 | I10: 0 | J10: 0 | K10: 0 | L10: 0 | M10: 0 | N10: 0 | O10: 0 | P10: 0 | Q10: 0 | R10: 0 | S10: 0 | T10: 0 | U10: 0 | V10: 0 | W10: 0 | X10: 0
A11: Coal products | B11: C0300 | C11: =SUM(C12:C16) -> 0 | D11: =SUM(D12:D16) -> 0 | E11: =SUM(E12:E16) -> 0 | F11: =SUM(F12:F16) -> 0 | G11: =SUM(G12:G16) -> 0 | H11: =SUM(H12:H16) -> 0 | I11: =SUM(I12:I16) -> 0 | J11: =SUM(J12:J16) -> 0 | ... X11: =SUM(X12:X16) -> 0
A12: Patent fuel | B12: C0320 | C12: 0 | D12: 0 | E12: 0 | F12: 0 | G12: 0 | H12: 0 | I12: 0 | J12: 0 | K12: 0 | L12: 0 | M12: 0 | N12: 0 | O12: 0 | P12: 0 | Q12: 0 | R12: 0 | S12: 0 | T12: 0 | U12: 0 | V12: 0 | W12: 0 | X12: 0
A13: Coke oven coke | B13: C0311 | C13: 0 | D13: 0 | E13: 0 | F13: 0 | G13: 0 | H13: 0 | I13: 0 | J13: 0 | K13: 0 | L13: 0 | M13: 0 | N13: 0 | O13: 0 | P13: 0 | Q13: 0 | R13: 0 | S13: 0 | T13: 0 | U13: 0 | V13: 0 | W13: 0 | X13: 0
A14: Gas coke | B14: C0312 | C14: 0 | D14: 0 | E14: 0 | F14: 0 | G14: 0 | H14: 0 | I14: 0 | J14: 0 | K14: 0 | L14: 0 | M14: 0 | N14: 0 | O14: 0 | P14: 0 | Q14: 0 | R14: 0 | S14: 0 | T14: 0 | U14: 0 | V14: 0 | W14: 0 | X14: 0
A15: Coal tar | B15: C0340 | C15: 0 | D15: 0 | E15: 0 | F15: 0 | G15: 0 | H15: 0 | I15: 0 | J15: 0 | K15: 0 | L15: 0 | M15: 0 | N15: 0 | O15: 0 | P15: 0 | Q15: 0 | R15: 0 | S15: 0 | T15: 0 | U15: 0 | V15: 0 | W15: 0 | X15: 0
A16: Brown coal briquettes | B16: C0330 | C16: 0 | D16: 0 | E16: 0 | F16: 0 | G16: 0 | H16: 0 | I16: 0 | J16: 0 | K16: 0 | L16: 0 | M16: 0 | N16: 0 | O16: 0 | P16: 0 | Q16: 0 | R16: 0 | S16: 0 | T16: 0 | U16: 0 | V16: 0 | W16: 0 | X16: 0
A17: Manufactured gases | B17: C0350-0370 | C17: =SUM(C18:C21) -> 0 | D17: =SUM(D18:D21) -> 0 | E17: =SUM(E18:E21) -> 0 | F17: =SUM(F18:F21) -> 0 | G17: =SUM(G18:G21) -> 0 | H17: =SUM(H18:H21) -> 0 | I17: =SUM(I18:I21) -> 0 | J17: =SUM(J18:J21) -> 0 | ... X17: =SUM(X18:X21) -> 0
A18: Gas works gas | B18: C0360 | C18: 0 | D18: 0 | E18: 0 | F18: 0 | G18: 0 | H18: 0 | I18: 0 | J18: 0 | K18: 0 | L18: 0 | M18: 0 | N18: 0 | O18: 0 | P18: 0 | Q18: 0 | R18: 0 | S18: 0 | T18: 0 | U18: 0 | V18: 0 | W18: 0 | X18: 0
A19: Coke oven gas | B19: C0350 | C19: 0 | D19: 0 | E19: 0 | F19: 0 | G19: 0 | H19: 0 | I19: 0 | J19: 0 | K19: 0 | L19: 0 | M19: 0 | N19: 0 | O19: 0 | P19: 0 | Q19: 0 | R19: 0 | S19: 0 | T19: 0 | U19: 0 | V19: 0 | W19: 0 | X19: 0
A20: Blast furnace gas | B20: C0371 | C20: 0 | D20: 0 | E20: 0 | F20: 0 | G20: 0 | H20: 0 | I20: 0 | J20: 0 | K20: 0 | L20: 0 | M20: 0 | N20: 0 | O20: 0 | P20: 0 | Q20: 0 | R20: 0 | S20: 0 | T20: 0 | U20: 0 | V20: 0 | W20: 0 | X20: 0
A21: Other recovered gases | B21: C0379 | C21: 0 | D21: 0 | E21: 0 | F21: 0 | G21: 0 | H21: 0 | I21: 0 | J21: 0 | K21: 0 | L21: 0 | M21: 0 | N21: 0 | O21: 0 | P21: 0 | Q21: 0 | R21: 0 | S21: 0 | T21: 0 | U21: 0 | V21: 0 | W21: 0 | X21: 0
A22: Peat and peat products | B22: P1000 | C22: =SUM(C23:C24) -> 0 | D22: =SUM(D23:D24) -> 0 | E22: =SUM(E23:E24) -> 0 | F22: =SUM(F23:F24) -> 0 | G22: =SUM(G23:G24) -> 0 | H22: =SUM(H23:H24) -> 0 | I22: =SUM(I23:I24) -> 0 | J22: =SUM(J23:J24) -> 0 | ... X22: =SUM(X23:X24) -> 0
A23: Peat | B23: P1100 | C23: 0 | D23: 0 | E23: 0 | F23: 0 | G23: 0 | H23: 0 | I23: 0 | J23: 0 | K23: 0 | L23: 0 | M23: 0 | N23: 0 | O23: 0 | P23: 0 | Q23: 0 | R23: 0 | S23: 0 | T23: 0 | U23: 0 | V23: 0 | W23: 0 | X23: 0
A24: Peat products | B24: P1200 | C24: 0 | D24: 0 | E24: 0 | F24: 0 | G24: 0 | H24: 0 | I24: 0 | J24: 0 | K24: 0 | L24: 0 | M24: 0 | N24: 0 | O24: 0 | P24: 0 | Q24: 0 | R24: 0 | S24: 0 | T24: 0 | U24: 0 | V24: 0 | W24: 0 | X24: 0
A25: Oil shale and oil sands | B25: S2000 | C25: 0 | D25: 0 | E25: 0 | F25: 0 | G25: 0 | H25: 0 | I25: 0 | J25: 0 | K25: 0 | L25: 0 | M25: 0 | N25: 0 | O25: 0 | P25: 0 | Q25: 0 | R25: 0 | S25: 0 | T25: 0 | U25: 0 | V25: 0 | W25: 0 | X25: 0
A26: Oil and petroleum products | B26: O4000XBIO | C26: =SUM(C27,C33) -> 0 | D26: =SUM(D27,D33) -> 0 | E26: =SUM(E27,E33) -> 0 | F26: =SUM(F27,F33) -> 0 | G26: =SUM(G27,G33) -> 0 | H26: =SUM(H27,H33) -> 0 | I26: =SUM(I27,I33) -> 0 | J26: =SUM(J27,J33) -> 0 | ... X26: =SUM(X27,X33) -> 0
A27: Crude oil, NGL, refinery feedstocks, additives and oxygenates and other hydrocarbons (excluding biofuel portion) | B27: O4100_TOT_4200-4500XBIO | C27: =SUM(C28:C32) -> 0 | D27: =SUM(D28:D32) -> 0 | E27: =SUM(E28:E32) -> 0 | F27: =SUM(F28:F32) -> 0 | G27: =SUM(G28:G32) -> 0 | H27: =SUM(H28:H32) -> 0 | I27: =SUM(I28:I32) -> 0 | J27: =SUM(J28:J32) -> 0 | ... X27: =SUM(X28:X32) -> 0
A28: Crude oil | B28: O4100_TOT | C28: 0 | D28: 0 | E28: 0 | F28: 0 | G28: 0 | H28: 0 | I28: 0 | J28: 0 | K28: 0 | L28: 0 | M28: 0 | N28: 0 | O28: 0 | P28: 0 | Q28: 0 | R28: 0 | S28: 0 | T28: 0 | U28: 0 | V28: 0 | W28: 0 | X28: 0
A29: Natural gas liquids | B29: O4200 | C29: 0 | D29: 0 | E29: 0 | F29: 0 | G29: 0 | H29: 0 | I29: 0 | J29: 0 | K29: 0 | L29: 0 | M29: 0 | N29: 0 | O29: 0 | P29: 0 | Q29: 0 | R29: 0 | S29: 0 | T29: 0 | U29: 0 | V29: 0 | W29: 0 | X29: 0
A30: Refinery feedstocks | B30: O4300 | C30: 0 | D30: 0 | E30: 0 | F30: 0 | G30: 0 | H30: 0 | I30: 0 | J30: 0 | K30: 0 | L30: 0 | M30: 0 | N30: 0 | O30: 0 | P30: 0 | Q30: 0 | R30: 0 | S30: 0 | T30: 0 | U30: 0 | V30: 0 | W30: 0 | X30: 0
A31: Additives and oxygenates (excluding biofuel portion) | B31: O4400X4410 | C31: 0 | D31: 0 | E31: 0 | F31: 0 | G31: 0 | H31: 0 | I31: 0 | J31: 0 | K31: 0 | L31: 0 | M31: 0 | N31: 0 | O31: 0 | P31: 0 | Q31: 0 | R31: 0 | S31: 0 | T31: 0 | U31: 0 | V31: 0 | W31: 0 | X31: 0
A32: Other hydrocarbons | B32: O4500 | C32: 0 | D32: 0 | E32: 0 | F32: 0 | G32: 0 | H32: 0 | I32: 0 | J32: 0 | K32: 0 | L32: 0 | M32: 0 | N32: 0 | O32: 0 | P32: 0 | Q32: 0 | R32: 0 | S32: 0 | T32: 0 | U32: 0 | V32: 0 | W32: 0 | X32: 0
A33: Oil products (excluding biofuel portion) | B33: O4600XBIO | C33: =SUM(C34:C50) -> 0 | D33: =SUM(D34:D50) -> 0 | E33: =SUM(E34:E50) -> 0 | F33: =SUM(F34:F50) -> 0 | G33: =SUM(G34:G50) -> 0 | H33: =SUM(H34:H50) -> 0 | I33: =SUM(I34:I50) -> 0 | J33: =SUM(J34:J50) -> 0 | ... X33: =SUM(X34:X50) -> 0
A34: Refinery gas | B34: O4610 | C34: 0 | D34: 0 | E34: 0 | F34: 0 | G34: 0 | H34: 0 | I34: 0 | J34: 0 | K34: 0 | L34: 0 | M34: 0 | N34: 0 | O34: 0 | P34: 0 | Q34: 0 | R34: 0 | S34: 0 | T34: 0 | U34: 0 | V34: 0 | W34: 0 | X34: 0
A35: Ethane | B35: O4620 | C35: 0 | D35: 0 | E35: 0 | F35: 0 | G35: 0 | H35: 0 | I35: 0 | J35: 0 | K35: 0 | L35: 0 | M35: 0 | N35: 0 | O35: 0 | P35: 0 | Q35: 0 | R35: 0 | S35: 0 | T35: 0 | U35: 0 | V35: 0 | W35: 0 | X35: 0
A36: Liquefied petroleum gases | B36: O4630 | C36: 0 | D36: 0 | E36: 0 | F36: 0 | G36: 0 | H36: 0 | I36: 0 | J36: 0 | K36: 0 | L36: 0 | M36: 0 | N36: 0 | O36: 0 | P36: 0 | Q36: 0 | R36: 0 | S36: 0 | T36: 0 | U36: 0 | V36: 0 | W36: 0 | X36: 0
A37: Motor gasoline (excluding biofuel portion) | B37: O4652XR5210B | C37: 0 | D37: 0 | E37: 0 | F37: 0 | G37: 0 | H37: 0 | I37: 0 | J37: 0 | K37: 0 | L37: 0 | M37: 0 | N37: 0 | O37: 0 | P37: 0 | Q37: 0 | R37: 0 | S37: 0 | T37: 0 | U37: 0 | V37: 0 | W37: 0 | X37: 0
A38: Aviation gasoline | B38: O4651 | C38: 0 | D38: 0 | E38: 0 | F38: 0 | G38: 0 | H38: 0 | I38: 0 | J38: 0 | K38: 0 | L38: 0 | M38: 0 | N38: 0 | O38: 0 | P38: 0 | Q38: 0 | R38: 0 | S38: 0 | T38: 0 | U38: 0 | V38: 0 | W38: 0 | X38: 0
A39: Gasoline-type jet fuel | B39: O4653 | C39: 0 | D39: 0 | E39: 0 | F39: 0 | G39: 0 | H39: 0 | I39: 0 | J39: 0 | K39: 0 | L39: 0 | M39: 0 | N39: 0 | O39: 0 | P39: 0 | Q39: 0 | R39: 0 | S39: 0 | T39: 0 | U39: 0 | V39: 0 | W39: 0 | X39: 0
A40: Kerosene-type jet fuel (excluding biofuel portion) | B40: O4661XR5230B | C40: 0 | D40: 0 | E40: 0 | F40: 0 | G40: 0 | H40: 0 | I40: 0 | J40: 0 | K40: 0 | L40: 0 | M40: 0 | N40: 0 | O40: 0 | P40: 0 | Q40: 0 | R40: 0 | S40: 0 | T40: 0 | U40: 0 | V40: 0 | W40: 0 | X40: 0
A41: Other kerosene | B41: O4669 | C41: 0 | D41: 0 | E41: 0 | F41: 0 | G41: 0 | H41: 0 | I41: 0 | J41: 0 | K41: 0 | L41: 0 | M41: 0 | N41: 0 | O41: 0 | P41: 0 | Q41: 0 | R41: 0 | S41: 0 | T41: 0 | U41: 0 | V41: 0 | W41: 0 | X41: 0
A42: Naphtha | B42: O4640 | C42: 0 | D42: 0 | E42: 0 | F42: 0 | G42: 0 | H42: 0 | I42: 0 | J42: 0 | K42: 0 | L42: 0 | M42: 0 | N42: 0 | O42: 0 | P42: 0 | Q42: 0 | R42: 0 | S42: 0 | T42: 0 | U42: 0 | V42: 0 | W42: 0 | X42: 0
A43: Gas oil and diesel oil (excluding biofuel portion) | B43: O4671XR5220B | C43: 0 | D43: 0 | E43: 0 | F43: 0 | G43: 0 | H43: 0 | I43: 0 | J43: 0 | K43: 0 | L43: 0 | M43: 0 | N43: 0 | O43: 0 | P43: 0 | Q43: 0 | R43: 0 | S43: 0 | T43: 0 | U43: 0 | V43: 0 | W43: 0 | X43: 0
A44: Fuel oil | B44: O4680 | C44: 0 | D44: 0 | E44: 0 | F44: 0 | G44: 0 | H44: 0 | I44: 0 | J44: 0 | K44: 0 | L44: 0 | M44: 0 | N44: 0 | O44: 0 | P44: 0 | Q44: 0 | R44: 0 | S44: 0 | T44: 0 | U44: 0 | V44: 0 | W44: 0 | X44: 0
A45: White spirit and special boiling point industrial spirits | B45: O4691 | C45: 0 | D45: 0 | E45: 0 | F45: 0 | G45: 0 | H45: 0 | I45: 0 | J45: 0 | K45: 0 | L45: 0 | M45: 0 | N45: 0 | O45: 0 | P45: 0 | Q45: 0 | R45: 0 | S45: 0 | T45: 0 | U45: 0 | V45: 0 | W45: 0 | X45: 0
... A51: Natural gas | B51: G3000 | C51: 0 | D51: 0 | E51: 0 | F51: 0 | G51: 0 | H51: 0 | I51: 0 | J51: 0 | K51: 0 | L51: 0 | M51: 0 | N51: 0 | O51: 0 | P51: 0 | Q51: 0 | R51: 0 | S51: 0 | T51: 0 | U51: 0 | V51: 0 | W51: 0 | X51: 0
A52: Non-renewable waste | B52: W6100_6220 | C52: =SUM(C53:C54) -> 0 | D52: =SUM(D53:D54) -> 0 | E52: =SUM(E53:E54) -> 0 | F52: =SUM(F53:F54) -> 0 | G52: =SUM(G53:G54) -> 0 | H52: =SUM(H53:H54) -> 0 | I52: =SUM(I53:I54) -> 0 | J52: =SUM(J53:J54) -> 0 | ... X52: =SUM(X53:X54) -> 0
A53: Industrial waste (non-renewable) | B53: W6100 | C53: 0 | D53: 0 | E53: 0 | F53: 0 | G53: 0 | H53: 0 | I53: 0 | J53: 0 | K53: 0 | L53: 0 | M53: 0 | N53: 0 | O53: 0 | P53: 0 | Q53: 0 | R53: 0 | S53: 0 | T53: 0 | U53: 0 | V53: 0 | W53: 0 | X53: 0
A54: Non-renewable municipal waste | B54: W6220 | C54: 0 | D54: 0 | E54: 0 | F54: 0 | G54: 0 | H54: 0 | I54: 0 | J54: 0 | K54: 0 | L54: 0 | M54: 0 | N54: 0 | O54: 0 | P54: 0 | Q54: 0 | R54: 0 | S54: 0 | T54: 0 | U54: 0 | V54: 0 | W54: 0 | X54: 0
A60: CO2 emissions not accounted:
A61: Renewables and biofuels | B61: RA000 | C61: =SUM(C62:C72) -> 0 | D61: =SUM(D62:D72) -> 0 | E61: =SUM(E62:E72) -> 0 | F61: =SUM(F62:F72) -> 0 | G61: =SUM(G62:G72) -> 0 | H61: =SUM(H62:H72) -> 0 | I61: =SUM(I62:I72) -> 0 | J61: =SUM(J62:J72) -> 0 | ... X61: =SUM(X62:X72) -> 0
A62: Primary solid biofuels | B62: R5110-5150_W6000RI | C62: 0 | D62: 0 | E62: 0 | F62: 0 | G62: 0 | H62: 0 | I62: 0 | J62: 0 | K62: 0 | L62: 0 | M62: 0 | N62: 0 | O62: 0 | P62: 0 | Q62: 0 | R62: 0 | S62: 0 | T62: 0 | U62: 0 | V62: 0 | W62: 0 | X62: 0
A63: Charcoal | B63: R5160 | C63: 0 | D63: 0 | E63: 0 | F63: 0 | G63: 0 | H63: 0 | I63: 0 | J63: 0 | K63: 0 | L63: 0 | M63: 0 | N63: 0 | O63: 0 | P63: 0 | Q63: 0 | R63: 0 | S63: 0 | T63: 0 | U63: 0 | V63: 0 | W63: 0 | X63: 0
A64: Biogases | B64: R5300 | C64: 0 | D64: 0 | E64: 0 | F64: 0 | G64: 0 | H64: 0 | I64: 0 | J64: 0 | K64: 0 | L64: 0 | M64: 0 | N64: 0 | O64: 0 | P64: 0 | Q64: 0 | R64: 0 | S64: 0 | T64: 0 | U64: 0 | V64: 0 | W64: 0 | X64: 0
A65: Renewable municipal waste | B65: W6210 | C65: 0 | D65: 0 | E65: 0 | F65: 0 | G65: 0 | H65: 0 | I65: 0 | J65: 0 | K65: 0 | L65: 0 | M65: 0 | N65: 0 | O65: 0 | P65: 0 | Q65: 0 | R65: 0 | S65: 0 | T65: 0 | U65: 0 | V65: 0 | W65: 0 | X65: 0
A66: Pure biogasoline | B66: R5210P | C66: 0 | D66: 0 | E66: 0 | F66: 0 | G66: 0 | H66: 0 | I66: 0 | J66: 0 | K66: 0 | L66: 0 | M66: 0 | N66: 0 | O66: 0 | P66: 0 | Q66: 0 | R66: 0 | S66: 0 | T66: 0 | U66: 0 | V66: 0 | W66: 0 | X66: 0
A67: Blended biogasoline | B67: R5210B | C67: 0 | D67: 0 | E67: 0 | F67: 0 | G67: 0 | H67: 0 | I67: 0 | J67: 0 | K67: 0 | L67: 0 | M67: 0 | N67: 0 | O67: 0 | P67: 0 | Q67: 0 | R67: 0 | S67: 0 | T67: 0 | U67: 0 | V67: 0 | W67: 0 | X67: 0
A68: Pure biodiesels | B68: R5220P | C68: 0 | D68: 0 | E68: 0 | F68: 0 | G68: 0 | H68: 0 | I68: 0 | J68: 0 | K68: 0 | L68: 0 | M68: 0 | N68: 0 | O68: 0 | P68: 0 | Q68: 0 | R68: 0 | S68: 0 | T68: 0 | U68: 0 | V68: 0 | W68: 0 | X68: 0
A69: Blended biodiesels | B69: R5220B | C69: 0 | D69: 0 | E69: 0 | F69: 0 | G69: 0 | H69: 0 | I69: 0 | J69: 0 | K69: 0 | L69: 0 | M69: 0 | N69: 0 | O69: 0 | P69: 0 | Q69: 0 | R69: 0 | S69: 0 | T69: 0 | U69: 0 | V69: 0 | W69: 0 | X69: 0
A70: Pure bio jet kerosene | B70: R5230P | C70: 0 | D70: 0 | E70: 0 | F70: 0 | G70: 0 | H70: 0 | I70: 0 | J70: 0 | K70: 0 | L70: 0 | M70: 0 | N70: 0 | O70: 0 | P70: 0 | Q70: 0 | R70: 0 | S70: 0 | T70: 0 | U70: 0 | V70: 0 | W70: 0 | X70: 0
A71: Blended bio jet kerosene | B71: R5230B | C71: 0 | D71: 0 | E71: 0 | F71: 0 | G71: 0 | H71: 0 | I71: 0 | J71: 0 | K71: 0 | L71: 0 | M71: 0 | N71: 0 | O71: 0 | P71: 0 | Q71: 0 | R71: 0 | S71: 0 | T71: 0 | U71: 0 | V71: 0 | W71: 0 | X71: 0
A72: Other liquid biofuels | B72: R5290 | C72: 0 | D72: 0 | E72: 0 | F72: 0 | G72: 0 | H72: 0 | I72: 0 | J72: 0 | K72: 0 | L72: 0 | M72: 0 | N72: 0 | O72: 0 | P72: 0 | Q72: 0 | R72: 0 | S72: 0 | T72: 0 | U72: 0 | V72: 0 | W72: 0 | X72: 0

Sheet INTMARB_EX
A1: International Extra-EEA maritime bunkers | B1: INTMARB_EX | C1: 2000 | D1: 2001 | E1: 2002 | F1: 2003 | G1: 2004 | H1: 2005 | I1: 2006 | J1: 2007 | K1: 2008 | L1: 2009 | M1: 2010 | N1: 2011 | O1: 2012 | P1: 2013 | Q1: 2014 | R1: 2015 | S1: 2016 | T1: 2017 | U1: 2018 | V1: 2019 | W1: 2020 | X1: 2021
A2: Total | B2: TOTAL | C2: =SUM(C3,C17,C22,C25,C26,C51,C52) -> 0 | D2: =SUM(D3,D17,D22,D25,D26,D51,D52) -> 0 | E2: =SUM(E3,E17,E22,E25,E26,E51,E52) -> 0 | F2: =SUM(F3,F17,F22,F25,F26,F51,F52) -> 0 | G2: =SUM(G3,G17,G22,G25,G26,G51,G52) -> 0 | H2: =SUM(H3,H17,H22,H25,H26,H51,H52) -> 0 | I2: =SUM(I3,I17,I22,I25,I26,I51,I52) -> 0 | J2: =SUM(J3,J17,J22,J25,J26,J51,J52) -> 0 | ... X2: =SUM(X3,X17,X22,X25,X26,X51,X52) -> 0
A3: Solid fossil fuels | B3: C0000X0350-0370 | C3: =SUM(C4,C8,C11) -> 0 | D3: =SUM(D4,D8,D11) -> 0 | E3: =SUM(E4,E8,E11) -> 0 | F3: =SUM(F4,F8,F11) -> 0 | G3: =SUM(G4,G8,G11) -> 0 | H3: =SUM(H4,H8,H11) -> 0 | I3: =SUM(I4,I8,I11) -> 0 | J3: =SUM(J4,J8,J11) -> 0 | ... X3: =SUM(X4,X8,X11) -> 0
A4: Hard coal | B4: C0100 | C4: =SUM(C5:C7) -> 0 | D4: =SUM(D5:D7) -> 0 | E4: =SUM(E5:E7) -> 0 | F4: =SUM(F5:F7) -> 0 | G4: =SUM(G5:G7) -> 0 | H4: =SUM(H5:H7) -> 0 | I4: =SUM(I5:I7) -> 0 | J4: =SUM(J5:J7) -> 0 | ... X4: =SUM(X5:X7) -> 0
A5: Anthracite | B5: C0110 | C5: 0 | D5: 0 | E5: 0 | F5: 0 | G5: 0 | H5: 0 | I5: 0 | J5: 0 | K5: 0 | L5: 0 | M5: 0 | N5: 0 | O5: 0 | P5: 0 | Q5: 0 | R5: 0 | S5: 0 | T5: 0 | U5: 0 | V5: 0 | W5: 0 | X5: 0
A6: Coking coal | B6: C0121 | C6: 0 | D6: 0 | E6: 0 | F6: 0 | G6: 0 | H6: 0 | I6: 0 | J6: 0 | K6: 0 | L6: 0 | M6: 0 | N6: 0 | O6: 0 | P6: 0 | Q6: 0 | R6: 0 | S6: 0 | T6: 0 | U6: 0 | V6: 0 | W6: 0 | X6: 0
A7: Other bituminous coal | B7: C0129 | C7: 0 | D7: 0 | E7: 0 | F7: 0 | G7: 0 | H7: 0 | I7: 0 | J7: 0 | K7: 0 | L7: 0 | M7: 0 | N7: 0 | O7: 0 | P7: 0 | Q7: 0 | R7: 0 | S7: 0 | T7: 0 | U7: 0 | V7: 0 | W7: 0 | X7: 0
A8: Brown coal | B8: C0200 | C8: =SUM(C9:C10) -> 0 | D8: =SUM(D9:D10) -> 0 | E8: =SUM(E9:E10) -> 0 | F8: =SUM(F9:F10) -> 0 | G8: =SUM(G9:G10) -> 0 | H8: =SUM(H9:H10) -> 0 | I8: =SUM(I9:I10) -> 0 | J8: =SUM(J9:J10) -> 0 | ... X8: =SUM(X9:X10) -> 0
A9: Sub-bituminous coal | B9: C0210 | C9: 0 | D9: 0 | E9: 0 | F9: 0 | G9: 0 | H9: 0 | I9: 0 | J9: 0 | K9: 0 | L9: 0 | M9: 0 | N9: 0 | O9: 0 | P9: 0 | Q9: 0 | R9: 0 | S9: 0 | T9: 0 | U9: 0 | V9: 0 | W9: 0 | X9: 0
A10: Lignite | B10: C0220 | C10: 0 | D10: 0 | E10: 0 | F10: 0 | G10: 0 | H10: 0 | I10: 0 | J10: 0 | K10: 0 | L10: 0 | M10: 0 | N10: 0 | O10: 0 | P10: 0 | Q10: 0 | R10: 0 | S10: 0 | T10: 0 | U10: 0 | V10: 0 | W10: 0 | X10: 0
A11: Coal products | B11: C0300 | C11: =SUM(C12:C16) -> 0 | D11: =SUM(D12:D16) -> 0 | E11: =SUM(E12:E16) -> 0 | F11: =SUM(F12:F16) -> 0 | G11: =SUM(G12:G16) -> 0 | H11: =SUM(H12:H16) -> 0 | I11: =SUM(I12:I16) -> 0 | J11: =SUM(J12:J16) -> 0 | ... X11: =SUM(X12:X16) -> 0
A12: Patent fuel | B12: C0320 | C12: 0 | D12: 0 | E12: 0 | F12: 0 | G12: 0 | H12: 0 | I12: 0 | J12: 0 | K12: 0 | L12: 0 | M12: 0 | N12: 0 | O12: 0 | P12: 0 | Q12: 0 | R12: 0 | S12: 0 | T12: 0 | U12: 0 | V12: 0 | W12: 0 | X12: 0
A13: Coke oven coke | B13: C0311 | C13: 0 | D13: 0 | E13: 0 | F13: 0 | G13: 0 | H13: 0 | I13: 0 | J13: 0 | K13: 0 | L13: 0 | M13: 0 | N13: 0 | O13: 0 | P13: 0 | Q13: 0 | R13: 0 | S13: 0 | T13: 0 | U13: 0 | V13: 0 | W13: 0 | X13: 0
A14: Gas coke | B14: C0312 | C14: 0 | D14: 0 | E14: 0 | F14: 0 | G14: 0 | H14: 0 | I14: 0 | J14: 0 | K14: 0 | L14: 0 | M14: 0 | N14: 0 | O14: 0 | P14: 0 | Q14: 0 | R14: 0 | S14: 0 | T14: 0 | U14: 0 | V14: 0 | W14: 0 | X14: 0
A15: Coal tar | B15: C0340 | C15: 0 | D15: 0 | E15: 0 | F15: 0 | G15: 0 | H15: 0 | I15: 0 | J15: 0 | K15: 0 | L15: 0 | M15: 0 | N15: 0 | O15: 0 | P15: 0 | Q15: 0 | R15: 0 | S15: 0 | T15: 0 | U15: 0 | V15: 0 | W15: 0 | X15: 0
A16: Brown coal briquettes | B16: C0330 | C16: 0 | D16: 0 | E16: 0 | F16: 0 | G16: 0 | H16: 0 | I16: 0 | J16: 0 | K16: 0 | L16: 0 | M16: 0 | N16: 0 | O16: 0 | P16: 0 | Q16: 0 | R16: 0 | S16: 0 | T16: 0 | U16: 0 | V16: 0 | W16: 0 | X16: 0
A17: Manufactured gases | B17: C0350-0370 | C17: =SUM(C18:C21) -> 0 | D17: =SUM(D18:D21) -> 0 | E17: =SUM(E18:E21) -> 0 | F17: =SUM(F18:F21) -> 0 | G17: =SUM(G18:G21) -> 0 | H17: =SUM(H18:H21) -> 0 | I17: =SUM(I18:I21) -> 0 | J17: =SUM(J18:J21) -> 0 | ... X17: =SUM(X18:X21) -> 0
A18: Gas works gas | B18: C0360 | C18: 0 | D18: 0 | E18: 0 | F18: 0 | G18: 0 | H18: 0 | I18: 0 | J18: 0 | K18: 0 | L18: 0 | M18: 0 | N18: 0 | O18: 0 | P18: 0 | Q18: 0 | R18: 0 | S18: 0 | T18: 0 | U18: 0 | V18: 0 | W18: 0 | X18: 0
A19: Coke oven gas | B19: C0350 | C19: 0 | D19: 0 | E19: 0 | F19: 0 | G19: 0 | H19: 0 | I19: 0 | J19: 0 | K19: 0 | L19: 0 | M19: 0 | N19: 0 | O19: 0 | P19: 0 | Q19: 0 | R19: 0 | S19: 0 | T19: 0 | U19: 0 | V19: 0 | W19: 0 | X19: 0
A20: Blast furnace gas | B20: C0371 | C20: 0 | D20: 0 | E20: 0 | F20: 0 | G20: 0 | H20: 0 | I20: 0 | J20: 0 | K20: 0 | L20: 0 | M20: 0 | N20: 0 | O20: 0 | P20: 0 | Q20: 0 | R20: 0 | S20: 0 | T20: 0 | U20: 0 | V20: 0 | W20: 0 | X20: 0
A21: Other recovered gases | B21: C0379 | C21: 0 | D21: 0 | E21: 0 | F21: 0 | G21: 0 | H21: 0 | I21: 0 | J21: 0 | K21: 0 | L21: 0 | M21: 0 | N21: 0 | O21: 0 | P21: 0 | Q21: 0 | R21: 0 | S21: 0 | T21: 0 | U21: 0 | V21: 0 | W21: 0 | X21: 0
A22: Peat and peat products | B22: P1000 | C22: =SUM(C23:C24) -> 0 | D22: =SUM(D23:D24) -> 0 | E22: =SUM(E23:E24) -> 0 | F22: =SUM(F23:F24) -> 0 | G22: =SUM(G23:G24) -> 0 | H22: =SUM(H23:H24) -> 0 | I22: =SUM(I23:I24) -> 0 | J22: =SUM(J23:J24) -> 0 | ... X22: =SUM(X23:X24) -> 0
A23: Peat | B23: P1100 | C23: 0 | D23: 0 | E23: 0 | F23: 0 | G23: 0 | H23: 0 | I23: 0 | J23: 0 | K23: 0 | L23: 0 | M23: 0 | N23: 0 | O23: 0 | P23: 0 | Q23: 0 | R23: 0 | S23: 0 | T23: 0 | U23: 0 | V23: 0 | W23: 0 | X23: 0
A24: Peat products | B24: P1200 | C24: 0 | D24: 0 | E24: 0 | F24: 0 | G24: 0 | H24: 0 | I24: 0 | J24: 0 | K24: 0 | L24: 0 | M24: 0 | N24: 0 | O24: 0 | P24: 0 | Q24: 0 | R24: 0 | S24: 0 | T24: 0 | U24: 0 | V24: 0 | W24: 0 | X24: 0
A25: Oil shale and oil sands | B25: S2000 | C25: 0 | D25: 0 | E25: 0 | F25: 0 | G25: 0 | H25: 0 | I25: 0 | J25: 0 | K25: 0 | L25: 0 | M25: 0 | N25: 0 | O25: 0 | P25: 0 | Q25: 0 | R25: 0 | S25: 0 | T25: 0 | U25: 0 | V25: 0 | W25: 0 | X25: 0
A26: Oil and petroleum products | B26: O4000XBIO | C26: =SUM(C27,C33) -> 0 | D26: =SUM(D27,D33) -> 0 | E26: =SUM(E27,E33) -> 0 | F26: =SUM(F27,F33) -> 0 | G26: =SUM(G27,G33) -> 0 | H26: =SUM(H27,H33) -> 0 | I26: =SUM(I27,I33) -> 0 | J26: =SUM(J27,J33) -> 0 | ... X26: =SUM(X27,X33) -> 0
A27: Crude oil, NGL, refinery feedstocks, additives and oxygenates and other hydrocarbons (excluding biofuel portion) | B27: O4100_TOT_4200-4500XBIO | C27: =SUM(C28:C32) -> 0 | D27: =SUM(D28:D32) -> 0 | E27: =SUM(E28:E32) -> 0 | F27: =SUM(F28:F32) -> 0 | G27: =SUM(G28:G32) -> 0 | H27: =SUM(H28:H32) -> 0 | I27: =SUM(I28:I32) -> 0 | J27: =SUM(J28:J32) -> 0 | ... X27: =SUM(X28:X32) -> 0
A28: Crude oil | B28: O4100_TOT | C28: 0 | D28: 0 | E28: 0 | F28: 0 | G28: 0 | H28: 0 | I28: 0 | J28: 0 | K28: 0 | L28: 0 | M28: 0 | N28: 0 | O28: 0 | P28: 0 | Q28: 0 | R28: 0 | S28: 0 | T28: 0 | U28: 0 | V28: 0 | W28: 0 | X28: 0
A29: Natural gas liquids | B29: O4200 | C29: 0 | D29: 0 | E29: 0 | F29: 0 | G29: 0 | H29: 0 | I29: 0 | J29: 0 | K29: 0 | L29: 0 | M29: 0 | N29: 0 | O29: 0 | P29: 0 | Q29: 0 | R29: 0 | S29: 0 | T29: 0 | U29: 0 | V29: 0 | W29: 0 | X29: 0
A30: Refinery feedstocks | B30: O4300 | C30: 0 | D30: 0 | E30: 0 | F30: 0 | G30: 0 | H30: 0 | I30: 0 | J30: 0 | K30: 0 | L30: 0 | M30: 0 | N30: 0 | O30: 0 | P30: 0 | Q30: 0 | R30: 0 | S30: 0 | T30: 0 | U30: 0 | V30: 0 | W30: 0 | X30: 0
A31: Additives and oxygenates (excluding biofuel portion) | B31: O4400X4410 | C31: 0 | D31: 0 | E31: 0 | F31: 0 | G31: 0 | H31: 0 | I31: 0 | J31: 0 | K31: 0 | L31: 0 | M31: 0 | N31: 0 | O31: 0 | P31: 0 | Q31: 0 | R31: 0 | S31: 0 | T31: 0 | U31: 0 | V31: 0 | W31: 0 | X31: 0
A32: Other hydrocarbons | B32: O4500 | C32: 0 | D32: 0 | E32: 0 | F32: 0 | G32: 0 | H32: 0 | I32: 0 | J32: 0 | K32: 0 | L32: 0 | M32: 0 | N32: 0 | O32: 0 | P32: 0 | Q32: 0 | R32: 0 | S32: 0 | T32: 0 | U32: 0 | V32: 0 | W32: 0 | X32: 0
A33: Oil products (excluding biofuel portion) | B33: O4600XBIO | C33: =SUM(C34:C50) -> 0 | D33: =SUM(D34:D50) -> 0 | E33: =SUM(E34:E50) -> 0 | F33: =SUM(F34:F50) -> 0 | G33: =SUM(G34:G50) -> 0 | H33: =SUM(H34:H50) -> 0 | I33: =SUM(I34:I50) -> 0 | J33: =SUM(J34:J50) -> 0 | ... X33: =SUM(X34:X50) -> 0
A34: Refinery gas | B34: O4610 | C34: 0 | D34: 0 | E34: 0 | F34: 0 | G34: 0 | H34: 0 | I34: 0 | J34: 0 | K34: 0 | L34: 0 | M34: 0 | N34: 0 | O34: 0 | P34: 0 | Q34: 0 | R34: 0 | S34: 0 | T34: 0 | U34: 0 | V34: 0 | W34: 0 | X34: 0
A35: Ethane | B35: O4620 | C35: 0 | D35: 0 | E35: 0 | F35: 0 | G35: 0 | H35: 0 | I35: 0 | J35: 0 | K35: 0 | L35: 0 | M35: 0 | N35: 0 | O35: 0 | P35: 0 | Q35: 0 | R35: 0 | S35: 0 | T35: 0 | U35: 0 | V35: 0 | W35: 0 | X35: 0
A36: Liquefied petroleum gases | B36: O4630 | C36: 0 | D36: 0 | E36: 0 | F36: 0 | G36: 0 | H36: 0 | I36: 0 | J36: 0 | K36: 0 | L36: 0 | M36: 0 | N36: 0 | O36: 0 | P36: 0 | Q36: 0 | R36: 0 | S36: 0 | T36: 0 | U36: 0 | V36: 0 | W36: 0 | X36: 0
A37: Motor gasoline (excluding biofuel portion) | B37: O4652XR5210B | C37: 0 | D37: 0 | E37: 0 | F37: 0 | G37: 0 | H37: 0 | I37: 0 | J37: 0 | K37: 0 | L37: 0 | M37: 0 | N37: 0 | O37: 0 | P37: 0 | Q37: 0 | R37: 0 | S37: 0 | T37: 0 | U37: 0 | V37: 0 | W37: 0 | X37: 0
A38: Aviation gasoline | B38: O4651 | C38: 0 | D38: 0 | E38: 0 | F38: 0 | G38: 0 | H38: 0 | I38: 0 | J38: 0 | K38: 0 | L38: 0 | M38: 0 | N38: 0 | O38: 0 | P38: 0 | Q38: 0 | R38: 0 | S38: 0 | T38: 0 | U38: 0 | V38: 0 | W38: 0 | X38: 0
A39: Gasoline-type jet fuel | B39: O4653 | C39: 0 | D39: 0 | E39: 0 | F39: 0 | G39: 0 | H39: 0 | I39: 0 | J39: 0 | K39: 0 | L39: 0 | M39: 0 | N39: 0 | O39: 0 | P39: 0 | Q39: 0 | R39: 0 | S39: 0 | T39: 0 | U39: 0 | V39: 0 | W39: 0 | X39: 0
A40: Kerosene-type jet fuel (excluding biofuel portion) | B40: O4661XR5230B | C40: 0 | D40: 0 | E40: 0 | F40: 0 | G40: 0 | H40: 0 | I40: 0 | J40: 0 | K40: 0 | L40: 0 | M40: 0 | N40: 0 | O40: 0 | P40: 0 | Q40: 0 | R40: 0 | S40: 0 | T40: 0 | U40: 0 | V40: 0 | W40: 0 | X40: 0
A41: Other kerosene | B41: O4669 | C41: 0 | D41: 0 | E41: 0 | F41: 0 | G41: 0 | H41: 0 | I41: 0 | J41: 0 | K41: 0 | L41: 0 | M41: 0 | N41: 0 | O41: 0 | P41: 0 | Q41: 0 | R41: 0 | S41: 0 | T41: 0 | U41: 0 | V41: 0 | W41: 0 | X41: 0
A42: Naphtha | B42: O4640 | C42: 0 | D42: 0 | E42: 0 | F42: 0 | G42: 0 | H42: 0 | I42: 0 | J42: 0 | K42: 0 | L42: 0 | M42: 0 | N42: 0 | O42: 0 | P42: 0 | Q42: 0 | R42: 0 | S42: 0 | T42: 0 | U42: 0 | V42: 0 | W42: 0 | X42: 0
A43: Gas oil and diesel oil (excluding biofuel portion) | B43: O4671XR5220B | C43: 0 | D43: 0 | E43: 0 | F43: 0 | G43: 0 | H43: 0 | I43: 0 | J43: 0 | K43: 0 | L43: 0 | M43: 0 | N43: 0 | O43: 0 | P43: 0 | Q43: 0 | R43: 0 | S43: 0 | T43: 0 | U43: 0 | V43: 0 | W43: 0 | X43: 0
A44: Fuel oil | B44: O4680 | C44: 0 | D44: 0 | E44: 0 | F44: 0 | G44: 0 | H44: 0 | I44: 0 | J44: 0 | K44: 0 | L44: 0 | M44: 0 | N44: 0 | O44: 0 | P44: 0 | Q44: 0 | R44: 0 | S44: 0 | T44: 0 | U44: 0 | V44: 0 | W44: 0 | X44: 0
A45: White spirit and special boiling point industrial spirits | B45: O4691 | C45: 0 | D45: 0 | E45: 0 | F45: 0 | G45: 0 | H45: 0 | I45: 0 | J45: 0 | K45: 0 | L45: 0 | M45: 0 | N45: 0 | O45: 0 | P45: 0 | Q45: 0 | R45: 0 | S45: 0 | T45: 0 | U45: 0 | V45: 0 | W45: 0 | X45: 0
... A51: Natural gas | B51: G3000 | C51: 0 | D51: 0 | E51: 0 | F51: 0 | G51: 0 | H51: 0 | I51: 0 | J51: 0 | K51: 0 | L51: 0 | M51: 0 | N51: 0 | O51: 0 | P51: 0 | Q51: 0 | R51: 0 | S51: 0 | T51: 0 | U51: 0 | V51: 0 | W51: 0 | X51: 0
A52: Non-renewable waste | B52: W6100_6220 | C52: =SUM(C53:C54) -> 0 | D52: =SUM(D53:D54) -> 0 | E52: =SUM(E53:E54) -> 0 | F52: =SUM(F53:F54) -> 0 | G52: =SUM(G53:G54) -> 0 | H52: =SUM(H53:H54) -> 0 | I52: =SUM(I53:I54) -> 0 | J52: =SUM(J53:J54) -> 0 | ... X52: =SUM(X53:X54) -> 0
A53: Industrial waste (non-renewable) | B53: W6100 | C53: 0 | D53: 0 | E53: 0 | F53: 0 | G53: 0 | H53: 0 | I53: 0 | J53: 0 | K53: 0 | L53: 0 | M53: 0 | N53: 0 | O53: 0 | P53: 0 | Q53: 0 | R53: 0 | S53: 0 | T53: 0 | U53: 0 | V53: 0 | W53: 0 | X53: 0
A54: Non-renewable municipal waste | B54: W6220 | C54: 0 | D54: 0 | E54: 0 | F54: 0 | G54: 0 | H54: 0 | I54: 0 | J54: 0 | K54: 0 | L54: 0 | M54: 0 | N54: 0 | O54: 0 | P54: 0 | Q54: 0 | R54: 0 | S54: 0 | T54: 0 | U54: 0 | V54: 0 | W54: 0 | X54: 0
A60: CO2 emissions not accounted:
A61: Renewables and biofuels | B61: RA000 | C61: =SUM(C62:C72) -> 0 | D61: =SUM(D62:D72) -> 0 | E61: =SUM(E62:E72) -> 0 | F61: =SUM(F62:F72) -> 0 | G61: =SUM(G62:G72) -> 0 | H61: =SUM(H62:H72) -> 0 | I61: =SUM(I62:I72) -> 0 | J61: =SUM(J62:J72) -> 0 | ... X61: =SUM(X62:X72) -> 0
A62: Primary solid biofuels | B62: R5110-5150_W6000RI | C62: 0 | D62: 0 | E62: 0 | F62: 0 | G62: 0 | H62: 0 | I62: 0 | J62: 0 | K62: 0 | L62: 0 | M62: 0 | N62: 0 | O62: 0 | P62: 0 | Q62: 0 | R62: 0 | S62: 0 | T62: 0 | U62: 0 | V62: 0 | W62: 0 | X62: 0
A63: Charcoal | B63: R5160 | C63: 0 | D63: 0 | E63: 0 | F63: 0 | G63: 0 | H63: 0 | I63: 0 | J63: 0 | K63: 0 | L63: 0 | M63: 0 | N63: 0 | O63: 0 | P63: 0 | Q63: 0 | R63: 0 | S63: 0 | T63: 0 | U63: 0 | V63: 0 | W63: 0 | X63: 0
A64: Biogases | B64: R5300 | C64: 0 | D64: 0 | E64: 0 | F64: 0 | G64: 0 | H64: 0 | I64: 0 | J64: 0 | K64: 0 | L64: 0 | M64: 0 | N64: 0 | O64: 0 | P64: 0 | Q64: 0 | R64: 0 | S64: 0 | T64: 0 | U64: 0 | V64: 0 | W64: 0 | X64: 0
A65: Renewable municipal waste | B65: W6210 | C65: 0 | D65: 0 | E65: 0 | F65: 0 | G65: 0 | H65: 0 | I65: 0 | J65: 0 | K65: 0 | L65: 0 | M65: 0 | N65: 0 | O65: 0 | P65: 0 | Q65: 0 | R65: 0 | S65: 0 | T65: 0 | U65: 0 | V65: 0 | W65: 0 | X65: 0
A66: Pure biogasoline | B66: R5210P | C66: 0 | D66: 0 | E66: 0 | F66: 0 | G66: 0 | H66: 0 | I66: 0 | J66: 0 | K66: 0 | L66: 0 | M66: 0 | N66: 0 | O66: 0 | P66: 0 | Q66: 0 | R66: 0 | S66: 0 | T66: 0 | U66: 0 | V66: 0 | W66: 0 | X66: 0
A67: Blended biogasoline | B67: R5210B | C67: 0 | D67: 0 | E67: 0 | F67: 0 | G67: 0 | H67: 0 | I67: 0 | J67: 0 | K67: 0 | L67: 0 | M67: 0 | N67: 0 | O67: 0 | P67: 0 | Q67: 0 | R67: 0 | S67: 0 | T67: 0 | U67: 0 | V67: 0 | W67: 0 | X67: 0
A68: Pure biodiesels | B68: R5220P | C68: 0 | D68: 0 | E68: 0 | F68: 0 | G68: 0 | H68: 0 | I68: 0 | J68: 0 | K68: 0 | L68: 0 | M68: 0 | N68: 0 | O68: 0 | P68: 0 | Q68: 0 | R68: 0 | S68: 0 | T68: 0 | U68: 0 | V68: 0 | W68: 0 | X68: 0
A69: Blended biodiesels | B69: R5220B | C69: 0 | D69: 0 | E69: 0 | F69: 0 | G69: 0 | H69: 0 | I69: 0 | J69: 0 | K69: 0 | L69: 0 | M69: 0 | N69: 0 | O69: 0 | P69: 0 | Q69: 0 | R69: 0 | S69: 0 | T69: 0 | U69: 0 | V69: 0 | W69: 0 | X69: 0
A70: Pure bio jet kerosene | B70: R5230P | C70: 0 | D70: 0 | E70: 0 | F70: 0 | G70: 0 | H70: 0 | I70: 0 | J70: 0 | K70: 0 | L70: 0 | M70: 0 | N70: 0 | O70: 0 | P70: 0 | Q70: 0 | R70: 0 | S70: 0 | T70: 0 | U70: 0 | V70: 0 | W70: 0 | X70: 0
A71: Blended bio jet kerosene | B71: R5230B | C71: 0 | D71: 0 | E71: 0 | F71: 0 | G71: 0 | H71: 0 | I71: 0 | J71: 0 | K71: 0 | L71: 0 | M71: 0 | N71: 0 | O71: 0 | P71: 0 | Q71: 0 | R71: 0 | S71: 0 | T71: 0 | U71: 0 | V71: 0 | W71: 0 | X71: 0
A72: Other liquid biofuels | B72: R5290 | C72: 0 | D72: 0 | E72: 0 | F72: 0 | G72: 0 | H72: 0 | I72: 0 | J72: 0 | K72: 0 | L72: 0 | M72: 0 | N72: 0 | O72: 0 | P72: 0 | Q72: 0 | R72: 0 | S72: 0 | T72: 0 | U72: 0 | V72: 0 | W72: 0 | X72: 0

Sheet GIC
A1: Gross inland consumption | B1: GIC | C1: 2000 | D1: 2001 | E1: 2002 | F1: 2003 | G1: 2004 | H1: 2005 | I1: 2006 | J1: 2007 | K1: 2008 | L1: 2009 | M1: 2010 | N1: 2011 | O1: 2012 | P1: 2013 | Q1: 2014 | R1: 2015 | S1: 2016 | T1: 2017 | U1: 2018 | V1: 2019 | W1: 2020 | X1: 2021
A2: Total | B2: TOTAL | C2: =SUM(C3,C17,C22,C25,C26,C51,C52) -> 54340.998 | D2: =SUM(D3,D17,D22,D25,D26,D51,D52) -> 55975.525 | E2: =SUM(E3,E17,E22,E25,E26,E51,E52) -> 55142.834 | F2: =SUM(F3,F17,F22,F25,F26,F51,F52) -> 57616.893 | G2: =SUM(G3,G17,G22,G25,G26,G51,G52) -> 55992.429 | H2: =SUM(H3,H17,H22,H25,H26,H51,H52) -> 55746.15 | I2: =SUM(I3,I17,I22,I25,I26,I51,I52) -> 55327.625 | J2: =SUM(J3,J17,J22,J25,J26,J51,J52) -> 53335.519 | ... X2: =SUM(X3,X17,X22,X25,X26,X51,X52) -> 45482.27
A3: Solid fossil fuels | B3: C0000X0350-0370 | C3: =SUM(C4,C8,C11) -> 13447.258 | D3: =SUM(D4,D8,D11) -> 13239.17 | E3: =SUM(E4,E8,E11) -> 12845.876 | F3: =SUM(F4,F8,F11) -> 13306.185 | G3: =SUM(G4,G8,G11) -> 12721.055 | H3: =SUM(H4,H8,H11) -> 10751.982 | I3: =SUM(I4,I8,I11) -> 10256.578 | J3: =SUM(J4,J8,J11) -> 10276.268 | ... X3: =SUM(X4,X8,X11) -> 3889.0775
A4: Hard coal | B4: C0100 | C4: =SUM(C5:C7) -> 0 | D4: =SUM(D5:D7) -> 0 | E4: =SUM(E5:E7) -> 683.69463 | F4: =SUM(F5:F7) -> 869.81612 | G4: =SUM(G5:G7) -> 1071.3772 | H4: =SUM(H5:H7) -> 1208.9628 | I4: =SUM(I5:I7) -> 1233.6619 | J4: =SUM(J5:J7) -> 1208.0743 | ... X4: =SUM(X5:X7) -> 178.96376
A5: Anthracite | B5: C0110 | C5: =INTAVI!C5+NRGSUP!C5 -> 0 | D5: =INTAVI!D5+NRGSUP!D5 -> 0 | E5: =INTAVI!E5+NRGSUP!E5 -> 0 | F5: =INTAVI!F5+NRGSUP!F5 -> 0 | G5: =INTAVI!G5+NRGSUP!G5 -> 0 | H5: =INTAVI!H5+NRGSUP!H5 -> 0 | I5: =INTAVI!I5+NRGSUP!I5 -> 0 | J5: =INTAVI!J5+NRGSUP!J5 -> 0 | ... X5: =INTAVI!X5+NRGSUP!X5 -> 7.3698821
A6: Coking coal | B6: C0121 | C6: =INTAVI!C6+NRGSUP!C6 -> 0 | D6: =INTAVI!D6+NRGSUP!D6 -> 0 | E6: =INTAVI!E6+NRGSUP!E6 -> 0 | F6: =INTAVI!F6+NRGSUP!F6 -> 37.596121 | G6: =INTAVI!G6+NRGSUP!G6 -> 81.166005 | H6: =INTAVI!H6+NRGSUP!H6 -> 0 | I6: =INTAVI!I6+NRGSUP!I6 -> 0 | J6: =INTAVI!J6+NRGSUP!J6 -> 0 | ... X6: =INTAVI!X6+NRGSUP!X6 -> 0
A7: Other bituminous coal | B7: C0129 | C7: =INTAVI!C7+NRGSUP!C7 -> 0 | D7: =INTAVI!D7+NRGSUP!D7 -> 0 | E7: =INTAVI!E7+NRGSUP!E7 -> 683.69463 | F7: =INTAVI!F7+NRGSUP!F7 -> 832.22 | G7: =INTAVI!G7+NRGSUP!G7 -> 990.21123 | H7: =INTAVI!H7+NRGSUP!H7 -> 1208.9628 | I7: =INTAVI!I7+NRGSUP!I7 -> 1233.6619 | J7: =INTAVI!J7+NRGSUP!J7 -> 1208.0743 | ... X7: =INTAVI!X7+NRGSUP!X7 -> 171.59388
A8: Brown coal | B8: C0200 | C8: =SUM(C9:C10) -> 12865.333 | D8: =SUM(D9:D10) -> 12627.404 | E8: =SUM(E9:E10) -> 11571.121 | F8: =SUM(F9:F10) -> 11697.967 | G8: =SUM(G9:G10) -> 10915.139 | H8: =SUM(H9:H10) -> 8987.204 | I8: =SUM(I9:I10) -> 8527.8106 | J8: =SUM(J9:J10) -> 8535.7052 | ... X8: =SUM(X9:X10) -> 3511.0606
A9: Sub-bituminous coal | B9: C0210 | C9: =INTAVI!C9+NRGSUP!C9 -> 784.04591 | D9: =INTAVI!D9+NRGSUP!D9 -> 753.77073 | E9: =INTAVI!E9+NRGSUP!E9 -> 442.74886 | F9: =INTAVI!F9+NRGSUP!F9 -> 523.2656 | G9: =INTAVI!G9+NRGSUP!G9 -> 700.22363 | H9: =INTAVI!H9+NRGSUP!H9 -> 1229.1451 | I9: =INTAVI!I9+NRGSUP!I9 -> 1134.0557 | J9: =INTAVI!J9+NRGSUP!J9 -> 944.43405 | ... X9: =INTAVI!X9+NRGSUP!X9 -> 0
A10: Lignite | B10: C0220 | C10: =INTAVI!C10+NRGSUP!C10 -> 12081.287 | D10: =INTAVI!D10+NRGSUP!D10 -> 11873.633 | E10: =INTAVI!E10+NRGSUP!E10 -> 11128.372 | F10: =INTAVI!F10+NRGSUP!F10 -> 11174.702 | G10: =INTAVI!G10+NRGSUP!G10 -> 10214.915 | H10: =INTAVI!H10+NRGSUP!H10 -> 7758.0589 | I10: =INTAVI!I10+NRGSUP!I10 -> 7393.7549 | J10: =INTAVI!J10+NRGSUP!J10 -> 7591.2712 | ... X10: =INTAVI!X10+NRGSUP!X10 -> 3511.0606
A11: Coal products | B11: C0300 | C11: =SUM(C12:C16) -> 581.92519 | D11: =SUM(D12:D16) -> 611.76572 | E11: =SUM(E12:E16) -> 591.06103 | F11: =SUM(F12:F16) -> 738.40098 | G11: =SUM(G12:G16) -> 734.5395 | H11: =SUM(H12:H16) -> 555.81512 | I11: =SUM(I12:I16) -> 495.10526 | J11: =SUM(J12:J16) -> 532.48806 | ... X11: =SUM(X12:X16) -> 199.05309
A12: Patent fuel | B12: C0320 | C12: =INTAVI!C12+NRGSUP!C12 -> 137.49087 | D12: =INTAVI!D12+NRGSUP!D12 -> 93.836118 | E12: =INTAVI!E12+NRGSUP!E12 -> 91.839298 | F12: =INTAVI!F12+NRGSUP!F12 -> 87.25332 | G12: =INTAVI!G12+NRGSUP!G12 -> 57.14478 | H12: =INTAVI!H12+NRGSUP!H12 -> 56.6181 | I12: =INTAVI!I12+NRGSUP!I12 -> 49.352023 | J12: =INTAVI!J12+NRGSUP!J12 -> 19.030704 | ... X12: =INTAVI!X12+NRGSUP!X12 -> 0
A13: Coke oven coke | B13: C0311 | C13: =INTAVI!C13+NRGSUP!C13 -> 427.10761 | D13: =INTAVI!D13+NRGSUP!D13 -> 500.41714 | E13: =INTAVI!E13+NRGSUP!E13 -> 466.06056 | F13: =INTAVI!F13+NRGSUP!F13 -> 610.1839 | G13: =INTAVI!G13+NRGSUP!G13 -> 652.03613 | H13: =INTAVI!H13+NRGSUP!H13 -> 471.88725 | I13: =INTAVI!I13+NRGSUP!I13 -> 416.49336 | J13: =INTAVI!J13+NRGSUP!J13 -> 483.2454 | ... X13: =INTAVI!X13+NRGSUP!X13 -> 125.86774
A14: Gas coke | B14: C0312 | C14: =INTAVI!C14+NRGSUP!C14 -> 0 | D14: =INTAVI!D14+NRGSUP!D14 -> 0 | E14: =INTAVI!E14+NRGSUP!E14 -> 0 | F14: =INTAVI!F14+NRGSUP!F14 -> 0 | G14: =INTAVI!G14+NRGSUP!G14 -> 0 | H14: =INTAVI!H14+NRGSUP!H14 -> 0 | I14: =INTAVI!I14+NRGSUP!I14 -> 0 | J14: =INTAVI!J14+NRGSUP!J14 -> 0 | ... X14: =INTAVI!X14+NRGSUP!X14 -> 0
A15: Coal tar | B15: C0340 | C15: =INTAVI!C15+NRGSUP!C15 -> 0 | D15: =INTAVI!D15+NRGSUP!D15 -> 0 | E15: =INTAVI!E15+NRGSUP!E15 -> 0 | F15: =INTAVI!F15+NRGSUP!F15 -> 0 | G15: =INTAVI!G15+NRGSUP!G15 -> 0 | H15: =INTAVI!H15+NRGSUP!H15 -> 0 | I15: =INTAVI!I15+NRGSUP!I15 -> 0 | J15: =INTAVI!J15+NRGSUP!J15 -> 3.0654624 | ... X15: =INTAVI!X15+NRGSUP!X15 -> 0
A16: Brown coal briquettes | B16: C0330 | C16: =INTAVI!C16+NRGSUP!C16 -> 17.326719 | D16: =INTAVI!D16+NRGSUP!D16 -> 17.512461 | E16: =INTAVI!E16+NRGSUP!E16 -> 33.161177 | F16: =INTAVI!F16+NRGSUP!F16 -> 40.963766 | G16: =INTAVI!G16+NRGSUP!G16 -> 25.358589 | H16: =INTAVI!H16+NRGSUP!H16 -> 27.309762 | I16: =INTAVI!I16+NRGSUP!I16 -> 29.259883 | J16: =INTAVI!J16+NRGSUP!J16 -> 27.146492 | ... X16: =INTAVI!X16+NRGSUP!X16 -> 73.185346
A17: Manufactured gases | B17: C0350-0370 | C17: =SUM(C18:C21) -> 2291.4693 | D17: =SUM(D18:D21) -> 1930.7636 | E17: =SUM(E18:E21) -> 1996.7264 | F17: =SUM(F18:F21) -> 1866.9842 | G17: =SUM(G18:G21) -> 1976.4066 | H17: =SUM(H18:H21) -> 2003.8974 | I17: =SUM(I18:I21) -> 2140.6525 | J17: =SUM(J18:J21) -> 2167.8949 | ... X17: =SUM(X18:X21) -> 1277.4271
A18: Gas works gas | B18: C0360 | C18: =INTAVI!C18+NRGSUP!C18 -> 0 | D18: =INTAVI!D18+NRGSUP!D18 -> 0 | E18: =INTAVI!E18+NRGSUP!E18 -> 0 | F18: =INTAVI!F18+NRGSUP!F18 -> 0 | G18: =INTAVI!G18+NRGSUP!G18 -> 0 | H18: =INTAVI!H18+NRGSUP!H18 -> 0 | I18: =INTAVI!I18+NRGSUP!I18 -> 0 | J18: =INTAVI!J18+NRGSUP!J18 -> 0 | ... X18: =INTAVI!X18+NRGSUP!X18 -> 0
A19: Coke oven gas | B19: C0350 | C19: =INTAVI!C19+NRGSUP!C19 -> 311.04864 | D19: =INTAVI!D19+NRGSUP!D19 -> 176.0238 | E19: =INTAVI!E19+NRGSUP!E19 -> 113.80608 | F19: =INTAVI!F19+NRGSUP!F19 -> 176.46336 | G19: =INTAVI!G19+NRGSUP!G19 -> 173.30652 | H19: =INTAVI!H19+NRGSUP!H19 -> 182.33748 | I19: =INTAVI!I19+NRGSUP!I19 -> 327.672 | J19: =INTAVI!J19+NRGSUP!J19 -> 364.79484 | ... X19: =INTAVI!X19+NRGSUP!X19 -> 273.56616
A20: Blast furnace gas | B20: C0371 | C20: =INTAVI!C20+NRGSUP!C20 -> 1980.4206 | D20: =INTAVI!D20+NRGSUP!D20 -> 1754.7398 | E20: =INTAVI!E20+NRGSUP!E20 -> 1882.9203 | F20: =INTAVI!F20+NRGSUP!F20 -> 1690.5208 | G20: =INTAVI!G20+NRGSUP!G20 -> 1803.1001 | H20: =INTAVI!H20+NRGSUP!H20 -> 1821.5599 | I20: =INTAVI!I20+NRGSUP!I20 -> 1812.9805 | J20: =INTAVI!J20+NRGSUP!J20 -> 1803.1001 | ... X20: =INTAVI!X20+NRGSUP!X20 -> 1003.8609
A21: Other recovered gases | B21: C0379 | C21: =INTAVI!C21+NRGSUP!C21 -> 0 | D21: =INTAVI!D21+NRGSUP!D21 -> 0 | E21: =INTAVI!E21+NRGSUP!E21 -> 0 | F21: =INTAVI!F21+NRGSUP!F21 -> 0 | G21: =INTAVI!G21+NRGSUP!G21 -> 0 | H21: =INTAVI!H21+NRGSUP!H21 -> 0 | I21: =INTAVI!I21+NRGSUP!I21 -> 0 | J21: =INTAVI!J21+NRGSUP!J21 -> 0 | ... X21: =INTAVI!X21+NRGSUP!X21 -> 0
A22: Peat and peat products | B22: P1000 | C22: =SUM(C23:C24) -> 0 | D22: =SUM(D23:D24) -> 0 | E22: =SUM(E23:E24) -> 0 | F22: =SUM(F23:F24) -> 0 | G22: =SUM(G23:G24) -> 0 | H22: =SUM(H23:H24) -> 0 | I22: =SUM(I23:I24) -> 0 | J22: =SUM(J23:J24) -> 0 | ... X22: =SUM(X23:X24) -> 0
A23: Peat | B23: P1100 | C23: =INTAVI!C23+NRGSUP!C23 -> 0 | D23: =INTAVI!D23+NRGSUP!D23 -> 0 | E23: =INTAVI!E23+NRGSUP!E23 -> 0 | F23: =INTAVI!F23+NRGSUP!F23 -> 0 | G23: =INTAVI!G23+NRGSUP!G23 -> 0 | H23: =INTAVI!H23+NRGSUP!H23 -> 0 | I23: =INTAVI!I23+NRGSUP!I23 -> 0 | J23: =INTAVI!J23+NRGSUP!J23 -> 0 | ... X23: =INTAVI!X23+NRGSUP!X23 -> 0
A24: Peat products | B24: P1200 | C24: =INTAVI!C24+NRGSUP!C24 -> 0 | D24: =INTAVI!D24+NRGSUP!D24 -> 0 | E24: =INTAVI!E24+NRGSUP!E24 -> 0 | F24: =INTAVI!F24+NRGSUP!F24 -> 0 | G24: =INTAVI!G24+NRGSUP!G24 -> 0 | H24: =INTAVI!H24+NRGSUP!H24 -> 0 | I24: =INTAVI!I24+NRGSUP!I24 -> 0 | J24: =INTAVI!J24+NRGSUP!J24 -> 0 | ... X24: =INTAVI!X24+NRGSUP!X24 -> 0
A25: Oil shale and oil sands | B25: S2000 | C25: =INTAVI!C25+NRGSUP!C25 -> 0 | D25: =INTAVI!D25+NRGSUP!D25 -> 0 | E25: =INTAVI!E25+NRGSUP!E25 -> 0 | F25: =INTAVI!F25+NRGSUP!F25 -> 0 | G25: =INTAVI!G25+NRGSUP!G25 -> 0 | H25: =INTAVI!H25+NRGSUP!H25 -> 0 | I25: =INTAVI!I25+NRGSUP!I25 -> 0 | J25: =INTAVI!J25+NRGSUP!J25 -> 0 | ... X25: =INTAVI!X25+NRGSUP!X25 -> 0
A26: Oil and petroleum products | B26: O4000XBIO | C26: =SUM(C27,C33) -> 17310.956 | D26: =SUM(D27,D33) -> 17079.581 | E26: =SUM(E27,E33) -> 16113.894 | F26: =SUM(F27,F33) -> 15955.244 | G26: =SUM(G27,G33) -> 15542.472 | H26: =SUM(H27,H33) -> 16052.416 | I26: =SUM(I27,I33) -> 17129.758 | J26: =SUM(J27,J33) -> 16769.262 | ... X26: =SUM(X27,X33) -> 18717.951
A27: Crude oil, NGL, refinery feedstocks, additives and oxygenates and other hydrocarbons (excluding biofuel portion) | B27: O4100_TOT_4200-4500XBIO | C27: =SUM(C28:C32) -> 162.38885 | D27: =SUM(D28:D32) -> 174.64449 | E27: =SUM(E28:E32) -> 0 | F27: =SUM(F28:F32) -> 0 | G27: =SUM(G28:G32) -> 3.0712993 | H27: =SUM(H28:H32) -> 0 | I27: =SUM(I28:I32) -> 6.1278214 | J27: =SUM(J28:J32) -> 0 | ... X27: =SUM(X28:X32) -> 0
A28: Crude oil | B28: O4100_TOT | C28: =INTAVI!C28+NRGSUP!C28 -> 162.38885 | D28: =INTAVI!D28+NRGSUP!D28 -> 174.64449 | E28: =INTAVI!E28+NRGSUP!E28 -> 0 | F28: =INTAVI!F28+NRGSUP!F28 -> 0 | G28: =INTAVI!G28+NRGSUP!G28 -> 3.0712993 | H28: =INTAVI!H28+NRGSUP!H28 -> 0 | I28: =INTAVI!I28+NRGSUP!I28 -> 6.1278214 | J28: =INTAVI!J28+NRGSUP!J28 -> 0 | ... X28: =INTAVI!X28+NRGSUP!X28 -> 0
A29: Natural gas liquids | B29: O4200 | C29: =INTAVI!C29+NRGSUP!C29 -> 0 | D29: =INTAVI!D29+NRGSUP!D29 -> 0 | E29: =INTAVI!E29+NRGSUP!E29 -> 0 | F29: =INTAVI!F29+NRGSUP!F29 -> 0 | G29: =INTAVI!G29+NRGSUP!G29 -> 0 | H29: =INTAVI!H29+NRGSUP!H29 -> 0 | I29: =INTAVI!I29+NRGSUP!I29 -> 0 | J29: =INTAVI!J29+NRGSUP!J29 -> 0 | ... X29: =INTAVI!X29+NRGSUP!X29 -> 0
A30: Refinery feedstocks | B30: O4300 | C30: =INTAVI!C30+NRGSUP!C30 -> 0 | D30: =INTAVI!D30+NRGSUP!D30 -> 0 | E30: =INTAVI!E30+NRGSUP!E30 -> 0 | F30: =INTAVI!F30+NRGSUP!F30 -> 0 | G30: =INTAVI!G30+NRGSUP!G30 -> 0 | H30: =INTAVI!H30+NRGSUP!H30 -> 0 | I30: =INTAVI!I30+NRGSUP!I30 -> 0 | J30: =INTAVI!J30+NRGSUP!J30 -> 0 | ... X30: =INTAVI!X30+NRGSUP!X30 -> 0
A31: Additives and oxygenates (excluding biofuel portion) | B31: O4400X4410 | C31: =INTAVI!C31+NRGSUP!C31 -> 0 | D31: =INTAVI!D31+NRGSUP!D31 -> 0 | E31: =INTAVI!E31+NRGSUP!E31 -> 0 | F31: =INTAVI!F31+NRGSUP!F31 -> 0 | G31: =INTAVI!G31+NRGSUP!G31 -> 0 | H31: =INTAVI!H31+NRGSUP!H31 -> 0 | I31: =INTAVI!I31+NRGSUP!I31 -> 0 | J31: =INTAVI!J31+NRGSUP!J31 -> 0 | ... X31: =INTAVI!X31+NRGSUP!X31 -> 0
A32: Other hydrocarbons | B32: O4500 | C32: =INTAVI!C32+NRGSUP!C32 -> 0 | D32: =INTAVI!D32+NRGSUP!D32 -> 0 | E32: =INTAVI!E32+NRGSUP!E32 -> 0 | F32: =INTAVI!F32+NRGSUP!F32 -> 0 | G32: =INTAVI!G32+NRGSUP!G32 -> 0 | H32: =INTAVI!H32+NRGSUP!H32 -> 0 | I32: =INTAVI!I32+NRGSUP!I32 -> 0 | J32: =INTAVI!J32+NRGSUP!J32 -> 0 | ... X32: =INTAVI!X32+NRGSUP!X32 -> 0
A33: Oil products (excluding biofuel portion) | B33: O4600XBIO | C33: =SUM(C34:C50) -> 17148.567 | D33: =SUM(D34:D50) -> 16904.937 | E33: =SUM(E34:E50) -> 16113.894 | F33: =SUM(F34:F50) -> 15955.244 | G33: =SUM(G34:G50) -> 15539.401 | H33: =SUM(H34:H50) -> 16052.416 | I33: =SUM(I34:I50) -> 17123.63 | J33: =SUM(J34:J50) -> 16769.262 | ... X33: =SUM(X34:X50) -> 18717.951
A34: Refinery gas | B34: O4610 | C34: =INTAVI!C34+NRGSUP!C34 -> 424.8288 | D34: =INTAVI!D34+NRGSUP!D34 -> 490.4064 | E34: =INTAVI!E34+NRGSUP!E34 -> 564.5376 | F34: =INTAVI!F34+NRGSUP!F34 -> 479.0016 | G34: =INTAVI!G34+NRGSUP!G34 -> 458.95673 | H34: =INTAVI!H34+NRGSUP!H34 -> 470.01586 | I34: =INTAVI!I34+NRGSUP!I34 -> 464.4864 | J34: =INTAVI!J34+NRGSUP!J34 -> 472.7808 | ... X34: =INTAVI!X34+NRGSUP!X34 -> 485.44013
A35: Ethane | B35: O4620 | C35: =INTAVI!C35+NRGSUP!C35 -> 0 | D35: =INTAVI!D35+NRGSUP!D35 -> 0 | E35: =INTAVI!E35+NRGSUP!E35 -> 0 | F35: =INTAVI!F35+NRGSUP!F35 -> 0 | G35: =INTAVI!G35+NRGSUP!G35 -> 0 | H35: =INTAVI!H35+NRGSUP!H35 -> 0 | I35: =INTAVI!I35+NRGSUP!I35 -> 0 | J35: =INTAVI!J35+NRGSUP!J35 -> 0 | ... X35: =INTAVI!X35+NRGSUP!X35 -> 0
A36: Liquefied petroleum gases | B36: O4630 | C36: =INTAVI!C36+NRGSUP!C36 -> 975.97409 | D36: =INTAVI!D36+NRGSUP!D36 -> 841.66574 | E36: =INTAVI!E36+NRGSUP!E36 -> 913.29678 | F36: =INTAVI!F36+NRGSUP!F36 -> 901.35861 | G36: =INTAVI!G36+NRGSUP!G36 -> 711.76815 | H36: =INTAVI!H36+NRGSUP!H36 -> 744.39083 | I36: =INTAVI!I36+NRGSUP!I36 -> 667.28318 | J36: =INTAVI!J36+NRGSUP!J36 -> 524.92905 | ... X36: =INTAVI!X36+NRGSUP!X36 -> 701.65567
A37: Motor gasoline (excluding biofuel portion) | B37: O4652XR5210B | C37: =INTAVI!C37+NRGSUP!C37 -> 4101.5066 | D37: =INTAVI!D37+NRGSUP!D37 -> 4270.3561 | E37: =INTAVI!E37+NRGSUP!E37 -> 4374.7358 | F37: =INTAVI!F37+NRGSUP!F37 -> 4371.6657 | G37: =INTAVI!G37+NRGSUP!G37 -> 4426.9256 | H37: =INTAVI!H37+NRGSUP!H37 -> 4549.7251 | I37: =INTAVI!I37+NRGSUP!I37 -> 4635.6849 | J37: =INTAVI!J37+NRGSUP!J37 -> 4706.2948 | ... X37: =INTAVI!X37+NRGSUP!X37 -> 4027.9933
A38: Aviation gasoline | B38: O4651 | C38: =INTAVI!C38+NRGSUP!C38 -> 12.403944 | D38: =INTAVI!D38+NRGSUP!D38 -> 6.201972 | E38: =INTAVI!E38+NRGSUP!E38 -> 6.201972 | F38: =INTAVI!F38+NRGSUP!F38 -> 6.201972 | G38: =INTAVI!G38+NRGSUP!G38 -> 8.82 | H38: =INTAVI!H38+NRGSUP!H38 -> 8.82 | I38: =INTAVI!I38+NRGSUP!I38 -> 5.879916 | J38: =INTAVI!J38+NRGSUP!J38 -> 0 | ... X38: =INTAVI!X38+NRGSUP!X38 -> 3.152016
A39: Gasoline-type jet fuel | B39: O4653 | C39: =INTAVI!C39+NRGSUP!C39 -> 0 | D39: =INTAVI!D39+NRGSUP!D39 -> 0 | E39: =INTAVI!E39+NRGSUP!E39 -> 0 | F39: =INTAVI!F39+NRGSUP!F39 -> 0 | G39: =INTAVI!G39+NRGSUP!G39 -> 0 | H39: =INTAVI!H39+NRGSUP!H39 -> 0 | I39: =INTAVI!I39+NRGSUP!I39 -> 0 | J39: =INTAVI!J39+NRGSUP!J39 -> 0 | ... X39: =INTAVI!X39+NRGSUP!X39 -> 0
A40: Kerosene-type jet fuel (excluding biofuel portion) | B40: O4661XR5230B | C40: =INTAVI!C40+NRGSUP!C40 -> 710.25696 | D40: =INTAVI!D40+NRGSUP!D40 -> 672.20748 | E40: =INTAVI!E40+NRGSUP!E40 -> 634.158 | F40: =INTAVI!F40+NRGSUP!F40 -> 621.47484 | G40: =INTAVI!G40+NRGSUP!G40 -> 676.2195 | H40: =INTAVI!H40+NRGSUP!H40 -> 784.41462 | I40: =INTAVI!I40+NRGSUP!I40 -> 797.2272 | J40: =INTAVI!J40+NRGSUP!J40 -> 730.79151 | ... X40: =INTAVI!X40+NRGSUP!X40 -> 426.73475
A41: Other kerosene | B41: O4669 | C41: =INTAVI!C41+NRGSUP!C41 -> 9.44766 | D41: =INTAVI!D41+NRGSUP!D41 -> 6.2983537 | E41: =INTAVI!E41+NRGSUP!E41 -> 0 | F41: =INTAVI!F41+NRGSUP!F41 -> 0 | G41: =INTAVI!G41+NRGSUP!G41 -> 0 | H41: =INTAVI!H41+NRGSUP!H41 -> 0 | I41: =INTAVI!I41+NRGSUP!I41 -> 0 | J41: =INTAVI!J41+NRGSUP!J41 -> 0 | ... X41: =INTAVI!X41+NRGSUP!X41 -> 0
A42: Naphtha | B42: O4640 | C42: =INTAVI!C42+NRGSUP!C42 -> 0 | D42: =INTAVI!D42+NRGSUP!D42 -> 0 | E42: =INTAVI!E42+NRGSUP!E42 -> 0 | F42: =INTAVI!F42+NRGSUP!F42 -> 0 | G42: =INTAVI!G42+NRGSUP!G42 -> 0 | H42: =INTAVI!H42+NRGSUP!H42 -> 0 | I42: =INTAVI!I42+NRGSUP!I42 -> 0 | J42: =INTAVI!J42+NRGSUP!J42 -> 0 | ... X42: =INTAVI!X42+NRGSUP!X42 -> 788.12169
A43: Gas oil and diesel oil (excluding biofuel portion) | B43: O4671XR5220B | C43: =INTAVI!C43+NRGSUP!C43 -> 5948.8214 | D43: =INTAVI!D43+NRGSUP!D43 -> 6318.4323 | E43: =INTAVI!E43+NRGSUP!E43 -> 6949.3202 | F43: =INTAVI!F43+NRGSUP!F43 -> 6990.7424 | G43: =INTAVI!G43+NRGSUP!G43 -> 7322.1165 | H43: =INTAVI!H43+NRGSUP!H43 -> 8042.2205 | I43: =INTAVI!I43+NRGSUP!I43 -> 8896.1488 | J43: =INTAVI!J43+NRGSUP!J43 -> 8891.556 | ... X43: =INTAVI!X43+NRGSUP!X43 -> 11548.908
A44: Fuel oil | B44: O4680 | C44: =INTAVI!C44+NRGSUP!C44 -> 4749.8524 | D44: =INTAVI!D44+NRGSUP!D44 -> 4077.5559 | E44: =INTAVI!E44+NRGSUP!E44 -> 2342.0932 | F44: =INTAVI!F44+NRGSUP!F44 -> 2201.3797 | G44: =INTAVI!G44+NRGSUP!G44 -> 1463.4173 | H44: =INTAVI!H44+NRGSUP!H44 -> 762.97874 | I44: =INTAVI!I44+NRGSUP!I44 -> 719.20049 | J44: =INTAVI!J44+NRGSUP!J44 -> 681.41412 | ... X44: =INTAVI!X44+NRGSUP!X44 -> 74.364279
A45: White spirit and special boiling point industrial spirits | B45: O4691 | C45: =INTAVI!C45+NRGSUP!C45 -> 0 | D45: =INTAVI!D45+NRGSUP!D45 -> 0 | E45: =INTAVI!E45+NRGSUP!E45 -> 0 | F45: =INTAVI!F45+NRGSUP!F45 -> 0 | G45: =INTAVI!G45+NRGSUP!G45 -> 0 | H45: =INTAVI!H45+NRGSUP!H45 -> 0 | I45: =INTAVI!I45+NRGSUP!I45 -> 0 | J45: =INTAVI!J45+NRGSUP!J45 -> 0 | ... X45: =INTAVI!X45+NRGSUP!X45 -> 0
... A51: Natural gas | B51: G3000 | C51: =INTAVI!C51+NRGSUP!C51 -> 21178.283 | D51: =INTAVI!D51+NRGSUP!D51 -> 23583.021 | E51: =INTAVI!E51+NRGSUP!E51 -> 24058.889 | F51: =INTAVI!F51+NRGSUP!F51 -> 26391.123 | G51: =INTAVI!G51+NRGSUP!G51 -> 25617.313 | H51: =INTAVI!H51+NRGSUP!H51 -> 26622.721 | I51: =INTAVI!I51+NRGSUP!I51 -> 25440.144 | J51: =INTAVI!J51+NRGSUP!J51 -> 23703.237 | ... X51: =INTAVI!X51+NRGSUP!X51 -> 20305.816
A52: Non-renewable waste | B52: W6100_6220 | C52: =SUM(C53:C54) -> 113.03237 | D52: =SUM(D53:D54) -> 142.98996 | E52: =SUM(E53:E54) -> 127.44885 | F52: =SUM(F53:F54) -> 97.358062 | G52: =SUM(G53:G54) -> 135.18201 | H52: =SUM(H53:H54) -> 315.13364 | I52: =SUM(I53:I54) -> 360.49318 | J52: =SUM(J53:J54) -> 418.85723 | ... X52: =SUM(X53:X54) -> 1291.9992
A53: Industrial waste (non-renewable) | B53: W6100 | C53: =INTAVI!C53+NRGSUP!C53 -> 0 | D53: =INTAVI!D53+NRGSUP!D53 -> 0 | E53: =INTAVI!E53+NRGSUP!E53 -> 0 | F53: =INTAVI!F53+NRGSUP!F53 -> 6.0061716 | G53: =INTAVI!G53+NRGSUP!G53 -> 64.921943 | H53: =INTAVI!H53+NRGSUP!H53 -> 176.17589 | I53: =INTAVI!I53+NRGSUP!I53 -> 165.30794 | J53: =INTAVI!J53+NRGSUP!J53 -> 120.978 | ... X53: =INTAVI!X53+NRGSUP!X53 -> 1031.8883
A54: Non-renewable municipal waste | B54: W6220 | C54: =INTAVI!C54+NRGSUP!C54 -> 113.03237 | D54: =INTAVI!D54+NRGSUP!D54 -> 142.98996 | E54: =INTAVI!E54+NRGSUP!E54 -> 127.44885 | F54: =INTAVI!F54+NRGSUP!F54 -> 91.351891 | G54: =INTAVI!G54+NRGSUP!G54 -> 70.260067 | H54: =INTAVI!H54+NRGSUP!H54 -> 138.95775 | I54: =INTAVI!I54+NRGSUP!I54 -> 195.18524 | J54: =INTAVI!J54+NRGSUP!J54 -> 297.87923 | ... X54: =INTAVI!X54+NRGSUP!X54 -> 260.11089
A60: CO2 emissions not accounted:
A61: Renewables and biofuels | B61: RA000 | C61: =SUM(C62:C72) -> 3403.1671 | D61: =SUM(D62:D72) -> 3565.9338 | E61: =SUM(E62:E72) -> 3604.0893 | F61: =SUM(F62:F72) -> 3745.3083 | G61: =SUM(G62:G72) -> 3931.8606 | H61: =SUM(H62:H72) -> 7384.4387 | I61: =SUM(I62:I72) -> 7416.3602 | J61: =SUM(J62:J72) -> 8169.3925 | ... X61: =SUM(X62:X72) -> 11622.877
A62: Primary solid biofuels | B62: R5110-5150_W6000RI | C62: =INTAVI!C62+NRGSUP!C62 -> 3281.0396 | D62: =INTAVI!D62+NRGSUP!D62 -> 3431.1199 | E62: =INTAVI!E62+NRGSUP!E62 -> 3496.8637 | F62: =INTAVI!F62+NRGSUP!F62 -> 3659.1521 | G62: =INTAVI!G62+NRGSUP!G62 -> 3847.8727 | H62: =INTAVI!H62+NRGSUP!H62 -> 7222.4325 | I62: =INTAVI!I62+NRGSUP!I62 -> 7160.0482 | J62: =INTAVI!J62+NRGSUP!J62 -> 7819.8406 | ... X62: =INTAVI!X62+NRGSUP!X62 -> 10254.72
A63: Charcoal | B63: R5160 | C63: =INTAVI!C63+NRGSUP!C63 -> 0 | D63: =INTAVI!D63+NRGSUP!D63 -> 0 | E63: =INTAVI!E63+NRGSUP!E63 -> 0 | F63: =INTAVI!F63+NRGSUP!F63 -> 0 | G63: =INTAVI!G63+NRGSUP!G63 -> 0 | H63: =INTAVI!H63+NRGSUP!H63 -> 0 | I63: =INTAVI!I63+NRGSUP!I63 -> 0 | J63: =INTAVI!J63+NRGSUP!J63 -> 0 | ... X63: =INTAVI!X63+NRGSUP!X63 -> 0
A64: Biogases | B64: R5300 | C64: =INTAVI!C64+NRGSUP!C64 -> 0.32766552 | D64: =INTAVI!D64+NRGSUP!D64 -> 4.914 | E64: =INTAVI!E64+NRGSUP!E64 -> 7.4256437 | F64: =INTAVI!F64+NRGSUP!F64 -> 10.756353 | G64: =INTAVI!G64+NRGSUP!G64 -> 15.288044 | H64: =INTAVI!H64+NRGSUP!H64 -> 16.216397 | I64: =INTAVI!I64+NRGSUP!I64 -> 27.955156 | J64: =INTAVI!J64+NRGSUP!J64 -> 38.219913 | ... X64: =INTAVI!X64+NRGSUP!X64 -> 183.292
A65: Renewable municipal waste | B65: W6210 | C65: =INTAVI!C65+NRGSUP!C65 -> 121.79988 | D65: =INTAVI!D65+NRGSUP!D65 -> 129.89988 | E65: =INTAVI!E65+NRGSUP!E65 -> 99.79992 | F65: =INTAVI!F65+NRGSUP!F65 -> 75.39984 | G65: =INTAVI!G65+NRGSUP!G65 -> 68.69988 | H65: =INTAVI!H65+NRGSUP!H65 -> 138.20004 | I65: =INTAVI!I65+NRGSUP!I65 -> 196.10028 | J65: =INTAVI!J65+NRGSUP!J65 -> 226.40004 | ... X65: =INTAVI!X65+NRGSUP!X65 -> 340.09992
A66: Pure biogasoline | B66: R5210P | C66: =INTAVI!C66+NRGSUP!C66 -> 0 | D66: =INTAVI!D66+NRGSUP!D66 -> 0 | E66: =INTAVI!E66+NRGSUP!E66 -> 0 | F66: =INTAVI!F66+NRGSUP!F66 -> 0 | G66: =INTAVI!G66+NRGSUP!G66 -> 0 | H66: =INTAVI!H66+NRGSUP!H66 -> 0 | I66: =INTAVI!I66+NRGSUP!I66 -> 0 | J66: =INTAVI!J66+NRGSUP!J66 -> 0 | ... X66: =INTAVI!X66+NRGSUP!X66 -> 0
A67: Blended biogasoline | B67: R5210B | C67: =INTAVI!C67+NRGSUP!C67 -> 0 | D67: =INTAVI!D67+NRGSUP!D67 -> 0 | E67: =INTAVI!E67+NRGSUP!E67 -> 0 | F67: =INTAVI!F67+NRGSUP!F67 -> 0 | G67: =INTAVI!G67+NRGSUP!G67 -> 0 | H67: =INTAVI!H67+NRGSUP!H67 -> 7.5898166 | I67: =INTAVI!I67+NRGSUP!I67 -> 32.256593 | J67: =INTAVI!J67+NRGSUP!J67 -> 79.692565 | ... X67: =INTAVI!X67+NRGSUP!X67 -> 258.00942
A68: Pure biodiesels | B68: R5220P | C68: =INTAVI!C68+NRGSUP!C68 -> 0 | D68: =INTAVI!D68+NRGSUP!D68 -> 0 | E68: =INTAVI!E68+NRGSUP!E68 -> 0 | F68: =INTAVI!F68+NRGSUP!F68 -> 0 | G68: =INTAVI!G68+NRGSUP!G68 -> 0 | H68: =INTAVI!H68+NRGSUP!H68 -> 0 | I68: =INTAVI!I68+NRGSUP!I68 -> 0 | J68: =INTAVI!J68+NRGSUP!J68 -> 0 | ... X68: =INTAVI!X68+NRGSUP!X68 -> 0
A69: Blended biodiesels | B69: R5220B | C69: =INTAVI!C69+NRGSUP!C69 -> 0 | D69: =INTAVI!D69+NRGSUP!D69 -> 0 | E69: =INTAVI!E69+NRGSUP!E69 -> 0 | F69: =INTAVI!F69+NRGSUP!F69 -> 0 | G69: =INTAVI!G69+NRGSUP!G69 -> 0 | H69: =INTAVI!H69+NRGSUP!H69 -> 0 | I69: =INTAVI!I69+NRGSUP!I69 -> 0 | J69: =INTAVI!J69+NRGSUP!J69 -> 5.2393133 | ... X69: =INTAVI!X69+NRGSUP!X69 -> 586.75492
A70: Pure bio jet kerosene | B70: R5230P | C70: =INTAVI!C70+NRGSUP!C70 -> 0 | D70: =INTAVI!D70+NRGSUP!D70 -> 0 | E70: =INTAVI!E70+NRGSUP!E70 -> 0 | F70: =INTAVI!F70+NRGSUP!F70 -> 0 | G70: =INTAVI!G70+NRGSUP!G70 -> 0 | H70: =INTAVI!H70+NRGSUP!H70 -> 0 | I70: =INTAVI!I70+NRGSUP!I70 -> 0 | J70: =INTAVI!J70+NRGSUP!J70 -> 0 | ... X70: =INTAVI!X70+NRGSUP!X70 -> 0
A71: Blended bio jet kerosene | B71: R5230B | C71: =INTAVI!C71+NRGSUP!C71 -> 0 | D71: =INTAVI!D71+NRGSUP!D71 -> 0 | E71: =INTAVI!E71+NRGSUP!E71 -> 0 | F71: =INTAVI!F71+NRGSUP!F71 -> 0 | G71: =INTAVI!G71+NRGSUP!G71 -> 0 | H71: =INTAVI!H71+NRGSUP!H71 -> 0 | I71: =INTAVI!I71+NRGSUP!I71 -> 0 | J71: =INTAVI!J71+NRGSUP!J71 -> 0 | ... X71: =INTAVI!X71+NRGSUP!X71 -> 0
A72: Other liquid biofuels | B72: R5290 | C72: =INTAVI!C72+NRGSUP!C72 -> 0 | D72: =INTAVI!D72+NRGSUP!D72 -> 0 | E72: =INTAVI!E72+NRGSUP!E72 -> 0 | F72: =INTAVI!F72+NRGSUP!F72 -> 0 | G72: =INTAVI!G72+NRGSUP!G72 -> 0 | H72: =INTAVI!H72+NRGSUP!H72 -> 0 | I72: =INTAVI!I72+NRGSUP!I72 -> 0 | J72: =INTAVI!J72+NRGSUP!J72 -> 0 | ... X72: =INTAVI!X72+NRGSUP!X72 -> 0

Sheet INTAVI
A1: International aviation | B1: INTAVI | C1: 2000 | D1: 2001 | E1: 2002 | F1: 2003 | G1: 2004 | H1: 2005 | I1: 2006 | J1: 2007 | K1: 2008 | L1: 2009 | M1: 2010 | N1: 2011 | O1: 2012 | P1: 2013 | Q1: 2014 | R1: 2015 | S1: 2016 | T1: 2017 | U1: 2018 | V1: 2019 | W1: 2020 | X1: 2021
A2: Total | B2: TOTAL | C2: =SUM(C3,C17,C22,C25,C26,C51,C52) -> 722.6609 | D2: =SUM(D3,D17,D22,D25,D26,D51,D52) -> 678.40945 | E2: =SUM(E3,E17,E22,E25,E26,E51,E52) -> 640.35997 | F2: =SUM(F3,F17,F22,F25,F26,F51,F52) -> 627.67681 | G2: =SUM(G3,G17,G22,G25,G26,G51,G52) -> 679.15958 | H2: =SUM(H3,H17,H22,H25,H26,H51,H52) -> 784.41462 | I2: =SUM(I3,I17,I22,I25,I26,I51,I52) -> 797.2272 | J2: =SUM(J3,J17,J22,J25,J26,J51,J52) -> 730.79151 | ... X2: =SUM(X3,X17,X22,X25,X26,X51,X52) -> 370.66742
A3: Solid fossil fuels | B3: C0000X0350-0370 | C3: =SUM(C4,C8,C11) -> 0 | D3: =SUM(D4,D8,D11) -> 0 | E3: =SUM(E4,E8,E11) -> 0 | F3: =SUM(F4,F8,F11) -> 0 | G3: =SUM(G4,G8,G11) -> 0 | H3: =SUM(H4,H8,H11) -> 0 | I3: =SUM(I4,I8,I11) -> 0 | J3: =SUM(J4,J8,J11) -> 0 | ... X3: =SUM(X4,X8,X11) -> 0
A4: Hard coal | B4: C0100 | C4: =SUM(C5:C7) -> 0 | D4: =SUM(D5:D7) -> 0 | E4: =SUM(E5:E7) -> 0 | F4: =SUM(F5:F7) -> 0 | G4: =SUM(G5:G7) -> 0 | H4: =SUM(H5:H7) -> 0 | I4: =SUM(I5:I7) -> 0 | J4: =SUM(J5:J7) -> 0 | ... X4: =SUM(X5:X7) -> 0
A5: Anthracite | B5: C0110 | C5: =INTAVI_PA_IN!C5+INTAVI_PA_EX!C5+INTAVI_FR_IN!C5+INTAVI_FR_EX!C5 -> 0 | D5: =INTAVI_PA_IN!D5+INTAVI_PA_EX!D5+INTAVI_FR_IN!D5+INTAVI_FR_EX!D5 -> 0 | E5: =INTAVI_PA_IN!E5+INTAVI_PA_EX!E5+INTAVI_FR_IN!E5+INTAVI_FR_EX!E5 -> 0 | F5: =INTAVI_PA_IN!F5+INTAVI_PA_EX!F5+INTAVI_FR_IN!F5+INTAVI_FR_EX!F5 -> 0 | G5: =INTAVI_PA_IN!G5+INTAVI_PA_EX!G5+INTAVI_FR_IN!G5+INTAVI_FR_EX!G5 -> 0 | H5: =INTAVI_PA_IN!H5+INTAVI_PA_EX!H5+INTAVI_FR_IN!H5+INTAVI_FR_EX!H5 -> 0 | I5: =INTAVI_PA_IN!I5+INTAVI_PA_EX!I5+INTAVI_FR_IN!I5+INTAVI_FR_EX!I5 -> 0 | J5: =INTAVI_PA_IN!J5+INTAVI_PA_EX!J5+INTAVI_FR_IN!J5+INTAVI_FR_EX!J5 -> 0 | ... X5: =INTAVI_PA_IN!X5+INTAVI_PA_EX!X5+INTAVI_FR_IN!X5+INTAVI_FR_EX!X5 -> 0
A6: Coking coal | B6: C0121 | C6: =INTAVI_PA_IN!C6+INTAVI_PA_EX!C6+INTAVI_FR_IN!C6+INTAVI_FR_EX!C6 -> 0 | D6: =INTAVI_PA_IN!D6+INTAVI_PA_EX!D6+INTAVI_FR_IN!D6+INTAVI_FR_EX!D6 -> 0 | E6: =INTAVI_PA_IN!E6+INTAVI_PA_EX!E6+INTAVI_FR_IN!E6+INTAVI_FR_EX!E6 -> 0 | F6: =INTAVI_PA_IN!F6+INTAVI_PA_EX!F6+INTAVI_FR_IN!F6+INTAVI_FR_EX!F6 -> 0 | G6: =INTAVI_PA_IN!G6+INTAVI_PA_EX!G6+INTAVI_FR_IN!G6+INTAVI_FR_EX!G6 -> 0 | H6: =INTAVI_PA_IN!H6+INTAVI_PA_EX!H6+INTAVI_FR_IN!H6+INTAVI_FR_EX!H6 -> 0 | I6: =INTAVI_PA_IN!I6+INTAVI_PA_EX!I6+INTAVI_FR_IN!I6+INTAVI_FR_EX!I6 -> 0 | J6: =INTAVI_PA_IN!J6+INTAVI_PA_EX!J6+INTAVI_FR_IN!J6+INTAVI_FR_EX!J6 -> 0 | ... X6: =INTAVI_PA_IN!X6+INTAVI_PA_EX!X6+INTAVI_FR_IN!X6+INTAVI_FR_EX!X6 -> 0
A7: Other bituminous coal | B7: C0129 | C7: =INTAVI_PA_IN!C7+INTAVI_PA_EX!C7+INTAVI_FR_IN!C7+INTAVI_FR_EX!C7 -> 0 | D7: =INTAVI_PA_IN!D7+INTAVI_PA_EX!D7+INTAVI_FR_IN!D7+INTAVI_FR_EX!D7 -> 0 | E7: =INTAVI_PA_IN!E7+INTAVI_PA_EX!E7+INTAVI_FR_IN!E7+INTAVI_FR_EX!E7 -> 0 | F7: =INTAVI_PA_IN!F7+INTAVI_PA_EX!F7+INTAVI_FR_IN!F7+INTAVI_FR_EX!F7 -> 0 | G7: =INTAVI_PA_IN!G7+INTAVI_PA_EX!G7+INTAVI_FR_IN!G7+INTAVI_FR_EX!G7 -> 0 | H7: =INTAVI_PA_IN!H7+INTAVI_PA_EX!H7+INTAVI_FR_IN!H7+INTAVI_FR_EX!H7 -> 0 | I7: =INTAVI_PA_IN!I7+INTAVI_PA_EX!I7+INTAVI_FR_IN!I7+INTAVI_FR_EX!I7 -> 0 | J7: =INTAVI_PA_IN!J7+INTAVI_PA_EX!J7+INTAVI_FR_IN!J7+INTAVI_FR_EX!J7 -> 0 | ... X7: =INTAVI_PA_IN!X7+INTAVI_PA_EX!X7+INTAVI_FR_IN!X7+INTAVI_FR_EX!X7 -> 0
A8: Brown coal | B8: C0200 | C8: =SUM(C9:C10) -> 0 | D8: =SUM(D9:D10) -> 0 | E8: =SUM(E9:E10) -> 0 | F8: =SUM(F9:F10) -> 0 | G8: =SUM(G9:G10) -> 0 | H8: =SUM(H9:H10) -> 0 | I8: =SUM(I9:I10) -> 0 | J8: =SUM(J9:J10) -> 0 | ... X8: =SUM(X9:X10) -> 0
A9: Sub-bituminous coal | B9: C0210 | C9: =INTAVI_PA_IN!C9+INTAVI_PA_EX!C9+INTAVI_FR_IN!C9+INTAVI_FR_EX!C9 -> 0 | D9: =INTAVI_PA_IN!D9+INTAVI_PA_EX!D9+INTAVI_FR_IN!D9+INTAVI_FR_EX!D9 -> 0 | E9: =INTAVI_PA_IN!E9+INTAVI_PA_EX!E9+INTAVI_FR_IN!E9+INTAVI_FR_EX!E9 -> 0 | F9: =INTAVI_PA_IN!F9+INTAVI_PA_EX!F9+INTAVI_FR_IN!F9+INTAVI_FR_EX!F9 -> 0 | G9: =INTAVI_PA_IN!G9+INTAVI_PA_EX!G9+INTAVI_FR_IN!G9+INTAVI_FR_EX!G9 -> 0 | H9: =INTAVI_PA_IN!H9+INTAVI_PA_EX!H9+INTAVI_FR_IN!H9+INTAVI_FR_EX!H9 -> 0 | I9: =INTAVI_PA_IN!I9+INTAVI_PA_EX!I9+INTAVI_FR_IN!I9+INTAVI_FR_EX!I9 -> 0 | J9: =INTAVI_PA_IN!J9+INTAVI_PA_EX!J9+INTAVI_FR_IN!J9+INTAVI_FR_EX!J9 -> 0 | ... X9: =INTAVI_PA_IN!X9+INTAVI_PA_EX!X9+INTAVI_FR_IN!X9+INTAVI_FR_EX!X9 -> 0
A10: Lignite | B10: C0220 | C10: =INTAVI_PA_IN!C10+INTAVI_PA_EX!C10+INTAVI_FR_IN!C10+INTAVI_FR_EX!C10 -> 0 | D10: =INTAVI_PA_IN!D10+INTAVI_PA_EX!D10+INTAVI_FR_IN!D10+INTAVI_FR_EX!D10 -> 0 | E10: =INTAVI_PA_IN!E10+INTAVI_PA_EX!E10+INTAVI_FR_IN!E10+INTAVI_FR_EX!E10 -> 0 | F10: =INTAVI_PA_IN!F10+INTAVI_PA_EX!F10+INTAVI_FR_IN!F10+INTAVI_FR_EX!F10 -> 0 | G10: =INTAVI_PA_IN!G10+INTAVI_PA_EX!G10+INTAVI_FR_IN!G10+INTAVI_FR_EX!G10 -> 0 | H10: =INTAVI_PA_IN!H10+INTAVI_PA_EX!H10+INTAVI_FR_IN!H10+INTAVI_FR_EX!H10 -> 0 | I10: =INTAVI_PA_IN!I10+INTAVI_PA_EX!I10+INTAVI_FR_IN!I10+INTAVI_FR_EX!I10 -> 0 | J10: =INTAVI_PA_IN!J10+INTAVI_PA_EX!J10+INTAVI_FR_IN!J10+INTAVI_FR_EX!J10 -> 0 | ... X10: =INTAVI_PA_IN!X10+INTAVI_PA_EX!X10+INTAVI_FR_IN!X10+INTAVI_FR_EX!X10 -> 0
A11: Coal products | B11: C0300 | C11: =SUM(C12:C16) -> 0 | D11: =SUM(D12:D16) -> 0 | E11: =SUM(E12:E16) -> 0 | F11: =SUM(F12:F16) -> 0 | G11: =SUM(G12:G16) -> 0 | H11: =SUM(H12:H16) -> 0 | I11: =SUM(I12:I16) -> 0 | J11: =SUM(J12:J16) -> 0 | ... X11: =SUM(X12:X16) -> 0
A12: Patent fuel | B12: C0320 | C12: =INTAVI_PA_IN!C12+INTAVI_PA_EX!C12+INTAVI_FR_IN!C12+INTAVI_FR_EX!C12 -> 0 | D12: =INTAVI_PA_IN!D12+INTAVI_PA_EX!D12+INTAVI_FR_IN!D12+INTAVI_FR_EX!D12 -> 0 | E12: =INTAVI_PA_IN!E12+INTAVI_PA_EX!E12+INTAVI_FR_IN!E12+INTAVI_FR_EX!E12 -> 0 | F12: =INTAVI_PA_IN!F12+INTAVI_PA_EX!F12+INTAVI_FR_IN!F12+INTAVI_FR_EX!F12 -> 0 | G12: =INTAVI_PA_IN!G12+INTAVI_PA_EX!G12+INTAVI_FR_IN!G12+INTAVI_FR_EX!G12 -> 0 | H12: =INTAVI_PA_IN!H12+INTAVI_PA_EX!H12+INTAVI_FR_IN!H12+INTAVI_FR_EX!H12 -> 0 | I12: =INTAVI_PA_IN!I12+INTAVI_PA_EX!I12+INTAVI_FR_IN!I12+INTAVI_FR_EX!I12 -> 0 | J12: =INTAVI_PA_IN!J12+INTAVI_PA_EX!J12+INTAVI_FR_IN!J12+INTAVI_FR_EX!J12 -> 0 | ... X12: =INTAVI_PA_IN!X12+INTAVI_PA_EX!X12+INTAVI_FR_IN!X12+INTAVI_FR_EX!X12 -> 0
A13: Coke oven coke | B13: C0311 | C13: =INTAVI_PA_IN!C13+INTAVI_PA_EX!C13+INTAVI_FR_IN!C13+INTAVI_FR_EX!C13 -> 0 | D13: =INTAVI_PA_IN!D13+INTAVI_PA_EX!D13+INTAVI_FR_IN!D13+INTAVI_FR_EX!D13 -> 0 | E13: =INTAVI_PA_IN!E13+INTAVI_PA_EX!E13+INTAVI_FR_IN!E13+INTAVI_FR_EX!E13 -> 0 | F13: =INTAVI_PA_IN!F13+INTAVI_PA_EX!F13+INTAVI_FR_IN!F13+INTAVI_FR_EX!F13 -> 0 | G13: =INTAVI_PA_IN!G13+INTAVI_PA_EX!G13+INTAVI_FR_IN!G13+INTAVI_FR_EX!G13 -> 0 | H13: =INTAVI_PA_IN!H13+INTAVI_PA_EX!H13+INTAVI_FR_IN!H13+INTAVI_FR_EX!H13 -> 0 | I13: =INTAVI_PA_IN!I13+INTAVI_PA_EX!I13+INTAVI_FR_IN!I13+INTAVI_FR_EX!I13 -> 0 | J13: =INTAVI_PA_IN!J13+INTAVI_PA_EX!J13+INTAVI_FR_IN!J13+INTAVI_FR_EX!J13 -> 0 | ... X13: =INTAVI_PA_IN!X13+INTAVI_PA_EX!X13+INTAVI_FR_IN!X13+INTAVI_FR_EX!X13 -> 0
A14: Gas coke | B14: C0312 | C14: =INTAVI_PA_IN!C14+INTAVI_PA_EX!C14+INTAVI_FR_IN!C14+INTAVI_FR_EX!C14 -> 0 | D14: =INTAVI_PA_IN!D14+INTAVI_PA_EX!D14+INTAVI_FR_IN!D14+INTAVI_FR_EX!D14 -> 0 | E14: =INTAVI_PA_IN!E14+INTAVI_PA_EX!E14+INTAVI_FR_IN!E14+INTAVI_FR_EX!E14 -> 0 | F14: =INTAVI_PA_IN!F14+INTAVI_PA_EX!F14+INTAVI_FR_IN!F14+INTAVI_FR_EX!F14 -> 0 | G14: =INTAVI_PA_IN!G14+INTAVI_PA_EX!G14+INTAVI_FR_IN!G14+INTAVI_FR_EX!G14 -> 0 | H14: =INTAVI_PA_IN!H14+INTAVI_PA_EX!H14+INTAVI_FR_IN!H14+INTAVI_FR_EX!H14 -> 0 | I14: =INTAVI_PA_IN!I14+INTAVI_PA_EX!I14+INTAVI_FR_IN!I14+INTAVI_FR_EX!I14 -> 0 | J14: =INTAVI_PA_IN!J14+INTAVI_PA_EX!J14+INTAVI_FR_IN!J14+INTAVI_FR_EX!J14 -> 0 | ... X14: =INTAVI_PA_IN!X14+INTAVI_PA_EX!X14+INTAVI_FR_IN!X14+INTAVI_FR_EX!X14 -> 0
A15: Coal tar | B15: C0340 | C15: =INTAVI_PA_IN!C15+INTAVI_PA_EX!C15+INTAVI_FR_IN!C15+INTAVI_FR_EX!C15 -> 0 | D15: =INTAVI_PA_IN!D15+INTAVI_PA_EX!D15+INTAVI_FR_IN!D15+INTAVI_FR_EX!D15 -> 0 | E15: =INTAVI_PA_IN!E15+INTAVI_PA_EX!E15+INTAVI_FR_IN!E15+INTAVI_FR_EX!E15 -> 0 | F15: =INTAVI_PA_IN!F15+INTAVI_PA_EX!F15+INTAVI_FR_IN!F15+INTAVI_FR_EX!F15 -> 0 | G15: =INTAVI_PA_IN!G15+INTAVI_PA_EX!G15+INTAVI_FR_IN!G15+INTAVI_FR_EX!G15 -> 0 | H15: =INTAVI_PA_IN!H15+INTAVI_PA_EX!H15+INTAVI_FR_IN!H15+INTAVI_FR_EX!H15 -> 0 | I15: =INTAVI_PA_IN!I15+INTAVI_PA_EX!I15+INTAVI_FR_IN!I15+INTAVI_FR_EX!I15 -> 0 | J15: =INTAVI_PA_IN!J15+INTAVI_PA_EX!J15+INTAVI_FR_IN!J15+INTAVI_FR_EX!J15 -> 0 | ... X15: =INTAVI_PA_IN!X15+INTAVI_PA_EX!X15+INTAVI_FR_IN!X15+INTAVI_FR_EX!X15 -> 0
A16: Brown coal briquettes | B16: C0330 | C16: =INTAVI_PA_IN!C16+INTAVI_PA_EX!C16+INTAVI_FR_IN!C16+INTAVI_FR_EX!C16 -> 0 | D16: =INTAVI_PA_IN!D16+INTAVI_PA_EX!D16+INTAVI_FR_IN!D16+INTAVI_FR_EX!D16 -> 0 | E16: =INTAVI_PA_IN!E16+INTAVI_PA_EX!E16+INTAVI_FR_IN!E16+INTAVI_FR_EX!E16 -> 0 | F16: =INTAVI_PA_IN!F16+INTAVI_PA_EX!F16+INTAVI_FR_IN!F16+INTAVI_FR_EX!F16 -> 0 | G16: =INTAVI_PA_IN!G16+INTAVI_PA_EX!G16+INTAVI_FR_IN!G16+INTAVI_FR_EX!G16 -> 0 | H16: =INTAVI_PA_IN!H16+INTAVI_PA_EX!H16+INTAVI_FR_IN!H16+INTAVI_FR_EX!H16 -> 0 | I16: =INTAVI_PA_IN!I16+INTAVI_PA_EX!I16+INTAVI_FR_IN!I16+INTAVI_FR_EX!I16 -> 0 | J16: =INTAVI_PA_IN!J16+INTAVI_PA_EX!J16+INTAVI_FR_IN!J16+INTAVI_FR_EX!J16 -> 0 | ... X16: =INTAVI_PA_IN!X16+INTAVI_PA_EX!X16+INTAVI_FR_IN!X16+INTAVI_FR_EX!X16 -> 0
A17: Manufactured gases | B17: C0350-0370 | C17: =SUM(C18:C21) -> 0 | D17: =SUM(D18:D21) -> 0 | E17: =SUM(E18:E21) -> 0 | F17: =SUM(F18:F21) -> 0 | G17: =SUM(G18:G21) -> 0 | H17: =SUM(H18:H21) -> 0 | I17: =SUM(I18:I21) -> 0 | J17: =SUM(J18:J21) -> 0 | ... X17: =SUM(X18:X21) -> 0
A18: Gas works gas | B18: C0360 | C18: =INTAVI_PA_IN!C18+INTAVI_PA_EX!C18+INTAVI_FR_IN!C18+INTAVI_FR_EX!C18 -> 0 | D18: =INTAVI_PA_IN!D18+INTAVI_PA_EX!D18+INTAVI_FR_IN!D18+INTAVI_FR_EX!D18 -> 0 | E18: =INTAVI_PA_IN!E18+INTAVI_PA_EX!E18+INTAVI_FR_IN!E18+INTAVI_FR_EX!E18 -> 0 | F18: =INTAVI_PA_IN!F18+INTAVI_PA_EX!F18+INTAVI_FR_IN!F18+INTAVI_FR_EX!F18 -> 0 | G18: =INTAVI_PA_IN!G18+INTAVI_PA_EX!G18+INTAVI_FR_IN!G18+INTAVI_FR_EX!G18 -> 0 | H18: =INTAVI_PA_IN!H18+INTAVI_PA_EX!H18+INTAVI_FR_IN!H18+INTAVI_FR_EX!H18 -> 0 | I18: =INTAVI_PA_IN!I18+INTAVI_PA_EX!I18+INTAVI_FR_IN!I18+INTAVI_FR_EX!I18 -> 0 | J18: =INTAVI_PA_IN!J18+INTAVI_PA_EX!J18+INTAVI_FR_IN!J18+INTAVI_FR_EX!J18 -> 0 | ... X18: =INTAVI_PA_IN!X18+INTAVI_PA_EX!X18+INTAVI_FR_IN!X18+INTAVI_FR_EX!X18 -> 0
A19: Coke oven gas | B19: C0350 | C19: =INTAVI_PA_IN!C19+INTAVI_PA_EX!C19+INTAVI_FR_IN!C19+INTAVI_FR_EX!C19 -> 0 | D19: =INTAVI_PA_IN!D19+INTAVI_PA_EX!D19+INTAVI_FR_IN!D19+INTAVI_FR_EX!D19 -> 0 | E19: =INTAVI_PA_IN!E19+INTAVI_PA_EX!E19+INTAVI_FR_IN!E19+INTAVI_FR_EX!E19 -> 0 | F19: =INTAVI_PA_IN!F19+INTAVI_PA_EX!F19+INTAVI_FR_IN!F19+INTAVI_FR_EX!F19 -> 0 | G19: =INTAVI_PA_IN!G19+INTAVI_PA_EX!G19+INTAVI_FR_IN!G19+INTAVI_FR_EX!G19 -> 0 | H19: =INTAVI_PA_IN!H19+INTAVI_PA_EX!H19+INTAVI_FR_IN!H19+INTAVI_FR_EX!H19 -> 0 | I19: =INTAVI_PA_IN!I19+INTAVI_PA_EX!I19+INTAVI_FR_IN!I19+INTAVI_FR_EX!I19 -> 0 | J19: =INTAVI_PA_IN!J19+INTAVI_PA_EX!J19+INTAVI_FR_IN!J19+INTAVI_FR_EX!J19 -> 0 | ... X19: =INTAVI_PA_IN!X19+INTAVI_PA_EX!X19+INTAVI_FR_IN!X19+INTAVI_FR_EX!X19 -> 0
A20: Blast furnace gas | B20: C0371 | C20: =INTAVI_PA_IN!C20+INTAVI_PA_EX!C20+INTAVI_FR_IN!C20+INTAVI_FR_EX!C20 -> 0 | D20: =INTAVI_PA_IN!D20+INTAVI_PA_EX!D20+INTAVI_FR_IN!D20+INTAVI_FR_EX!D20 -> 0 | E20: =INTAVI_PA_IN!E20+INTAVI_PA_EX!E20+INTAVI_FR_IN!E20+INTAVI_FR_EX!E20 -> 0 | F20: =INTAVI_PA_IN!F20+INTAVI_PA_EX!F20+INTAVI_FR_IN!F20+INTAVI_FR_EX!F20 -> 0 | G20: =INTAVI_PA_IN!G20+INTAVI_PA_EX!G20+INTAVI_FR_IN!G20+INTAVI_FR_EX!G20 -> 0 | H20: =INTAVI_PA_IN!H20+INTAVI_PA_EX!H20+INTAVI_FR_IN!H20+INTAVI_FR_EX!H20 -> 0 | I20: =INTAVI_PA_IN!I20+INTAVI_PA_EX!I20+INTAVI_FR_IN!I20+INTAVI_FR_EX!I20 -> 0 | J20: =INTAVI_PA_IN!J20+INTAVI_PA_EX!J20+INTAVI_FR_IN!J20+INTAVI_FR_EX!J20 -> 0 | ... X20: =INTAVI_PA_IN!X20+INTAVI_PA_EX!X20+INTAVI_FR_IN!X20+INTAVI_FR_EX!X20 -> 0
A21: Other recovered gases | B21: C0379 | C21: =INTAVI_PA_IN!C21+INTAVI_PA_EX!C21+INTAVI_FR_IN!C21+INTAVI_FR_EX!C21 -> 0 | D21: =INTAVI_PA_IN!D21+INTAVI_PA_EX!D21+INTAVI_FR_IN!D21+INTAVI_FR_EX!D21 -> 0 | E21: =INTAVI_PA_IN!E21+INTAVI_PA_EX!E21+INTAVI_FR_IN!E21+INTAVI_FR_EX!E21 -> 0 | F21: =INTAVI_PA_IN!F21+INTAVI_PA_EX!F21+INTAVI_FR_IN!F21+INTAVI_FR_EX!F21 -> 0 | G21: =INTAVI_PA_IN!G21+INTAVI_PA_EX!G21+INTAVI_FR_IN!G21+INTAVI_FR_EX!G21 -> 0 | H21: =INTAVI_PA_IN!H21+INTAVI_PA_EX!H21+INTAVI_FR_IN!H21+INTAVI_FR_EX!H21 -> 0 | I21: =INTAVI_PA_IN!I21+INTAVI_PA_EX!I21+INTAVI_FR_IN!I21+INTAVI_FR_EX!I21 -> 0 | J21: =INTAVI_PA_IN!J21+INTAVI_PA_EX!J21+INTAVI_FR_IN!J21+INTAVI_FR_EX!J21 -> 0 | ... X21: =INTAVI_PA_IN!X21+INTAVI_PA_EX!X21+INTAVI_FR_IN!X21+INTAVI_FR_EX!X21 -> 0
A22: Peat and peat products | B22: P1000 | C22: =SUM(C23:C24) -> 0 | D22: =SUM(D23:D24) -> 0 | E22: =SUM(E23:E24) -> 0 | F22: =SUM(F23:F24) -> 0 | G22: =SUM(G23:G24) -> 0 | H22: =SUM(H23:H24) -> 0 | I22: =SUM(I23:I24) -> 0 | J22: =SUM(J23:J24) -> 0 | ... X22: =SUM(X23:X24) -> 0
A23: Peat | B23: P1100 | C23: =INTAVI_PA_IN!C23+INTAVI_PA_EX!C23+INTAVI_FR_IN!C23+INTAVI_FR_EX!C23 -> 0 | D23: =INTAVI_PA_IN!D23+INTAVI_PA_EX!D23+INTAVI_FR_IN!D23+INTAVI_FR_EX!D23 -> 0 | E23: =INTAVI_PA_IN!E23+INTAVI_PA_EX!E23+INTAVI_FR_IN!E23+INTAVI_FR_EX!E23 -> 0 | F23: =INTAVI_PA_IN!F23+INTAVI_PA_EX!F23+INTAVI_FR_IN!F23+INTAVI_FR_EX!F23 -> 0 | G23: =INTAVI_PA_IN!G23+INTAVI_PA_EX!G23+INTAVI_FR_IN!G23+INTAVI_FR_EX!G23 -> 0 | H23: =INTAVI_PA_IN!H23+INTAVI_PA_EX!H23+INTAVI_FR_IN!H23+INTAVI_FR_EX!H23 -> 0 | I23: =INTAVI_PA_IN!I23+INTAVI_PA_EX!I23+INTAVI_FR_IN!I23+INTAVI_FR_EX!I23 -> 0 | J23: =INTAVI_PA_IN!J23+INTAVI_PA_EX!J23+INTAVI_FR_IN!J23+INTAVI_FR_EX!J23 -> 0 | ... X23: =INTAVI_PA_IN!X23+INTAVI_PA_EX!X23+INTAVI_FR_IN!X23+INTAVI_FR_EX!X23 -> 0
A24: Peat products | B24: P1200 | C24: =INTAVI_PA_IN!C24+INTAVI_PA_EX!C24+INTAVI_FR_IN!C24+INTAVI_FR_EX!C24 -> 0 | D24: =INTAVI_PA_IN!D24+INTAVI_PA_EX!D24+INTAVI_FR_IN!D24+INTAVI_FR_EX!D24 -> 0 | E24: =INTAVI_PA_IN!E24+INTAVI_PA_EX!E24+INTAVI_FR_IN!E24+INTAVI_FR_EX!E24 -> 0 | F24: =INTAVI_PA_IN!F24+INTAVI_PA_EX!F24+INTAVI_FR_IN!F24+INTAVI_FR_EX!F24 -> 0 | G24: =INTAVI_PA_IN!G24+INTAVI_PA_EX!G24+INTAVI_FR_IN!G24+INTAVI_FR_EX!G24 -> 0 | H24: =INTAVI_PA_IN!H24+INTAVI_PA_EX!H24+INTAVI_FR_IN!H24+INTAVI_FR_EX!H24 -> 0 | I24: =INTAVI_PA_IN!I24+INTAVI_PA_EX!I24+INTAVI_FR_IN!I24+INTAVI_FR_EX!I24 -> 0 | J24: =INTAVI_PA_IN!J24+INTAVI_PA_EX!J24+INTAVI_FR_IN!J24+INTAVI_FR_EX!J24 -> 0 | ... X24: =INTAVI_PA_IN!X24+INTAVI_PA_EX!X24+INTAVI_FR_IN!X24+INTAVI_FR_EX!X24 -> 0
A25: Oil shale and oil sands | B25: S2000 | C25: =INTAVI_PA_IN!C25+INTAVI_PA_EX!C25+INTAVI_FR_IN!C25+INTAVI_FR_EX!C25 -> 0 | D25: =INTAVI_PA_IN!D25+INTAVI_PA_EX!D25+INTAVI_FR_IN!D25+INTAVI_FR_EX!D25 -> 0 | E25: =INTAVI_PA_IN!E25+INTAVI_PA_EX!E25+INTAVI_FR_IN!E25+INTAVI_FR_EX!E25 -> 0 | F25: =INTAVI_PA_IN!F25+INTAVI_PA_EX!F25+INTAVI_FR_IN!F25+INTAVI_FR_EX!F25 -> 0 | G25: =INTAVI_PA_IN!G25+INTAVI_PA_EX!G25+INTAVI_FR_IN!G25+INTAVI_FR_EX!G25 -> 0 | H25: =INTAVI_PA_IN!H25+INTAVI_PA_EX!H25+INTAVI_FR_IN!H25+INTAVI_FR_EX!H25 -> 0 | I25: =INTAVI_PA_IN!I25+INTAVI_PA_EX!I25+INTAVI_FR_IN!I25+INTAVI_FR_EX!I25 -> 0 | J25: =INTAVI_PA_IN!J25+INTAVI_PA_EX!J25+INTAVI_FR_IN!J25+INTAVI_FR_EX!J25 -> 0 | ... X25: =INTAVI_PA_IN!X25+INTAVI_PA_EX!X25+INTAVI_FR_IN!X25+INTAVI_FR_EX!X25 -> 0
A26: Oil and petroleum products | B26: O4000XBIO | C26: =SUM(C27,C33) -> 722.6609 | D26: =SUM(D27,D33) -> 678.40945 | E26: =SUM(E27,E33) -> 640.35997 | F26: =SUM(F27,F33) -> 627.67681 | G26: =SUM(G27,G33) -> 679.15958 | H26: =SUM(H27,H33) -> 784.41462 | I26: =SUM(I27,I33) -> 797.2272 | J26: =SUM(J27,J33) -> 730.79151 | ... X26: =SUM(X27,X33) -> 370.66742
A27: Crude oil, NGL, refinery feedstocks, additives and oxygenates and other hydrocarbons (excluding biofuel portion) | B27: O4100_TOT_4200-4500XBIO | C27: =SUM(C28:C32) -> 0 | D27: =SUM(D28:D32) -> 0 | E27: =SUM(E28:E32) -> 0 | F27: =SUM(F28:F32) -> 0 | G27: =SUM(G28:G32) -> 0 | H27: =SUM(H28:H32) -> 0 | I27: =SUM(I28:I32) -> 0 | J27: =SUM(J28:J32) -> 0 | ... X27: =SUM(X28:X32) -> 0
A28: Crude oil | B28: O4100_TOT | C28: =INTAVI_PA_IN!C28+INTAVI_PA_EX!C28+INTAVI_FR_IN!C28+INTAVI_FR_EX!C28 -> 0 | D28: =INTAVI_PA_IN!D28+INTAVI_PA_EX!D28+INTAVI_FR_IN!D28+INTAVI_FR_EX!D28 -> 0 | E28: =INTAVI_PA_IN!E28+INTAVI_PA_EX!E28+INTAVI_FR_IN!E28+INTAVI_FR_EX!E28 -> 0 | F28: =INTAVI_PA_IN!F28+INTAVI_PA_EX!F28+INTAVI_FR_IN!F28+INTAVI_FR_EX!F28 -> 0 | G28: =INTAVI_PA_IN!G28+INTAVI_PA_EX!G28+INTAVI_FR_IN!G28+INTAVI_FR_EX!G28 -> 0 | H28: =INTAVI_PA_IN!H28+INTAVI_PA_EX!H28+INTAVI_FR_IN!H28+INTAVI_FR_EX!H28 -> 0 | I28: =INTAVI_PA_IN!I28+INTAVI_PA_EX!I28+INTAVI_FR_IN!I28+INTAVI_FR_EX!I28 -> 0 | J28: =INTAVI_PA_IN!J28+INTAVI_PA_EX!J28+INTAVI_FR_IN!J28+INTAVI_FR_EX!J28 -> 0 | ... X28: =INTAVI_PA_IN!X28+INTAVI_PA_EX!X28+INTAVI_FR_IN!X28+INTAVI_FR_EX!X28 -> 0
A29: Natural gas liquids | B29: O4200 | C29: =INTAVI_PA_IN!C29+INTAVI_PA_EX!C29+INTAVI_FR_IN!C29+INTAVI_FR_EX!C29 -> 0 | D29: =INTAVI_PA_IN!D29+INTAVI_PA_EX!D29+INTAVI_FR_IN!D29+INTAVI_FR_EX!D29 -> 0 | E29: =INTAVI_PA_IN!E29+INTAVI_PA_EX!E29+INTAVI_FR_IN!E29+INTAVI_FR_EX!E29 -> 0 | F29: =INTAVI_PA_IN!F29+INTAVI_PA_EX!F29+INTAVI_FR_IN!F29+INTAVI_FR_EX!F29 -> 0 | G29: =INTAVI_PA_IN!G29+INTAVI_PA_EX!G29+INTAVI_FR_IN!G29+INTAVI_FR_EX!G29 -> 0 | H29: =INTAVI_PA_IN!H29+INTAVI_PA_EX!H29+INTAVI_FR_IN!H29+INTAVI_FR_EX!H29 -> 0 | I29: =INTAVI_PA_IN!I29+INTAVI_PA_EX!I29+INTAVI_FR_IN!I29+INTAVI_FR_EX!I29 -> 0 | J29: =INTAVI_PA_IN!J29+INTAVI_PA_EX!J29+INTAVI_FR_IN!J29+INTAVI_FR_EX!J29 -> 0 | ... X29: =INTAVI_PA_IN!X29+INTAVI_PA_EX!X29+INTAVI_FR_IN!X29+INTAVI_FR_EX!X29 -> 0
A30: Refinery feedstocks | B30: O4300 | C30: =INTAVI_PA_IN!C30+INTAVI_PA_EX!C30+INTAVI_FR_IN!C30+INTAVI_FR_EX!C30 -> 0 | D30: =INTAVI_PA_IN!D30+INTAVI_PA_EX!D30+INTAVI_FR_IN!D30+INTAVI_FR_EX!D30 -> 0 | E30: =INTAVI_PA_IN!E30+INTAVI_PA_EX!E30+INTAVI_FR_IN!E30+INTAVI_FR_EX!E30 -> 0 | F30: =INTAVI_PA_IN!F30+INTAVI_PA_EX!F30+INTAVI_FR_IN!F30+INTAVI_FR_EX!F30 -> 0 | G30: =INTAVI_PA_IN!G30+INTAVI_PA_EX!G30+INTAVI_FR_IN!G30+INTAVI_FR_EX!G30 -> 0 | H30: =INTAVI_PA_IN!H30+INTAVI_PA_EX!H30+INTAVI_FR_IN!H30+INTAVI_FR_EX!H30 -> 0 | I30: =INTAVI_PA_IN!I30+INTAVI_PA_EX!I30+INTAVI_FR_IN!I30+INTAVI_FR_EX!I30 -> 0 | J30: =INTAVI_PA_IN!J30+INTAVI_PA_EX!J30+INTAVI_FR_IN!J30+INTAVI_FR_EX!J30 -> 0 | ... X30: =INTAVI_PA_IN!X30+INTAVI_PA_EX!X30+INTAVI_FR_IN!X30+INTAVI_FR_EX!X30 -> 0
A31: Additives and oxygenates (excluding biofuel portion) | B31: O4400X4410 | C31: =INTAVI_PA_IN!C31+INTAVI_PA_EX!C31+INTAVI_FR_IN!C31+INTAVI_FR_EX!C31 -> 0 | D31: =INTAVI_PA_IN!D31+INTAVI_PA_EX!D31+INTAVI_FR_IN!D31+INTAVI_FR_EX!D31 -> 0 | E31: =INTAVI_PA_IN!E31+INTAVI_PA_EX!E31+INTAVI_FR_IN!E31+INTAVI_FR_EX!E31 -> 0 | F31: =INTAVI_PA_IN!F31+INTAVI_PA_EX!F31+INTAVI_FR_IN!F31+INTAVI_FR_EX!F31 -> 0 | G31: =INTAVI_PA_IN!G31+INTAVI_PA_EX!G31+INTAVI_FR_IN!G31+INTAVI_FR_EX!G31 -> 0 | H31: =INTAVI_PA_IN!H31+INTAVI_PA_EX!H31+INTAVI_FR_IN!H31+INTAVI_FR_EX!H31 -> 0 | I31: =INTAVI_PA_IN!I31+INTAVI_PA_EX!I31+INTAVI_FR_IN!I31+INTAVI_FR_EX!I31 -> 0 | J31: =INTAVI_PA_IN!J31+INTAVI_PA_EX!J31+INTAVI_FR_IN!J31+INTAVI_FR_EX!J31 -> 0 | ... X31: =INTAVI_PA_IN!X31+INTAVI_PA_EX!X31+INTAVI_FR_IN!X31+INTAVI_FR_EX!X31 -> 0
A32: Other hydrocarbons | B32: O4500 | C32: =INTAVI_PA_IN!C32+INTAVI_PA_EX!C32+INTAVI_FR_IN!C32+INTAVI_FR_EX!C32 -> 0 | D32: =INTAVI_PA_IN!D32+INTAVI_PA_EX!D32+INTAVI_FR_IN!D32+INTAVI_FR_EX!D32 -> 0 | E32: =INTAVI_PA_IN!E32+INTAVI_PA_EX!E32+INTAVI_FR_IN!E32+INTAVI_FR_EX!E32 -> 0 | F32: =INTAVI_PA_IN!F32+INTAVI_PA_EX!F32+INTAVI_FR_IN!F32+INTAVI_FR_EX!F32 -> 0 | G32: =INTAVI_PA_IN!G32+INTAVI_PA_EX!G32+INTAVI_FR_IN!G32+INTAVI_FR_EX!G32 -> 0 | H32: =INTAVI_PA_IN!H32+INTAVI_PA_EX!H32+INTAVI_FR_IN!H32+INTAVI_FR_EX!H32 -> 0 | I32: =INTAVI_PA_IN!I32+INTAVI_PA_EX!I32+INTAVI_FR_IN!I32+INTAVI_FR_EX!I32 -> 0 | J32: =INTAVI_PA_IN!J32+INTAVI_PA_EX!J32+INTAVI_FR_IN!J32+INTAVI_FR_EX!J32 -> 0 | ... X32: =INTAVI_PA_IN!X32+INTAVI_PA_EX!X32+INTAVI_FR_IN!X32+INTAVI_FR_EX!X32 -> 0
A33: Oil products (excluding biofuel portion) | B33: O4600XBIO | C33: =SUM(C34:C50) -> 722.6609 | D33: =SUM(D34:D50) -> 678.40945 | E33: =SUM(E34:E50) -> 640.35997 | F33: =SUM(F34:F50) -> 627.67681 | G33: =SUM(G34:G50) -> 679.15958 | H33: =SUM(H34:H50) -> 784.41462 | I33: =SUM(I34:I50) -> 797.2272 | J33: =SUM(J34:J50) -> 730.79151 | ... X33: =SUM(X34:X50) -> 370.66742
A34: Refinery gas | B34: O4610 | C34: =INTAVI_PA_IN!C34+INTAVI_PA_EX!C34+INTAVI_FR_IN!C34+INTAVI_FR_EX!C34 -> 0 | D34: =INTAVI_PA_IN!D34+INTAVI_PA_EX!D34+INTAVI_FR_IN!D34+INTAVI_FR_EX!D34 -> 0 | E34: =INTAVI_PA_IN!E34+INTAVI_PA_EX!E34+INTAVI_FR_IN!E34+INTAVI_FR_EX!E34 -> 0 | F34: =INTAVI_PA_IN!F34+INTAVI_PA_EX!F34+INTAVI_FR_IN!F34+INTAVI_FR_EX!F34 -> 0 | G34: =INTAVI_PA_IN!G34+INTAVI_PA_EX!G34+INTAVI_FR_IN!G34+INTAVI_FR_EX!G34 -> 0 | H34: =INTAVI_PA_IN!H34+INTAVI_PA_EX!H34+INTAVI_FR_IN!H34+INTAVI_FR_EX!H34 -> 0 | I34: =INTAVI_PA_IN!I34+INTAVI_PA_EX!I34+INTAVI_FR_IN!I34+INTAVI_FR_EX!I34 -> 0 | J34: =INTAVI_PA_IN!J34+INTAVI_PA_EX!J34+INTAVI_FR_IN!J34+INTAVI_FR_EX!J34 -> 0 | ... X34: =INTAVI_PA_IN!X34+INTAVI_PA_EX!X34+INTAVI_FR_IN!X34+INTAVI_FR_EX!X34 -> 0
A35: Ethane | B35: O4620 | C35: =INTAVI_PA_IN!C35+INTAVI_PA_EX!C35+INTAVI_FR_IN!C35+INTAVI_FR_EX!C35 -> 0 | D35: =INTAVI_PA_IN!D35+INTAVI_PA_EX!D35+INTAVI_FR_IN!D35+INTAVI_FR_EX!D35 -> 0 | E35: =INTAVI_PA_IN!E35+INTAVI_PA_EX!E35+INTAVI_FR_IN!E35+INTAVI_FR_EX!E35 -> 0 | F35: =INTAVI_PA_IN!F35+INTAVI_PA_EX!F35+INTAVI_FR_IN!F35+INTAVI_FR_EX!F35 -> 0 | G35: =INTAVI_PA_IN!G35+INTAVI_PA_EX!G35+INTAVI_FR_IN!G35+INTAVI_FR_EX!G35 -> 0 | H35: =INTAVI_PA_IN!H35+INTAVI_PA_EX!H35+INTAVI_FR_IN!H35+INTAVI_FR_EX!H35 -> 0 | I35: =INTAVI_PA_IN!I35+INTAVI_PA_EX!I35+INTAVI_FR_IN!I35+INTAVI_FR_EX!I35 -> 0 | J35: =INTAVI_PA_IN!J35+INTAVI_PA_EX!J35+INTAVI_FR_IN!J35+INTAVI_FR_EX!J35 -> 0 | ... X35: =INTAVI_PA_IN!X35+INTAVI_PA_EX!X35+INTAVI_FR_IN!X35+INTAVI_FR_EX!X35 -> 0
A36: Liquefied petroleum gases | B36: O4630 | C36: =INTAVI_PA_IN!C36+INTAVI_PA_EX!C36+INTAVI_FR_IN!C36+INTAVI_FR_EX!C36 -> 0 | D36: =INTAVI_PA_IN!D36+INTAVI_PA_EX!D36+INTAVI_FR_IN!D36+INTAVI_FR_EX!D36 -> 0 | E36: =INTAVI_PA_IN!E36+INTAVI_PA_EX!E36+INTAVI_FR_IN!E36+INTAVI_FR_EX!E36 -> 0 | F36: =INTAVI_PA_IN!F36+INTAVI_PA_EX!F36+INTAVI_FR_IN!F36+INTAVI_FR_EX!F36 -> 0 | G36: =INTAVI_PA_IN!G36+INTAVI_PA_EX!G36+INTAVI_FR_IN!G36+INTAVI_FR_EX!G36 -> 0 | H36: =INTAVI_PA_IN!H36+INTAVI_PA_EX!H36+INTAVI_FR_IN!H36+INTAVI_FR_EX!H36 -> 0 | I36: =INTAVI_PA_IN!I36+INTAVI_PA_EX!I36+INTAVI_FR_IN!I36+INTAVI_FR_EX!I36 -> 0 | J36: =INTAVI_PA_IN!J36+INTAVI_PA_EX!J36+INTAVI_FR_IN!J36+INTAVI_FR_EX!J36 -> 0 | ... X36: =INTAVI_PA_IN!X36+INTAVI_PA_EX!X36+INTAVI_FR_IN!X36+INTAVI_FR_EX!X36 -> 0
A37: Motor gasoline (excluding biofuel portion) | B37: O4652XR5210B | C37: =INTAVI_PA_IN!C37+INTAVI_PA_EX!C37+INTAVI_FR_IN!C37+INTAVI_FR_EX!C37 -> 0 | D37: =INTAVI_PA_IN!D37+INTAVI_PA_EX!D37+INTAVI_FR_IN!D37+INTAVI_FR_EX!D37 -> 0 | E37: =INTAVI_PA_IN!E37+INTAVI_PA_EX!E37+INTAVI_FR_IN!E37+INTAVI_FR_EX!E37 -> 0 | F37: =INTAVI_PA_IN!F37+INTAVI_PA_EX!F37+INTAVI_FR_IN!F37+INTAVI_FR_EX!F37 -> 0 | G37: =INTAVI_PA_IN!G37+INTAVI_PA_EX!G37+INTAVI_FR_IN!G37+INTAVI_FR_EX!G37 -> 0 | H37: =INTAVI_PA_IN!H37+INTAVI_PA_EX!H37+INTAVI_FR_IN!H37+INTAVI_FR_EX!H37 -> 0 | I37: =INTAVI_PA_IN!I37+INTAVI_PA_EX!I37+INTAVI_FR_IN!I37+INTAVI_FR_EX!I37 -> 0 | J37: =INTAVI_PA_IN!J37+INTAVI_PA_EX!J37+INTAVI_FR_IN!J37+INTAVI_FR_EX!J37 -> 0 | ... X37: =INTAVI_PA_IN!X37+INTAVI_PA_EX!X37+INTAVI_FR_IN!X37+INTAVI_FR_EX!X37 -> 0
A38: Aviation gasoline | B38: O4651 | C38: =INTAVI_PA_IN!C38+INTAVI_PA_EX!C38+INTAVI_FR_IN!C38+INTAVI_FR_EX!C38 -> 12.403944 | D38: =INTAVI_PA_IN!D38+INTAVI_PA_EX!D38+INTAVI_FR_IN!D38+INTAVI_FR_EX!D38 -> 6.201972 | E38: =INTAVI_PA_IN!E38+INTAVI_PA_EX!E38+INTAVI_FR_IN!E38+INTAVI_FR_EX!E38 -> 6.201972 | F38: =INTAVI_PA_IN!F38+INTAVI_PA_EX!F38+INTAVI_FR_IN!F38+INTAVI_FR_EX!F38 -> 6.201972 | G38: =INTAVI_PA_IN!G38+INTAVI_PA_EX!G38+INTAVI_FR_IN!G38+INTAVI_FR_EX!G38 -> 2.940084 | H38: =INTAVI_PA_IN!H38+INTAVI_PA_EX!H38+INTAVI_FR_IN!H38+INTAVI_FR_EX!H38 -> 0 | I38: =INTAVI_PA_IN!I38+INTAVI_PA_EX!I38+INTAVI_FR_IN!I38+INTAVI_FR_EX!I38 -> 0 | J38: =INTAVI_PA_IN!J38+INTAVI_PA_EX!J38+INTAVI_FR_IN!J38+INTAVI_FR_EX!J38 -> 0 | ... X38: =INTAVI_PA_IN!X38+INTAVI_PA_EX!X38+INTAVI_FR_IN!X38+INTAVI_FR_EX!X38 -> 0
A39: Gasoline-type jet fuel | B39: O4653 | C39: =INTAVI_PA_IN!C39+INTAVI_PA_EX!C39+INTAVI_FR_IN!C39+INTAVI_FR_EX!C39 -> 0 | D39: =INTAVI_PA_IN!D39+INTAVI_PA_EX!D39+INTAVI_FR_IN!D39+INTAVI_FR_EX!D39 -> 0 | E39: =INTAVI_PA_IN!E39+INTAVI_PA_EX!E39+INTAVI_FR_IN!E39+INTAVI_FR_EX!E39 -> 0 | F39: =INTAVI_PA_IN!F39+INTAVI_PA_EX!F39+INTAVI_FR_IN!F39+INTAVI_FR_EX!F39 -> 0 | G39: =INTAVI_PA_IN!G39+INTAVI_PA_EX!G39+INTAVI_FR_IN!G39+INTAVI_FR_EX!G39 -> 0 | H39: =INTAVI_PA_IN!H39+INTAVI_PA_EX!H39+INTAVI_FR_IN!H39+INTAVI_FR_EX!H39 -> 0 | I39: =INTAVI_PA_IN!I39+INTAVI_PA_EX!I39+INTAVI_FR_IN!I39+INTAVI_FR_EX!I39 -> 0 | J39: =INTAVI_PA_IN!J39+INTAVI_PA_EX!J39+INTAVI_FR_IN!J39+INTAVI_FR_EX!J39 -> 0 | ... X39: =INTAVI_PA_IN!X39+INTAVI_PA_EX!X39+INTAVI_FR_IN!X39+INTAVI_FR_EX!X39 -> 0
A40: Kerosene-type jet fuel (excluding biofuel portion) | B40: O4661XR5230B | C40: =INTAVI_PA_IN!C40+INTAVI_PA_EX!C40+INTAVI_FR_IN!C40+INTAVI_FR_EX!C40 -> 710.25696 | D40: =INTAVI_PA_IN!D40+INTAVI_PA_EX!D40+INTAVI_FR_IN!D40+INTAVI_FR_EX!D40 -> 672.20748 | E40: =INTAVI_PA_IN!E40+INTAVI_PA_EX!E40+INTAVI_FR_IN!E40+INTAVI_FR_EX!E40 -> 634.158 | F40: =INTAVI_PA_IN!F40+INTAVI_PA_EX!F40+INTAVI_FR_IN!F40+INTAVI_FR_EX!F40 -> 621.47484 | G40: =INTAVI_PA_IN!G40+INTAVI_PA_EX!G40+INTAVI_FR_IN!G40+INTAVI_FR_EX!G40 -> 676.2195 | H40: =INTAVI_PA_IN!H40+INTAVI_PA_EX!H40+INTAVI_FR_IN!H40+INTAVI_FR_EX!H40 -> 784.41462 | I40: =INTAVI_PA_IN!I40+INTAVI_PA_EX!I40+INTAVI_FR_IN!I40+INTAVI_FR_EX!I40 -> 797.2272 | J40: =INTAVI_PA_IN!J40+INTAVI_PA_EX!J40+INTAVI_FR_IN!J40+INTAVI_FR_EX!J40 -> 730.79151 | ... X40: =INTAVI_PA_IN!X40+INTAVI_PA_EX!X40+INTAVI_FR_IN!X40+INTAVI_FR_EX!X40 -> 370.66742
A41: Other kerosene | B41: O4669 | C41: =INTAVI_PA_IN!C41+INTAVI_PA_EX!C41+INTAVI_FR_IN!C41+INTAVI_FR_EX!C41 -> 0 | D41: =INTAVI_PA_IN!D41+INTAVI_PA_EX!D41+INTAVI_FR_IN!D41+INTAVI_FR_EX!D41 -> 0 | E41: =INTAVI_PA_IN!E41+INTAVI_PA_EX!E41+INTAVI_FR_IN!E41+INTAVI_FR_EX!E41 -> 0 | F41: =INTAVI_PA_IN!F41+INTAVI_PA_EX!F41+INTAVI_FR_IN!F41+INTAVI_FR_EX!F41 -> 0 | G41: =INTAVI_PA_IN!G41+INTAVI_PA_EX!G41+INTAVI_FR_IN!G41+INTAVI_FR_EX!G41 -> 0 | H41: =INTAVI_PA_IN!H41+INTAVI_PA_EX!H41+INTAVI_FR_IN!H41+INTAVI_FR_EX!H41 -> 0 | I41: =INTAVI_PA_IN!I41+INTAVI_PA_EX!I41+INTAVI_FR_IN!I41+INTAVI_FR_EX!I41 -> 0 | J41: =INTAVI_PA_IN!J41+INTAVI_PA_EX!J41+INTAVI_FR_IN!J41+INTAVI_FR_EX!J41 -> 0 | ... X41: =INTAVI_PA_IN!X41+INTAVI_PA_EX!X41+INTAVI_FR_IN!X41+INTAVI_FR_EX!X41 -> 0
A42: Naphtha | B42: O4640 | C42: =INTAVI_PA_IN!C42+INTAVI_PA_EX!C42+INTAVI_FR_IN!C42+INTAVI_FR_EX!C42 -> 0 | D42: =INTAVI_PA_IN!D42+INTAVI_PA_EX!D42+INTAVI_FR_IN!D42+INTAVI_FR_EX!D42 -> 0 | E42: =INTAVI_PA_IN!E42+INTAVI_PA_EX!E42+INTAVI_FR_IN!E42+INTAVI_FR_EX!E42 -> 0 | F42: =INTAVI_PA_IN!F42+INTAVI_PA_EX!F42+INTAVI_FR_IN!F42+INTAVI_FR_EX!F42 -> 0 | G42: =INTAVI_PA_IN!G42+INTAVI_PA_EX!G42+INTAVI_FR_IN!G42+INTAVI_FR_EX!G42 -> 0 | H42: =INTAVI_PA_IN!H42+INTAVI_PA_EX!H42+INTAVI_FR_IN!H42+INTAVI_FR_EX!H42 -> 0 | I42: =INTAVI_PA_IN!I42+INTAVI_PA_EX!I42+INTAVI_FR_IN!I42+INTAVI_FR_EX!I42 -> 0 | J42: =INTAVI_PA_IN!J42+INTAVI_PA_EX!J42+INTAVI_FR_IN!J42+INTAVI_FR_EX!J42 -> 0 | ... X42: =INTAVI_PA_IN!X42+INTAVI_PA_EX!X42+INTAVI_FR_IN!X42+INTAVI_FR_EX!X42 -> 0
A43: Gas oil and diesel oil (excluding biofuel portion) | B43: O4671XR5220B | C43: =INTAVI_PA_IN!C43+INTAVI_PA_EX!C43+INTAVI_FR_IN!C43+INTAVI_FR_EX!C43 -> 0 | D43: =INTAVI_PA_IN!D43+INTAVI_PA_EX!D43+INTAVI_FR_IN!D43+INTAVI_FR_EX!D43 -> 0 | E43: =INTAVI_PA_IN!E43+INTAVI_PA_EX!E43+INTAVI_FR_IN!E43+INTAVI_FR_EX!E43 -> 0 | F43: =INTAVI_PA_IN!F43+INTAVI_PA_EX!F43+INTAVI_FR_IN!F43+INTAVI_FR_EX!F43 -> 0 | G43: =INTAVI_PA_IN!G43+INTAVI_PA_EX!G43+INTAVI_FR_IN!G43+INTAVI_FR_EX!G43 -> 0 | H43: =INTAVI_PA_IN!H43+INTAVI_PA_EX!H43+INTAVI_FR_IN!H43+INTAVI_FR_EX!H43 -> 0 | I43: =INTAVI_PA_IN!I43+INTAVI_PA_EX!I43+INTAVI_FR_IN!I43+INTAVI_FR_EX!I43 -> 0 | J43: =INTAVI_PA_IN!J43+INTAVI_PA_EX!J43+INTAVI_FR_IN!J43+INTAVI_FR_EX!J43 -> 0 | ... X43: =INTAVI_PA_IN!X43+INTAVI_PA_EX!X43+INTAVI_FR_IN!X43+INTAVI_FR_EX!X43 -> 0
A44: Fuel oil | B44: O4680 | C44: =INTAVI_PA_IN!C44+INTAVI_PA_EX!C44+INTAVI_FR_IN!C44+INTAVI_FR_EX!C44 -> 0 | D44: =INTAVI_PA_IN!D44+INTAVI_PA_EX!D44+INTAVI_FR_IN!D44+INTAVI_FR_EX!D44 -> 0 | E44: =INTAVI_PA_IN!E44+INTAVI_PA_EX!E44+INTAVI_FR_IN!E44+INTAVI_FR_EX!E44 -> 0 | F44: =INTAVI_PA_IN!F44+INTAVI_PA_EX!F44+INTAVI_FR_IN!F44+INTAVI_FR_EX!F44 -> 0 | G44: =INTAVI_PA_IN!G44+INTAVI_PA_EX!G44+INTAVI_FR_IN!G44+INTAVI_FR_EX!G44 -> 0 | H44: =INTAVI_PA_IN!H44+INTAVI_PA_EX!H44+INTAVI_FR_IN!H44+INTAVI_FR_EX!H44 -> 0 | I44: =INTAVI_PA_IN!I44+INTAVI_PA_EX!I44+INTAVI_FR_IN!I44+INTAVI_FR_EX!I44 -> 0 | J44: =INTAVI_PA_IN!J44+INTAVI_PA_EX!J44+INTAVI_FR_IN!J44+INTAVI_FR_EX!J44 -> 0 | ... X44: =INTAVI_PA_IN!X44+INTAVI_PA_EX!X44+INTAVI_FR_IN!X44+INTAVI_FR_EX!X44 -> 0
A45: White spirit and special boiling point industrial spirits | B45: O4691 | C45: =INTAVI_PA_IN!C45+INTAVI_PA_EX!C45+INTAVI_FR_IN!C45+INTAVI_FR_EX!C45 -> 0 | D45: =INTAVI_PA_IN!D45+INTAVI_PA_EX!D45+INTAVI_FR_IN!D45+INTAVI_FR_EX!D45 -> 0 | E45: =INTAVI_PA_IN!E45+INTAVI_PA_EX!E45+INTAVI_FR_IN!E45+INTAVI_FR_EX!E45 -> 0 | F45: =INTAVI_PA_IN!F45+INTAVI_PA_EX!F45+INTAVI_FR_IN!F45+INTAVI_FR_EX!F45 -> 0 | G45: =INTAVI_PA_IN!G45+INTAVI_PA_EX!G45+INTAVI_FR_IN!G45+INTAVI_FR_EX!G45 -> 0 | H45: =INTAVI_PA_IN!H45+INTAVI_PA_EX!H45+INTAVI_FR_IN!H45+INTAVI_FR_EX!H45 -> 0 | I45: =INTAVI_PA_IN!I45+INTAVI_PA_EX!I45+INTAVI_FR_IN!I45+INTAVI_FR_EX!I45 -> 0 | J45: =INTAVI_PA_IN!J45+INTAVI_PA_EX!J45+INTAVI_FR_IN!J45+INTAVI_FR_EX!J45 -> 0 | ... X45: =INTAVI_PA_IN!X45+INTAVI_PA_EX!X45+INTAVI_FR_IN!X45+INTAVI_FR_EX!X45 -> 0
... A51: Natural gas | B51: G3000 | C51: =INTAVI_PA_IN!C51+INTAVI_PA_EX!C51+INTAVI_FR_IN!C51+INTAVI_FR_EX!C51 -> 0 | D51: =INTAVI_PA_IN!D51+INTAVI_PA_EX!D51+INTAVI_FR_IN!D51+INTAVI_FR_EX!D51 -> 0 | E51: =INTAVI_PA_IN!E51+INTAVI_PA_EX!E51+INTAVI_FR_IN!E51+INTAVI_FR_EX!E51 -> 0 | F51: =INTAVI_PA_IN!F51+INTAVI_PA_EX!F51+INTAVI_FR_IN!F51+INTAVI_FR_EX!F51 -> 0 | G51: =INTAVI_PA_IN!G51+INTAVI_PA_EX!G51+INTAVI_FR_IN!G51+INTAVI_FR_EX!G51 -> 0 | H51: =INTAVI_PA_IN!H51+INTAVI_PA_EX!H51+INTAVI_FR_IN!H51+INTAVI_FR_EX!H51 -> 0 | I51: =INTAVI_PA_IN!I51+INTAVI_PA_EX!I51+INTAVI_FR_IN!I51+INTAVI_FR_EX!I51 -> 0 | J51: =INTAVI_PA_IN!J51+INTAVI_PA_EX!J51+INTAVI_FR_IN!J51+INTAVI_FR_EX!J51 -> 0 | ... X51: =INTAVI_PA_IN!X51+INTAVI_PA_EX!X51+INTAVI_FR_IN!X51+INTAVI_FR_EX!X51 -> 0
A52: Non-renewable waste | B52: W6100_6220 | C52: =SUM(C53:C54) -> 0 | D52: =SUM(D53:D54) -> 0 | E52: =SUM(E53:E54) -> 0 | F52: =SUM(F53:F54) -> 0 | G52: =SUM(G53:G54) -> 0 | H52: =SUM(H53:H54) -> 0 | I52: =SUM(I53:I54) -> 0 | J52: =SUM(J53:J54) -> 0 | ... X52: =SUM(X53:X54) -> 0
A53: Industrial waste (non-renewable) | B53: W6100 | C53: =INTAVI_PA_IN!C53+INTAVI_PA_EX!C53+INTAVI_FR_IN!C53+INTAVI_FR_EX!C53 -> 0 | D53: =INTAVI_PA_IN!D53+INTAVI_PA_EX!D53+INTAVI_FR_IN!D53+INTAVI_FR_EX!D53 -> 0 | E53: =INTAVI_PA_IN!E53+INTAVI_PA_EX!E53+INTAVI_FR_IN!E53+INTAVI_FR_EX!E53 -> 0 | F53: =INTAVI_PA_IN!F53+INTAVI_PA_EX!F53+INTAVI_FR_IN!F53+INTAVI_FR_EX!F53 -> 0 | G53: =INTAVI_PA_IN!G53+INTAVI_PA_EX!G53+INTAVI_FR_IN!G53+INTAVI_FR_EX!G53 -> 0 | H53: =INTAVI_PA_IN!H53+INTAVI_PA_EX!H53+INTAVI_FR_IN!H53+INTAVI_FR_EX!H53 -> 0 | I53: =INTAVI_PA_IN!I53+INTAVI_PA_EX!I53+INTAVI_FR_IN!I53+INTAVI_FR_EX!I53 -> 0 | J53: =INTAVI_PA_IN!J53+INTAVI_PA_EX!J53+INTAVI_FR_IN!J53+INTAVI_FR_EX!J53 -> 0 | ... X53: =INTAVI_PA_IN!X53+INTAVI_PA_EX!X53+INTAVI_FR_IN!X53+INTAVI_FR_EX!X53 -> 0
A54: Non-renewable municipal waste | B54: W6220 | C54: =INTAVI_PA_IN!C54+INTAVI_PA_EX!C54+INTAVI_FR_IN!C54+INTAVI_FR_EX!C54 -> 0 | D54: =INTAVI_PA_IN!D54+INTAVI_PA_EX!D54+INTAVI_FR_IN!D54+INTAVI_FR_EX!D54 -> 0 | E54: =INTAVI_PA_IN!E54+INTAVI_PA_EX!E54+INTAVI_FR_IN!E54+INTAVI_FR_EX!E54 -> 0 | F54: =INTAVI_PA_IN!F54+INTAVI_PA_EX!F54+INTAVI_FR_IN!F54+INTAVI_FR_EX!F54 -> 0 | G54: =INTAVI_PA_IN!G54+INTAVI_PA_EX!G54+INTAVI_FR_IN!G54+INTAVI_FR_EX!G54 -> 0 | H54: =INTAVI_PA_IN!H54+INTAVI_PA_EX!H54+INTAVI_FR_IN!H54+INTAVI_FR_EX!H54 -> 0 | I54: =INTAVI_PA_IN!I54+INTAVI_PA_EX!I54+INTAVI_FR_IN!I54+INTAVI_FR_EX!I54 -> 0 | J54: =INTAVI_PA_IN!J54+INTAVI_PA_EX!J54+INTAVI_FR_IN!J54+INTAVI_FR_EX!J54 -> 0 | ... X54: =INTAVI_PA_IN!X54+INTAVI_PA_EX!X54+INTAVI_FR_IN!X54+INTAVI_FR_EX!X54 -> 0
A60: CO2 emissions not accounted:
A61: Renewables and biofuels | B61: RA000 | C61: =SUM(C62:C72) -> 0 | D61: =SUM(D62:D72) -> 0 | E61: =SUM(E62:E72) -> 0 | F61: =SUM(F62:F72) -> 0 | G61: =SUM(G62:G72) -> 0 | H61: =SUM(H62:H72) -> 0 | I61: =SUM(I62:I72) -> 0 | J61: =SUM(J62:J72) -> 0 | ... X61: =SUM(X62:X72) -> 0
A62: Primary solid biofuels | B62: R5110-5150_W6000RI | C62: =INTAVI_PA_IN!C62+INTAVI_PA_EX!C62+INTAVI_FR_IN!C62+INTAVI_FR_EX!C62 -> 0 | D62: =INTAVI_PA_IN!D62+INTAVI_PA_EX!D62+INTAVI_FR_IN!D62+INTAVI_FR_EX!D62 -> 0 | E62: =INTAVI_PA_IN!E62+INTAVI_PA_EX!E62+INTAVI_FR_IN!E62+INTAVI_FR_EX!E62 -> 0 | F62: =INTAVI_PA_IN!F62+INTAVI_PA_EX!F62+INTAVI_FR_IN!F62+INTAVI_FR_EX!F62 -> 0 | G62: =INTAVI_PA_IN!G62+INTAVI_PA_EX!G62+INTAVI_FR_IN!G62+INTAVI_FR_EX!G62 -> 0 | H62: =INTAVI_PA_IN!H62+INTAVI_PA_EX!H62+INTAVI_FR_IN!H62+INTAVI_FR_EX!H62 -> 0 | I62: =INTAVI_PA_IN!I62+INTAVI_PA_EX!I62+INTAVI_FR_IN!I62+INTAVI_FR_EX!I62 -> 0 | J62: =INTAVI_PA_IN!J62+INTAVI_PA_EX!J62+INTAVI_FR_IN!J62+INTAVI_FR_EX!J62 -> 0 | ... X62: =INTAVI_PA_IN!X62+INTAVI_PA_EX!X62+INTAVI_FR_IN!X62+INTAVI_FR_EX!X62 -> 0
A63: Charcoal | B63: R5160 | C63: =INTAVI_PA_IN!C63+INTAVI_PA_EX!C63+INTAVI_FR_IN!C63+INTAVI_FR_EX!C63 -> 0 | D63: =INTAVI_PA_IN!D63+INTAVI_PA_EX!D63+INTAVI_FR_IN!D63+INTAVI_FR_EX!D63 -> 0 | E63: =INTAVI_PA_IN!E63+INTAVI_PA_EX!E63+INTAVI_FR_IN!E63+INTAVI_FR_EX!E63 -> 0 | F63: =INTAVI_PA_IN!F63+INTAVI_PA_EX!F63+INTAVI_FR_IN!F63+INTAVI_FR_EX!F63 -> 0 | G63: =INTAVI_PA_IN!G63+INTAVI_PA_EX!G63+INTAVI_FR_IN!G63+INTAVI_FR_EX!G63 -> 0 | H63: =INTAVI_PA_IN!H63+INTAVI_PA_EX!H63+INTAVI_FR_IN!H63+INTAVI_FR_EX!H63 -> 0 | I63: =INTAVI_PA_IN!I63+INTAVI_PA_EX!I63+INTAVI_FR_IN!I63+INTAVI_FR_EX!I63 -> 0 | J63: =INTAVI_PA_IN!J63+INTAVI_PA_EX!J63+INTAVI_FR_IN!J63+INTAVI_FR_EX!J63 -> 0 | ... X63: =INTAVI_PA_IN!X63+INTAVI_PA_EX!X63+INTAVI_FR_IN!X63+INTAVI_FR_EX!X63 -> 0
A64: Biogases | B64: R5300 | C64: =INTAVI_PA_IN!C64+INTAVI_PA_EX!C64+INTAVI_FR_IN!C64+INTAVI_FR_EX!C64 -> 0 | D64: =INTAVI_PA_IN!D64+INTAVI_PA_EX!D64+INTAVI_FR_IN!D64+INTAVI_FR_EX!D64 -> 0 | E64: =INTAVI_PA_IN!E64+INTAVI_PA_EX!E64+INTAVI_FR_IN!E64+INTAVI_FR_EX!E64 -> 0 | F64: =INTAVI_PA_IN!F64+INTAVI_PA_EX!F64+INTAVI_FR_IN!F64+INTAVI_FR_EX!F64 -> 0 | G64: =INTAVI_PA_IN!G64+INTAVI_PA_EX!G64+INTAVI_FR_IN!G64+INTAVI_FR_EX!G64 -> 0 | H64: =INTAVI_PA_IN!H64+INTAVI_PA_EX!H64+INTAVI_FR_IN!H64+INTAVI_FR_EX!H64 -> 0 | I64: =INTAVI_PA_IN!I64+INTAVI_PA_EX!I64+INTAVI_FR_IN!I64+INTAVI_FR_EX!I64 -> 0 | J64: =INTAVI_PA_IN!J64+INTAVI_PA_EX!J64+INTAVI_FR_IN!J64+INTAVI_FR_EX!J64 -> 0 | ... X64: =INTAVI_PA_IN!X64+INTAVI_PA_EX!X64+INTAVI_FR_IN!X64+INTAVI_FR_EX!X64 -> 0
A65: Renewable municipal waste | B65: W6210 | C65: =INTAVI_PA_IN!C65+INTAVI_PA_EX!C65+INTAVI_FR_IN!C65+INTAVI_FR_EX!C65 -> 0 | D65: =INTAVI_PA_IN!D65+INTAVI_PA_EX!D65+INTAVI_FR_IN!D65+INTAVI_FR_EX!D65 -> 0 | E65: =INTAVI_PA_IN!E65+INTAVI_PA_EX!E65+INTAVI_FR_IN!E65+INTAVI_FR_EX!E65 -> 0 | F65: =INTAVI_PA_IN!F65+INTAVI_PA_EX!F65+INTAVI_FR_IN!F65+INTAVI_FR_EX!F65 -> 0 | G65: =INTAVI_PA_IN!G65+INTAVI_PA_EX!G65+INTAVI_FR_IN!G65+INTAVI_FR_EX!G65 -> 0 | H65: =INTAVI_PA_IN!H65+INTAVI_PA_EX!H65+INTAVI_FR_IN!H65+INTAVI_FR_EX!H65 -> 0 | I65: =INTAVI_PA_IN!I65+INTAVI_PA_EX!I65+INTAVI_FR_IN!I65+INTAVI_FR_EX!I65 -> 0 | J65: =INTAVI_PA_IN!J65+INTAVI_PA_EX!J65+INTAVI_FR_IN!J65+INTAVI_FR_EX!J65 -> 0 | ... X65: =INTAVI_PA_IN!X65+INTAVI_PA_EX!X65+INTAVI_FR_IN!X65+INTAVI_FR_EX!X65 -> 0
A66: Pure biogasoline | B66: R5210P | C66: =INTAVI_PA_IN!C66+INTAVI_PA_EX!C66+INTAVI_FR_IN!C66+INTAVI_FR_EX!C66 -> 0 | D66: =INTAVI_PA_IN!D66+INTAVI_PA_EX!D66+INTAVI_FR_IN!D66+INTAVI_FR_EX!D66 -> 0 | E66: =INTAVI_PA_IN!E66+INTAVI_PA_EX!E66+INTAVI_FR_IN!E66+INTAVI_FR_EX!E66 -> 0 | F66: =INTAVI_PA_IN!F66+INTAVI_PA_EX!F66+INTAVI_FR_IN!F66+INTAVI_FR_EX!F66 -> 0 | G66: =INTAVI_PA_IN!G66+INTAVI_PA_EX!G66+INTAVI_FR_IN!G66+INTAVI_FR_EX!G66 -> 0 | H66: =INTAVI_PA_IN!H66+INTAVI_PA_EX!H66+INTAVI_FR_IN!H66+INTAVI_FR_EX!H66 -> 0 | I66: =INTAVI_PA_IN!I66+INTAVI_PA_EX!I66+INTAVI_FR_IN!I66+INTAVI_FR_EX!I66 -> 0 | J66: =INTAVI_PA_IN!J66+INTAVI_PA_EX!J66+INTAVI_FR_IN!J66+INTAVI_FR_EX!J66 -> 0 | ... X66: =INTAVI_PA_IN!X66+INTAVI_PA_EX!X66+INTAVI_FR_IN!X66+INTAVI_FR_EX!X66 -> 0
A67: Blended biogasoline | B67: R5210B | C67: =INTAVI_PA_IN!C67+INTAVI_PA_EX!C67+INTAVI_FR_IN!C67+INTAVI_FR_EX!C67 -> 0 | D67: =INTAVI_PA_IN!D67+INTAVI_PA_EX!D67+INTAVI_FR_IN!D67+INTAVI_FR_EX!D67 -> 0 | E67: =INTAVI_PA_IN!E67+INTAVI_PA_EX!E67+INTAVI_FR_IN!E67+INTAVI_FR_EX!E67 -> 0 | F67: =INTAVI_PA_IN!F67+INTAVI_PA_EX!F67+INTAVI_FR_IN!F67+INTAVI_FR_EX!F67 -> 0 | G67: =INTAVI_PA_IN!G67+INTAVI_PA_EX!G67+INTAVI_FR_IN!G67+INTAVI_FR_EX!G67 -> 0 | H67: =INTAVI_PA_IN!H67+INTAVI_PA_EX!H67+INTAVI_FR_IN!H67+INTAVI_FR_EX!H67 -> 0 | I67: =INTAVI_PA_IN!I67+INTAVI_PA_EX!I67+INTAVI_FR_IN!I67+INTAVI_FR_EX!I67 -> 0 | J67: =INTAVI_PA_IN!J67+INTAVI_PA_EX!J67+INTAVI_FR_IN!J67+INTAVI_FR_EX!J67 -> 0 | ... X67: =INTAVI_PA_IN!X67+INTAVI_PA_EX!X67+INTAVI_FR_IN!X67+INTAVI_FR_EX!X67 -> 0
