Workbook

Sheet Input
A1: Subsector | B1: Unit | C1: 2000 | D1: 2001 | E1: 2002 | F1: 2003 | G1: 2004 | H1: 2005 | I1: 2006 | J1: 2007 | K1: 2008 | L1: 2009 | M1: 2010 | N1: 2011 | O1: 2012 | P1: 2013 | Q1: 2014 | R1: 2015 | S1: 2016 | T1: 2017 | U1: 2018 | V1: 2019 | W1: 2020 | X1: 2021
A2: Iron and Steel | B2: ktoe | C2: =Ind_Summary!B52 -> 34962.264 | D2: =Ind_Summary!C52 -> 33652.878 | E2: =Ind_Summary!D52 -> 33212.353 | F2: =Ind_Summary!E52 -> 34789.524 | G2: =Ind_Summary!F52 -> 35078.79 | H2: =Ind_Summary!G52 -> 33523.186 | I2: =Ind_Summary!H52 -> 34387.138 | J2: =Ind_Summary!I52 -> 33041.72 | ... X2: =Ind_Summary!W52 -> 24254.125
A3: Alumina production | B3: ktoe | C3: =Ind_Summary!B56 -> 2096.8088 | D3: =Ind_Summary!C56 -> 1865.7611 | E3: =Ind_Summary!D56 -> 2186.8933 | F3: =Ind_Summary!E56 -> 2244.3132 | G3: =Ind_Summary!F56 -> 2441.3271 | H3: =Ind_Summary!G56 -> 2327.7645 | I3: =Ind_Summary!H56 -> 2394.5086 | J3: =Ind_Summary!I56 -> 2170.0965 | ... X3: =Ind_Summary!W56 -> 2038.6082
A4: Aluminium production | B4: ktoe | C4: =Ind_Summary!B57 -> 4069.95 | D4: =Ind_Summary!C57 -> 4151.2973 | E4: =Ind_Summary!D57 -> 4158.132 | F4: =Ind_Summary!E57 -> 4135.7527 | G4: =Ind_Summary!F57 -> 4305.9417 | H4: =Ind_Summary!G57 -> 4313.4739 | I4: =Ind_Summary!H57 -> 4032.1734 | J4: =Ind_Summary!I57 -> 4209.744 | ... X4: =Ind_Summary!W57 -> 2998.8014
A5: Other non-ferrous metals | B5: ktoe | C5: =Ind_Summary!B60 -> 4939.1116 | D5: =Ind_Summary!C60 -> 5113.3379 | E5: =Ind_Summary!D60 -> 4943.2945 | F5: =Ind_Summary!E60 -> 4703.615 | G5: =Ind_Summary!F60 -> 4794.2546 | H5: =Ind_Summary!G60 -> 4631.1963 | I5: =Ind_Summary!H60 -> 4379.3038 | J5: =Ind_Summary!I60 -> 4496.543 | ... X5: =Ind_Summary!W60 -> 4459.842
A6: Basic chemicals | B6: ktoe | C6: {=Ind_Summary!B62:B64} -> 29023.406 | D6: {=Ind_Summary!C62:C64} -> 28883.147 | E6: {=Ind_Summary!D62:D64} -> 30079.248 | F6: {=Ind_Summary!E62:E64} -> 32198.12 | G6: {=Ind_Summary!F62:F64} -> 30879.451 | H6: {=Ind_Summary!G62:G64} -> 31467.312 | I6: {=Ind_Summary!H62:H64} -> 30959.746 | J6: {=Ind_Summary!I62:I64} -> 32315.036 | ... X6: {=Ind_Summary!W62:W64} -> 33940.034
A7: Other chemicals | B7: ktoe | C7: 17694.748 | D7: 17375.008 | E7: 16371.508 | F7: 17459.757 | G7: 16528.289 | H7: 16537.043 | I7: 15456.134 | J7: 16463.296 | K7: 14979.294 | L7: 13403.308 | M7: 13133.086 | N7: 14655.155 | O7: 14801.768 | P7: 13746.618 | Q7: 13124.868 | R7: 11723.074 | S7: 12110.514 | T7: 11541.317 | U7: 12781.552 | V7: 12231.147 | W7: 13089.524 | X7: 13297.354
A8: Pharmaceutical products | B8: ktoe | C8: 3633.311 | D8: 3917.2429 | E8: 4062.5491 | F8: 4117.6141 | G8: 3992.558 | H8: 4019.0207 | I8: 4076.1281 | J8: 4119.8204 | K8: 4096.4183 | L8: 3959.0242 | M8: 3930.499 | N8: 4007.0064 | O8: 3980.5074 | P8: 3966.5083 | Q8: 4848.2662 | R8: 4533.7834 | S8: 4801.5504 | T8: 4509.3088 | U8: 4449.7859 | V8: 4606.6888 | W8: 4489.2602 | X8: 4525.845
A9: Cement | B9: ktoe | C9: =Ind_Summary!B66 -> 18262.728 | D9: =Ind_Summary!C66 -> 17905.354 | E9: =Ind_Summary!D66 -> 17666.657 | F9: =Ind_Summary!E66 -> 18042.232 | G9: =Ind_Summary!F66 -> 18543.963 | H9: =Ind_Summary!G66 -> 18439.648 | I9: =Ind_Summary!H66 -> 19831.912 | J9: =Ind_Summary!I66 -> 20042.657 | ... X9: =Ind_Summary!W66 -> 12931.981
A10: Ceramics & other non metallic minerals | B10: ktoe | C10: =Ind_Summary!B67 -> 17090.493 | D10: =Ind_Summary!C67 -> 17556.2 | E10: =Ind_Summary!D67 -> 16882.715 | F10: =Ind_Summary!E67 -> 17889.112 | G10: =Ind_Summary!F67 -> 18019.256 | H10: =Ind_Summary!G67 -> 18967.154 | I10: =Ind_Summary!H67 -> 16157.992 | J10: =Ind_Summary!I67 -> 17150.997 | ... X10: =Ind_Summary!W67 -> 16143.532
A11: Glass production | B11: ktoe | C11: =Ind_Summary!B68 -> 6606.2816 | D11: =Ind_Summary!C68 -> 6649.4758 | E11: =Ind_Summary!D68 -> 6606.3339 | F11: =Ind_Summary!E68 -> 6562.161 | G11: =Ind_Summary!F68 -> 6630.9577 | H11: =Ind_Summary!G68 -> 6431.7289 | I11: =Ind_Summary!H68 -> 6630.7509 | J11: =Ind_Summary!I68 -> 6572.8479 | ... X11: =Ind_Summary!W68 -> 5285.277
A12: Pulp | B12: ktoe | C12: =Ind_Summary!B70 -> 11402.536 | D12: =Ind_Summary!C70 -> 10875.657 | E12: =Ind_Summary!D70 -> 10997.329 | F12: =Ind_Summary!E70 -> 11336.455 | G12: =Ind_Summary!F70 -> 11180.016 | H12: =Ind_Summary!G70 -> 11193.386 | I12: =Ind_Summary!H70 -> 11657.385 | J12: =Ind_Summary!I70 -> 12202.246 | ... X12: =Ind_Summary!W70 -> 11469.134
A13: Paper | B13: ktoe | C13: =Ind_Summary!B71 -> 19354.06 | D13: =Ind_Summary!C71 -> 19094.398 | E13: =Ind_Summary!D71 -> 19381.661 | F13: =Ind_Summary!E71 -> 20003.927 | G13: =Ind_Summary!F71 -> 20280.714 | H13: =Ind_Summary!G71 -> 20738.536 | I13: =Ind_Summary!H71 -> 21153.931 | J13: =Ind_Summary!I71 -> 21559.857 | ... X13: =Ind_Summary!W71 -> 19702.793
A14: Printing | B14: ktoe | C14: =Ind_Summary!B72 -> 2125.8535 | D14: =Ind_Summary!C72 -> 2095.9996 | E14: =Ind_Summary!D72 -> 2147.4184 | F14: =Ind_Summary!E72 -> 2254.4389 | G14: =Ind_Summary!F72 -> 2243.2535 | H14: =Ind_Summary!G72 -> 2302.5304 | I14: =Ind_Summary!H72 -> 2267.2044 | J14: =Ind_Summary!I72 -> 2287.8696 | ... X14: =Ind_Summary!W72 -> 1760.1245
A15: Food, beverages and tobacco | B15: ktoe | C15: {=Ind_Summary!B73:B78} -> 27523.258 | D15: {=Ind_Summary!C73:C78} -> 28034.955 | E15: {=Ind_Summary!D73:D78} -> 29053.044 | F15: {=Ind_Summary!E73:E78} -> 29365.401 | G15: {=Ind_Summary!F73:F78} -> 29139.458 | H15: {=Ind_Summary!G73:G78} -> 27792.686 | I15: {=Ind_Summary!H73:H78} -> 26413.493 | J15: {=Ind_Summary!I73:I78} -> 26711.057 | ... X15: {=Ind_Summary!W73:W78} -> 28856.39
A16: Transport | B16: ktoe | C16: 7903.1143 | D16: 8116.6778 | E16: 7786.9555 | F16: 8372.7358 | G16: 8534.5877 | H16: 8168.2974 | I16: 7960.6091 | J16: 8048.9764 | K16: 7620.3167 | L16: 6609.5721 | M16: 7209.1987 | N16: 6970.2777 | O16: 6990.5928 | P16: 7157.1659 | Q16: 6819.5574 | R16: 6848.1311 | S16: 7312.2467 | T16: 7407.4818 | U16: 7541.5283 | V16: 7418.4927 | W16: 6740.075 | X16: 7101.3573
A17: Machinery | B17: ktoe | C17: 16979.065 | D17: 17468.03 | E17: 17198.763 | F17: 18906.963 | G17: 19102.152 | H17: 18915.427 | I17: 18976.044 | J17: 18962.084 | K17: 19855.489 | L17: 17118.53 | M17: 18413.481 | N17: 17949.657 | O17: 17477.503 | P17: 17722.46 | Q17: 17059.18 | R17: 16690.721 | S17: 16920.817 | T17: 17271.153 | U17: 17197.302 | V17: 16962.771 | W17: 15701.618 | X17: 17200.32
A18: Textiles and leather | B18: ktoe | C18: 9756.8662 | D18: 9639.134 | E18: 9577.9515 | F18: 9479.1234 | G18: 8837.7845 | H18: 7195.162 | I18: 6577.9182 | J18: 5987.7418 | K18: 5302.7822 | L18: 4491.0013 | M18: 4438.2117 | N18: 4203.999 | O18: 3998.9403 | P18: 3858.8471 | Q18: 3713.9529 | R18: 3698.6624 | S18: 3691.6153 | T18: 3718.814 | U18: 3698.311 | V18: 3612.7445 | W18: 3216.7386 | X18: 3385.32
A19: Wood and wood products | B19: ktoe | C19: 6474.7755 | D19: 6176.1692 | E19: 6287.0276 | F19: 6877.9886 | G19: 7619.966 | H19: 7275.2361 | I19: 7003.2611 | J19: 7567.0062 | K19: 7440.0606 | L19: 7165.6225 | M19: 7749.0222 | N19: 7893.793 | O19: 7874.2085 | P19: 7987.5183 | Q19: 7834.0084 | R19: 8092.0054 | S19: 8503.8499 | T19: 8635.457 | U19: 8757.0609 | V19: 8542.6089 | W19: 8609.5844 | X19: 9358.8496
A20: Other industrial sectors | B20: ktoe | C20: 29485.491 | D20: 29857.012 | E20: 29705.167 | F20: 26331.401 | G20: 26257.055 | H20: 30691.493 | I20: 29225.235 | J20: 30331.053 | K20: 29560.27 | L20: 24531.86 | M20: 27262.592 | N20: 22754.898 | O20: 23061.201 | P20: 22617.047 | Q20: 22203.601 | R20: 21687.028 | S20: 22128.596 | T20: 22547.57 | U20: 23343.019 | V20: 24263.346 | W20: 22627.902 | X20: 24922.137
A21: Powered two-wheelers | B21: pkm | C21: =Transport_Summary!B6 -> 98941.119 | D21: =Transport_Summary!C6 -> 102907.78 | E21: =Transport_Summary!D6 -> 104221.44 | F21: =Transport_Summary!E6 -> 107273.63 | G21: =Transport_Summary!F6 -> 110798.04 | H21: =Transport_Summary!G6 -> 114310.05 | I21: =Transport_Summary!H6 -> 113240.02 | J21: =Transport_Summary!I6 -> 109248.07 | ... X21: =Transport_Summary!W6 -> 104773.52
A22: Passenger cars | B22: pkm | C22: =Transport_Summary!B7 -> 3660355.1 | D22: =Transport_Summary!C7 -> 3734215.8 | E22: =Transport_Summary!D7 -> 3789305 | F22: =Transport_Summary!E7 -> 3826195.6 | G22: =Transport_Summary!F7 -> 3878162.7 | H22: =Transport_Summary!G7 -> 3839179.5 | I22: =Transport_Summary!H7 -> 3875261.4 | J22: =Transport_Summary!I7 -> 3921256.1 | ... X22: =Transport_Summary!W7 -> 3742236.2
A23: Motor coaches, buses and trolley buses | B23: pkm | C23: =Transport_Summary!B8 -> 496482.35 | D23: =Transport_Summary!C8 -> 495609.93 | E23: =Transport_Summary!D8 -> 492831.8 | F23: =Transport_Summary!E8 -> 495565.18 | G23: =Transport_Summary!F8 -> 500165.37 | H23: =Transport_Summary!G8 -> 497755.43 | I23: =Transport_Summary!H8 -> 497841.22 | J23: =Transport_Summary!I8 -> 507883.21 | ... X23: =Transport_Summary!W8 -> 327011.46
A24: Metro and tram, urban light rail | B24: pkm | C24: =Transport_Summary!B10 -> 67843.841 | D24: =Transport_Summary!C10 -> 68539.657 | E24: =Transport_Summary!D10 -> 69374.813 | F24: =Transport_Summary!E10 -> 70183.362 | G24: =Transport_Summary!F10 -> 72445.633 | H24: =Transport_Summary!G10 -> 73154.697 | I24: =Transport_Summary!H10 -> 74583.334 | J24: =Transport_Summary!I10 -> 76350.816 | ... X24: =Transport_Summary!W10 -> 55543.667
A25: Conventional passenger trains | B25: pkm | C25: =Transport_Summary!B11 -> 279790.79 | D25: =Transport_Summary!C11 -> 274768.58 | E25: =Transport_Summary!D11 -> 263902.8 | F25: =Transport_Summary!E11 -> 256117.95 | G25: =Transport_Summary!F11 -> 256276 | H25: =Transport_Summary!G11 -> 260161 | I25: =Transport_Summary!H11 -> 265968 | J25: =Transport_Summary!I11 -> 265333.41 | ... X25: =Transport_Summary!W11 -> 180012.79
A26: High speed passenger trains | B26: pkm | C26: =Transport_Summary!B12 -> 58796 | D26: =Transport_Summary!C12 -> 65126 | E26: =Transport_Summary!D12 -> 68005 | F26: =Transport_Summary!E12 -> 70661 | G26: =Transport_Summary!F12 -> 75671 | H26: =Transport_Summary!G12 -> 79663 | I26: =Transport_Summary!H12 -> 83411 | J26: =Transport_Summary!I12 -> 87303 | ... X26: =Transport_Summary!W12 -> 85223.348
A27: Aviation-Domestic-pass | B27: pkm | C27: =Transport_Summary!B23 -> 415.25357 | D27: =Transport_Summary!C23 -> 449.12623 | E27: =Transport_Summary!D23 -> 415.26836 | F27: =Transport_Summary!E23 -> 378.82428 | G27: =Transport_Summary!F23 -> 380.32001 | H27: =Transport_Summary!G23 -> 360.57706 | I27: =Transport_Summary!H23 -> 346.13194 | J27: =Transport_Summary!I23 -> 331.94182 | ... X27: =Transport_Summary!W23 -> 272.01753
A28: Aviation -International - Intra-EEAwUK - pass | B28: pkm | C28: =Transport_Summary!B24 -> 1584.2302 | D28: =Transport_Summary!C24 -> 1548.4561 | E28: =Transport_Summary!D24 -> 1535.2549 | F28: =Transport_Summary!E24 -> 1581.5275 | G28: =Transport_Summary!F24 -> 1654.9073 | H28: =Transport_Summary!G24 -> 1736.1596 | I28: =Transport_Summary!H24 -> 1852.1549 | J28: =Transport_Summary!I24 -> 1933.5623 | ... X28: =Transport_Summary!W24 -> 2490.2632
A29: Aviation-International - Extra-EEAwUK - pass | B29: pkm | C29: =Transport_Summary!B25 -> 23991.021 | D29: =Transport_Summary!C25 -> 23152.905 | E29: =Transport_Summary!D25 -> 23661.378 | F29: =Transport_Summary!E25 -> 23815.633 | G29: =Transport_Summary!F25 -> 25302.473 | H29: =Transport_Summary!G25 -> 27064.854 | I29: =Transport_Summary!H25 -> 29060.007 | J29: =Transport_Summary!I25 -> 31412.417 | ... X29: =Transport_Summary!W25 -> 43763.184
A30: Light commercial vehicles | B30: tkm | C30: =Transport_Summary!B19 -> 67104.703 | D30: =Transport_Summary!C19 -> 70599.781 | E30: =Transport_Summary!D19 -> 71782.892 | F30: =Transport_Summary!E19 -> 74503.485 | G30: =Transport_Summary!F19 -> 76766.809 | H30: =Transport_Summary!G19 -> 78469.885 | I30: =Transport_Summary!H19 -> 79352.372 | J30: =Transport_Summary!I19 -> 83381.785 | ... X30: =Transport_Summary!W19 -> 96224.81
A31: Heavy goods vehicles | B31: tkm | C31: =Transport_Summary!B20 -> 1307595.6 | D31: =Transport_Summary!C20 -> 1351666.6 | E31: =Transport_Summary!D20 -> 1399280.5 | F31: =Transport_Summary!E20 -> 1401310.6 | G31: =Transport_Summary!F20 -> 1545325.8 | H31: =Transport_Summary!G20 -> 1588632.5 | I31: =Transport_Summary!H20 -> 1639241.1 | J31: =Transport_Summary!I20 -> 1698163.7 | ... X31: =Transport_Summary!W20 -> 1862843.7
A32: Rail transport | B32: tkm | C32: =Transport_Summary!B21 -> 387920.75 | D32: =Transport_Summary!C21 -> 369253.3 | E32: =Transport_Summary!D21 -> 368161.19 | F32: =Transport_Summary!E21 -> 376309.27 | G32: =Transport_Summary!F21 -> 390035 | H32: =Transport_Summary!G21 -> 394597 | I32: =Transport_Summary!H21 -> 416246 | J32: =Transport_Summary!I21 -> 430724 | ... X32: =Transport_Summary!W21 -> 409571.98
A33: Aviation-Domestic-goods | B33: tkm | C33: =Transport_Summary!B23 -> 415.25357 | D33: =Transport_Summary!C23 -> 449.12623 | E33: =Transport_Summary!D23 -> 415.26836 | F33: =Transport_Summary!E23 -> 378.82428 | G33: =Transport_Summary!F23 -> 380.32001 | H33: =Transport_Summary!G23 -> 360.57706 | I33: =Transport_Summary!H23 -> 346.13194 | J33: =Transport_Summary!I23 -> 331.94182 | ... X33: =Transport_Summary!W23 -> 272.01753
A34: Aviation-International - Intra-EEAwUK - goods | B34: tkm | C34: =Transport_Summary!B24 -> 1584.2302 | D34: =Transport_Summary!C24 -> 1548.4561 | E34: =Transport_Summary!D24 -> 1535.2549 | F34: =Transport_Summary!E24 -> 1581.5275 | G34: =Transport_Summary!F24 -> 1654.9073 | H34: =Transport_Summary!G24 -> 1736.1596 | I34: =Transport_Summary!H24 -> 1852.1549 | J34: =Transport_Summary!I24 -> 1933.5623 | ... X34: =Transport_Summary!W24 -> 2490.2632
A35: Aviation-International - Extra-EEAwUK - goods | B35: tkm | C35: =Transport_Summary!B25 -> 23991.021 | D35: =Transport_Summary!C25 -> 23152.905 | E35: =Transport_Summary!D25 -> 23661.378 | F35: =Transport_Summary!E25 -> 23815.633 | G35: =Transport_Summary!F25 -> 25302.473 | H35: =Transport_Summary!G25 -> 27064.854 | I35: =Transport_Summary!H25 -> 29060.007 | J35: =Transport_Summary!I25 -> 31412.417 | ... X35: =Transport_Summary!W25 -> 43763.184
A36: Shipping-Domestic coastal shipping | B36: tkm | C36: =Transport_Summary!B27 -> 76596.154 | D36: =Transport_Summary!C27 -> 64020.692 | E36: =Transport_Summary!D27 -> 66795.686 | F36: =Transport_Summary!E27 -> 67745.405 | G36: =Transport_Summary!F27 -> 68197.284 | H36: =Transport_Summary!G27 -> 73544.828 | I36: =Transport_Summary!H27 -> 83935.32 | J36: =Transport_Summary!I27 -> 78202.846 | ... X36: =Transport_Summary!W27 -> 76906.865
A37: Inland waterways | B37: tkm | C37: =Transport_Summary!B28 -> 133714.89 | D37: =Transport_Summary!C28 -> 132416.24 | E37: =Transport_Summary!D28 -> 132414.02 | F37: =Transport_Summary!E28 -> 123435.09 | G37: =Transport_Summary!F28 -> 136763.15 | H37: =Transport_Summary!G28 -> 138610.97 | I37: =Transport_Summary!H28 -> 138416.97 | J37: =Transport_Summary!I28 -> 145402 | ... X37: =Transport_Summary!W28 -> 136076
A38: Maritime - Intra -EEA | B38: tkm | C38: =Transport_Summary!B30 -> 753767.24 | D38: =Transport_Summary!C30 -> 780873.54 | E38: =Transport_Summary!D30 -> 793361.74 | F38: =Transport_Summary!E30 -> 807199.9 | G38: =Transport_Summary!F30 -> 831866.45 | H38: =Transport_Summary!G30 -> 834011.02 | I38: =Transport_Summary!H30 -> 820751.75 | J38: =Transport_Summary!I30 -> 821736.85 | ... X38: =Transport_Summary!W30 -> 910620.85
A39: Maritime - Extra -EEA | B39: tkm | C39: =Transport_Summary!B31 -> 4573090.2 | D39: =Transport_Summary!C31 -> 4819707.4 | E39: =Transport_Summary!D31 -> 4967035 | F39: =Transport_Summary!E31 -> 5164281.6 | G39: =Transport_Summary!F31 -> 5478738.6 | H39: =Transport_Summary!G31 -> 5953900.1 | I39: =Transport_Summary!H31 -> 6298476.3 | J39: =Transport_Summary!I31 -> 6547982.1 | ... X39: =Transport_Summary!W31 -> 7225198.3
A40: {=Ind_Summary!A183:A199} -> Physical output (kt steel) | B40: kt steel | C40: {=Ind_Summary!B183:W199} -> 178302.96 | D40: 173967.12 | E40: 176612.33 | F40: 179594.14 | G40: 189153.78 | H40: 182842.14 | I40: 193920.21 | J40: 196436.23 | K40: 185657.5 | L40: 129607.85 | M40: 163517.16 | N40: 168684.94 | O40: 159423.27 | P40: 154916.42 | Q40: 157583.15 | R40: 155891.06 | S40: 155050.79 | T40: 161445.48 | U40: 160522.41 | V40: 150695.08 | W40: 132660.64 | X40: 153098.7
A41: Integrated steelworks (kt steel) | B41: kt steel | C41: 109563.17 | D41: 104778.12 | E41: 107717.69 | F41: 109169.51 | G41: 113743.82 | H41: 109280.69 | I41: 112074.67 | J41: 113574.95 | K41: 104851.19 | L41: 69558.093 | M41: 93793.497 | N41: 95020.02 | O41: 90577.382 | P41: 90148.533 | Q41: 93096.957 | R41: 91817.958 | S41: 91908.817 | T41: 94428.224 | U41: 92136.396 | V41: 86768.318 | W41: 74498.882 | X41: 85511.427
A42: Electric arc (kt steel) | B42: kt steel | C42: 68739.79 | D42: 69189 | E42: 68894.642 | F42: 70424.621 | G42: 75409.954 | H42: 73561.451 | I42: 81845.54 | J42: 82861.274 | K42: 80806.317 | L42: 60049.755 | M42: 69723.666 | N42: 73664.925 | O42: 68845.893 | P42: 64767.883 | Q42: 64486.196 | R42: 64073.101 | S42: 63141.977 | T42: 67017.256 | U42: 68386.014 | V42: 63926.766 | W42: 58161.756 | X42: 67587.275
A43: Alumina production (kt alumina) | B43: kt alumina | C43: 5643 | D43: 4863 | E43: 5735 | F43: 6057 | G43: 6698 | H43: 7492 | I43: 7585 | J43: 7134 | K43: 7284.875 | L43: 5220.72 | M43: 6623.7 | N43: 7668.954 | O43: 6956.88 | P43: 7351.512 | Q43: 6959.04 | R43: 7157.519 | S43: 7180.46 | T43: 7166.4 | U43: 7178 | V43: 7086.4 | W43: 7001 | X43: 7029.2732
A44: Aluminium production (kt aluminium) | B44: kt aluminium | C44: 5006.8526 | D44: 4957.3679 | E44: 5076.428 | F44: 5054.289 | G44: 5248.084 | H44: 5759.4395 | I44: 5946.133 | J44: 6178.4 | K44: 6026.464 | L44: 4217.3836 | M44: 5169.2734 | N44: 5216.0688 | O44: 4854.588 | P44: 4761.625 | Q44: 4367.5255 | R44: 4545.34 | S44: 4747.842 | T44: 5124.8264 | U44: 5095.1823 | V44: 4939.1614 | W44: 4510.509 | X44: 4633.43
A45: Aluminium - primary production (kt aluminium) | B45: kt aluminium | C45: 2662.266 | D45: 2684.689 | E45: 2707.148 | F45: 2754.34 | G45: 2890.792 | H45: 2898.951 | I45: 2676.358 | J45: 2739.083 | K45: 2732.833 | L45: 1918.566 | M45: 2150.653 | N45: 2355.462 | O45: 1971.962 | P45: 1876 | Q45: 1802.567 | R45: 1926.028 | S45: 1967.9 | T45: 2203.8 | U45: 2160 | V45: 2035.894 | W45: 2006.475 | X45: 2016.695
A46: Aluminium - secondary production (kt aluminium) | B46: kt aluminium | C46: 2344.5866 | D46: 2272.6789 | E46: 2369.28 | F46: 2299.949 | G46: 2357.292 | H46: 2860.4885 | I46: 3269.775 | J46: 3439.317 | K46: 3293.631 | L46: 2298.8176 | M46: 3018.6204 | N46: 2860.6068 | O46: 2882.626 | P46: 2885.625 | Q46: 2564.9585 | R46: 2619.312 | S46: 2779.942 | T46: 2921.0264 | U46: 2935.1823 | V46: 2903.2674 | W46: 2504.034 | X46: 2616.735
A47: Other non-ferrous metals (kt lead eq.) | B47: kt lead eq | C47: 13337.552 | D47: 13883.746 | E47: 13696.845 | F47: 13088.356 | G47: 13296.607 | H47: 13202.319 | I47: 12922.436 | J47: 13011.281 | K47: 12667.241 | L47: 11527.25 | M47: 12595.543 | N47: 13182.232 | O47: 12806.596 | P47: 12911.443 | Q47: 13238.351 | R47: 13864.914 | S47: 13971.677 | T47: 14014.883 | U47: 13807.778 | V47: 13722.589 | W47: 13508.461 | X47: 14545.402
A48: Basic chemicals (kt ethylene eq.) | B48: kt ethylene eq | C48: 61640.245 | D48: 61759.921 | E48: 62921.04 | F48: 66549.951 | G48: 66427.448 | H48: 68620.873 | I48: 68644.712 | J48: 72469.634 | K48: 74633.227 | L48: 64909.915 | M48: 71733.31 | N48: 74513.427 | O48: 75584.413 | P48: 77725.202 | Q48: 76828.957 | R48: 79492.254 | S48: 76158.094 | T48: 83883.918 | U48: 79534.086 | V48: 80633.679 | W48: 80650.934 | X48: 84286.337
A49: Other chemicals (kt ethylene eq.) | B49: kt ethylene eq | C49: 39663.434 | D49: 36096.598 | E49: 32964.63 | F49: 33266.686 | G49: 32799.253 | H49: 33279.704 | I49: 30787.476 | J49: 32819.673 | K49: 29286.548 | L49: 26966.762 | M49: 26129.679 | N49: 27092.669 | O49: 27667.975 | P49: 26237.956 | Q49: 29599.286 | R49: 27005.692 | S49: 27376.836 | T49: 25149.528 | U49: 27607.005 | V49: 26835.206 | W49: 32335.364 | X49: 32136.272
A50: Pharmaceutical products etc. (kt ethylene eq.) | B50: kt ethylene eq | C50: 9006.8195 | D50: 9132.7667 | E50: 9230.1981 | F50: 10041.822 | G50: 9301.9969 | H50: 9733.5427 | I50: 9796.3887 | J50: 9912.2397 | K50: 9540.1798 | L50: 10347.244 | M50: 9032.7899 | N50: 9056.2772 | O50: 9597.1586 | P50: 9661.3653 | Q50: 10222.374 | R50: 10152.698 | S50: 10309.12 | T50: 9128.3094 | U50: 9668.74 | V50: 10285.027 | W50: 11056.786 | X50: 10524.769
A51: Cement (kt Cement) | B51: kt cement | C51: 220796.98 | D51: 216649.73 | E51: 215885.13 | F51: 223432.36 | G51: 231196.24 | H51: 232211.81 | I51: 255089.14 | J51: 258798.83 | K51: 235718.54 | L51: 188839.06 | M51: 183329.15 | N51: 184249.27 | O51: 166801.56 | P51: 157559.12 | Q51: 158695.23 | R51: 157175.95 | S51: 160513.81 | T51: 167017.62 | U51: 169387.18 | V51: 173937.23 | W51: 172744.14 | X51: 176142.91
A52: Ceramics & other NMM (kt bricks eq.) | B52: kt bricks eq | C52: 325022.01 | D52: 341574.61 | E52: 329821.13 | F52: 361482.08 | G52: 365080.71 | H52: 400597.53 | I52: 337130.96 | J52: 363323.53 | K52: 365262.22 | L52: 288218.59 | M52: 312327.2 | N52: 325732.4 | O52: 311194.3 | P52: 304177.48 | Q52: 295214.34 | R52: 311058.88 | S52: 314123.74 | T52: 295096.25 | U52: 308914.71 | V52: 312422.73 | W52: 306004.21 | X52: 328968.92
... A56: Printing and media reproduction (kt paper eq.) | B56: kt paper eq | C56: 10933.426 | D56: 10942.183 | E56: 10933.491 | F56: 10973.38 | G56: 11154.208 | H56: 11377.938 | I56: 11432.256 | J56: 11594.734 | K56: 11111.474 | L56: 10154.52 | M56: 10731.279 | N56: 10437.614 | O56: 10193.967 | P56: 10214.478 | Q56: 10191.863 | R56: 9908.3396 | S56: 10644.71 | T56: 10458.258 | U56: 10658.434 | V56: 9912.6422 | W56: 9351.3455 | X56: 11125.12

Sheet Description
A1: Industry
A35: Transport

Sheet Ind_Summary
A1: =[1]index!$A$1&": Industry Summary" -> EU27: Industry Summary | B1: 2000 | C1: 2001 | D1: 2002 | E1: 2003 | F1: 2004 | G1: 2005 | H1: 2006 | I1: 2007 | J1: 2008 | K1: 2009 | L1: 2010 | M1: 2011 | N1: 2012 | O1: 2013 | P1: 2014 | Q1: 2015 | R1: 2016 | S1: 2017 | T1: 2018 | U1: 2019 | V1: 2020 | W1: 2021
A3: Value added (M€2015) | B3: =[1]ISI!B$3+[1]NFM!B$3+[1]CHI!B$3+[1]NMM!B$3+[1]PPA!B$3+[1]FBT!B$3+[1]TRE!B$3+[1]MAE!B$3+[1]TEL!B$3+[1]WWP!B$3+[1]OIS!B$3 -> 2245126.6 | C3: =[1]ISI!C$3+[1]NFM!C$3+[1]CHI!C$3+[1]NMM!C$3+[1]PPA!C$3+[1]FBT!C$3+[1]TRE!C$3+[1]MAE!C$3+[1]TEL!C$3+[1]WWP!C$3+[1]OIS!C$3 -> 2262880.3 | D3: =[1]ISI!D$3+[1]NFM!D$3+[1]CHI!D$3+[1]NMM!D$3+[1]PPA!D$3+[1]FBT!D$3+[1]TRE!D$3+[1]MAE!D$3+[1]TEL!D$3+[1]WWP!D$3+[1]OIS!D$3 -> 2249191.8 | E3: =[1]ISI!E$3+[1]NFM!E$3+[1]CHI!E$3+[1]NMM!E$3+[1]PPA!E$3+[1]FBT!E$3+[1]TRE!E$3+[1]MAE!E$3+[1]TEL!E$3+[1]WWP!E$3+[1]OIS!E$3 -> 2232384.5 | F3: =[1]ISI!F$3+[1]NFM!F$3+[1]CHI!F$3+[1]NMM!F$3+[1]PPA!F$3+[1]FBT!F$3+[1]TRE!F$3+[1]MAE!F$3+[1]TEL!F$3+[1]WWP!F$3+[1]OIS!F$3 -> 2278946.6 | G3: =[1]ISI!G$3+[1]NFM!G$3+[1]CHI!G$3+[1]NMM!G$3+[1]PPA!G$3+[1]FBT!G$3+[1]TRE!G$3+[1]MAE!G$3+[1]TEL!G$3+[1]WWP!G$3+[1]OIS!G$3 -> 2306363.2 | H3: =[1]ISI!H$3+[1]NFM!H$3+[1]CHI!H$3+[1]NMM!H$3+[1]PPA!H$3+[1]FBT!H$3+[1]TRE!H$3+[1]MAE!H$3+[1]TEL!H$3+[1]WWP!H$3+[1]OIS!H$3 -> 2419628.4 | I3: =[1]ISI!I$3+[1]NFM!I$3+[1]CHI!I$3+[1]NMM!I$3+[1]PPA!I$3+[1]FBT!I$3+[1]TRE!I$3+[1]MAE!I$3+[1]TEL!I$3+[1]WWP!I$3+[1]OIS!I$3 -> 2510080.2 | ... W3: =[1]ISI!W$3+[1]NFM!W$3+[1]CHI!W$3+[1]NMM!W$3+[1]PPA!W$3+[1]FBT!W$3+[1]TRE!W$3+[1]MAE!W$3+[1]TEL!W$3+[1]WWP!W$3+[1]OIS!W$3 -> 2571109.1
A4: Iron and steel | B4: =[1]ISI!B$3 -> 53100.42 | C4: =[1]ISI!C$3 -> 50746.226 | D4: =[1]ISI!D$3 -> 47887.083 | E4: =[1]ISI!E$3 -> 47437.721 | F4: =[1]ISI!F$3 -> 53122.137 | G4: =[1]ISI!G$3 -> 55745.288 | H4: =[1]ISI!H$3 -> 59782.025 | I4: =[1]ISI!I$3 -> 66292.466 | ... W4: =[1]ISI!W$3 -> 42717.513
A5: Non-ferrous metals | B5: =[1]NFM!B$3 -> 18642.886 | C5: =[1]NFM!C$3 -> 17729.882 | D5: =[1]NFM!D$3 -> 16843.148 | E5: =[1]NFM!E$3 -> 16684.733 | F5: =[1]NFM!F$3 -> 18498.375 | G5: =[1]NFM!G$3 -> 19343.217 | H5: =[1]NFM!H$3 -> 20896.192 | I5: =[1]NFM!I$3 -> 23094.301 | ... W5: =[1]NFM!W$3 -> 24635.93
A6: Alumina production | B6: =[1]NFM!B$4 -> 1878.1418 | C6: =[1]NFM!C$4 -> 1841.0587 | D6: =[1]NFM!D$4 -> 1717.3534 | E6: =[1]NFM!E$4 -> 1758.1092 | F6: =[1]NFM!F$4 -> 1862.1894 | G6: =[1]NFM!G$4 -> 1930.9329 | H6: =[1]NFM!H$4 -> 2143.4984 | I6: =[1]NFM!I$4 -> 2141.8637 | ... W6: =[1]NFM!W$4 -> 1611.2178
A7: Aluminium production | B7: =[1]NFM!B$5 -> 8075.7262 | C7: =[1]NFM!C$5 -> 7673.7919 | D7: =[1]NFM!D$5 -> 7211.7123 | E7: =[1]NFM!E$5 -> 7087.1667 | F7: =[1]NFM!F$5 -> 7802.7863 | G7: =[1]NFM!G$5 -> 8172.9447 | H7: =[1]NFM!H$5 -> 8775.444 | I7: =[1]NFM!I$5 -> 9672.3501 | ... W7: =[1]NFM!W$5 -> 9630.8992
A8: Other non-ferrous metals | B8: =[1]NFM!B$8 -> 8689.0183 | C8: =[1]NFM!C$8 -> 8215.0312 | D8: =[1]NFM!D$8 -> 7914.0825 | E8: =[1]NFM!E$8 -> 7839.4574 | F8: =[1]NFM!F$8 -> 8833.3989 | G8: =[1]NFM!G$8 -> 9239.3392 | H8: =[1]NFM!H$8 -> 9977.2494 | I8: =[1]NFM!I$8 -> 11280.088 | ... W8: =[1]NFM!W$8 -> 13393.813
A9: Chemical industry | B9: =[1]CHI!B$3 -> 193919.38 | C9: =[1]CHI!C$3 -> 199916.85 | D9: =[1]CHI!D$3 -> 205177.77 | E9: =[1]CHI!E$3 -> 197591.11 | F9: =[1]CHI!F$3 -> 196428.92 | G9: =[1]CHI!G$3 -> 200474.55 | H9: =[1]CHI!H$3 -> 202142.72 | I9: =[1]CHI!I$3 -> 209114.86 | ... W9: =[1]CHI!W$3 -> 343099.86
A10: Basic chemicals | B10: =[1]CHI!B$5 -> 46231.892 | C10: =[1]CHI!C$5 -> 47451.23 | D10: =[1]CHI!D$5 -> 48230.988 | E10: =[1]CHI!E$5 -> 48337.568 | F10: =[1]CHI!F$5 -> 48758.35 | G10: =[1]CHI!G$5 -> 49158.516 | H10: =[1]CHI!H$5 -> 51309.176 | I10: =[1]CHI!I$5 -> 53506.921 | ... W10: =[1]CHI!W$5 -> 66143.799
A11: Other chemicals | B11: =[1]CHI!B$6 -> 75311.811 | C11: =[1]CHI!C$6 -> 71848.681 | D11: =[1]CHI!D$6 -> 69613.551 | E11: =[1]CHI!E$6 -> 64523.717 | F11: =[1]CHI!F$6 -> 66087.617 | G11: =[1]CHI!G$6 -> 66332.959 | H11: =[1]CHI!H$6 -> 65269.848 | I11: =[1]CHI!I$6 -> 67729.901 | ... W11: =[1]CHI!W$6 -> 78492.072
A12: Pharmaceutical products etc. | B12: =[1]CHI!B$7 -> 72375.675 | C12: =[1]CHI!C$7 -> 80616.942 | D12: =[1]CHI!D$7 -> 87333.227 | E12: =[1]CHI!E$7 -> 84729.822 | F12: =[1]CHI!F$7 -> 81582.956 | G12: =[1]CHI!G$7 -> 84983.071 | H12: =[1]CHI!H$7 -> 85563.694 | I12: =[1]CHI!I$7 -> 87878.037 | ... W12: =[1]CHI!W$7 -> 198463.99
A13: Non-metallic mineral products | B13: =[1]NMM!B$3 -> 83102.523 | C13: =[1]NMM!C$3 -> 81900.153 | D13: =[1]NMM!D$3 -> 81119.792 | E13: =[1]NMM!E$3 -> 78314.095 | F13: =[1]NMM!F$3 -> 78281.438 | G13: =[1]NMM!G$3 -> 78526.001 | H13: =[1]NMM!H$3 -> 81432.881 | I13: =[1]NMM!I$3 -> 85839.803 | ... W13: =[1]NMM!W$3 -> 68801.68
A14: Cement | B14: =[1]NMM!B$4 -> 35196.743 | C14: =[1]NMM!C$4 -> 34087.492 | D14: =[1]NMM!D$4 -> 34295.296 | E14: =[1]NMM!E$4 -> 32659.045 | F14: =[1]NMM!F$4 -> 32888.344 | G14: =[1]NMM!G$4 -> 32140.667 | H14: =[1]NMM!H$4 -> 37443.88 | I14: =[1]NMM!I$4 -> 38496.6 | ... W14: =[1]NMM!W$4 -> 28724.58
A15: Ceramics & other NMM | B15: =[1]NMM!B$5 -> 28926.049 | C15: =[1]NMM!C$5 -> 28863.703 | D15: =[1]NMM!D$5 -> 27823.622 | E15: =[1]NMM!E$5 -> 27820.103 | F15: =[1]NMM!F$5 -> 27906.589 | G15: =[1]NMM!G$5 -> 29329.082 | H15: =[1]NMM!H$5 -> 25891.048 | I15: =[1]NMM!I$5 -> 28751.896 | ... W15: =[1]NMM!W$5 -> 23947.257
A16: Glass production | B16: =[1]NMM!B$6 -> 18979.731 | C16: =[1]NMM!C$6 -> 18948.958 | D16: =[1]NMM!D$6 -> 19000.875 | E16: =[1]NMM!E$6 -> 17834.948 | F16: =[1]NMM!F$6 -> 17486.505 | G16: =[1]NMM!G$6 -> 17056.252 | H16: =[1]NMM!H$6 -> 18097.952 | I16: =[1]NMM!I$6 -> 18591.307 | ... W16: =[1]NMM!W$6 -> 16129.844
A17: Pulp, paper and printing | B17: =[1]PPA!B$3 -> 102266.93 | C17: =[1]PPA!C$3 -> 102223.72 | D17: =[1]PPA!D$3 -> 98398.675 | E17: =[1]PPA!E$3 -> 91628.116 | F17: =[1]PPA!F$3 -> 91118.193 | G17: =[1]PPA!G$3 -> 88785.749 | H17: =[1]PPA!H$3 -> 88766.538 | I17: =[1]PPA!I$3 -> 88320.332 | ... W17: =[1]PPA!W$3 -> 64997.425
A18: Pulp production | B18: =[1]PPA!B$5 -> 3836.0169 | C18: =[1]PPA!C$5 -> 3726.9417 | D18: =[1]PPA!D$5 -> 3451.5807 | E18: =[1]PPA!E$5 -> 3226.4195 | F18: =[1]PPA!F$5 -> 3027.518 | G18: =[1]PPA!G$5 -> 2838.9293 | H18: =[1]PPA!H$5 -> 2864.5394 | I18: =[1]PPA!I$5 -> 2872.6666 | ... W18: =[1]PPA!W$5 -> 2312.9138
A19: Paper production | B19: =[1]PPA!B$6 -> 50660.307 | C19: =[1]PPA!C$6 -> 51606.38 | D19: =[1]PPA!D$6 -> 49260.601 | E19: =[1]PPA!E$6 -> 46159.853 | F19: =[1]PPA!F$6 -> 45559.871 | G19: =[1]PPA!G$6 -> 42938.71 | H19: =[1]PPA!H$6 -> 43131.989 | I19: =[1]PPA!I$6 -> 43718.278 | ... W19: =[1]PPA!W$6 -> 39759.805
A20: Printing and media reproduction | B20: =[1]PPA!B$7 -> 47770.61 | C20: =[1]PPA!C$7 -> 46890.403 | D20: =[1]PPA!D$7 -> 45686.493 | E20: =[1]PPA!E$7 -> 42241.844 | F20: =[1]PPA!F$7 -> 42530.804 | G20: =[1]PPA!G$7 -> 43008.11 | H20: =[1]PPA!H$7 -> 42770.01 | I20: =[1]PPA!I$7 -> 41729.388 | ... W20: =[1]PPA!W$7 -> 22924.705
A21: Food, beverages and tobacco | B21: =[1]FBT!B$3 -> 208952.2 | C21: =[1]FBT!C$3 -> 211827.24 | D21: =[1]FBT!D$3 -> 215633.04 | E21: =[1]FBT!E$3 -> 216594.91 | F21: =[1]FBT!F$3 -> 219048.63 | G21: =[1]FBT!G$3 -> 216546.27 | H21: =[1]FBT!H$3 -> 213861.77 | I21: =[1]FBT!I$3 -> 217217.69 | ... W21: =[1]FBT!W$3 -> 229494.04
A22: Transport equipment | B22: =[1]TRE!B$3 -> 184730.93 | C22: =[1]TRE!C$3 -> 193947.1 | D22: =[1]TRE!D$3 -> 194249.03 | E22: =[1]TRE!E$3 -> 197587.54 | F22: =[1]TRE!F$3 -> 196620.47 | G22: =[1]TRE!G$3 -> 196350.57 | H22: =[1]TRE!H$3 -> 210530.76 | I22: =[1]TRE!I$3 -> 219816.88 | ... W22: =[1]TRE!W$3 -> 245089.08
A23: Machinery equipment | B23: =[1]MAE!B$3 -> 530368.93 | C23: =[1]MAE!C$3 -> 521725.09 | D23: =[1]MAE!D$3 -> 507363.15 | E23: =[1]MAE!E$3 -> 502102.51 | F23: =[1]MAE!F$3 -> 517713.14 | G23: =[1]MAE!G$3 -> 523898.58 | H23: =[1]MAE!H$3 -> 558963.24 | I23: =[1]MAE!I$3 -> 587943.84 | ... W23: =[1]MAE!W$3 -> 582681.34
A24: Textiles and leather | B24: =[1]TEL!B$3 -> 94515.907 | C24: =[1]TEL!C$3 -> 94538.195 | D24: =[1]TEL!D$3 -> 90429.905 | E24: =[1]TEL!E$3 -> 85771.892 | F24: =[1]TEL!F$3 -> 81650.685 | G24: =[1]TEL!G$3 -> 76713.904 | H24: =[1]TEL!H$3 -> 75545.395 | I24: =[1]TEL!I$3 -> 76023.828 | ... W24: =[1]TEL!W$3 -> 60759.691
A25: Wood and wood products | B25: =[1]WWP!B$3 -> 41579.617 | C25: =[1]WWP!C$3 -> 41349.592 | D25: =[1]WWP!D$3 -> 39943.139 | E25: =[1]WWP!E$3 -> 39695.905 | F25: =[1]WWP!F$3 -> 40177.026 | G25: =[1]WWP!G$3 -> 39527.932 | H25: =[1]WWP!H$3 -> 41237.861 | I25: =[1]WWP!I$3 -> 43287.785 | ... W25: =[1]WWP!W$3 -> 43921.251
A26: Other industrial sectors | B26: =[1]OIS!B$3 -> 733946.86 | C26: =[1]OIS!C$3 -> 746976.2 | D26: =[1]OIS!D$3 -> 752147.03 | E26: =[1]OIS!E$3 -> 758975.94 | F26: =[1]OIS!F$3 -> 786287.54 | G26: =[1]OIS!G$3 -> 810451.1 | H26: =[1]OIS!H$3 -> 866468.97 | I26: =[1]OIS!I$3 -> 893128.38 | ... W26: =[1]OIS!W$3 -> 864911.33
A28: Energy consumption (ktoe)
A29: by fuel (EUROSTAT DATA) | B29: =[1]ISI!B25+[1]NFM!B43+[1]CHI!B32+[1]NMM!B31+[1]PPA!B32+[1]FBT!B12+[1]TRE!B12+[1]MAE!B12+[1]TEL!B12+[1]WWP!B12+[1]OIS!B12 -> 269384.12 | C29: =[1]ISI!C25+[1]NFM!C43+[1]CHI!C32+[1]NMM!C31+[1]PPA!C32+[1]FBT!C12+[1]TRE!C12+[1]MAE!C12+[1]TEL!C12+[1]WWP!C12+[1]OIS!C12 -> 268427.73 | D29: =[1]ISI!D25+[1]NFM!D43+[1]CHI!D32+[1]NMM!D31+[1]PPA!D32+[1]FBT!D12+[1]TRE!D12+[1]MAE!D12+[1]TEL!D12+[1]WWP!D12+[1]OIS!D12 -> 268305 | E29: =[1]ISI!E25+[1]NFM!E43+[1]CHI!E32+[1]NMM!E31+[1]PPA!E32+[1]FBT!E12+[1]TRE!E12+[1]MAE!E12+[1]TEL!E12+[1]WWP!E12+[1]OIS!E12 -> 275070.63 | F29: =[1]ISI!F25+[1]NFM!F43+[1]CHI!F32+[1]NMM!F31+[1]PPA!F32+[1]FBT!F12+[1]TRE!F12+[1]MAE!F12+[1]TEL!F12+[1]WWP!F12+[1]OIS!F12 -> 274409.78 | G29: =[1]ISI!G25+[1]NFM!G43+[1]CHI!G32+[1]NMM!G31+[1]PPA!G32+[1]FBT!G12+[1]TRE!G12+[1]MAE!G12+[1]TEL!G12+[1]WWP!G12+[1]OIS!G12 -> 274930.28 | H29: =[1]ISI!H25+[1]NFM!H43+[1]CHI!H32+[1]NMM!H31+[1]PPA!H32+[1]FBT!H12+[1]TRE!H12+[1]MAE!H12+[1]TEL!H12+[1]WWP!H12+[1]OIS!H12 -> 269540.87 | I29: =[1]ISI!I25+[1]NFM!I43+[1]CHI!I32+[1]NMM!I31+[1]PPA!I32+[1]FBT!I12+[1]TRE!I12+[1]MAE!I12+[1]TEL!I12+[1]WWP!I12+[1]OIS!I12 -> 274240.65 | ... W29: =[1]ISI!W25+[1]NFM!W43+[1]CHI!W32+[1]NMM!W31+[1]PPA!W32+[1]FBT!W12+[1]TRE!W12+[1]MAE!W12+[1]TEL!W12+[1]WWP!W12+[1]OIS!W12 -> 243631.82
A30: Solids | B30: =B31+B32 -> 22810.469 | C30: =C31+C32 -> 20365.668 | D30: =D31+D32 -> 19108.771 | E30: =E31+E32 -> 19743.311 | F30: =F31+F32 -> 18499.919 | G30: =G31+G32 -> 17673.43 | H30: =H31+H32 -> 17620.803 | I30: =I31+I32 -> 18226.161 | ... W30: =W31+W32 -> 10983.431
A31: Hard coal and others | B31: =[1]ISI!B27+[1]NFM!B44+[1]CHI!B33+[1]NMM!B32+[1]PPA!B33+[1]FBT!B13+[1]TRE!B13+[1]MAE!B13+[1]TEL!B13+[1]WWP!B13+[1]OIS!B13 -> 18908.226 | C31: =[1]ISI!C27+[1]NFM!C44+[1]CHI!C33+[1]NMM!C32+[1]PPA!C33+[1]FBT!C13+[1]TRE!C13+[1]MAE!C13+[1]TEL!C13+[1]WWP!C13+[1]OIS!C13 -> 17141.663 | D31: =[1]ISI!D27+[1]NFM!D44+[1]CHI!D33+[1]NMM!D32+[1]PPA!D33+[1]FBT!D13+[1]TRE!D13+[1]MAE!D13+[1]TEL!D13+[1]WWP!D13+[1]OIS!D13 -> 15531.269 | E31: =[1]ISI!E27+[1]NFM!E44+[1]CHI!E33+[1]NMM!E32+[1]PPA!E33+[1]FBT!E13+[1]TRE!E13+[1]MAE!E13+[1]TEL!E13+[1]WWP!E13+[1]OIS!E13 -> 15622.627 | F31: =[1]ISI!F27+[1]NFM!F44+[1]CHI!F33+[1]NMM!F32+[1]PPA!F33+[1]FBT!F13+[1]TRE!F13+[1]MAE!F13+[1]TEL!F13+[1]WWP!F13+[1]OIS!F13 -> 15536.374 | G31: =[1]ISI!G27+[1]NFM!G44+[1]CHI!G33+[1]NMM!G32+[1]PPA!G33+[1]FBT!G13+[1]TRE!G13+[1]MAE!G13+[1]TEL!G13+[1]WWP!G13+[1]OIS!G13 -> 14770.242 | H31: =[1]ISI!H27+[1]NFM!H44+[1]CHI!H33+[1]NMM!H32+[1]PPA!H33+[1]FBT!H13+[1]TRE!H13+[1]MAE!H13+[1]TEL!H13+[1]WWP!H13+[1]OIS!H13 -> 14153.426 | I31: =[1]ISI!I27+[1]NFM!I44+[1]CHI!I33+[1]NMM!I32+[1]PPA!I33+[1]FBT!I13+[1]TRE!I13+[1]MAE!I13+[1]TEL!I13+[1]WWP!I13+[1]OIS!I13 -> 15409.763 | ... W31: =[1]ISI!W27+[1]NFM!W44+[1]CHI!W33+[1]NMM!W32+[1]PPA!W33+[1]FBT!W13+[1]TRE!W13+[1]MAE!W13+[1]TEL!W13+[1]WWP!W13+[1]OIS!W13 -> 9769.7688
A32: Coke | B32: =[1]ISI!B28 -> 3902.2433 | C32: =[1]ISI!C28 -> 3224.0046 | D32: =[1]ISI!D28 -> 3577.5015 | E32: =[1]ISI!E28 -> 4120.6841 | F32: =[1]ISI!F28 -> 2963.5447 | G32: =[1]ISI!G28 -> 2903.1874 | H32: =[1]ISI!H28 -> 3467.3772 | I32: =[1]ISI!I28 -> 2816.3981 | ... W32: =[1]ISI!W28 -> 1213.6625
A33: Liquids | B33: =SUM(B34:B38) -> 43589.914 | C33: =SUM(C34:C38) -> 43791.521 | D33: =SUM(D34:D38) -> 43188.051 | E33: =SUM(E34:E38) -> 43838.797 | F33: =SUM(F34:F38) -> 41617.818 | G33: =SUM(G34:G38) -> 40045.485 | H33: =SUM(H34:H38) -> 39689.498 | I33: =SUM(I34:I38) -> 39132.055 | ... W33: =SUM(W34:W38) -> 23482.604
A34: Refinery gas | B34: =[1]ISI!B30+[1]NFM!B46+[1]CHI!B35+[1]NMM!B34+[1]PPA!B35+[1]FBT!B15+[1]TRE!B15+[1]MAE!B15+[1]TEL!B15+[1]WWP!B15+[1]OIS!B15 -> 2910.6894 | C34: =[1]ISI!C30+[1]NFM!C46+[1]CHI!C35+[1]NMM!C34+[1]PPA!C35+[1]FBT!C15+[1]TRE!C15+[1]MAE!C15+[1]TEL!C15+[1]WWP!C15+[1]OIS!C15 -> 3195.0585 | D34: =[1]ISI!D30+[1]NFM!D46+[1]CHI!D35+[1]NMM!D34+[1]PPA!D35+[1]FBT!D15+[1]TRE!D15+[1]MAE!D15+[1]TEL!D15+[1]WWP!D15+[1]OIS!D15 -> 3476.746 | E34: =[1]ISI!E30+[1]NFM!E46+[1]CHI!E35+[1]NMM!E34+[1]PPA!E35+[1]FBT!E15+[1]TRE!E15+[1]MAE!E15+[1]TEL!E15+[1]WWP!E15+[1]OIS!E15 -> 4164.4155 | F34: =[1]ISI!F30+[1]NFM!F46+[1]CHI!F35+[1]NMM!F34+[1]PPA!F35+[1]FBT!F15+[1]TRE!F15+[1]MAE!F15+[1]TEL!F15+[1]WWP!F15+[1]OIS!F15 -> 3707.7802 | G34: =[1]ISI!G30+[1]NFM!G46+[1]CHI!G35+[1]NMM!G34+[1]PPA!G35+[1]FBT!G15+[1]TRE!G15+[1]MAE!G15+[1]TEL!G15+[1]WWP!G15+[1]OIS!G15 -> 3449.2451 | H34: =[1]ISI!H30+[1]NFM!H46+[1]CHI!H35+[1]NMM!H34+[1]PPA!H35+[1]FBT!H15+[1]TRE!H15+[1]MAE!H15+[1]TEL!H15+[1]WWP!H15+[1]OIS!H15 -> 3924.9326 | I34: =[1]ISI!I30+[1]NFM!I46+[1]CHI!I35+[1]NMM!I34+[1]PPA!I35+[1]FBT!I15+[1]TRE!I15+[1]MAE!I15+[1]TEL!I15+[1]WWP!I15+[1]OIS!I15 -> 4682.1703 | ... W34: =[1]ISI!W30+[1]NFM!W46+[1]CHI!W35+[1]NMM!W34+[1]PPA!W35+[1]FBT!W15+[1]TRE!W15+[1]MAE!W15+[1]TEL!W15+[1]WWP!W15+[1]OIS!W15 -> 3958.2578
A35: LPG | B35: =[1]ISI!B31+[1]NFM!B47+[1]CHI!B36+[1]NMM!B35+[1]PPA!B36+[1]FBT!B16+[1]TRE!B16+[1]MAE!B16+[1]TEL!B16+[1]WWP!B16+[1]OIS!B16 -> 4508.7295 | C35: =[1]ISI!C31+[1]NFM!C47+[1]CHI!C36+[1]NMM!C35+[1]PPA!C36+[1]FBT!C16+[1]TRE!C16+[1]MAE!C16+[1]TEL!C16+[1]WWP!C16+[1]OIS!C16 -> 4569.5371 | D35: =[1]ISI!D31+[1]NFM!D47+[1]CHI!D36+[1]NMM!D35+[1]PPA!D36+[1]FBT!D16+[1]TRE!D16+[1]MAE!D16+[1]TEL!D16+[1]WWP!D16+[1]OIS!D16 -> 4115.9481 | E35: =[1]ISI!E31+[1]NFM!E47+[1]CHI!E36+[1]NMM!E35+[1]PPA!E36+[1]FBT!E16+[1]TRE!E16+[1]MAE!E16+[1]TEL!E16+[1]WWP!E16+[1]OIS!E16 -> 3637.2742 | F35: =[1]ISI!F31+[1]NFM!F47+[1]CHI!F36+[1]NMM!F35+[1]PPA!F36+[1]FBT!F16+[1]TRE!F16+[1]MAE!F16+[1]TEL!F16+[1]WWP!F16+[1]OIS!F16 -> 3185.0687 | G35: =[1]ISI!G31+[1]NFM!G47+[1]CHI!G36+[1]NMM!G35+[1]PPA!G36+[1]FBT!G16+[1]TRE!G16+[1]MAE!G16+[1]TEL!G16+[1]WWP!G16+[1]OIS!G16 -> 3143.4832 | H35: =[1]ISI!H31+[1]NFM!H47+[1]CHI!H36+[1]NMM!H35+[1]PPA!H36+[1]FBT!H16+[1]TRE!H16+[1]MAE!H16+[1]TEL!H16+[1]WWP!H16+[1]OIS!H16 -> 3330.8432 | I35: =[1]ISI!I31+[1]NFM!I47+[1]CHI!I36+[1]NMM!I35+[1]PPA!I36+[1]FBT!I16+[1]TRE!I16+[1]MAE!I16+[1]TEL!I16+[1]WWP!I16+[1]OIS!I16 -> 3168.7832 | ... W35: =[1]ISI!W31+[1]NFM!W47+[1]CHI!W36+[1]NMM!W35+[1]PPA!W36+[1]FBT!W16+[1]TRE!W16+[1]MAE!W16+[1]TEL!W16+[1]WWP!W16+[1]OIS!W16 -> 2451.5366
A36: Diesel oil (without biofuels) | B36: =[1]ISI!B32+[1]NFM!B48+[1]CHI!B37+[1]NMM!B36+[1]PPA!B37+[1]FBT!B17+[1]TRE!B17+[1]MAE!B17+[1]TEL!B17+[1]WWP!B17+[1]OIS!B17 -> 10935.737 | C36: =[1]ISI!C32+[1]NFM!C48+[1]CHI!C37+[1]NMM!C36+[1]PPA!C37+[1]FBT!C17+[1]TRE!C17+[1]MAE!C17+[1]TEL!C17+[1]WWP!C17+[1]OIS!C17 -> 11606.358 | D36: =[1]ISI!D32+[1]NFM!D48+[1]CHI!D37+[1]NMM!D36+[1]PPA!D37+[1]FBT!D17+[1]TRE!D17+[1]MAE!D17+[1]TEL!D17+[1]WWP!D17+[1]OIS!D17 -> 11292.645 | E36: =[1]ISI!E32+[1]NFM!E48+[1]CHI!E37+[1]NMM!E36+[1]PPA!E37+[1]FBT!E17+[1]TRE!E17+[1]MAE!E17+[1]TEL!E17+[1]WWP!E17+[1]OIS!E17 -> 11030.764 | F36: =[1]ISI!F32+[1]NFM!F48+[1]CHI!F37+[1]NMM!F36+[1]PPA!F37+[1]FBT!F17+[1]TRE!F17+[1]MAE!F17+[1]TEL!F17+[1]WWP!F17+[1]OIS!F17 -> 10735.901 | G36: =[1]ISI!G32+[1]NFM!G48+[1]CHI!G37+[1]NMM!G36+[1]PPA!G37+[1]FBT!G17+[1]TRE!G17+[1]MAE!G17+[1]TEL!G17+[1]WWP!G17+[1]OIS!G17 -> 10922.678 | H36: =[1]ISI!H32+[1]NFM!H48+[1]CHI!H37+[1]NMM!H36+[1]PPA!H37+[1]FBT!H17+[1]TRE!H17+[1]MAE!H17+[1]TEL!H17+[1]WWP!H17+[1]OIS!H17 -> 9718.1334 | I36: =[1]ISI!I32+[1]NFM!I48+[1]CHI!I37+[1]NMM!I36+[1]PPA!I37+[1]FBT!I17+[1]TRE!I17+[1]MAE!I17+[1]TEL!I17+[1]WWP!I17+[1]OIS!I17 -> 9978.8717 | ... W36: =[1]ISI!W32+[1]NFM!W48+[1]CHI!W37+[1]NMM!W36+[1]PPA!W37+[1]FBT!W17+[1]TRE!W17+[1]MAE!W17+[1]TEL!W17+[1]WWP!W17+[1]OIS!W17 -> 8503.5225
A37: Fuel oil | B37: =[1]ISI!B33+[1]NFM!B49+[1]CHI!B38+[1]NMM!B37+[1]PPA!B38+[1]FBT!B18+[1]TRE!B18+[1]MAE!B18+[1]TEL!B18+[1]WWP!B18+[1]OIS!B18 -> 16604.348 | C37: =[1]ISI!C33+[1]NFM!C49+[1]CHI!C38+[1]NMM!C37+[1]PPA!C38+[1]FBT!C18+[1]TRE!C18+[1]MAE!C18+[1]TEL!C18+[1]WWP!C18+[1]OIS!C18 -> 15974.118 | D37: =[1]ISI!D33+[1]NFM!D49+[1]CHI!D38+[1]NMM!D37+[1]PPA!D38+[1]FBT!D18+[1]TRE!D18+[1]MAE!D18+[1]TEL!D18+[1]WWP!D18+[1]OIS!D18 -> 15314.44 | E37: =[1]ISI!E33+[1]NFM!E49+[1]CHI!E38+[1]NMM!E37+[1]PPA!E38+[1]FBT!E18+[1]TRE!E18+[1]MAE!E18+[1]TEL!E18+[1]WWP!E18+[1]OIS!E18 -> 15156.003 | F37: =[1]ISI!F33+[1]NFM!F49+[1]CHI!F38+[1]NMM!F37+[1]PPA!F38+[1]FBT!F18+[1]TRE!F18+[1]MAE!F18+[1]TEL!F18+[1]WWP!F18+[1]OIS!F18 -> 13190.826 | G37: =[1]ISI!G33+[1]NFM!G49+[1]CHI!G38+[1]NMM!G37+[1]PPA!G38+[1]FBT!G18+[1]TRE!G18+[1]MAE!G18+[1]TEL!G18+[1]WWP!G18+[1]OIS!G18 -> 11642.845 | H37: =[1]ISI!H33+[1]NFM!H49+[1]CHI!H38+[1]NMM!H37+[1]PPA!H38+[1]FBT!H18+[1]TRE!H18+[1]MAE!H18+[1]TEL!H18+[1]WWP!H18+[1]OIS!H18 -> 12223.956 | I37: =[1]ISI!I33+[1]NFM!I49+[1]CHI!I38+[1]NMM!I37+[1]PPA!I38+[1]FBT!I18+[1]TRE!I18+[1]MAE!I18+[1]TEL!I18+[1]WWP!I18+[1]OIS!I18 -> 11122.222 | ... W37: =[1]ISI!W33+[1]NFM!W49+[1]CHI!W38+[1]NMM!W37+[1]PPA!W38+[1]FBT!W18+[1]TRE!W18+[1]MAE!W18+[1]TEL!W18+[1]WWP!W18+[1]OIS!W18 -> 2359.7448
A38: Other liquids | B38: =[1]ISI!B34+[1]NFM!B50+[1]CHI!B39+[1]NMM!B38+[1]PPA!B39+[1]FBT!B19+[1]TRE!B19+[1]MAE!B19+[1]TEL!B19+[1]WWP!B19+[1]OIS!B19 -> 8630.4103 | C38: =[1]ISI!C34+[1]NFM!C50+[1]CHI!C39+[1]NMM!C38+[1]PPA!C39+[1]FBT!C19+[1]TRE!C19+[1]MAE!C19+[1]TEL!C19+[1]WWP!C19+[1]OIS!C19 -> 8446.4489 | D38: =[1]ISI!D34+[1]NFM!D50+[1]CHI!D39+[1]NMM!D38+[1]PPA!D39+[1]FBT!D19+[1]TRE!D19+[1]MAE!D19+[1]TEL!D19+[1]WWP!D19+[1]OIS!D19 -> 8988.2727 | E38: =[1]ISI!E34+[1]NFM!E50+[1]CHI!E39+[1]NMM!E38+[1]PPA!E39+[1]FBT!E19+[1]TRE!E19+[1]MAE!E19+[1]TEL!E19+[1]WWP!E19+[1]OIS!E19 -> 9850.3398 | F38: =[1]ISI!F34+[1]NFM!F50+[1]CHI!F39+[1]NMM!F38+[1]PPA!F39+[1]FBT!F19+[1]TRE!F19+[1]MAE!F19+[1]TEL!F19+[1]WWP!F19+[1]OIS!F19 -> 10798.242 | G38: =[1]ISI!G34+[1]NFM!G50+[1]CHI!G39+[1]NMM!G38+[1]PPA!G39+[1]FBT!G19+[1]TRE!G19+[1]MAE!G19+[1]TEL!G19+[1]WWP!G19+[1]OIS!G19 -> 10887.233 | H38: =[1]ISI!H34+[1]NFM!H50+[1]CHI!H39+[1]NMM!H38+[1]PPA!H39+[1]FBT!H19+[1]TRE!H19+[1]MAE!H19+[1]TEL!H19+[1]WWP!H19+[1]OIS!H19 -> 10491.633 | I38: =[1]ISI!I34+[1]NFM!I50+[1]CHI!I39+[1]NMM!I38+[1]PPA!I39+[1]FBT!I19+[1]TRE!I19+[1]MAE!I19+[1]TEL!I19+[1]WWP!I19+[1]OIS!I19 -> 10180.007 | ... W38: =[1]ISI!W34+[1]NFM!W50+[1]CHI!W39+[1]NMM!W38+[1]PPA!W39+[1]FBT!W19+[1]TRE!W19+[1]MAE!W19+[1]TEL!W19+[1]WWP!W19+[1]OIS!W19 -> 6209.5426
A39: Gases | B39: =B40+B41 -> 95421.942 | C39: =C40+C41 -> 95908.43 | D39: =D40+D41 -> 96180.156 | E39: =E40+E41 -> 97073.898 | F39: =F40+F41 -> 94518.2 | G39: =G40+G41 -> 96126.013 | H39: =H40+H41 -> 89876.153 | I39: =I40+I41 -> 91319.096 | ... W39: =W40+W41 -> 86382.515
A40: Natural gas | B40: =[1]ISI!B36+[1]NFM!B52+[1]CHI!B41+[1]NMM!B40+[1]PPA!B41+[1]FBT!B21+[1]TRE!B21+[1]MAE!B21+[1]TEL!B21+[1]WWP!B21+[1]OIS!B21 -> 87537.774 | C40: =[1]ISI!C36+[1]NFM!C52+[1]CHI!C41+[1]NMM!C40+[1]PPA!C41+[1]FBT!C21+[1]TRE!C21+[1]MAE!C21+[1]TEL!C21+[1]WWP!C21+[1]OIS!C21 -> 88680.819 | D40: =[1]ISI!D36+[1]NFM!D52+[1]CHI!D41+[1]NMM!D40+[1]PPA!D41+[1]FBT!D21+[1]TRE!D21+[1]MAE!D21+[1]TEL!D21+[1]WWP!D21+[1]OIS!D21 -> 89248.663 | E40: =[1]ISI!E36+[1]NFM!E52+[1]CHI!E41+[1]NMM!E40+[1]PPA!E41+[1]FBT!E21+[1]TRE!E21+[1]MAE!E21+[1]TEL!E21+[1]WWP!E21+[1]OIS!E21 -> 90430.873 | F40: =[1]ISI!F36+[1]NFM!F52+[1]CHI!F41+[1]NMM!F40+[1]PPA!F41+[1]FBT!F21+[1]TRE!F21+[1]MAE!F21+[1]TEL!F21+[1]WWP!F21+[1]OIS!F21 -> 87685.509 | G40: =[1]ISI!G36+[1]NFM!G52+[1]CHI!G41+[1]NMM!G40+[1]PPA!G41+[1]FBT!G21+[1]TRE!G21+[1]MAE!G21+[1]TEL!G21+[1]WWP!G21+[1]OIS!G21 -> 89767.745 | H40: =[1]ISI!H36+[1]NFM!H52+[1]CHI!H41+[1]NMM!H40+[1]PPA!H41+[1]FBT!H21+[1]TRE!H21+[1]MAE!H21+[1]TEL!H21+[1]WWP!H21+[1]OIS!H21 -> 83431.613 | I40: =[1]ISI!I36+[1]NFM!I52+[1]CHI!I41+[1]NMM!I40+[1]PPA!I41+[1]FBT!I21+[1]TRE!I21+[1]MAE!I21+[1]TEL!I21+[1]WWP!I21+[1]OIS!I21 -> 85163.836 | ... W40: =[1]ISI!W36+[1]NFM!W52+[1]CHI!W41+[1]NMM!W40+[1]PPA!W41+[1]FBT!W21+[1]TRE!W21+[1]MAE!W21+[1]TEL!W21+[1]WWP!W21+[1]OIS!W21 -> 81920.758
A41: Derived gases | B41: =[1]ISI!B37+[1]NFM!B53+[1]CHI!B42+[1]NMM!B41+[1]PPA!B42+[1]FBT!B22+[1]TRE!B22+[1]MAE!B22+[1]TEL!B22+[1]WWP!B22+[1]OIS!B22 -> 7884.1677 | C41: =[1]ISI!C37+[1]NFM!C53+[1]CHI!C42+[1]NMM!C41+[1]PPA!C42+[1]FBT!C22+[1]TRE!C22+[1]MAE!C22+[1]TEL!C22+[1]WWP!C22+[1]OIS!C22 -> 7227.6107 | D41: =[1]ISI!D37+[1]NFM!D53+[1]CHI!D42+[1]NMM!D41+[1]PPA!D42+[1]FBT!D22+[1]TRE!D22+[1]MAE!D22+[1]TEL!D22+[1]WWP!D22+[1]OIS!D22 -> 6931.4932 | E41: =[1]ISI!E37+[1]NFM!E53+[1]CHI!E42+[1]NMM!E41+[1]PPA!E42+[1]FBT!E22+[1]TRE!E22+[1]MAE!E22+[1]TEL!E22+[1]WWP!E22+[1]OIS!E22 -> 6643.0248 | F41: =[1]ISI!F37+[1]NFM!F53+[1]CHI!F42+[1]NMM!F41+[1]PPA!F42+[1]FBT!F22+[1]TRE!F22+[1]MAE!F22+[1]TEL!F22+[1]WWP!F22+[1]OIS!F22 -> 6832.6905 | G41: =[1]ISI!G37+[1]NFM!G53+[1]CHI!G42+[1]NMM!G41+[1]PPA!G42+[1]FBT!G22+[1]TRE!G22+[1]MAE!G22+[1]TEL!G22+[1]WWP!G22+[1]OIS!G22 -> 6358.2678 | H41: =[1]ISI!H37+[1]NFM!H53+[1]CHI!H42+[1]NMM!H41+[1]PPA!H42+[1]FBT!H22+[1]TRE!H22+[1]MAE!H22+[1]TEL!H22+[1]WWP!H22+[1]OIS!H22 -> 6444.5407 | I41: =[1]ISI!I37+[1]NFM!I53+[1]CHI!I42+[1]NMM!I41+[1]PPA!I42+[1]FBT!I22+[1]TRE!I22+[1]MAE!I22+[1]TEL!I22+[1]WWP!I22+[1]OIS!I22 -> 6155.2597 | ... W41: =[1]ISI!W37+[1]NFM!W53+[1]CHI!W42+[1]NMM!W41+[1]PPA!W42+[1]FBT!W22+[1]TRE!W22+[1]MAE!W22+[1]TEL!W22+[1]WWP!W22+[1]OIS!W22 -> 4461.757
A42: RES and wastes | B42: =SUM(B43:B48) -> 16267.287 | C42: =SUM(C43:C48) -> 15608.252 | D42: =SUM(D43:D48) -> 16229.138 | E42: =SUM(E43:E48) -> 17321.736 | F42: =SUM(F43:F48) -> 18111.497 | G42: =SUM(G43:G48) -> 18742.129 | H42: =SUM(H43:H48) -> 19686.957 | I42: =SUM(I43:I48) -> 20726.467 | ... W42: =SUM(W43:W48) -> 28018.533
A43: Biomass and waste | B43: =[1]ISI!B39+[1]NFM!B55+[1]CHI!B44+[1]NMM!B43+[1]PPA!B44+[1]FBT!B24+[1]TRE!B24+[1]MAE!B24+[1]TEL!B24+[1]WWP!B24+[1]OIS!B24 -> 16049.127 | C43: =[1]ISI!C39+[1]NFM!C55+[1]CHI!C44+[1]NMM!C43+[1]PPA!C44+[1]FBT!C24+[1]TRE!C24+[1]MAE!C24+[1]TEL!C24+[1]WWP!C24+[1]OIS!C24 -> 15204.507 | D43: =[1]ISI!D39+[1]NFM!D55+[1]CHI!D44+[1]NMM!D43+[1]PPA!D44+[1]FBT!D24+[1]TRE!D24+[1]MAE!D24+[1]TEL!D24+[1]WWP!D24+[1]OIS!D24 -> 15702.002 | E43: =[1]ISI!E39+[1]NFM!E55+[1]CHI!E44+[1]NMM!E43+[1]PPA!E44+[1]FBT!E24+[1]TRE!E24+[1]MAE!E24+[1]TEL!E24+[1]WWP!E24+[1]OIS!E24 -> 17181.054 | F43: =[1]ISI!F39+[1]NFM!F55+[1]CHI!F44+[1]NMM!F43+[1]PPA!F44+[1]FBT!F24+[1]TRE!F24+[1]MAE!F24+[1]TEL!F24+[1]WWP!F24+[1]OIS!F24 -> 17962.865 | G43: =[1]ISI!G39+[1]NFM!G55+[1]CHI!G44+[1]NMM!G43+[1]PPA!G44+[1]FBT!G24+[1]TRE!G24+[1]MAE!G24+[1]TEL!G24+[1]WWP!G24+[1]OIS!G24 -> 18554.372 | H43: =[1]ISI!H39+[1]NFM!H55+[1]CHI!H44+[1]NMM!H43+[1]PPA!H44+[1]FBT!H24+[1]TRE!H24+[1]MAE!H24+[1]TEL!H24+[1]WWP!H24+[1]OIS!H24 -> 19475.44 | I43: =[1]ISI!I39+[1]NFM!I55+[1]CHI!I44+[1]NMM!I43+[1]PPA!I44+[1]FBT!I24+[1]TRE!I24+[1]MAE!I24+[1]TEL!I24+[1]WWP!I24+[1]OIS!I24 -> 20455.483 | ... W43: =[1]ISI!W39+[1]NFM!W55+[1]CHI!W44+[1]NMM!W43+[1]PPA!W44+[1]FBT!W24+[1]TRE!W24+[1]MAE!W24+[1]TEL!W24+[1]WWP!W24+[1]OIS!W24 -> 26664.023
A44: Biogas | B44: =[1]ISI!B40+[1]NFM!B56+[1]CHI!B45+[1]NMM!B44+[1]PPA!B45+[1]FBT!B25+[1]TRE!B25+[1]MAE!B25+[1]TEL!B25+[1]WWP!B25+[1]OIS!B25 -> 195.30404 | C44: =[1]ISI!C40+[1]NFM!C56+[1]CHI!C45+[1]NMM!C44+[1]PPA!C45+[1]FBT!C25+[1]TRE!C25+[1]MAE!C25+[1]TEL!C25+[1]WWP!C25+[1]OIS!C25 -> 379.62175 | D44: =[1]ISI!D40+[1]NFM!D56+[1]CHI!D45+[1]NMM!D44+[1]PPA!D45+[1]FBT!D25+[1]TRE!D25+[1]MAE!D25+[1]TEL!D25+[1]WWP!D25+[1]OIS!D25 -> 502.53181 | E44: =[1]ISI!E40+[1]NFM!E56+[1]CHI!E45+[1]NMM!E44+[1]PPA!E45+[1]FBT!E25+[1]TRE!E25+[1]MAE!E25+[1]TEL!E25+[1]WWP!E25+[1]OIS!E25 -> 96.422098 | F44: =[1]ISI!F40+[1]NFM!F56+[1]CHI!F45+[1]NMM!F44+[1]PPA!F45+[1]FBT!F25+[1]TRE!F25+[1]MAE!F25+[1]TEL!F25+[1]WWP!F25+[1]OIS!F25 -> 107.00301 | G44: =[1]ISI!G40+[1]NFM!G56+[1]CHI!G45+[1]NMM!G44+[1]PPA!G45+[1]FBT!G25+[1]TRE!G25+[1]MAE!G25+[1]TEL!G25+[1]WWP!G25+[1]OIS!G25 -> 131.56045 | H44: =[1]ISI!H40+[1]NFM!H56+[1]CHI!H45+[1]NMM!H44+[1]PPA!H45+[1]FBT!H25+[1]TRE!H25+[1]MAE!H25+[1]TEL!H25+[1]WWP!H25+[1]OIS!H25 -> 116.17068 | I44: =[1]ISI!I40+[1]NFM!I56+[1]CHI!I45+[1]NMM!I44+[1]PPA!I45+[1]FBT!I25+[1]TRE!I25+[1]MAE!I25+[1]TEL!I25+[1]WWP!I25+[1]OIS!I25 -> 153.94179 | ... W44: =[1]ISI!W40+[1]NFM!W56+[1]CHI!W45+[1]NMM!W44+[1]PPA!W45+[1]FBT!W25+[1]TRE!W25+[1]MAE!W25+[1]TEL!W25+[1]WWP!W25+[1]OIS!W25 -> 505.65778
A45: Liquid biofuels | B45: =[1]ISI!B41+[1]NFM!B57+[1]CHI!B46+[1]NMM!B45+[1]PPA!B46+[1]FBT!B26+[1]TRE!B26+[1]MAE!B26+[1]TEL!B26+[1]WWP!B26+[1]OIS!B26 -> 0 | C45: =[1]ISI!C41+[1]NFM!C57+[1]CHI!C46+[1]NMM!C45+[1]PPA!C46+[1]FBT!C26+[1]TRE!C26+[1]MAE!C26+[1]TEL!C26+[1]WWP!C26+[1]OIS!C26 -> 0 | D45: =[1]ISI!D41+[1]NFM!D57+[1]CHI!D46+[1]NMM!D45+[1]PPA!D46+[1]FBT!D26+[1]TRE!D26+[1]MAE!D26+[1]TEL!D26+[1]WWP!D26+[1]OIS!D26 -> 0 | E45: =[1]ISI!E41+[1]NFM!E57+[1]CHI!E46+[1]NMM!E45+[1]PPA!E46+[1]FBT!E26+[1]TRE!E26+[1]MAE!E26+[1]TEL!E26+[1]WWP!E26+[1]OIS!E26 -> 16.671195 | F45: =[1]ISI!F41+[1]NFM!F57+[1]CHI!F46+[1]NMM!F45+[1]PPA!F46+[1]FBT!F26+[1]TRE!F26+[1]MAE!F26+[1]TEL!F26+[1]WWP!F26+[1]OIS!F26 -> 14.184953 | G45: =[1]ISI!G41+[1]NFM!G57+[1]CHI!G46+[1]NMM!G45+[1]PPA!G46+[1]FBT!G26+[1]TRE!G26+[1]MAE!G26+[1]TEL!G26+[1]WWP!G26+[1]OIS!G26 -> 23.680653 | H45: =[1]ISI!H41+[1]NFM!H57+[1]CHI!H46+[1]NMM!H45+[1]PPA!H46+[1]FBT!H26+[1]TRE!H26+[1]MAE!H26+[1]TEL!H26+[1]WWP!H26+[1]OIS!H26 -> 59.456234 | I45: =[1]ISI!I41+[1]NFM!I57+[1]CHI!I46+[1]NMM!I45+[1]PPA!I46+[1]FBT!I26+[1]TRE!I26+[1]MAE!I26+[1]TEL!I26+[1]WWP!I26+[1]OIS!I26 -> 81.176612 | ... W45: =[1]ISI!W41+[1]NFM!W57+[1]CHI!W46+[1]NMM!W45+[1]PPA!W46+[1]FBT!W26+[1]TRE!W26+[1]MAE!W26+[1]TEL!W26+[1]WWP!W26+[1]OIS!W26 -> 446.25735
A46: Solar | B46: =[1]ISI!B42+[1]NFM!B58+[1]CHI!B47+[1]NMM!B46+[1]PPA!B47+[1]FBT!B27+[1]TRE!B27+[1]MAE!B27+[1]TEL!B27+[1]WWP!B27+[1]OIS!B27 -> 0.93396389 | C46: =[1]ISI!C42+[1]NFM!C58+[1]CHI!C47+[1]NMM!C46+[1]PPA!C47+[1]FBT!C27+[1]TRE!C27+[1]MAE!C27+[1]TEL!C27+[1]WWP!C27+[1]OIS!C27 -> 1.0401548 | D46: =[1]ISI!D42+[1]NFM!D58+[1]CHI!D47+[1]NMM!D46+[1]PPA!D47+[1]FBT!D27+[1]TRE!D27+[1]MAE!D27+[1]TEL!D27+[1]WWP!D27+[1]OIS!D27 -> 1.0904557 | E46: =[1]ISI!E42+[1]NFM!E58+[1]CHI!E47+[1]NMM!E46+[1]PPA!E47+[1]FBT!E27+[1]TRE!E27+[1]MAE!E27+[1]TEL!E27+[1]WWP!E27+[1]OIS!E27 -> 1.2411866 | F46: =[1]ISI!F42+[1]NFM!F58+[1]CHI!F47+[1]NMM!F46+[1]PPA!F47+[1]FBT!F27+[1]TRE!F27+[1]MAE!F27+[1]TEL!F27+[1]WWP!F27+[1]OIS!F27 -> 1.4477214 | G46: =[1]ISI!G42+[1]NFM!G58+[1]CHI!G47+[1]NMM!G46+[1]PPA!G47+[1]FBT!G27+[1]TRE!G27+[1]MAE!G27+[1]TEL!G27+[1]WWP!G27+[1]OIS!G27 -> 1.7761823 | H46: =[1]ISI!H42+[1]NFM!H58+[1]CHI!H47+[1]NMM!H46+[1]PPA!H47+[1]FBT!H27+[1]TRE!H27+[1]MAE!H27+[1]TEL!H27+[1]WWP!H27+[1]OIS!H27 -> 1.9749785 | I46: =[1]ISI!I42+[1]NFM!I58+[1]CHI!I47+[1]NMM!I46+[1]PPA!I47+[1]FBT!I27+[1]TRE!I27+[1]MAE!I27+[1]TEL!I27+[1]WWP!I27+[1]OIS!I27 -> 2.1621668 | ... W46: =[1]ISI!W42+[1]NFM!W58+[1]CHI!W47+[1]NMM!W46+[1]PPA!W47+[1]FBT!W27+[1]TRE!W27+[1]MAE!W27+[1]TEL!W27+[1]WWP!W27+[1]OIS!W27 -> 18.375666
A47: Geothermal | B47: =[1]ISI!B43+[1]NFM!B59+[1]CHI!B48+[1]NMM!B47+[1]PPA!B48+[1]FBT!B28+[1]TRE!B28+[1]MAE!B28+[1]TEL!B28+[1]WWP!B28+[1]OIS!B28 -> 0.28658641 | C47: =[1]ISI!C43+[1]NFM!C59+[1]CHI!C48+[1]NMM!C47+[1]PPA!C48+[1]FBT!C28+[1]TRE!C28+[1]MAE!C28+[1]TEL!C28+[1]WWP!C28+[1]OIS!C28 -> 0.74041273 | D47: =[1]ISI!D43+[1]NFM!D59+[1]CHI!D48+[1]NMM!D47+[1]PPA!D48+[1]FBT!D28+[1]TRE!D28+[1]MAE!D28+[1]TEL!D28+[1]WWP!D28+[1]OIS!D28 -> 0.45382631 | E47: =[1]ISI!E43+[1]NFM!E59+[1]CHI!E48+[1]NMM!E47+[1]PPA!E48+[1]FBT!E28+[1]TRE!E28+[1]MAE!E28+[1]TEL!E28+[1]WWP!E28+[1]OIS!E28 -> 2.9378332 | F47: =[1]ISI!F43+[1]NFM!F59+[1]CHI!F48+[1]NMM!F47+[1]PPA!F48+[1]FBT!F28+[1]TRE!F28+[1]MAE!F28+[1]TEL!F28+[1]WWP!F28+[1]OIS!F28 -> 2.1974205 | G47: =[1]ISI!G43+[1]NFM!G59+[1]CHI!G48+[1]NMM!G47+[1]PPA!G48+[1]FBT!G28+[1]TRE!G28+[1]MAE!G28+[1]TEL!G28+[1]WWP!G28+[1]OIS!G28 -> 2.2690456 | H47: =[1]ISI!H43+[1]NFM!H59+[1]CHI!H48+[1]NMM!H47+[1]PPA!H48+[1]FBT!H28+[1]TRE!H28+[1]MAE!H28+[1]TEL!H28+[1]WWP!H28+[1]OIS!H28 -> 2.0063629 | I47: =[1]ISI!I43+[1]NFM!I59+[1]CHI!I48+[1]NMM!I47+[1]PPA!I48+[1]FBT!I28+[1]TRE!I28+[1]MAE!I28+[1]TEL!I28+[1]WWP!I28+[1]OIS!I28 -> 1.8869304 | ... W47: =[1]ISI!W43+[1]NFM!W59+[1]CHI!W48+[1]NMM!W47+[1]PPA!W48+[1]FBT!W28+[1]TRE!W28+[1]MAE!W28+[1]TEL!W28+[1]WWP!W28+[1]OIS!W28 -> 3.544282
A48: Ambient heat | B48: =[1]ISI!B44+[1]NFM!B60+[1]CHI!B49+[1]NMM!B48+[1]PPA!B49+[1]FBT!B29+[1]TRE!B29+[1]MAE!B29+[1]TEL!B29+[1]WWP!B29+[1]OIS!B29 -> 21.635082 | C48: =[1]ISI!C44+[1]NFM!C60+[1]CHI!C49+[1]NMM!C48+[1]PPA!C49+[1]FBT!C29+[1]TRE!C29+[1]MAE!C29+[1]TEL!C29+[1]WWP!C29+[1]OIS!C29 -> 22.342046 | D48: =[1]ISI!D44+[1]NFM!D60+[1]CHI!D49+[1]NMM!D48+[1]PPA!D49+[1]FBT!D29+[1]TRE!D29+[1]MAE!D29+[1]TEL!D29+[1]WWP!D29+[1]OIS!D29 -> 23.059759 | E48: =[1]ISI!E44+[1]NFM!E60+[1]CHI!E49+[1]NMM!E48+[1]PPA!E49+[1]FBT!E29+[1]TRE!E29+[1]MAE!E29+[1]TEL!E29+[1]WWP!E29+[1]OIS!E29 -> 23.409458 | F48: =[1]ISI!F44+[1]NFM!F60+[1]CHI!F49+[1]NMM!F48+[1]PPA!F49+[1]FBT!F29+[1]TRE!F29+[1]MAE!F29+[1]TEL!F29+[1]WWP!F29+[1]OIS!F29 -> 23.798796 | G48: =[1]ISI!G44+[1]NFM!G60+[1]CHI!G49+[1]NMM!G48+[1]PPA!G49+[1]FBT!G29+[1]TRE!G29+[1]MAE!G29+[1]TEL!G29+[1]WWP!G29+[1]OIS!G29 -> 28.470163 | H48: =[1]ISI!H44+[1]NFM!H60+[1]CHI!H49+[1]NMM!H48+[1]PPA!H49+[1]FBT!H29+[1]TRE!H29+[1]MAE!H29+[1]TEL!H29+[1]WWP!H29+[1]OIS!H29 -> 31.908942 | I48: =[1]ISI!I44+[1]NFM!I60+[1]CHI!I49+[1]NMM!I48+[1]PPA!I49+[1]FBT!I29+[1]TRE!I29+[1]MAE!I29+[1]TEL!I29+[1]WWP!I29+[1]OIS!I29 -> 31.816681 | ... W48: =[1]ISI!W44+[1]NFM!W60+[1]CHI!W49+[1]NMM!W48+[1]PPA!W49+[1]FBT!W29+[1]TRE!W29+[1]MAE!W29+[1]TEL!W29+[1]WWP!W29+[1]OIS!W29 -> 380.67472
A49: Distributed steam | B49: =[1]ISI!B45+[1]NFM!B61+[1]CHI!B50+[1]NMM!B49+[1]PPA!B50+[1]FBT!B30+[1]TRE!B30+[1]MAE!B30+[1]TEL!B30+[1]WWP!B30+[1]OIS!B30 -> 9982.4246 | C49: =[1]ISI!C45+[1]NFM!C61+[1]CHI!C50+[1]NMM!C49+[1]PPA!C50+[1]FBT!C30+[1]TRE!C30+[1]MAE!C30+[1]TEL!C30+[1]WWP!C30+[1]OIS!C30 -> 10023.801 | D49: =[1]ISI!D45+[1]NFM!D61+[1]CHI!D50+[1]NMM!D49+[1]PPA!D50+[1]FBT!D30+[1]TRE!D30+[1]MAE!D30+[1]TEL!D30+[1]WWP!D30+[1]OIS!D30 -> 10395.448 | E49: =[1]ISI!E45+[1]NFM!E61+[1]CHI!E50+[1]NMM!E49+[1]PPA!E50+[1]FBT!E30+[1]TRE!E30+[1]MAE!E30+[1]TEL!E30+[1]WWP!E30+[1]OIS!E30 -> 12898.304 | F49: =[1]ISI!F45+[1]NFM!F61+[1]CHI!F50+[1]NMM!F49+[1]PPA!F50+[1]FBT!F30+[1]TRE!F30+[1]MAE!F30+[1]TEL!F30+[1]WWP!F30+[1]OIS!F30 -> 15034.647 | G49: =[1]ISI!G45+[1]NFM!G61+[1]CHI!G50+[1]NMM!G49+[1]PPA!G50+[1]FBT!G30+[1]TRE!G30+[1]MAE!G30+[1]TEL!G30+[1]WWP!G30+[1]OIS!G30 -> 15089.882 | H49: =[1]ISI!H45+[1]NFM!H61+[1]CHI!H50+[1]NMM!H49+[1]PPA!H50+[1]FBT!H30+[1]TRE!H30+[1]MAE!H30+[1]TEL!H30+[1]WWP!H30+[1]OIS!H30 -> 15464.344 | I49: =[1]ISI!I45+[1]NFM!I61+[1]CHI!I50+[1]NMM!I49+[1]PPA!I50+[1]FBT!I30+[1]TRE!I30+[1]MAE!I30+[1]TEL!I30+[1]WWP!I30+[1]OIS!I30 -> 16477.374 | ... W49: =[1]ISI!W45+[1]NFM!W61+[1]CHI!W50+[1]NMM!W49+[1]PPA!W50+[1]FBT!W30+[1]TRE!W30+[1]MAE!W30+[1]TEL!W30+[1]WWP!W30+[1]OIS!W30 -> 14830.843
A50: Electricity | B50: =[1]ISI!B46+[1]NFM!B62+[1]CHI!B51+[1]NMM!B50+[1]PPA!B51+[1]FBT!B31+[1]TRE!B31+[1]MAE!B31+[1]TEL!B31+[1]WWP!B31+[1]OIS!B31 -> 81312.086 | C50: =[1]ISI!C46+[1]NFM!C62+[1]CHI!C51+[1]NMM!C50+[1]PPA!C51+[1]FBT!C31+[1]TRE!C31+[1]MAE!C31+[1]TEL!C31+[1]WWP!C31+[1]OIS!C31 -> 82730.064 | D50: =[1]ISI!D46+[1]NFM!D62+[1]CHI!D51+[1]NMM!D50+[1]PPA!D51+[1]FBT!D31+[1]TRE!D31+[1]MAE!D31+[1]TEL!D31+[1]WWP!D31+[1]OIS!D31 -> 83203.438 | E50: =[1]ISI!E46+[1]NFM!E62+[1]CHI!E51+[1]NMM!E50+[1]PPA!E51+[1]FBT!E31+[1]TRE!E31+[1]MAE!E31+[1]TEL!E31+[1]WWP!E31+[1]OIS!E31 -> 84194.589 | F50: =[1]ISI!F46+[1]NFM!F62+[1]CHI!F51+[1]NMM!F50+[1]PPA!F51+[1]FBT!F31+[1]TRE!F31+[1]MAE!F31+[1]TEL!F31+[1]WWP!F31+[1]OIS!F31 -> 86627.694 | G50: =[1]ISI!G46+[1]NFM!G62+[1]CHI!G51+[1]NMM!G50+[1]PPA!G51+[1]FBT!G31+[1]TRE!G31+[1]MAE!G31+[1]TEL!G31+[1]WWP!G31+[1]OIS!G31 -> 87253.343 | H50: =[1]ISI!H46+[1]NFM!H62+[1]CHI!H51+[1]NMM!H50+[1]PPA!H51+[1]FBT!H31+[1]TRE!H31+[1]MAE!H31+[1]TEL!H31+[1]WWP!H31+[1]OIS!H31 -> 87203.11 | I50: =[1]ISI!I46+[1]NFM!I62+[1]CHI!I51+[1]NMM!I50+[1]PPA!I51+[1]FBT!I31+[1]TRE!I31+[1]MAE!I31+[1]TEL!I31+[1]WWP!I31+[1]OIS!I31 -> 88359.497 | ... W50: =[1]ISI!W46+[1]NFM!W62+[1]CHI!W51+[1]NMM!W50+[1]PPA!W51+[1]FBT!W31+[1]TRE!W31+[1]MAE!W31+[1]TEL!W31+[1]WWP!W31+[1]OIS!W31 -> 79933.898
A51: by sector | B51: =SUM(B52,B55,B61,B65,B69,B73:B78) -> 269384.12 | C51: =SUM(C52,C55,C61,C65,C69,C73:C78) -> 268427.73 | D51: =SUM(D52,D55,D61,D65,D69,D73:D78) -> 268305 | E51: =SUM(E52,E55,E61,E65,E69,E73:E78) -> 275070.63 | F51: =SUM(F52,F55,F61,F65,F69,F73:F78) -> 274409.78 | G51: =SUM(G52,G55,G61,G65,G69,G73:G78) -> 274930.28 | H51: =SUM(H52,H55,H61,H65,H69,H73:H78) -> 269540.87 | I51: =SUM(I52,I55,I61,I65,I69,I73:I78) -> 274240.65 | ... W51: =SUM(W52,W55,W61,W65,W69,W73:W78) -> 243631.82
A52: Iron and steel | B52: =[1]ISI!B$47 -> 34962.264 | C52: =[1]ISI!C$47 -> 33652.878 | D52: =[1]ISI!D$47 -> 33212.353 | E52: =[1]ISI!E$47 -> 34789.524 | F52: =[1]ISI!F$47 -> 35078.79 | G52: =[1]ISI!G$47 -> 33523.186 | H52: =[1]ISI!H$47 -> 34387.138 | I52: =[1]ISI!I$47 -> 33041.72 | ... W52: =[1]ISI!W$47 -> 24254.125
A53: Integrated steelworks | B53: =[1]ISI!B$48 -> 26202.169 | C53: =[1]ISI!C$48 -> 24768.911 | D53: =[1]ISI!D$48 -> 24553.494 | E53: =[1]ISI!E$48 -> 25724.245 | F53: =[1]ISI!F$48 -> 25703.508 | G53: =[1]ISI!G$48 -> 24470.214 | H53: =[1]ISI!H$48 -> 24803.044 | I53: =[1]ISI!I$48 -> 23652.607 | ... W53: =[1]ISI!W$48 -> 16627.144
A54: Electric arc | B54: =[1]ISI!B$49 -> 8760.0954 | C54: =[1]ISI!C$49 -> 8883.9666 | D54: =[1]ISI!D$49 -> 8658.8586 | E54: =[1]ISI!E$49 -> 9065.2796 | F54: =[1]ISI!F$49 -> 9375.282 | G54: =[1]ISI!G$49 -> 9052.9716 | H54: =[1]ISI!H$49 -> 9584.0942 | I54: =[1]ISI!I$49 -> 9389.113 | ... W54: =[1]ISI!W$49 -> 7626.9806
A55: Non-ferrous metals | B55: =[1]NFM!B$63 -> 11105.87 | C55: =[1]NFM!C$63 -> 11130.396 | D55: =[1]NFM!D$63 -> 11288.32 | E55: =[1]NFM!E$63 -> 11083.681 | F55: =[1]NFM!F$63 -> 11541.523 | G55: =[1]NFM!G$63 -> 11272.435 | H55: =[1]NFM!H$63 -> 10805.986 | I55: =[1]NFM!I$63 -> 10876.383 | ... W55: =[1]NFM!W$63 -> 9497.2516
A56: Alumina production | B56: =[1]NFM!B$64 -> 2096.8088 | C56: =[1]NFM!C$64 -> 1865.7611 | D56: =[1]NFM!D$64 -> 2186.8933 | E56: =[1]NFM!E$64 -> 2244.3132 | F56: =[1]NFM!F$64 -> 2441.3271 | G56: =[1]NFM!G$64 -> 2327.7645 | H56: =[1]NFM!H$64 -> 2394.5086 | I56: =[1]NFM!I$64 -> 2170.0965 | ... W56: =[1]NFM!W$64 -> 2038.6082
A57: Aluminium production | B57: =[1]NFM!B$65 -> 4069.95 | C57: =[1]NFM!C$65 -> 4151.2973 | D57: =[1]NFM!D$65 -> 4158.132 | E57: =[1]NFM!E$65 -> 4135.7527 | F57: =[1]NFM!F$65 -> 4305.9417 | G57: =[1]NFM!G$65 -> 4313.4739 | H57: =[1]NFM!H$65 -> 4032.1734 | I57: =[1]NFM!I$65 -> 4209.744 | ... W57: =[1]NFM!W$65 -> 2998.8014
A58: Aluminium - primary production | B58: =[1]NFM!B$66 -> 3650.2452 | C58: =[1]NFM!C$66 -> 3728.0314 | D58: =[1]NFM!D$66 -> 3722.295 | E58: =[1]NFM!E$66 -> 3726.9382 | F58: =[1]NFM!F$66 -> 3884.4994 | G58: =[1]NFM!G$66 -> 3850.5063 | H58: =[1]NFM!H$66 -> 3530.8047 | I58: =[1]NFM!I$66 -> 3685.4669 | ... W58: =[1]NFM!W$66 -> 2572.7921
A59: Aluminium - secondary production | B59: =[1]NFM!B$67 -> 419.70479 | C59: =[1]NFM!C$67 -> 423.26592 | D59: =[1]NFM!D$67 -> 435.83701 | E59: =[1]NFM!E$67 -> 408.81457 | F59: =[1]NFM!F$67 -> 421.44234 | G59: =[1]NFM!G$67 -> 462.96751 | H59: =[1]NFM!H$67 -> 501.3687 | I59: =[1]NFM!I$67 -> 524.27703 | ... W59: =[1]NFM!W$67 -> 426.00929
A60: Other non-ferrous metals | B60: =[1]NFM!B$68 -> 4939.1116 | C60: =[1]NFM!C$68 -> 5113.3379 | D60: =[1]NFM!D$68 -> 4943.2945 | E60: =[1]NFM!E$68 -> 4703.615 | F60: =[1]NFM!F$68 -> 4794.2546 | G60: =[1]NFM!G$68 -> 4631.1963 | H60: =[1]NFM!H$68 -> 4379.3038 | I60: =[1]NFM!I$68 -> 4496.543 | ... W60: =[1]NFM!W$68 -> 4459.842
A61: Chemical industry | B61: =[1]CHI!B$52 -> 50351.465 | C61: =[1]CHI!C$52 -> 50175.398 | D61: =[1]CHI!D$52 -> 50513.305 | E61: =[1]CHI!E$52 -> 53775.492 | F61: =[1]CHI!F$52 -> 51400.298 | G61: =[1]CHI!G$52 -> 52023.376 | H61: =[1]CHI!H$52 -> 50492.008 | I61: =[1]CHI!I$52 -> 52898.152 | ... W61: =[1]CHI!W$52 -> 51763.233
A62: Basic chemicals | B62: =[1]CHI!B$53 -> 29023.406 | C62: =[1]CHI!C$53 -> 28883.147 | D62: =[1]CHI!D$53 -> 30079.248 | E62: =[1]CHI!E$53 -> 32198.12 | F62: =[1]CHI!F$53 -> 30879.451 | G62: =[1]CHI!G$53 -> 31467.312 | H62: =[1]CHI!H$53 -> 30959.746 | I62: =[1]CHI!I$53 -> 32315.036 | ... W62: =[1]CHI!W$53 -> 33940.034
A63: Other chemicals | B63: =[1]CHI!B$54 -> 17694.748 | C63: =[1]CHI!C$54 -> 17375.008 | D63: =[1]CHI!D$54 -> 16371.508 | E63: =[1]CHI!E$54 -> 17459.757 | F63: =[1]CHI!F$54 -> 16528.289 | G63: =[1]CHI!G$54 -> 16537.043 | H63: =[1]CHI!H$54 -> 15456.134 | I63: =[1]CHI!I$54 -> 16463.296 | ... W63: =[1]CHI!W$54 -> 13297.354
A64: Pharmaceutical products etc. | B64: =[1]CHI!B$55 -> 3633.311 | C64: =[1]CHI!C$55 -> 3917.2429 | D64: =[1]CHI!D$55 -> 4062.5491 | E64: =[1]CHI!E$55 -> 4117.6141 | F64: =[1]CHI!F$55 -> 3992.558 | G64: =[1]CHI!G$55 -> 4019.0207 | H64: =[1]CHI!H$55 -> 4076.1281 | I64: =[1]CHI!I$55 -> 4119.8204 | ... W64: =[1]CHI!W$55 -> 4525.845
A65: Non-metallic mineral products | B65: =[1]NMM!B$51 -> 41959.502 | C65: =[1]NMM!C$51 -> 42111.03 | D65: =[1]NMM!D$51 -> 41155.706 | E65: =[1]NMM!E$51 -> 42493.505 | F65: =[1]NMM!F$51 -> 43194.177 | G65: =[1]NMM!G$51 -> 43838.53 | H65: =[1]NMM!H$51 -> 42620.655 | I65: =[1]NMM!I$51 -> 43766.502 | ... W65: =[1]NMM!W$51 -> 34360.79
A66: Cement | B66: =[1]NMM!B$52 -> 18262.728 | C66: =[1]NMM!C$52 -> 17905.354 | D66: =[1]NMM!D$52 -> 17666.657 | E66: =[1]NMM!E$52 -> 18042.232 | F66: =[1]NMM!F$52 -> 18543.963 | G66: =[1]NMM!G$52 -> 18439.648 | H66: =[1]NMM!H$52 -> 19831.912 | I66: =[1]NMM!I$52 -> 20042.657 | ... W66: =[1]NMM!W$52 -> 12931.981
A67: Ceramics & other NMM | B67: =[1]NMM!B$53 -> 17090.493 | C67: =[1]NMM!C$53 -> 17556.2 | D67: =[1]NMM!D$53 -> 16882.715 | E67: =[1]NMM!E$53 -> 17889.112 | F67: =[1]NMM!F$53 -> 18019.256 | G67: =[1]NMM!G$53 -> 18967.154 | H67: =[1]NMM!H$53 -> 16157.992 | I67: =[1]NMM!I$53 -> 17150.997 | ... W67: =[1]NMM!W$53 -> 16143.532
A68: Glass production | B68: =[1]NMM!B$54 -> 6606.2816 | C68: =[1]NMM!C$54 -> 6649.4758 | D68: =[1]NMM!D$54 -> 6606.3339 | E68: =[1]NMM!E$54 -> 6562.161 | F68: =[1]NMM!F$54 -> 6630.9577 | G68: =[1]NMM!G$54 -> 6431.7289 | H68: =[1]NMM!H$54 -> 6630.7509 | I68: =[1]NMM!I$54 -> 6572.8479 | ... W68: =[1]NMM!W$54 -> 5285.277
A69: Pulp, paper and printing | B69: =[1]PPA!B$52 -> 32882.45 | C69: =[1]PPA!C$52 -> 32066.055 | D69: =[1]PPA!D$52 -> 32526.409 | E69: =[1]PPA!E$52 -> 33594.82 | F69: =[1]PPA!F$52 -> 33703.983 | G69: =[1]PPA!G$52 -> 34234.452 | H69: =[1]PPA!H$52 -> 35078.519 | I69: =[1]PPA!I$52 -> 36049.973 | ... W69: =[1]PPA!W$52 -> 32932.052
A70: Pulp production | B70: =[1]PPA!B$53 -> 11402.536 | C70: =[1]PPA!C$53 -> 10875.657 | D70: =[1]PPA!D$53 -> 10997.329 | E70: =[1]PPA!E$53 -> 11336.455 | F70: =[1]PPA!F$53 -> 11180.016 | G70: =[1]PPA!G$53 -> 11193.386 | H70: =[1]PPA!H$53 -> 11657.385 | I70: =[1]PPA!I$53 -> 12202.246 | ... W70: =[1]PPA!W$53 -> 11469.134
A71: Paper production | B71: =[1]PPA!B$54 -> 19354.06 | C71: =[1]PPA!C$54 -> 19094.398 | D71: =[1]PPA!D$54 -> 19381.661 | E71: =[1]PPA!E$54 -> 20003.927 | F71: =[1]PPA!F$54 -> 20280.714 | G71: =[1]PPA!G$54 -> 20738.536 | H71: =[1]PPA!H$54 -> 21153.931 | I71: =[1]PPA!I$54 -> 21559.857 | ... W71: =[1]PPA!W$54 -> 19702.793
A72: Printing and media reproduction | B72: =[1]PPA!B$55 -> 2125.8535 | C72: =[1]PPA!C$55 -> 2095.9996 | D72: =[1]PPA!D$55 -> 2147.4184 | E72: =[1]PPA!E$55 -> 2254.4389 | F72: =[1]PPA!F$55 -> 2243.2535 | G72: =[1]PPA!G$55 -> 2302.5304 | H72: =[1]PPA!H$55 -> 2267.2044 | I72: =[1]PPA!I$55 -> 2287.8696 | ... W72: =[1]PPA!W$55 -> 1760.1245
A73: Food, beverages and tobacco | B73: =[1]FBT!B$12 -> 27523.258 | C73: =[1]FBT!C$12 -> 28034.955 | D73: =[1]FBT!D$12 -> 29053.044 | E73: =[1]FBT!E$12 -> 29365.401 | F73: =[1]FBT!F$12 -> 29139.458 | G73: =[1]FBT!G$12 -> 27792.686 | H73: =[1]FBT!H$12 -> 26413.493 | I73: =[1]FBT!I$12 -> 26711.057 | ... W73: =[1]FBT!W$12 -> 28856.39
A74: Transport equipment | B74: =[1]TRE!B$12 -> 7903.1143 | C74: =[1]TRE!C$12 -> 8116.6778 | D74: =[1]TRE!D$12 -> 7786.9555 | E74: =[1]TRE!E$12 -> 8372.7358 | F74: =[1]TRE!F$12 -> 8534.5877 | G74: =[1]TRE!G$12 -> 8168.2974 | H74: =[1]TRE!H$12 -> 7960.6091 | I74: =[1]TRE!I$12 -> 8048.9764 | ... W74: =[1]TRE!W$12 -> 7101.3573
A75: Machinery equipment | B75: =[1]MAE!B$12 -> 16979.065 | C75: =[1]MAE!C$12 -> 17468.03 | D75: =[1]MAE!D$12 -> 17198.763 | E75: =[1]MAE!E$12 -> 18906.963 | F75: =[1]MAE!F$12 -> 19102.152 | G75: =[1]MAE!G$12 -> 18915.427 | H75: =[1]MAE!H$12 -> 18976.044 | I75: =[1]MAE!I$12 -> 18962.084 | ... W75: =[1]MAE!W$12 -> 17200.32
A76: Textiles and leather | B76: =[1]TEL!B$12 -> 9756.8662 | C76: =[1]TEL!C$12 -> 9639.134 | D76: =[1]TEL!D$12 -> 9577.9515 | E76: =[1]TEL!E$12 -> 9479.1234 | F76: =[1]TEL!F$12 -> 8837.7845 | G76: =[1]TEL!G$12 -> 7195.162 | H76: =[1]TEL!H$12 -> 6577.9182 | I76: =[1]TEL!I$12 -> 5987.7418 | ... W76: =[1]TEL!W$12 -> 3385.32
A77: Wood and wood products | B77: =[1]WWP!B$12 -> 6474.7755 | C77: =[1]WWP!C$12 -> 6176.1692 | D77: =[1]WWP!D$12 -> 6287.0276 | E77: =[1]WWP!E$12 -> 6877.9886 | F77: =[1]WWP!F$12 -> 7619.966 | G77: =[1]WWP!G$12 -> 7275.2361 | H77: =[1]WWP!H$12 -> 7003.2611 | I77: =[1]WWP!I$12 -> 7567.0062 | ... W77: =[1]WWP!W$12 -> 9358.8496
A78: Other industrial sectors | B78: =[1]OIS!B$12 -> 29485.491 | C78: =[1]OIS!C$12 -> 29857.012 | D78: =[1]OIS!D$12 -> 29705.167 | E78: =[1]OIS!E$12 -> 26331.401 | F78: =[1]OIS!F$12 -> 26257.055 | G78: =[1]OIS!G$12 -> 30691.493 | H78: =[1]OIS!H$12 -> 29225.235 | I78: =[1]OIS!I$12 -> 30331.053 | ... W78: =[1]OIS!W$12 -> 24922.137
A80: Non-energy use (ktoe)
A81: by fuel (EUROSTAT DATA) | B81: 99359.17 | C81: 99453.771 | D81: 99055.825 | E81: 97790.274 | F81: 99497.237 | G81: 101543.08 | H81: 101637.95 | I81: 101551.41 | J81: 99014.81 | K81: 90223.144 | L81: 95138.702 | M81: 93368.359 | N81: 89460.548 | O81: 86807.681 | P81: 88771.025 | Q81: 86040.698 | R81: 85803.268 | S81: 92506.56 | T81: 88954.903 | U81: 88433.759 | V81: 87892.307 | W81: 89500.924
A82: Solids | B82: 712.40034 | C82: 730.59493 | D82: 1009.0571 | E82: 990.74875 | F82: 1173.3977 | G82: 1136.1649 | H82: 1266.8658 | I82: 1346.8134 | J82: 1415.2091 | K82: 1059.6688 | L82: 1225.0733 | M82: 1519.2827 | N82: 1494.5539 | O82: 1574.342 | P82: 1604.4864 | Q82: 1637.258 | R82: 1665.466 | S82: 1733.1754 | T82: 1756.4797 | U82: 1634.4731 | V82: 1523.0855 | W82: 1590.2215
A83: Liquids | B83: 84147.393 | C83: 84809.434 | D83: 85545.24 | E83: 83800.182 | F83: 84709.268 | G83: 86314.627 | H83: 87533.252 | I83: 86484.265 | J83: 84294.918 | K83: 77672.476 | L83: 81139.919 | M83: 78359.06 | N83: 74762.984 | O83: 71799.005 | P83: 73210.922 | Q83: 70694.568 | R83: 70579.926 | S83: 76012.77 | T83: 72572.622 | U83: 71582.803 | V83: 71623.785 | W83: 73887.839
A84: Refinery gas | B84: 612.35838 | C84: 1002.8529 | D84: 971.47919 | E84: 387.57326 | F84: 335.23216 | G84: 470.53809 | H84: 728.5828 | I84: 908.01745 | J84: 784.35168 | K84: 286.66105 | L84: 147.19329 | M84: 394.84299 | N84: 382.00628 | O84: 356.07988 | P84: 347.42528 | Q84: 375.99914 | R84: 253.20361 | S84: 223.43009 | T84: 234.19123 | U84: 173.88848 | V84: 231.00645 | W84: 87.62184
A85: LPG | B85: 2843.2539 | C85: 3403.8381 | D85: 3543.6629 | E85: 3229.9532 | F85: 3682.7003 | G85: 4076.3672 | H85: 5143.2825 | I85: 5590.2232 | J85: 5678.1146 | K85: 5767.2502 | L85: 5739.498 | M85: 6297.177 | N85: 5920.1582 | O85: 8622.0096 | P85: 10228.633 | Q85: 10657.292 | R85: 10177.185 | S85: 10919.02 | T85: 11343.469 | U85: 12030.608 | V85: 10857.896 | W85: 10418.534
A86: Diesel oil | B86: 3737.4301 | C86: 3227.387 | D86: 3192.9124 | E86: 2998.8942 | F86: 3153.7651 | G86: 3355.7602 | H86: 3164.9827 | I86: 3354.6841 | J86: 3044.2455 | K86: 2726.7598 | L86: 3554.5535 | M86: 2863.1253 | N86: 2442.7083 | O86: 2029.4097 | P86: 1648.233 | Q86: 1551.2434 | R86: 1731.0113 | S86: 1753.7104 | T86: 1585.4634 | U86: 1250.6462 | V86: 1495.8954 | W86: 1572.4337
A87: Fuel oil | B87: 3081.1671 | C87: 3234.7949 | D87: 3417.5886 | E87: 2267.1408 | F87: 1987.7707 | G87: 2092.5617 | H87: 2229.3298 | I87: 2085.5173 | J87: 2204.5431 | K87: 2117.6531 | L87: 2008.9126 | M87: 2061.5218 | N87: 2096.398 | O87: 1589.0141 | P87: 1565.7432 | Q87: 1634.1937 | R87: 1003.6565 | S87: 960.1902 | T87: 977.83775 | U87: 828.69054 | V87: 707.35684 | W87: 526.20748
A88: Other liquids | B88: =IF(ABS(B83-B84-B85-B86-B87-B89)<0.0000001,0,B83-B84-B85-B86-B87-B89) -> 30405.525 | C88: =IF(ABS(C83-C84-C85-C86-C87-C89)<0.0000001,0,C83-C84-C85-C86-C87-C89) -> 31627.139 | D88: =IF(ABS(D83-D84-D85-D86-D87-D89)<0.0000001,0,D83-D84-D85-D86-D87-D89) -> 31755.348 | E88: =IF(ABS(E83-E84-E85-E86-E87-E89)<0.0000001,0,E83-E84-E85-E86-E87-E89) -> 31173.842 | F88: =IF(ABS(F83-F84-F85-F86-F87-F89)<0.0000001,0,F83-F84-F85-F86-F87-F89) -> 32397.112 | G88: =IF(ABS(G83-G84-G85-G86-G87-G89)<0.0000001,0,G83-G84-G85-G86-G87-G89) -> 33177.518 | H88: =IF(ABS(H83-H84-H85-H86-H87-H89)<0.0000001,0,H83-H84-H85-H86-H87-H89) -> 35090.376 | I88: =IF(ABS(I83-I84-I85-I86-I87-I89)<0.0000001,0,I83-I84-I85-I86-I87-I89) -> 32793.937 | ... W88: =IF(ABS(W83-W84-W85-W86-W87-W89)<0.0000001,0,W83-W84-W85-W86-W87-W89) -> 26874.943
A89: Naphtha | B89: 43467.659 | C89: 42313.421 | D89: 42664.249 | E89: 43742.779 | F89: 43152.688 | G89: 43141.882 | H89: 41176.698 | I89: 41751.885 | J89: 39841.857 | K89: 36092.104 | L89: 38550.004 | M89: 35205.607 | N89: 36031.186 | O89: 33611.871 | P89: 34693.88 | Q89: 32526.777 | R89: 31980.558 | S89: 36193.873 | T89: 31118.357 | U89: 30242.46 | V89: 31776.277 | W89: 34408.1
A90: Gas | B90: 14499.376 | C90: 13913.743 | D90: 12501.528 | E90: 12999.343 | F90: 13614.572 | G90: 14092.286 | H90: 12837.828 | I90: 13720.333 | J90: 13304.683 | K90: 11491 | L90: 12773.71 | M90: 13490.016 | N90: 13203.01 | O90: 13434.335 | P90: 13955.616 | Q90: 13708.873 | R90: 13557.876 | S90: 14760.614 | T90: 14625.802 | U90: 15216.483 | V90: 14745.436 | W90: 14022.864
A91: Natural gas | B91: 14499.376 | C91: 13913.743 | D91: 12501.528 | E91: 12999.343 | F91: 13614.572 | G91: 14092.286 | H91: 12837.828 | I91: 13710.373 | J91: 13304.683 | K91: 11491 | L91: 12758.543 | M91: 13472.915 | N91: 13188.226 | O91: 13417.233 | P91: 13936.7 | Q91: 13691.652 | R91: 13540.01 | S91: 14743.126 | T91: 14606.874 | U91: 15192.777 | V91: 14731.298 | W91: 14005.557
A92: Derived gases | B92: 0 | C92: 0 | D92: 0 | E92: 0 | F92: 0 | G92: 0 | H92: 0 | I92: 9.9598452 | J92: 0 | K92: 0 | L92: 15.166724 | M92: 17.101376 | N92: 14.784523 | O92: 17.101376 | P92: 18.916595 | Q92: 17.220808 | R92: 17.865692 | S92: 17.487876 | T92: 18.927601 | U92: 23.705847 | V92: 14.137919 | W92: 17.307223
A93: RES and wastes | B93: 0 | C93: 0 | D93: 0 | E93: 0 | F93: 0 | G93: 0 | H93: 0 | I93: 0 | J93: 0 | K93: 0 | L93: 0 | M93: 0 | N93: 0 | O93: 0 | P93: 0 | Q93: 0 | R93: 0 | S93: 0 | T93: 0 | U93: 0 | V93: 0 | W93: 0
A94: by sector | B94: =SUM(B95:B96) -> 99359.17 | C94: =SUM(C95:C96) -> 99453.771 | D94: =SUM(D95:D96) -> 99055.825 | E94: =SUM(E95:E96) -> 97790.274 | F94: =SUM(F95:F96) -> 99497.237 | G94: =SUM(G95:G96) -> 101543.08 | H94: =SUM(H95:H96) -> 101637.95 | I94: =SUM(I95:I96) -> 101551.41 | ... W94: =SUM(W95:W96) -> 89500.924
A95: Basic chemicals | B95: =[1]CHI!B58 -> 76239.287 | C95: =[1]CHI!C58 -> 76594.248 | D95: =[1]CHI!D58 -> 75853.251 | E95: =[1]CHI!E58 -> 75729.978 | F95: =[1]CHI!F58 -> 76710.207 | G95: =[1]CHI!G58 -> 77972.24 | H95: =[1]CHI!H58 -> 77057.807 | I95: =[1]CHI!I58 -> 78083.764 | ... W95: =[1]CHI!W58 -> 72031.9
A96: Other industrial sectors | B96: 23119.883 | C96: 22859.524 | D96: 23202.574 | E96: 22060.296 | F96: 22787.031 | G96: 23570.839 | H96: 24580.139 | I96: 23467.647 | J96: 23187.248 | K96: 22090.983 | L96: 22445.445 | M96: 22166.278 | N96: 19081.372 | O96: 17609.828 | P96: 16322.142 | Q96: 16931.124 | R96: 16635.286 | S96: 16750.309 | T96: 16635.328 | U96: 16803.94 | V96: 16794.637 | W96: 17469.025
A98: CO2 emissions (kt CO2) | B98: =SUM(B99,B102,B108,B112,B116,B120:B126) -> 791136.82 | C98: =SUM(C99,C102,C108,C112,C116,C120:C126) -> 768684.57 | D98: =SUM(D99,D102,D108,D112,D116,D120:D126) -> 762228.38 | E98: =SUM(E99,E102,E108,E112,E116,E120:E126) -> 778397.89 | F98: =SUM(F99,F102,F108,F112,F116,F120:F126) -> 774095.15 | G98: =SUM(G99,G102,G108,G112,G116,G120:G126) -> 764987.61 | H98: =SUM(H99,H102,H108,H112,H116,H120:H126) -> 755522.91 | I98: =SUM(I99,I102,I108,I112,I116,I120:I126) -> 760504.54 | ... W98: =SUM(W99,W102,W108,W112,W116,W120:W126) -> 600538.61
A99: Iron and steel | B99: =[1]ISI!B$54 -> 198253.14 | C99: =[1]ISI!C$54 -> 184175.61 | D99: =[1]ISI!D$54 -> 186699.92 | E99: =[1]ISI!E$54 -> 194865.66 | F99: =[1]ISI!F$54 -> 197380.47 | G99: =[1]ISI!G$54 -> 187468.98 | H99: =[1]ISI!H$54 -> 194278.82 | I99: =[1]ISI!I$54 -> 183934.91 | ... W99: =[1]ISI!W$54 -> 129825.4
A100: Integrated steelworks | B100: =[1]ISI!B$55 -> 182634.02 | C100: =[1]ISI!C$55 -> 168771.41 | D100: =[1]ISI!D$55 -> 171899.14 | E100: =[1]ISI!E$55 -> 179615.13 | F100: =[1]ISI!F$55 -> 181734.59 | G100: =[1]ISI!G$55 -> 172407.13 | H100: =[1]ISI!H$55 -> 178106.97 | I100: =[1]ISI!I$55 -> 168390.61 | ... W100: =[1]ISI!W$55 -> 119180.91
A101: Electric arc | B101: =[1]ISI!B$56 -> 15619.119 | C101: =[1]ISI!C$56 -> 15404.201 | D101: =[1]ISI!D$56 -> 14800.785 | E101: =[1]ISI!E$56 -> 15250.534 | F101: =[1]ISI!F$56 -> 15645.878 | G101: =[1]ISI!G$56 -> 15061.852 | H101: =[1]ISI!H$56 -> 16171.844 | I101: =[1]ISI!I$56 -> 15544.3 | ... W101: =[1]ISI!W$56 -> 10644.491
A102: Non-ferrous metals | B102: =[1]NFM!B$73 -> 20611.025 | C102: =[1]NFM!C$73 -> 19970.782 | D102: =[1]NFM!D$73 -> 20443.215 | E102: =[1]NFM!E$73 -> 19745.806 | F102: =[1]NFM!F$73 -> 19856.606 | G102: =[1]NFM!G$73 -> 19374.186 | H102: =[1]NFM!H$73 -> 18461.435 | I102: =[1]NFM!I$73 -> 18292.547 | ... W102: =[1]NFM!W$73 -> 15326.586
A103: Alumina production | B103: =[1]NFM!B$74 -> 4844.4856 | C103: =[1]NFM!C$74 -> 4302.4249 | D103: =[1]NFM!D$74 -> 4896.2194 | E103: =[1]NFM!E$74 -> 5005.1438 | F103: =[1]NFM!F$74 -> 5291.4924 | G103: =[1]NFM!G$74 -> 5106.9963 | H103: =[1]NFM!H$74 -> 5320.1863 | I103: =[1]NFM!I$74 -> 4551.3567 | ... W103: =[1]NFM!W$74 -> 3848.9191
A104: Aluminium production | B104: =[1]NFM!B$75 -> 5631.039 | C104: =[1]NFM!C$75 -> 5603.4278 | D104: =[1]NFM!D$75 -> 5713.6523 | E104: =[1]NFM!E$75 -> 5712.6205 | F104: =[1]NFM!F$75 -> 5804.6072 | G104: =[1]NFM!G$75 -> 5813.8357 | H104: =[1]NFM!H$75 -> 5507.2036 | I104: =[1]NFM!I$75 -> 5800.8614 | ... W104: =[1]NFM!W$75 -> 4224.3162
...

Sheet Transport_Summary
A1: Transport overview - EU27 - European Union - 27 countries (from 2020) | B1: 2000 | C1: 2001 | D1: 2002 | E1: 2003 | F1: 2004 | G1: 2005 | H1: 2006 | I1: 2007 | J1: 2008 | K1: 2009 | L1: 2010 | M1: 2011 | N1: 2012 | O1: 2013 | P1: 2014 | Q1: 2015 | R1: 2016 | S1: 2017 | T1: 2018 | U1: 2019 | V1: 2020 | W1: 2021 | DA1: Code
A3: Transport activity
A4: Passenger transport (mio pkm) | B4: =B5+B9+B13 -> 5378408.7 | C4: =C5+C9+C13 -> 5443869.2 | D4: =D5+D9+D13 -> 5479333.3 | E4: =E5+E9+E13 -> 5536316.8 | F4: =F5+F9+F13 -> 5680470.9 | G4: =G5+G9+G13 -> 5715831.8 | H4: =H5+H9+H13 -> 5801785.9 | I4: =I5+I9+I13 -> 5915760 | ... W4: =W5+W9+W13 -> 5029112.6 | DA4: Activity.Mpkm.EU27.Tr
A5: Road transport | B5: =B6+B7+B8 -> 4255778.5 | C5: =C6+C7+C8 -> 4332733.5 | D5: =D6+D7+D8 -> 4386358.3 | E5: =E6+E7+E8 -> 4429034.4 | F5: =F6+F7+F8 -> 4489126.2 | G5: =G6+G7+G8 -> 4451245 | H5: =H6+H7+H8 -> 4486342.7 | I5: =I6+I7+I8 -> 4538387.4 | ... W5: =W6+W7+W8 -> 4174021.2 | DA5: Activity.Mpkm.EU27.Tr.Road.Passenger
A6: =[2]TrRoad_act!$A$5 -> Powered two-wheelers | B6: =[2]TrRoad_act!B$5 -> 98941.119 | C6: =[2]TrRoad_act!C$5 -> 102907.78 | D6: =[2]TrRoad_act!D$5 -> 104221.44 | E6: =[2]TrRoad_act!E$5 -> 107273.63 | F6: =[2]TrRoad_act!F$5 -> 110798.04 | G6: =[2]TrRoad_act!G$5 -> 114310.05 | H6: =[2]TrRoad_act!H$5 -> 113240.02 | I6: =[2]TrRoad_act!I$5 -> 109248.07 | ... W6: =[2]TrRoad_act!W$5 -> 104773.52 | DA6: Activity.Mpkm.EU27.Tr.Road.Passenger.P2W
A7: =[2]TrRoad_act!$A$6 -> Passenger cars | B7: =[2]TrRoad_act!B$6 -> 3660355.1 | C7: =[2]TrRoad_act!C$6 -> 3734215.8 | D7: =[2]TrRoad_act!D$6 -> 3789305 | E7: =[2]TrRoad_act!E$6 -> 3826195.6 | F7: =[2]TrRoad_act!F$6 -> 3878162.7 | G7: =[2]TrRoad_act!G$6 -> 3839179.5 | H7: =[2]TrRoad_act!H$6 -> 3875261.4 | I7: =[2]TrRoad_act!I$6 -> 3921256.1 | ... W7: =[2]TrRoad_act!W$6 -> 3742236.2 | DA7: Activity.Mpkm.EU27.Tr.Road.Passenger.Car
A8: =[2]TrRoad_act!$A$13 -> Motor coaches, buses and trolley buses | B8: =[2]TrRoad_act!B$13 -> 496482.35 | C8: =[2]TrRoad_act!C$13 -> 495609.93 | D8: =[2]TrRoad_act!D$13 -> 492831.8 | E8: =[2]TrRoad_act!E$13 -> 495565.18 | F8: =[2]TrRoad_act!F$13 -> 500165.37 | G8: =[2]TrRoad_act!G$13 -> 497755.43 | H8: =[2]TrRoad_act!H$13 -> 497841.22 | I8: =[2]TrRoad_act!I$13 -> 507883.21 | ... W8: =[2]TrRoad_act!W$13 -> 327011.46 | DA8: Activity.Mpkm.EU27.Tr.Road.Passenger.Bus
A9: Rail, metro and tram | B9: =B10+B11+B12 -> 406430.63 | C9: =C10+C11+C12 -> 408434.24 | D9: =D10+D11+D12 -> 401282.62 | E9: =E10+E11+E12 -> 396962.31 | F9: =F10+F11+F12 -> 404392.63 | G9: =G10+G11+G12 -> 412978.7 | H9: =H10+H11+H12 -> 423962.33 | I9: =I10+I11+I12 -> 428987.22 | ... W9: =W10+W11+W12 -> 320779.81 | DA9: Activity.Mpkm.EU27.Tr.Rail.Passenger
A10: =[2]TrRail_act!$A$5 -> Metro and tram, urban light rail | B10: =[2]TrRail_act!B$5 -> 67843.841 | C10: =[2]TrRail_act!C$5 -> 68539.657 | D10: =[2]TrRail_act!D$5 -> 69374.813 | E10: =[2]TrRail_act!E$5 -> 70183.362 | F10: =[2]TrRail_act!F$5 -> 72445.633 | G10: =[2]TrRail_act!G$5 -> 73154.697 | H10: =[2]TrRail_act!H$5 -> 74583.334 | I10: =[2]TrRail_act!I$5 -> 76350.816 | ... W10: =[2]TrRail_act!W$5 -> 55543.667 | DA10: Activity.Mpkm.EU27.Tr.Rail.Passenger.MTU
A11: =[2]TrRail_act!$A$6 -> Conventional passenger trains | B11: =[2]TrRail_act!B$6 -> 279790.79 | C11: =[2]TrRail_act!C$6 -> 274768.58 | D11: =[2]TrRail_act!D$6 -> 263902.8 | E11: =[2]TrRail_act!E$6 -> 256117.95 | F11: =[2]TrRail_act!F$6 -> 256276 | G11: =[2]TrRail_act!G$6 -> 260161 | H11: =[2]TrRail_act!H$6 -> 265968 | I11: =[2]TrRail_act!I$6 -> 265333.41 | ... W11: =[2]TrRail_act!W$6 -> 180012.79 | DA11: Activity.Mpkm.EU27.Tr.Rail.Passenger.CPT
A12: =[2]TrRail_act!$A$9 -> High speed passenger trains | B12: =[2]TrRail_act!B$9 -> 58796 | C12: =[2]TrRail_act!C$9 -> 65126 | D12: =[2]TrRail_act!D$9 -> 68005 | E12: =[2]TrRail_act!E$9 -> 70661 | F12: =[2]TrRail_act!F$9 -> 75671 | G12: =[2]TrRail_act!G$9 -> 79663 | H12: =[2]TrRail_act!H$9 -> 83411 | I12: =[2]TrRail_act!I$9 -> 87303 | ... W12: =[2]TrRail_act!W$9 -> 85223.348 | DA12: Activity.Mpkm.EU27.Tr.Rail.Passenger.HST
A13: Aviation | B13: =B14+B15+B16 -> 716199.54 | C13: =C14+C15+C16 -> 702701.51 | D13: =D14+D15+D16 -> 691692.47 | E13: =E14+E15+E16 -> 710320.05 | F13: =F14+F15+F16 -> 786952.1 | G13: =G14+G15+G16 -> 851608.11 | H13: =H14+H15+H16 -> 891480.93 | I13: =I14+I15+I16 -> 948385.38 | ... W13: =W14+W15+W16 -> 534311.64 | DA13: Activity.Mpkm.EU27.Tr.Avia.Passenger
A14: Domestic | B14: =[2]TrAvia_act!B$5 -> 82338.133 | C14: =[2]TrAvia_act!C$5 -> 79436.4 | D14: =[2]TrAvia_act!D$5 -> 80334.16 | E14: =[2]TrAvia_act!E$5 -> 82499.6 | F14: =[2]TrAvia_act!F$5 -> 85968.387 | G14: =[2]TrAvia_act!G$5 -> 89851.226 | H14: =[2]TrAvia_act!H$5 -> 93342.474 | I14: =[2]TrAvia_act!I$5 -> 99980.35 | ... W14: =[2]TrAvia_act!W$5 -> 68551.55 | DA14: Activity.Mpkm.EU27.Tr.Avia.Passenger.Domestic
A15: International - Intra-EEAwUK | B15: =[2]TrAvia_act!B$6 -> 306172.93 | C15: =[2]TrAvia_act!C$6 -> 305381.9 | D15: =[2]TrAvia_act!D$6 -> 295991.44 | E15: =[2]TrAvia_act!E$6 -> 310109.52 | F15: =[2]TrAvia_act!F$6 -> 332477.5 | G15: =[2]TrAvia_act!G$6 -> 357593.62 | H15: =[2]TrAvia_act!H$6 -> 373354.14 | I15: =[2]TrAvia_act!I$6 -> 387145.49 | ... W15: =[2]TrAvia_act!W$6 -> 233384.26 | DA15: Activity.Mpkm.EU27.Tr.Avia.Passenger.IntraEEAwUK
A16: International - Extra-EEAwUK | B16: =[2]TrAvia_act!B$7 -> 327688.48 | C16: =[2]TrAvia_act!C$7 -> 317883.21 | D16: =[2]TrAvia_act!D$7 -> 315366.87 | E16: =[2]TrAvia_act!E$7 -> 317710.94 | F16: =[2]TrAvia_act!F$7 -> 368506.21 | G16: =[2]TrAvia_act!G$7 -> 404163.26 | H16: =[2]TrAvia_act!H$7 -> 424784.31 | I16: =[2]TrAvia_act!I$7 -> 461259.54 | ... W16: =[2]TrAvia_act!W$7 -> 232375.83 | DA16: Activity.Mpkm.EU27.Tr.Avia.Passenger.ExtraEEAwUK
A17: Freight transport (mio tkm) | B17: =B18+B21+B22+B26 -> 1998922.6 | C17: =C18+C21+C22+C26 -> 2013107.1 | D17: =D18+D21+D22+D26 -> 2064046.2 | E17: =E18+E21+E22+E26 -> 2069079.8 | F17: =F18+F21+F22+F26 -> 2244425.8 | G17: =G18+G21+G22+G26 -> 2303016.8 | H17: =H18+H21+H22+H26 -> 2388450 | I17: =I18+I21+I22+I26 -> 2469552.3 | ... W17: =W18+W21+W22+W26 -> 2628148.8 | DA17: Activity.Mtkm.EU27.Tr
A18: Road transport | B18: =B19+B20 -> 1374700.3 | C18: =C19+C20 -> 1422266.4 | D18: =D19+D20 -> 1471063.4 | E18: =E19+E20 -> 1475814 | F18: =F19+F20 -> 1622092.6 | G18: =G19+G20 -> 1667102.4 | H18: =H19+H20 -> 1718593.4 | I18: =I19+I20 -> 1781545.5 | ... W18: =W19+W20 -> 1959068.5 | DA18: Activity.Mtkm.EU27.Tr.Road.Freight
A19: =[2]TrRoad_act!$A$20 -> Light commercial vehicles | B19: =[2]TrRoad_act!B$20 -> 67104.703 | C19: =[2]TrRoad_act!C$20 -> 70599.781 | D19: =[2]TrRoad_act!D$20 -> 71782.892 | E19: =[2]TrRoad_act!E$20 -> 74503.485 | F19: =[2]TrRoad_act!F$20 -> 76766.809 | G19: =[2]TrRoad_act!G$20 -> 78469.885 | H19: =[2]TrRoad_act!H$20 -> 79352.372 | I19: =[2]TrRoad_act!I$20 -> 83381.785 | ... W19: =[2]TrRoad_act!W$20 -> 96224.81 | DA19: Activity.Mtkm.EU27.Tr.Road.Freight.LCV
A20: =[2]TrRoad_act!$A$26 -> Heavy goods vehicles | B20: =[2]TrRoad_act!B$26 -> 1307595.6 | C20: =[2]TrRoad_act!C$26 -> 1351666.6 | D20: =[2]TrRoad_act!D$26 -> 1399280.5 | E20: =[2]TrRoad_act!E$26 -> 1401310.6 | F20: =[2]TrRoad_act!F$26 -> 1545325.8 | G20: =[2]TrRoad_act!G$26 -> 1588632.5 | H20: =[2]TrRoad_act!H$26 -> 1639241.1 | I20: =[2]TrRoad_act!I$26 -> 1698163.7 | ... W20: =[2]TrRoad_act!W$26 -> 1862843.7 | DA20: Activity.Mtkm.EU27.Tr.Road.Freight.HGV
A21: Rail transport | B21: =[2]TrRail_act!B$10 -> 387920.75 | C21: =[2]TrRail_act!C$10 -> 369253.3 | D21: =[2]TrRail_act!D$10 -> 368161.19 | E21: =[2]TrRail_act!E$10 -> 376309.27 | F21: =[2]TrRail_act!F$10 -> 390035 | G21: =[2]TrRail_act!G$10 -> 394597 | H21: =[2]TrRail_act!H$10 -> 416246 | I21: =[2]TrRail_act!I$10 -> 430724 | ... W21: =[2]TrRail_act!W$10 -> 409571.98 | DA21: Activity.Mtkm.EU27.Tr.Rail.Freight
A22: Aviation | B22: =B23+B24+B25 -> 25990.504 | C22: =C23+C24+C25 -> 25150.487 | D22: =D23+D24+D25 -> 25611.901 | E22: =E23+E24+E25 -> 25775.985 | F22: =F23+F24+F25 -> 27337.701 | G22: =G23+G24+G25 -> 29161.59 | H22: =H23+H24+H25 -> 31258.294 | I22: =I23+I24+I25 -> 33677.921 | ... W22: =W23+W24+W25 -> 46525.465 | DA22: Activity.Mtkm.EU27.Tr.Avia.Freight
A23: Domestic | B23: =[2]TrAvia_act!B$9 -> 415.25357 | C23: =[2]TrAvia_act!C$9 -> 449.12623 | D23: =[2]TrAvia_act!D$9 -> 415.26836 | E23: =[2]TrAvia_act!E$9 -> 378.82428 | F23: =[2]TrAvia_act!F$9 -> 380.32001 | G23: =[2]TrAvia_act!G$9 -> 360.57706 | H23: =[2]TrAvia_act!H$9 -> 346.13194 | I23: =[2]TrAvia_act!I$9 -> 331.94182 | ... W23: =[2]TrAvia_act!W$9 -> 272.01753 | DA23: Activity.Mtkm.EU27.Tr.Avia.Freight.Domestic
A24: International - Intra-EEAwUK | B24: =[2]TrAvia_act!B$10 -> 1584.2302 | C24: =[2]TrAvia_act!C$10 -> 1548.4561 | D24: =[2]TrAvia_act!D$10 -> 1535.2549 | E24: =[2]TrAvia_act!E$10 -> 1581.5275 | F24: =[2]TrAvia_act!F$10 -> 1654.9073 | G24: =[2]TrAvia_act!G$10 -> 1736.1596 | H24: =[2]TrAvia_act!H$10 -> 1852.1549 | I24: =[2]TrAvia_act!I$10 -> 1933.5623 | ... W24: =[2]TrAvia_act!W$10 -> 2490.2632 | DA24: Activity.Mtkm.EU27.Tr.Avia.Freight.IntraEEAwUK
A25: International - Extra-EEAwUK | B25: =[2]TrAvia_act!B$11 -> 23991.021 | C25: =[2]TrAvia_act!C$11 -> 23152.905 | D25: =[2]TrAvia_act!D$11 -> 23661.378 | E25: =[2]TrAvia_act!E$11 -> 23815.633 | F25: =[2]TrAvia_act!F$11 -> 25302.473 | G25: =[2]TrAvia_act!G$11 -> 27064.854 | H25: =[2]TrAvia_act!H$11 -> 29060.007 | I25: =[2]TrAvia_act!I$11 -> 31412.417 | ... W25: =[2]TrAvia_act!W$11 -> 43763.184 | DA25: Activity.Mtkm.EU27.Tr.Avia.Freight.ExtraEEAwUK
A26: Domestic navigation | B26: =B27+B28 -> 210311.04 | C26: =C27+C28 -> 196436.94 | D26: =D27+D28 -> 199209.71 | E26: =E27+E28 -> 191180.49 | F26: =F27+F28 -> 204960.44 | G26: =G27+G28 -> 212155.8 | H26: =H27+H28 -> 222352.29 | I26: =I27+I28 -> 223604.85 | ... W26: =W27+W28 -> 212982.87 | DA26: Activity.Mtkm.EU27.Tr.DNavi.Freight
A27: =[2]TrNavi_act!$A$4 -> Domestic coastal shipping | B27: =[2]TrNavi_act!B4 -> 76596.154 | C27: =[2]TrNavi_act!C4 -> 64020.692 | D27: =[2]TrNavi_act!D4 -> 66795.686 | E27: =[2]TrNavi_act!E4 -> 67745.405 | F27: =[2]TrNavi_act!F4 -> 68197.284 | G27: =[2]TrNavi_act!G4 -> 73544.828 | H27: =[2]TrNavi_act!H4 -> 83935.32 | I27: =[2]TrNavi_act!I4 -> 78202.846 | ... W27: =[2]TrNavi_act!W4 -> 76906.865 | DA27: Activity.Mtkm.EU27.Tr.DNavi.Freight.DCS
A28: =[2]TrNavi_act!$A$5 -> Inland waterways | B28: =[2]TrNavi_act!B5 -> 133714.89 | C28: =[2]TrNavi_act!C5 -> 132416.24 | D28: =[2]TrNavi_act!D5 -> 132414.02 | E28: =[2]TrNavi_act!E5 -> 123435.09 | F28: =[2]TrNavi_act!F5 -> 136763.15 | G28: =[2]TrNavi_act!G5 -> 138610.97 | H28: =[2]TrNavi_act!H5 -> 138416.97 | I28: =[2]TrNavi_act!I5 -> 145402 | ... W28: =[2]TrNavi_act!W5 -> 136076 | DA28: Activity.Mtkm.EU27.Tr.DNavi.Freight.IWW
A29: International maritime bunkers (mio tkm) | B29: =B30+B31 -> 5326857.4 | C29: =C30+C31 -> 5600580.9 | D29: =D30+D31 -> 5760396.8 | E29: =E30+E31 -> 5971481.5 | F29: =F30+F31 -> 6310605.1 | G29: =G30+G31 -> 6787911.1 | H29: =H30+H31 -> 7119228.1 | I29: =I30+I31 -> 7369718.9 | ... W29: =W30+W31 -> 8135819.2 | DA29: Activity.Mtkm.EU27.MBunk.Freight
A30: Intra-EEA | B30: =[2]MBunk_act!B$4 -> 753767.24 | C30: =[2]MBunk_act!C$4 -> 780873.54 | D30: =[2]MBunk_act!D$4 -> 793361.74 | E30: =[2]MBunk_act!E$4 -> 807199.9 | F30: =[2]MBunk_act!F$4 -> 831866.45 | G30: =[2]MBunk_act!G$4 -> 834011.02 | H30: =[2]MBunk_act!H$4 -> 820751.75 | I30: =[2]MBunk_act!I$4 -> 821736.85 | ... W30: =[2]MBunk_act!W$4 -> 910620.85 | DA30: Activity.Mtkm.EU27.MBunk.Freight.IntraEEA
A31: Extra-EEA | B31: =[2]MBunk_act!B$5 -> 4573090.2 | C31: =[2]MBunk_act!C$5 -> 4819707.4 | D31: =[2]MBunk_act!D$5 -> 4967035 | E31: =[2]MBunk_act!E$5 -> 5164281.6 | F31: =[2]MBunk_act!F$5 -> 5478738.6 | G31: =[2]MBunk_act!G$5 -> 5953900.1 | H31: =[2]MBunk_act!H$5 -> 6298476.3 | I31: =[2]MBunk_act!I$5 -> 6547982.1 | ... W31: =[2]MBunk_act!W$5 -> 7225198.3 | DA31: Activity.Mtkm.EU27.MBunk.Freight.ExtraEEA
A33: Energy consumption (ktoe)
A34: Passenger transport | B34: =B35+B39+B43 -> 203854.55 | C34: =C35+C39+C43 -> 205123.88 | D34: =D35+D39+D43 -> 207135.61 | E34: =E35+E39+E43 -> 208430.44 | F34: =F35+F39+F43 -> 212832.94 | G34: =G35+G39+G43 -> 212662.05 | H34: =H35+H39+H43 -> 216583.56 | I34: =I35+I39+I43 -> 220391.82 | ... W34: =W35+W39+W43 -> 191798.4
A35: =$A$5 -> Road transport | B35: =B36+B37+B38 -> 167049.47 | C35: =C36+C37+C38 -> 169193.66 | D35: =D36+D37+D38 -> 172155.91 | E35: =E36+E37+E38 -> 173089.11 | F35: =F36+F37+F38 -> 175497.35 | G35: =G36+G37+G38 -> 174055.05 | H35: =H36+H37+H38 -> 176899.18 | I35: =I36+I37+I38 -> 179052.23 | ... W35: =W36+W37+W38 -> 166999.31 | DA35: FEC.ktoe.EU27.Tr.Road.Passenger
A36: =$A$6 -> Powered two-wheelers | B36: =[2]TrRoad_ene!B$19 -> 3405.2525 | C36: =[2]TrRoad_ene!C$19 -> 3482.8462 | D36: =[2]TrRoad_ene!D$19 -> 3502.2502 | E36: =[2]TrRoad_ene!E$19 -> 3559.2389 | F36: =[2]TrRoad_ene!F$19 -> 3625.4333 | G36: =[2]TrRoad_ene!G$19 -> 3699.6046 | H36: =[2]TrRoad_ene!H$19 -> 3624.2288 | I36: =[2]TrRoad_ene!I$19 -> 3473.6672 | ... W36: =[2]TrRoad_ene!W$19 -> 2939.8797 | DA36: FEC.ktoe.EU27.Tr.Road.Passenger.P2W
A37: =$A$7 -> Passenger cars | B37: =[2]TrRoad_ene!B$21 -> 149935.38 | C37: =[2]TrRoad_ene!C$21 -> 152093.16 | D37: =[2]TrRoad_ene!D$21 -> 155147.73 | E37: =[2]TrRoad_ene!E$21 -> 155902.75 | F37: =[2]TrRoad_ene!F$21 -> 158342.92 | G37: =[2]TrRoad_ene!G$21 -> 157061.47 | H37: =[2]TrRoad_ene!H$21 -> 159856.05 | I37: =[2]TrRoad_ene!I$21 -> 162101.71 | ... W37: =[2]TrRoad_ene!W$21 -> 150346.73 | DA37: FEC.ktoe.EU27.Tr.Road.Passenger.Car
A38: =$A$8 -> Motor coaches, buses and trolley buses | B38: =[2]TrRoad_ene!B$33 -> 13708.833 | C38: =[2]TrRoad_ene!C$33 -> 13617.652 | D38: =[2]TrRoad_ene!D$33 -> 13505.931 | E38: =[2]TrRoad_ene!E$33 -> 13627.116 | F38: =[2]TrRoad_ene!F$33 -> 13529.002 | G38: =[2]TrRoad_ene!G$33 -> 13293.969 | H38: =[2]TrRoad_ene!H$33 -> 13418.894 | I38: =[2]TrRoad_ene!I$33 -> 13476.852 | ... W38: =[2]TrRoad_ene!W$33 -> 13712.699 | DA38: FEC.ktoe.EU27.Tr.Road.Passenger.Bus
A39: =$A$9 -> Rail, metro and tram | B39: =B40+B41+B42 -> 5202.4469 | C39: =C40+C41+C42 -> 4957.6995 | D39: =D40+D41+D42 -> 5011.1327 | E39: =E40+E41+E42 -> 4959.4343 | F39: =F40+F41+F42 -> 5034.9384 | G39: =G40+G41+G42 -> 4993.3212 | H39: =H40+H41+H42 -> 4685.2235 | I39: =I40+I41+I42 -> 4805.5555 | ... W39: =W40+W41+W42 -> 3861.1785 | DA39: FEC.ktoe.EU27.Tr.Rail.Passenger
A40: =$A$10 -> Metro and tram, urban light rail | B40: =[2]TrRail_ene!B$12 -> 374.66872 | C40: =[2]TrRail_ene!C$12 -> 377.04704 | D40: =[2]TrRail_ene!D$12 -> 378.16603 | E40: =[2]TrRail_ene!E$12 -> 385.24982 | F40: =[2]TrRail_ene!F$12 -> 390.64881 | G40: =[2]TrRail_ene!G$12 -> 374.70226 | H40: =[2]TrRail_ene!H$12 -> 374.42952 | I40: =[2]TrRail_ene!I$12 -> 377.42843 | ... W40: =[2]TrRail_ene!W$12 -> 305.65639 | DA40: FEC.ktoe.EU27.Tr.Rail.Passenger.MTU
A41: =$A$11 -> Conventional passenger trains | B41: =[2]TrRail_ene!B$13 -> 4377.1874 | C41: =[2]TrRail_ene!C$13 -> 4069.2163 | D41: =[2]TrRail_ene!D$13 -> 4103.9355 | E41: =[2]TrRail_ene!E$13 -> 4034.3982 | F41: =[2]TrRail_ene!F$13 -> 4066.2076 | G41: =[2]TrRail_ene!G$13 -> 4030.2291 | H41: =[2]TrRail_ene!H$13 -> 3721.8387 | I41: =[2]TrRail_ene!I$13 -> 3831.0585 | ... W41: =[2]TrRail_ene!W$13 -> 2908.9141 | DA41: FEC.ktoe.EU27.Tr.Rail.Passenger.CPT
A42: =$A$12 -> High speed passenger trains | B42: =[2]TrRail_ene!B$16 -> 450.59077 | C42: =[2]TrRail_ene!C$16 -> 511.43617 | D42: =[2]TrRail_ene!D$16 -> 529.03125 | E42: =[2]TrRail_ene!E$16 -> 539.78628 | F42: =[2]TrRail_ene!F$16 -> 578.08197 | G42: =[2]TrRail_ene!G$16 -> 588.38985 | H42: =[2]TrRail_ene!H$16 -> 588.95529 | I42: =[2]TrRail_ene!I$16 -> 597.06847 | ... W42: =[2]TrRail_ene!W$16 -> 646.60797 | DA42: FEC.ktoe.EU27.Tr.Rail.Passenger.HST
A43: =$A$13 -> Aviation | B43: =B44+B45+B46 -> 31602.633 | C43: =C44+C45+C46 -> 30972.529 | D43: =D44+D45+D46 -> 29968.566 | E43: =E44+E45+E46 -> 30381.899 | F43: =F44+F45+F46 -> 32300.649 | G43: =G44+G45+G46 -> 33613.679 | H43: =H44+H45+H46 -> 34999.163 | I43: =I44+I45+I46 -> 36534.035 | ... W43: =W44+W45+W46 -> 20937.909 | DA43: FEC.ktoe.EU27.Tr.Avia.Passenger
A44: =$A$14 -> Domestic | B44: =[2]TrAvia_ene!B$7 -> 5480.6113 | C44: =[2]TrAvia_ene!C$7 -> 5323.5779 | D44: =[2]TrAvia_ene!D$7 -> 5008.5836 | E44: =[2]TrAvia_ene!E$7 -> 5079.1841 | F44: =[2]TrAvia_ene!F$7 -> 5256.7915 | G44: =[2]TrAvia_ene!G$7 -> 5631.1969 | H44: =[2]TrAvia_ene!H$7 -> 5768.5375 | I44: =[2]TrAvia_ene!I$7 -> 6063.2672 | ... W44: =[2]TrAvia_ene!W$7 -> 4152.502 | DA44: FEC.ktoe.EU27.Tr.Avia.Passenger.Domestic
A45: =$A$15 -> International - Intra-EEAwUK | B45: =[2]TrAvia_ene!B$8 -> 10936.748 | C45: =[2]TrAvia_ene!C$8 -> 10960.316 | D45: =[2]TrAvia_ene!D$8 -> 10424.234 | E45: =[2]TrAvia_ene!E$8 -> 11161.416 | F45: =[2]TrAvia_ene!F$8 -> 11738.626 | G45: =[2]TrAvia_ene!G$8 -> 12212.729 | H45: =[2]TrAvia_ene!H$8 -> 13011.081 | I45: =[2]TrAvia_ene!I$8 -> 13800.913 | ... W45: =[2]TrAvia_ene!W$8 -> 7236.0424 | DA45: FEC.ktoe.EU27.Tr.Avia.Passenger.IntraEEAwUK
A46: =$A$16 -> International - Extra-EEAwUK | B46: =[2]TrAvia_ene!B$9 -> 15185.274 | C46: =[2]TrAvia_ene!C$9 -> 14688.635 | D46: =[2]TrAvia_ene!D$9 -> 14535.748 | E46: =[2]TrAvia_ene!E$9 -> 14141.299 | F46: =[2]TrAvia_ene!F$9 -> 15305.231 | G46: =[2]TrAvia_ene!G$9 -> 15769.753 | H46: =[2]TrAvia_ene!H$9 -> 16219.544 | I46: =[2]TrAvia_ene!I$9 -> 16669.855 | ... W46: =[2]TrAvia_ene!W$9 -> 9549.365 | DA46: FEC.ktoe.EU27.Tr.Avia.Passenger.ExtraEEAwUK
A47: Freight transport | B47: =B48+B51+B52+B56 -> 86295.329 | C47: =C48+C51+C52+C56 -> 88501.398 | D47: =D48+D51+D52+D56 -> 89039.388 | E47: =E48+E51+E52+E56 -> 91068.564 | F47: =F48+F51+F52+F56 -> 95196.572 | G47: =G48+G51+G52+G56 -> 96985.898 | H47: =H48+H51+H52+H56 -> 100526.59 | I47: =I48+I51+I52+I56 -> 102850.64 | ... W47: =W48+W51+W52+W56 -> 100046.66
A48: =$A$18 -> Road transport | B48: =B49+B50 -> 76189.706 | C48: =C49+C50 -> 78460.406 | D48: =D49+D50 -> 78867.138 | E48: =E49+E50 -> 80647.152 | F48: =F49+F50 -> 84414.128 | G48: =G49+G50 -> 86185.953 | H48: =H49+H50 -> 89228.924 | I48: =I49+I50 -> 91445.683 | ... W48: =W49+W50 -> 89835.679 | DA48: FEC.ktoe.EU27.Tr.Road.Freight
A49: =$A$19 -> Light commercial vehicles | B49: =[2]TrRoad_ene!B$43 -> 31812.205 | C49: =[2]TrRoad_ene!C$43 -> 31766.739 | D49: =[2]TrRoad_ene!D$43 -> 31587.176 | E49: =[2]TrRoad_ene!E$43 -> 32035.041 | F49: =[2]TrRoad_ene!F$43 -> 32341.028 | G49: =[2]TrRoad_ene!G$43 -> 32551.875 | H49: =[2]TrRoad_ene!H$43 -> 31866.56 | I49: =[2]TrRoad_ene!I$43 -> 32807.128 | ... W49: =[2]TrRoad_ene!W$43 -> 32318.075 | DA49: FEC.ktoe.EU27.Tr.Road.Freight.LCV
A50: =$A$20 -> Heavy goods vehicles | B50: =[2]TrRoad_ene!B$52 -> 44377.501 | C50: =[2]TrRoad_ene!C$52 -> 46693.667 | D50: =[2]TrRoad_ene!D$52 -> 47279.961 | E50: =[2]TrRoad_ene!E$52 -> 48612.111 | F50: =[2]TrRoad_ene!F$52 -> 52073.101 | G50: =[2]TrRoad_ene!G$52 -> 53634.078 | H50: =[2]TrRoad_ene!H$52 -> 57362.364 | I50: =[2]TrRoad_ene!I$52 -> 58638.555 | ... W50: =[2]TrRoad_ene!W$52 -> 57517.605 | DA50: FEC.ktoe.EU27.Tr.Road.Freight.HGV
A51: =$A$21 -> Rail transport | B51: =[2]TrRail_ene!B$17 -> 2181.6855 | C51: =[2]TrRail_ene!C$17 -> 2126.7818 | D51: =[2]TrRail_ene!D$17 -> 2132.3401 | E51: =[2]TrRail_ene!E$17 -> 1957.3531 | F51: =[2]TrRail_ene!F$17 -> 1968.0776 | G51: =[2]TrRail_ene!G$17 -> 1817.2037 | H51: =[2]TrRail_ene!H$17 -> 1850.4857 | I51: =[2]TrRail_ene!I$17 -> 1932.3157 | ... W51: =[2]TrRail_ene!W$17 -> 1386.1162 | DA51: FEC.ktoe.EU27.Tr.Rail.Freight
A52: =$A$22 -> Aviation | B52: =B53+B54+B55 -> 2658.5926 | C52: =C53+C54+C55 -> 2486.8309 | D52: =D53+D54+D55 -> 2663.4238 | E52: =E53+E54+E55 -> 2815.0127 | F52: =F53+F54+F55 -> 3066.6468 | G52: =G53+G54+G55 -> 3338.4191 | H52: =H53+H54+H55 -> 3677.7746 | I52: =I53+I54+I55 -> 3846.6851 | ... W52: =W53+W54+W55 -> 4846.8141 | DA52: FEC.ktoe.EU27.Tr.Avia.Freight
A53: Domestic | B53: =[2]TrAvia_ene!B$11 -> 205.76784 | C53: =[2]TrAvia_ene!C$11 -> 221.47786 | D53: =[2]TrAvia_ene!D$11 -> 192.12148 | E53: =[2]TrAvia_ene!E$11 -> 161.45018 | F53: =[2]TrAvia_ene!F$11 -> 172.68821 | G53: =[2]TrAvia_ene!G$11 -> 172.70031 | H53: =[2]TrAvia_ene!H$11 -> 171.25306 | I53: =[2]TrAvia_ene!I$11 -> 161.31592 | ... W53: =[2]TrAvia_ene!W$11 -> 103.62146 | DA53: FEC.ktoe.EU27.Tr.Avia.Freight.Domestic
A54: =$A$24 -> International - Intra-EEAwUK | B54: =[2]TrAvia_ene!B$12 -> 287.54706 | C54: =[2]TrAvia_ene!C$12 -> 257.2144 | D54: =[2]TrAvia_ene!D$12 -> 274.5675 | E54: =[2]TrAvia_ene!E$12 -> 272.93932 | F54: =[2]TrAvia_ene!F$12 -> 306.20406 | G54: =[2]TrAvia_ene!G$12 -> 327.71216 | H54: =[2]TrAvia_ene!H$12 -> 414.10973 | I54: =[2]TrAvia_ene!I$12 -> 444.18587 | ... W54: =[2]TrAvia_ene!W$12 -> 581.77801 | DA54: FEC.ktoe.EU27.Tr.Avia.Freight.IntraEEAwUK
A55: =$A$25 -> International - Extra-EEAwUK | B55: =[2]TrAvia_ene!B$13 -> 2165.2777 | C55: =[2]TrAvia_ene!C$13 -> 2008.1386 | D55: =[2]TrAvia_ene!D$13 -> 2196.7348 | E55: =[2]TrAvia_ene!E$13 -> 2380.6232 | F55: =[2]TrAvia_ene!F$13 -> 2587.7546 | G55: =[2]TrAvia_ene!G$13 -> 2838.0067 | H55: =[2]TrAvia_ene!H$13 -> 3092.4118 | I55: =[2]TrAvia_ene!I$13 -> 3241.1833 | ... W55: =[2]TrAvia_ene!W$13 -> 4161.4146 | DA55: FEC.ktoe.EU27.Tr.Avia.Freight.ExtraEEAwUK
A56: Domestic navigation | B56: =B57+B58 -> 5265.3448 | C56: =C57+C58 -> 5427.3797 | D56: =D57+D58 -> 5376.4869 | E56: =E57+E58 -> 5649.0462 | F56: =F57+F58 -> 5747.719 | G56: =G57+G58 -> 5644.3219 | H56: =H57+H58 -> 5769.4096 | I56: =I57+I58 -> 5625.9517 | ... W56: =W57+W58 -> 3978.0524 | DA56: FEC.ktoe.EU27.Tr.DNavi
A57: =$A$27 -> Domestic coastal shipping | B57: =[2]TrNavi_ene!B4 -> 4168.4488 | C57: =[2]TrNavi_ene!C4 -> 4330.5175 | D57: =[2]TrNavi_ene!D4 -> 4336.827 | E57: =[2]TrNavi_ene!E4 -> 4591.3174 | F57: =[2]TrNavi_ene!F4 -> 4664.8256 | G57: =[2]TrNavi_ene!G4 -> 4560.8716 | H57: =[2]TrNavi_ene!H4 -> 4840.1188 | I57: =[2]TrNavi_ene!I4 -> 4552.1257 | ... W57: =[2]TrNavi_ene!W4 -> 2999.9797 | DA57: FEC.ktoe.EU27.Tr.Dnavi.DCS
A58: =$A$28 -> Inland waterways | B58: =[2]TrNavi_ene!B10 -> 1096.896 | C58: =[2]TrNavi_ene!C10 -> 1096.8622 | D58: =[2]TrNavi_ene!D10 -> 1039.6599 | E58: =[2]TrNavi_ene!E10 -> 1057.7289 | F58: =[2]TrNavi_ene!F10 -> 1082.8934 | G58: =[2]TrNavi_ene!G10 -> 1083.4503 | H58: =[2]TrNavi_ene!H10 -> 929.2908 | I58: =[2]TrNavi_ene!I10 -> 1073.8261 | ... W58: =[2]TrNavi_ene!W10 -> 978.07263 | DA58: FEC.ktoe.EU27.Tr.Dnavi.IWW
A59: International maritime bunkers | B59: =B60+B61 -> 40355.427 | C59: =C60+C61 -> 41594.502 | D59: =D60+D61 -> 42789.175 | E59: =E60+E61 -> 44042.576 | F59: =F60+F61 -> 46270.016 | G59: =G60+G61 -> 47173.61 | H59: =H60+H61 -> 50290.715 | I59: =I60+I61 -> 52441.628 | ... W59: =W60+W61 -> 40756.205 | DA59: FEC.ktoe.EU27.MBunk
A60: =$A$30 -> Intra-EEA | B60: =[2]MBunk_ene!B$4 -> 12349.039 | C60: =[2]MBunk_ene!C$4 -> 12250.785 | D60: =[2]MBunk_ene!D$4 -> 12230.393 | E60: =[2]MBunk_ene!E$4 -> 12685.051 | F60: =[2]MBunk_ene!F$4 -> 12932.515 | G60: =[2]MBunk_ene!G$4 -> 12476.202 | H60: =[2]MBunk_ene!H$4 -> 12775.809 | I60: =[2]MBunk_ene!I$4 -> 13049.184 | ... W60: =[2]MBunk_ene!W$4 -> 10796.207 | DA60: FEC.ktoe.EU27.MBunk.IntraEEA
A61: =$A$31 -> Extra-EEA | B61: =[2]MBunk_ene!B$10 -> 28006.387 | C61: =[2]MBunk_ene!C$10 -> 29343.717 | D61: =[2]MBunk_ene!D$10 -> 30558.782 | E61: =[2]MBunk_ene!E$10 -> 31357.525 | F61: =[2]MBunk_ene!F$10 -> 33337.502 | G61: =[2]MBunk_ene!G$10 -> 34697.407 | H61: =[2]MBunk_ene!H$10 -> 37514.906 | I61: =[2]MBunk_ene!I$10 -> 39392.444 | ... W61: =[2]MBunk_ene!W$10 -> 29959.997 | DA61: FEC.ktoe.EU27.MBunk.ExtraEEA
A63: CO2 emissions (kt of CO2)
A64: Passenger transport | B64: =B65+B69+B73 -> 595527.63 | C64: =C65+C69+C73 -> 599480.94 | D64: =D65+D69+D73 -> 605313.63 | E64: =E65+E69+E73 -> 609704.12 | F64: =F65+F69+F73 -> 622569.18 | G64: =G65+G69+G73 -> 620132.8 | H64: =H65+H69+H73 -> 629657.02 | I64: =I65+I69+I73 -> 638307.18 | ... W64: =W65+W69+W73 -> 533692.23
A65: =$A$5 -> Road transport | B65: =B66+B67+B68 -> 494181.11 | C65: =C66+C67+C68 -> 500754.18 | D65: =D66+D67+D68 -> 509573.03 | E65: =E66+E67+E68 -> 512538.4 | F65: =F66+F67+F68 -> 519495.69 | G65: =G66+G67+G68 -> 513441.26 | H65: =H66+H67+H68 -> 519333.12 | I65: =I66+I67+I68 -> 522984.96 | ... W65: =W66+W67+W68 -> 468139.6 | DA65: EMI.ktCO2.EU27.Tr.Road.Passenger
A66: =$A$6 -> Powered two-wheelers | B66: =[2]TrRoad_emi!B$19 -> 9875.912 | C66: =[2]TrRoad_emi!C$19 -> 10100.742 | D66: =[2]TrRoad_emi!D$19 -> 10146.883 | E66: =[2]TrRoad_emi!E$19 -> 10305.183 | F66: =[2]TrRoad_emi!F$19 -> 10496.74 | G66: =[2]TrRoad_emi!G$19 -> 10688.615 | H66: =[2]TrRoad_emi!H$19 -> 10446.129 | I66: =[2]TrRoad_emi!I$19 -> 9978.3269 | ... W66: =[2]TrRoad_emi!W$19 -> 8236.6816 | DA66: EMI.ktCO2.EU27.Tr.Road.Passenger.P2W
A67: =$A$7 -> Passenger cars | B67: =[2]TrRoad_emi!B$20 -> 442066.58 | C67: =[2]TrRoad_emi!C$20 -> 448754.91 | D67: =[2]TrRoad_emi!D$20 -> 457911.58 | E67: =[2]TrRoad_emi!E$20 -> 460387.2 | F67: =[2]TrRoad_emi!F$20 -> 467576.38 | G67: =[2]TrRoad_emi!G$20 -> 462259.53 | H67: =[2]TrRoad_emi!H$20 -> 468411.91 | I67: =[2]TrRoad_emi!I$20 -> 472680.51 | ... W67: =[2]TrRoad_emi!W$20 -> 421659.42 | DA67: EMI.ktCO2.EU27.Tr.Road.Passenger.Car
A68: =$A$8 -> Motor coaches, buses and trolley buses | B68: =[2]TrRoad_emi!B$27 -> 42238.617 | C68: =[2]TrRoad_emi!C$27 -> 41898.526 | D68: =[2]TrRoad_emi!D$27 -> 41514.572 | E68: =[2]TrRoad_emi!E$27 -> 41846.021 | F68: =[2]TrRoad_emi!F$27 -> 41422.576 | G68: =[2]TrRoad_emi!G$27 -> 40493.113 | H68: =[2]TrRoad_emi!H$27 -> 40475.081 | I68: =[2]TrRoad_emi!I$27 -> 40326.114 | ... W68: =[2]TrRoad_emi!W$27 -> 38243.502 | DA68: EMI.ktCO2.EU27.Tr.Road.Passenger.Bus
A69: =$A$9 -> Rail, metro and tram | B69: =B70+B71+B72 -> 6221.0235 | C69: =C70+C71+C72 -> 5497.6679 | D69: =D70+D71+D72 -> 5533.8873 | E69: =E70+E71+E72 -> 5714.0665 | F69: =F70+F71+F72 -> 5844.7858 | G69: =G70+G71+G72 -> 5512.0268 | H69: =H70+H71+H72 -> 4973.1595 | I69: =I70+I71+I72 -> 5350.5851 | ... W69: =W70+W71+W72 -> 2527.1494 | DA69: EMI.ktCO2.EU27.Tr.Rail.Passenger
A70: =$A$10 -> Metro and tram, urban light rail | B70: =[2]TrRail_emi!B$10 -> 0 | C70: =[2]TrRail_emi!C$10 -> 0 | D70: =[2]TrRail_emi!D$10 -> 0 | E70: =[2]TrRail_emi!E$10 -> 0 | F70: =[2]TrRail_emi!F$10 -> 0 | G70: =[2]TrRail_emi!G$10 -> 0 | H70: =[2]TrRail_emi!H$10 -> 0 | I70: =[2]TrRail_emi!I$10 -> 0 | ... W70: =[2]TrRail_emi!W$10 -> 0 | DA70: EMI.ktCO2.EU27.Tr.Rail.Passenger.MTU
A71: =$A$11 -> Conventional passenger trains | B71: =[2]TrRail_emi!B$11 -> 6221.0235 | C71: =[2]TrRail_emi!C$11 -> 5497.6679 | D71: =[2]TrRail_emi!D$11 -> 5533.8873 | E71: =[2]TrRail_emi!E$11 -> 5714.0665 | F71: =[2]TrRail_emi!F$11 -> 5844.7858 | G71: =[2]TrRail_emi!G$11 -> 5512.0268 | H71: =[2]TrRail_emi!H$11 -> 4973.1595 | I71: =[2]TrRail_emi!I$11 -> 5350.5851 | ... W71: =[2]TrRail_emi!W$11 -> 2527.1494 | DA71: EMI.ktCO2.EU27.Tr.Rail.Passenger.CPT
A72: =$A$12 -> High speed passenger trains | B72: =[2]TrRail_emi!B$14 -> 0 | C72: =[2]TrRail_emi!C$14 -> 0 | D72: =[2]TrRail_emi!D$14 -> 0 | E72: =[2]TrRail_emi!E$14 -> 0 | F72: =[2]TrRail_emi!F$14 -> 0 | G72: =[2]TrRail_emi!G$14 -> 0 | H72: =[2]TrRail_emi!H$14 -> 0 | I72: =[2]TrRail_emi!I$14 -> 0 | ... W72: =[2]TrRail_emi!W$14 -> 0 | DA72: EMI.ktCO2.EU27.Tr.Rail.Passenger.HST
A73: =$A$13 -> Aviation | B73: =B74+B75+B76 -> 95125.495 | C73: =C74+C75+C76 -> 93229.098 | D73: =D74+D75+D76 -> 90206.707 | E73: =E74+E75+E76 -> 91451.656 | F73: =F74+F75+F76 -> 97228.708 | G73: =G74+G75+G76 -> 101179.52 | H73: =H74+H75+H76 -> 105350.74 | I73: =I74+I75+I76 -> 109971.64 | ... W73: =W74+W75+W76 -> 63025.483 | DA73: EMI.ktCO2.EU27.Tr.Avia.Passenger
A74: =$A$14 -> Domestic | B74: =[2]TrAvia_emi!B$7 -> 16490.84 | C74: =[2]TrAvia_emi!C$7 -> 16018.141 | D74: =[2]TrAvia_emi!D$7 -> 15069.906 | E74: =[2]TrAvia_emi!E$7 -> 15282.832 | F74: =[2]TrAvia_emi!F$7 -> 15818.66 | G74: =[2]TrAvia_emi!G$7 -> 16944.091 | H74: =[2]TrAvia_emi!H$7 -> 17357.77 | I74: =[2]TrAvia_emi!I$7 -> 18245.293 | ... W74: =[2]TrAvia_emi!W$7 -> 12496.255 | DA74: EMI.ktCO2.EU27.Tr.Avia.Passenger.Domestic
A75: =$A$15 -> International - Intra-EEAwUK | B75: =[2]TrAvia_emi!B$8 -> 32922.595 | C75: =[2]TrAvia_emi!C$8 -> 32993.75 | D75: =[2]TrAvia_emi!D$8 -> 31379.967 | E75: =[2]TrAvia_emi!E$8 -> 33599.209 | F75: =[2]TrAvia_emi!F$8 -> 35336.649 | G75: =[2]TrAvia_emi!G$8 -> 36763.67 | H75: =[2]TrAvia_emi!H$8 -> 39167.153 | I75: =[2]TrAvia_emi!I$8 -> 41544.944 | ... W75: =[2]TrAvia_emi!W$8 -> 21782.696 | DA75: EMI.ktCO2.EU27.Tr.Avia.Passenger.IntraEEAwUK
A76: =$A$16 -> International - Extra-EEAwUK | B76: =[2]TrAvia_emi!B$9 -> 45712.06 | C76: =[2]TrAvia_emi!C$9 -> 44217.206 | D76: =[2]TrAvia_emi!D$9 -> 43756.834 | E76: =[2]TrAvia_emi!E$9 -> 42569.615 | F76: =[2]TrAvia_emi!F$9 -> 46073.398 | G76: =[2]TrAvia_emi!G$9 -> 47471.755 | H76: =[2]TrAvia_emi!H$9 -> 48825.817 | I76: =[2]TrAvia_emi!I$9 -> 50181.404 | ... W76: =[2]TrAvia_emi!W$9 -> 28746.533 | DA76: EMI.ktCO2.EU27.Tr.Avia.Passenger.ExtraEEAwUK
A77: Freight transport | B77: =B78+B81+B82+B86+B92 -> 261619.49 | C77: =C78+C81+C82+C86+C92 -> 268273.07 | D77: =D78+D81+D82+D86+D92 -> 269653.11 | E77: =E78+E81+E82+E86+E92 -> 276079.41 | F77: =F78+F81+F82+F86+F92 -> 288281.05 | G77: =G78+G81+G82+G86+G92 -> 292619.22 | H77: =H78+H81+H82+H86+H92 -> 300748.29 | I77: =I78+I81+I82+I86+I92 -> 305100.3 | ... W77: =W78+W81+W82+W86+W92 -> 286184.98
A78: =$A$18 -> Road transport | B78: =B79+B80 -> 234238.44 | C78: =C79+C80 -> 241143.51 | D78: =D79+D80 -> 242186.24 | E78: =E79+E80 -> 247478.34 | F78: =F79+F80 -> 258623.35 | G78: =G79+G80 -> 262641.15 | H78: =H79+H80 -> 269153.29 | I78: =I79+I80 -> 273238.05 | ... W78: =W79+W80 -> 257884.54 | DA78: EMI.ktCO2.EU27.Tr.Road.Freight
A79: =$A$19 -> Light commercial vehicles | B79: =[2]TrRoad_emi!B$34 -> 97348.348 | C79: =[2]TrRoad_emi!C$34 -> 97185.002 | D79: =[2]TrRoad_emi!D$34 -> 96638.588 | E79: =[2]TrRoad_emi!E$34 -> 98004.789 | F79: =[2]TrRoad_emi!F$34 -> 98731.892 | G79: =[2]TrRoad_emi!G$34 -> 99056.405 | H79: =[2]TrRoad_emi!H$34 -> 96358.006 | I79: =[2]TrRoad_emi!I$34 -> 98425.239 | ... W79: =[2]TrRoad_emi!W$34 -> 92304.357 | DA79: EMI.ktCO2.EU27.Tr.Road.Freight.LCV
A80: =$A$20 -> Heavy goods vehicles | B80: =[2]TrRoad_emi!B$40 -> 136890.1 | C80: =[2]TrRoad_emi!C$40 -> 143958.51 | D80: =[2]TrRoad_emi!D$40 -> 145547.65 | E80: =[2]TrRoad_emi!E$40 -> 149473.55 | F80: =[2]TrRoad_emi!F$40 -> 159891.45 | G80: =[2]TrRoad_emi!G$40 -> 163584.74 | H80: =[2]TrRoad_emi!H$40 -> 172795.29 | I80: =[2]TrRoad_emi!I$40 -> 174812.81 | ... W80: =[2]TrRoad_emi!W$40 -> 165580.18 | DA80: EMI.ktCO2.EU27.Tr.Road.Freight.HGV
A81: =$A$21 -> Rail transport | B81: =[2]TrRail_emi!B$15 -> 2924.6644 | C81: =[2]TrRail_emi!C$15 -> 2667.0554 | D81: =[2]TrRail_emi!D$15 -> 2630.6513 | E81: =[2]TrRail_emi!E$15 -> 2443.3243 | F81: =[2]TrRail_emi!F$15 -> 2459.8217 | G81: =[2]TrRail_emi!G$15 -> 2289.9464 | H81: =[2]TrRail_emi!H$15 -> 2474.2861 | I81: =[2]TrRail_emi!I$15 -> 2666.6928 | ... W81: =[2]TrRail_emi!W$15 -> 1354.1025 | DA81: EMI.ktCO2.EU27.Tr.Rail.Freight
A82: =$A$22 -> Aviation | B82: =B83+B84+B85 -> 8002.8193 | C82: =C83+C84+C85 -> 7485.7763 | D82: =D83+D84+D85 -> 8017.3983 | E82: =E83+E84+E85 -> 8473.8301 | F82: =F83+F84+F85 -> 9231.3364 | G82: =G83+G84+G85 -> 10049.431 | H82: =H83+H84+H85 -> 11070.968 | I82: =I83+I84+I85 -> 11579.501 | ... W82: =W83+W84+W85 -> 14590.245 | DA82: EMI.ktCO2.EU27.Tr.Avia.Freight
A83: Domestic | B83: =[2]TrAvia_emi!B$11 -> 619.10593 | C83: =[2]TrAvia_emi!C$11 -> 666.38175 | D83: =[2]TrAvia_emi!D$11 -> 578.06169 | E83: =[2]TrAvia_emi!E$11 -> 485.79163 | F83: =[2]TrAvia_emi!F$11 -> 519.63131 | G83: =[2]TrAvia_emi!G$11 -> 519.64304 | H83: =[2]TrAvia_emi!H$11 -> 515.25635 | I83: =[2]TrAvia_emi!I$11 -> 485.40133 | ... W83: =[2]TrAvia_emi!W$11 -> 311.76964 | DA83: EMI.ktCO2.EU27.Tr.Avia.Freight.Domestic
A84: =$A$24 -> International - Intra-EEAwUK | B84: =[2]TrAvia_emi!B$12 -> 865.59567 | C84: =[2]TrAvia_emi!C$12 -> 774.29012 | D84: =[2]TrAvia_emi!D$12 -> 826.52707 | E84: =[2]TrAvia_emi!E$12 -> 821.62828 | F84: =[2]TrAvia_emi!F$12 -> 921.76429 | G84: =[2]TrAvia_emi!G$12 -> 986.51115 | H84: =[2]TrAvia_emi!H$12 -> 1246.5964 | I84: =[2]TrAvia_emi!I$12 -> 1337.1364 | ... W84: =[2]TrAvia_emi!W$12 -> 1751.3313 | DA84: EMI.ktCO2.EU27.Tr.Avia.Freight.IntraEEAwUK
A85: =$A$25 -> International - Extra-EEAwUK | B85: =[2]TrAvia_emi!B$13 -> 6518.1177 | C85: =[2]TrAvia_emi!C$13 -> 6045.1044 | D85: =[2]TrAvia_emi!D$13 -> 6612.8095 | E85: =[2]TrAvia_emi!E$13 -> 7166.4102 | F85: =[2]TrAvia_emi!F$13 -> 7789.9408 | G85: =[2]TrAvia_emi!G$13 -> 8543.2765 | H85: =[2]TrAvia_emi!H$13 -> 9309.1153 | I85: =[2]TrAvia_emi!I$13 -> 9756.9638 | ... W85: =[2]TrAvia_emi!W$13 -> 12527.144 | DA85: EMI.ktCO2.EU27.Tr.Avia.Freight.ExtraEEAwUK
A86: Domestic navigation | B86: =B87+B88 -> 16453.565 | C86: =C87+C88 -> 16976.723 | D86: =D87+D88 -> 16818.826 | E86: =E87+E88 -> 17683.915 | F86: =F87+F88 -> 17966.543 | G86: =G87+G88 -> 17638.694 | H86: =H87+H88 -> 18049.742 | I86: =I87+I88 -> 17616.052 | ... W86: =W87+W88 -> 12356.093 | DA86: EMI.ktCO2.EU27.Tr.DNavi
A87: =$A$27 -> Domestic coastal shipping | B87: =[2]TrNavi_emi!B$4 -> 13033.345 | C87: =[2]TrNavi_emi!C$4 -> 13555.448 | D87: =[2]TrNavi_emi!D$4 -> 13579.786 | E87: =[2]TrNavi_emi!E$4 -> 14389.555 | F87: =[2]TrNavi_emi!F$4 -> 14606.702 | G87: =[2]TrNavi_emi!G$4 -> 14278.72 | H87: =[2]TrNavi_emi!H$4 -> 15173.947 | I87: =[2]TrNavi_emi!I$4 -> 14295.847 | ... W87: =[2]TrNavi_emi!W$4 -> 9343.9261 | DA87: EMI.ktCO2.EU27.Tr.Dnavi.DCS
A88: =$A$28 -> Inland waterways | B88: =[2]TrNavi_emi!B$5 -> 3420.2199 | C88: =[2]TrNavi_emi!C$5 -> 3421.2742 | D88: =[2]TrNavi_emi!D$5 -> 3239.0393 | E88: =[2]TrNavi_emi!E$5 -> 3294.3602 | F88: =[2]TrNavi_emi!F$5 -> 3359.8413 | G88: =[2]TrNavi_emi!G$5 -> 3359.974 | H88: =[2]TrNavi_emi!H$5 -> 2875.7943 | I88: =[2]TrNavi_emi!I$5 -> 3320.2055 | ... W88: =[2]TrNavi_emi!W$5 -> 3012.1671 | DA88: EMI.ktCO2.EU27.Tr.Dnavi.IWW
A89: International maritime bunkers | B89: =B90+B91 -> 129755.56 | C89: =C90+C91 -> 133806.23 | D89: =D90+D91 -> 137724.48 | E89: =E90+E91 -> 141828.47 | F89: =F90+F91 -> 149118.53 | G89: =G90+G91 -> 152050.66 | H89: =H90+H91 -> 162126.1 | I89: =I90+I91 -> 169125.02 | ... W89: =W90+W91 -> 129708.69 | DA89: EMI.ktCO2.EU27.MBunk
A90: =$A$30 -> Intra-EEA | B90: =[2]MBunk_emi!B$4 -> 39341.296 | C90: =[2]MBunk_emi!C$4 -> 39058.965 | D90: =[2]MBunk_emi!D$4 -> 39025.728 | E90: =[2]MBunk_emi!E$4 -> 40526.27 | F90: =[2]MBunk_emi!F$4 -> 41380.555 | G90: =[2]MBunk_emi!G$4 -> 39919.363 | H90: =[2]MBunk_emi!H$4 -> 40881.312 | I90: =[2]MBunk_emi!I$4 -> 41793.063 | ... W90: =[2]MBunk_emi!W$4 -> 33890.55 | DA90: EMI.ktCO2.EU27.MBunk.IntraEEA
A91: =$A$31 -> Extra-EEA | B91: =[2]MBunk_emi!B$5 -> 90414.266 | C91: =[2]MBunk_emi!C$5 -> 94747.265 | D91: =[2]MBunk_emi!D$5 -> 98698.751 | E91: =[2]MBunk_emi!E$5 -> 101302.2 | F91: =[2]MBunk_emi!F$5 -> 107737.98 | G91: =[2]MBunk_emi!G$5 -> 112131.3 | H91: =[2]MBunk_emi!H$5 -> 121244.79 | I91: =[2]MBunk_emi!I$5 -> 127331.96 | ... W91: =[2]MBunk_emi!W$5 -> 95818.143 | DA91: EMI.ktCO2.EU27.MBunk.ExtraEEA
A93: Indicators
A95: Market shares of activity
A96: Passenger transport (% of pkm) | B96: =IF(B4=0,0,B4/B$4) -> 1 | C96: =IF(C4=0,0,C4/C$4) -> 1 | D96: =IF(D4=0,0,D4/D$4) -> 1 | E96: =IF(E4=0,0,E4/E$4) -> 1 | F96: =IF(F4=0,0,F4/F$4) -> 1 | G96: =IF(G4=0,0,G4/G$4) -> 1 | H96: =IF(H4=0,0,H4/H$4) -> 1 | I96: =IF(I4=0,0,I4/I$4) -> 1 | ... W96: =IF(W4=0,0,W4/W$4) -> 1
A97: =$A$5 -> Road transport | B97: =IF(B5=0,0,B5/B$4) -> 0.79127094 | C97: =IF(C5=0,0,C5/C$4) -> 0.79589228 | D97: =IF(D5=0,0,D5/D$4) -> 0.80052773 | E97: =IF(E5=0,0,E5/E$4) -> 0.79999657 | F97: =IF(F5=0,0,F5/F$4) -> 0.7902736 | G97: =IF(G5=0,0,G5/G$4) -> 0.77875717 | H97: =IF(H5=0,0,H5/H$4) -> 0.77326925 | I97: =IF(I5=0,0,I5/I$4) -> 0.76716895 | ... W97: =IF(W5=0,0,W5/W$4) -> 0.8299717
A98: =$A$6 -> Powered two-wheelers | B98: =IF(B6=0,0,B6/B$4) -> 0.018395984 | C98: =IF(C6=0,0,C6/C$4) -> 0.018903426 | D98: =IF(D6=0,0,D6/D$4) -> 0.019020824 | E98: =IF(E6=0,0,E6/E$4) -> 0.019376353 | F98: =IF(F6=0,0,F6/F$4) -> 0.01950508 | G98: =IF(G6=0,0,G6/G$4) -> 0.019998849 | H98: =IF(H6=0,0,H6/H$4) -> 0.019518131 | I98: =IF(I6=0,0,I6/I$4) -> 0.018467292 | ... W98: =IF(W6=0,0,W6/W$4) -> 0.0208334
A99: =$A$7 -> Passenger cars | B99: =IF(B7=0,0,B7/B$4) -> 0.68056469 | C99: =IF(C7=0,0,C7/C$4) -> 0.68594884 | D99: =IF(D7=0,0,D7/D$4) -> 0.69156315 | E99: =IF(E7=0,0,E7/E$4) -> 0.6911085 | F99: =IF(F7=0,0,F7/F$4) -> 0.68271853 | G99: =IF(G7=0,0,G7/G$4) -> 0.67167468 | H99: =IF(H7=0,0,H7/H$4) -> 0.66794285 | I99: =IF(I7=0,0,I7/I$4) -> 0.66284909 | ... W99: =IF(W7=0,0,W7/W$4) -> 0.74411461
A100: =$A$8 -> Motor coaches, buses and trolley buses | B100: =IF(B8=0,0,B8/B$4) -> 0.092310268 | C100: =IF(C8=0,0,C8/C$4) -> 0.091040014 | D100: =IF(D8=0,0,D8/D$4) -> 0.089943752 | E100: =IF(E8=0,0,E8/E$4) -> 0.08951171 | F100: =IF(F8=0,0,F8/F$4) -> 0.088049984 | G100: =IF(G8=0,0,G8/G$4) -> 0.087083639 | H100: =IF(H8=0,0,H8/H$4) -> 0.08580827 | I100: =IF(I8=0,0,I8/I$4) -> 0.085852573 | ... W100: =IF(W8=0,0,W8/W$4) -> 0.06502369
A101: =$A$9 -> Rail, metro and tram | B101: =IF(B9=0,0,B9/B$4) -> 0.075567077 | C101: =IF(C9=0,0,C9/C$4) -> 0.07502646 | D101: =IF(D9=0,0,D9/D$4) -> 0.073235664 | E101: =IF(E9=0,0,E9/E$4) -> 0.071701516 | F101: =IF(F9=0,0,F9/F$4) -> 0.071189984 | G101: =IF(G9=0,0,G9/G$4) -> 0.072251724 | H101: =IF(H9=0,0,H9/H$4) -> 0.073074453 | I101: =IF(I9=0,0,I9/I$4) -> 0.072515995 | ... W101: =IF(W9=0,0,W9/W$4) -> 0.063784574
A102: =$A$10 -> Metro and tram, urban light rail | B102: =IF(B10=0,0,B10/B$4) -> 0.01261411 | C102: =IF(C10=0,0,C10/C$4) -> 0.012590247 | D102: =IF(D10=0,0,D10/D$4) -> 0.012661178 | E102: =IF(E10=0,0,E10/E$4) -> 0.012676905 | F102: =IF(F10=0,0,F10/F$4) -> 0.012753456 | G102: =IF(G10=0,0,G10/G$4) -> 0.012798609 | H102: =IF(H10=0,0,H10/H$4) -> 0.012855237 | I102: =IF(I10=0,0,I10/I$4) -> 0.012906341 | ... W102: =IF(W10=0,0,W10/W$4) -> 0.011044427
A103: =$A$11 -> Conventional passenger trains | B103: =IF(B11=0,0,B11/B$4) -> 0.052021109 | C103: =IF(C11=0,0,C11/C$4) -> 0.050473031 | D103: =IF(D11=0,0,D11/D$4) -> 0.048163305 | E103: =IF(E11=0,0,E11/E$4) -> 0.046261433 | F103: =IF(F11=0,0,F11/F$4) -> 0.045115274 | G103: =IF(G11=0,0,G11/G$4) -> 0.04551586 | H103: =IF(H11=0,0,H11/H$4) -> 0.045842436 | I103: =IF(I11=0,0,I11/I$4) -> 0.044851956 | ... W103: =IF(W11=0,0,W11/W$4) -> 0.035794147
A104: =$A$12 -> High speed passenger trains | B104: =IF(B12=0,0,B12/B$4) -> 0.010931858 | C104: =IF(C12=0,0,C12/C$4) -> 0.011963182 | D104: =IF(D12=0,0,D12/D$4) -> 0.012411181 | E104: =IF(E12=0,0,E12/E$4) -> 0.012763179 | F104: =IF(F12=0,0,F12/F$4) -> 0.013321255 | G104: =IF(G12=0,0,G12/G$4) -> 0.013937254 | H104: =IF(H12=0,0,H12/H$4) -> 0.01437678 | I104: =IF(I12=0,0,I12/I$4) -> 0.014757698 | ... W104: =IF(W12=0,0,W12/W$4) -> 0.016946001
A105: =$A$13 -> Aviation | B105: =IF(B13=0,0,B13/B$4) -> 0.13316198 | C105: =IF(C13=0,0,C13/C$4) -> 0.12908126 | D105: =IF(D13=0,0,D13/D$4) -> 0.12623661 | E105: =IF(E13=0,0,E13/E$4) -> 0.12830192 | F105: =IF(F13=0,0,F13/F$4) -> 0.13853642 | G105: =IF(G13=0,0,G13/G$4) -> 0.14899111 | H105: =IF(H13=0,0,H13/H$4) -> 0.15365629 | I105: =IF(I13=0,0,I13/I$4) -> 0.16031505 | ... W105: =IF(W13=0,0,W13/W$4) -> 0.10624372
...
