Workbook

Sheet Input
A1: Subsector | B1: Unit | C1: 2000 | D1: 2001 | E1: 2002 | F1: 2003 | G1: 2004 | H1: 2005 | I1: 2006 | J1: 2007 | K1: 2008 | L1: 2009 | M1: 2010 | N1: 2011 | O1: 2012 | P1: 2013 | Q1: 2014 | R1: 2015 | S1: 2016 | T1: 2017 | U1: 2018 | V1: 2019 | W1: 2020 | X1: 2021
A2: Iron and Steel | B2: ktoe | C2: =JR_IDEES_Industry!B4 -> 698.88536 | D2: =JR_IDEES_Industry!C4 -> 633.64162 | E2: =JR_IDEES_Industry!D4 -> 534.35508 | F2: =JR_IDEES_Industry!E4 -> 452.64093 | G2: =JR_IDEES_Industry!F4 -> 464.88257 | H2: =JR_IDEES_Industry!G4 -> 425.55509 | I2: =JR_IDEES_Industry!H4 -> 486.99758 | J2: =JR_IDEES_Industry!I4 -> 555.29281 | ... X2: =JR_IDEES_Industry!W4 -> 346.9374
A3: Alumina production | B3: ktoe | C3: =JR_IDEES_Industry!B6 -> 0 | D3: =JR_IDEES_Industry!C6 -> 0 | E3: =JR_IDEES_Industry!D6 -> 0 | F3: =JR_IDEES_Industry!E6 -> 0 | G3: =JR_IDEES_Industry!F6 -> 0 | H3: =JR_IDEES_Industry!G6 -> 0 | I3: =JR_IDEES_Industry!H6 -> 0 | J3: =JR_IDEES_Industry!I6 -> 0 | ... X3: =JR_IDEES_Industry!W6 -> 0
A4: Aluminium production | B4: ktoe | C4: =JR_IDEES_Industry!B7 -> 0 | D4: =JR_IDEES_Industry!C7 -> 0 | E4: =JR_IDEES_Industry!D7 -> 0 | F4: =JR_IDEES_Industry!E7 -> 0 | G4: =JR_IDEES_Industry!F7 -> 0 | H4: =JR_IDEES_Industry!G7 -> 0 | I4: =JR_IDEES_Industry!H7 -> 0 | J4: =JR_IDEES_Industry!I7 -> 0 | ... X4: =JR_IDEES_Industry!W7 -> 0
A5: Other non-ferrous metals | B5: ktoe | C5: =JR_IDEES_Industry!B8 -> 0 | D5: =JR_IDEES_Industry!C8 -> 0 | E5: =JR_IDEES_Industry!D8 -> 0 | F5: =JR_IDEES_Industry!E8 -> 0 | G5: =JR_IDEES_Industry!F8 -> 0 | H5: =JR_IDEES_Industry!G8 -> 0 | I5: =JR_IDEES_Industry!H8 -> 0 | J5: =JR_IDEES_Industry!I8 -> 0 | ... X5: =JR_IDEES_Industry!W8 -> 0
A6: Basic chemicals | B6: ktoe | C6: =JR_IDEES_Industry!B10 -> 0 | D6: =JR_IDEES_Industry!C10 -> 0 | E6: =JR_IDEES_Industry!D10 -> 0 | F6: =JR_IDEES_Industry!E10 -> 0 | G6: =JR_IDEES_Industry!F10 -> 0 | H6: =JR_IDEES_Industry!G10 -> 0 | I6: =JR_IDEES_Industry!H10 -> 0 | J6: =JR_IDEES_Industry!I10 -> 0 | ... X6: =JR_IDEES_Industry!W10 -> 0
A7: Other chemicals | B7: ktoe | C7: =JR_IDEES_Industry!B11 -> 1679.0063 | D7: =JR_IDEES_Industry!C11 -> 1666.4682 | E7: =JR_IDEES_Industry!D11 -> 1511.2109 | F7: =JR_IDEES_Industry!E11 -> 1554.2153 | G7: =JR_IDEES_Industry!F11 -> 1507.6736 | H7: =JR_IDEES_Industry!G11 -> 1539.1131 | I7: =JR_IDEES_Industry!H11 -> 1482.4657 | J7: =JR_IDEES_Industry!I11 -> 1394.1149 | ... X7: =JR_IDEES_Industry!W11 -> 2877.532
A8: Pharmaceutical products | B8: ktoe | C8: =JR_IDEES_Industry!B12 -> 3130.2037 | D8: =JR_IDEES_Industry!C12 -> 3505.6034 | E8: =JR_IDEES_Industry!D12 -> 3107.9547 | F8: =JR_IDEES_Industry!E12 -> 3576.1808 | G8: =JR_IDEES_Industry!F12 -> 3494.7457 | H8: =JR_IDEES_Industry!G12 -> 3609.1718 | I8: =JR_IDEES_Industry!H12 -> 3419.1857 | J8: =JR_IDEES_Industry!I12 -> 3165.9996 | ... X8: =JR_IDEES_Industry!W12 -> 12713.284
A9: Cement | B9: ktoe | C9: =JR_IDEES_Industry!B14 -> 598.04025 | D9: =JR_IDEES_Industry!C14 -> 565.49053 | E9: =JR_IDEES_Industry!D14 -> 587.50361 | F9: =JR_IDEES_Industry!E14 -> 525.98838 | G9: =JR_IDEES_Industry!F14 -> 535.3659 | H9: =JR_IDEES_Industry!G14 -> 518.52305 | I9: =JR_IDEES_Industry!H14 -> 718.01213 | J9: =JR_IDEES_Industry!I14 -> 694.02837 | ... X9: =JR_IDEES_Industry!W14 -> 902.71983
A10: Ceramics & other non metallic minerals | B10: ktoe | C10: =JR_IDEES_Industry!B15 -> 864.4962 | D10: =JR_IDEES_Industry!C15 -> 649.26975 | E10: =JR_IDEES_Industry!D15 -> 674.99401 | F10: =JR_IDEES_Industry!E15 -> 676.17905 | G10: =JR_IDEES_Industry!F15 -> 637.86045 | H10: =JR_IDEES_Industry!G15 -> 713.15812 | I10: =JR_IDEES_Industry!H15 -> 586.3831 | J10: =JR_IDEES_Industry!I15 -> 684.93444 | ... X10: =JR_IDEES_Industry!W15 -> 509.95181
A11: Glass production | B11: ktoe | C11: =JR_IDEES_Industry!B16 -> 145.68637 | D11: =JR_IDEES_Industry!C16 -> 138.79031 | E11: =JR_IDEES_Industry!D16 -> 139.31367 | F11: =JR_IDEES_Industry!E16 -> 124.01337 | G11: =JR_IDEES_Industry!F16 -> 117.32836 | H11: =JR_IDEES_Industry!G16 -> 110.32379 | I11: =JR_IDEES_Industry!H16 -> 149.59802 | J11: =JR_IDEES_Industry!I16 -> 163.49159 | ... X11: =JR_IDEES_Industry!W16 -> 103.42061
A12: Pulp | B12: ktoe | C12: =JR_IDEES_Industry!B18 -> 0 | D12: =JR_IDEES_Industry!C18 -> 0 | E12: =JR_IDEES_Industry!D18 -> 0 | F12: =JR_IDEES_Industry!E18 -> 0 | G12: =JR_IDEES_Industry!F18 -> 0 | H12: =JR_IDEES_Industry!G18 -> 0 | I12: =JR_IDEES_Industry!H18 -> 0 | J12: =JR_IDEES_Industry!I18 -> 0 | ... X12: =JR_IDEES_Industry!W18 -> 1.4426759
A13: Paper | B13: ktoe | C13: =JR_IDEES_Industry!B19 -> 757.46481 | D13: =JR_IDEES_Industry!C19 -> 746.23903 | E13: =JR_IDEES_Industry!D19 -> 740.51139 | F13: =JR_IDEES_Industry!E19 -> 706.83088 | G13: =JR_IDEES_Industry!F19 -> 632.37429 | H13: =JR_IDEES_Industry!G19 -> 550.30552 | I13: =JR_IDEES_Industry!H19 -> 539.19708 | J13: =JR_IDEES_Industry!I19 -> 519.4191 | ... X13: =JR_IDEES_Industry!W19 -> 495.81728
A14: Printing | B14: ktoe | C14: =JR_IDEES_Industry!B20 -> 1244.4065 | D14: =JR_IDEES_Industry!C20 -> 1081.5174 | E14: =JR_IDEES_Industry!D20 -> 1026.7823 | F14: =JR_IDEES_Industry!E20 -> 981.97054 | G14: =JR_IDEES_Industry!F20 -> 943.41261 | H14: =JR_IDEES_Industry!G20 -> 864.17811 | I14: =JR_IDEES_Industry!H20 -> 849.54681 | J14: =JR_IDEES_Industry!I20 -> 786.68405 | ... X14: =JR_IDEES_Industry!W20 -> 297.87302
A15: Food, beverages and tobacco | B15: ktoe | C15: =JR_IDEES_Industry!B21 -> 5540.9107 | D15: =JR_IDEES_Industry!C21 -> 5724.2091 | E15: =JR_IDEES_Industry!D21 -> 6077.2248 | F15: =JR_IDEES_Industry!E21 -> 5789.2331 | G15: =JR_IDEES_Industry!F21 -> 5712.0879 | H15: =JR_IDEES_Industry!G21 -> 5528.5861 | I15: =JR_IDEES_Industry!H21 -> 5032.3874 | J15: =JR_IDEES_Industry!I21 -> 4812.8453 | ... X15: =JR_IDEES_Industry!W21 -> 4243.97
A16: Transport | B16: ktoe | C16: =JR_IDEES_Industry!B22 -> 927.64353 | D16: =JR_IDEES_Industry!C22 -> 912.55507 | E16: =JR_IDEES_Industry!D22 -> 866.42413 | F16: =JR_IDEES_Industry!E22 -> 867.4454 | G16: =JR_IDEES_Industry!F22 -> 715.74794 | H16: =JR_IDEES_Industry!G22 -> 777.4215 | I16: =JR_IDEES_Industry!H22 -> 792.95781 | J16: =JR_IDEES_Industry!I22 -> 687.25272 | ... X16: =JR_IDEES_Industry!W22 -> 483.57834
A17: Machinery | B17: ktoe | C17: =JR_IDEES_Industry!B23 -> 11744.908 | D17: =JR_IDEES_Industry!C23 -> 11919.581 | E17: =JR_IDEES_Industry!D23 -> 12347.576 | F17: =JR_IDEES_Industry!E23 -> 11078.974 | G17: =JR_IDEES_Industry!F23 -> 11072.815 | H17: =JR_IDEES_Industry!G23 -> 10354.044 | I17: =JR_IDEES_Industry!H23 -> 11796.256 | J17: =JR_IDEES_Industry!I23 -> 12497.895 | ... X17: =JR_IDEES_Industry!W23 -> 10698.52
A18: Textiles and leather | B18: ktoe | C18: =JR_IDEES_Industry!B24 -> 927.37233 | D18: =JR_IDEES_Industry!C24 -> 813.85041 | E18: =JR_IDEES_Industry!D24 -> 755.47643 | F18: =JR_IDEES_Industry!E24 -> 697.18131 | G18: =JR_IDEES_Industry!F24 -> 632.37429 | H18: =JR_IDEES_Industry!G24 -> 521.50765 | I18: =JR_IDEES_Industry!H24 -> 542.6375 | J18: =JR_IDEES_Industry!I24 -> 510.76788 | ... X18: =JR_IDEES_Industry!W24 -> 434.13869
A19: Wood and wood products | B19: ktoe | C19: =JR_IDEES_Industry!B25 -> 977.68015 | D19: =JR_IDEES_Industry!C25 -> 917.18599 | E19: =JR_IDEES_Industry!D25 -> 864.74701 | F19: =JR_IDEES_Industry!E25 -> 890.17268 | G19: =JR_IDEES_Industry!F25 -> 908.79766 | H19: =JR_IDEES_Industry!G25 -> 916.44988 | I19: =JR_IDEES_Industry!H25 -> 917.16889 | J19: =JR_IDEES_Industry!I25 -> 918.64395 | ... X19: =JR_IDEES_Industry!W25 -> 604.05978
A20: Other industrial sectors | B20: ktoe | C20: =JR_IDEES_Industry!B26 -> 21733.518 | D20: =JR_IDEES_Industry!C26 -> 20079.387 | E20: =JR_IDEES_Industry!D26 -> 19934.205 | F20: =JR_IDEES_Industry!E26 -> 20145.378 | G20: =JR_IDEES_Industry!F26 -> 21736.827 | H20: =JR_IDEES_Industry!G26 -> 24189.606 | I20: =JR_IDEES_Industry!H26 -> 26603.83 | J20: =JR_IDEES_Industry!I26 -> 26052.738 | ... X20: =JR_IDEES_Industry!W26 -> 19787.17
A21: Powered two-wheelers | B21: pkm | C21: =JR_IDEES_Transport!B6 -> 618.06271 | D21: =JR_IDEES_Transport!C6 -> 586.67394 | E21: =JR_IDEES_Transport!D6 -> 609.87844 | F21: =JR_IDEES_Transport!E6 -> 616.21647 | G21: =JR_IDEES_Transport!F6 -> 615.6463 | H21: =JR_IDEES_Transport!G6 -> 631.84951 | I21: =JR_IDEES_Transport!H6 -> 665.74426 | J21: =JR_IDEES_Transport!I6 -> 712.09003 | ... X21: =JR_IDEES_Transport!W6 -> 613.24874
A22: Passenger cars | B22: pkm | C22: =JR_IDEES_Transport!B7 -> 50615 | D22: =JR_IDEES_Transport!C7 -> 49620 | E22: =JR_IDEES_Transport!D7 -> 49454 | F22: =JR_IDEES_Transport!E7 -> 49695 | G22: =JR_IDEES_Transport!F7 -> 50557 | H22: =JR_IDEES_Transport!G7 -> 49758 | I22: =JR_IDEES_Transport!H7 -> 49648 | J22: =JR_IDEES_Transport!I7 -> 50733 | ... X22: =JR_IDEES_Transport!W7 -> 58910
A23: Motor coaches, buses and trolley buses | B23: pkm | C23: =JR_IDEES_Transport!B8 -> 7418 | D23: =JR_IDEES_Transport!C8 -> 7332 | E23: =JR_IDEES_Transport!D8 -> 7295 | F23: =JR_IDEES_Transport!E8 -> 7272 | G23: =JR_IDEES_Transport!F8 -> 7300 | H23: =JR_IDEES_Transport!G8 -> 7169 | I23: =JR_IDEES_Transport!H8 -> 7054 | J23: =JR_IDEES_Transport!I8 -> 6845 | ... X23: =JR_IDEES_Transport!W8 -> 4834
A24: Metro and tram, urban light rail | B24: pkm | C24: =JR_IDEES_Transport!B10 -> 0 | D24: =JR_IDEES_Transport!C10 -> 0 | E24: =JR_IDEES_Transport!D10 -> 9 | F24: =JR_IDEES_Transport!E10 -> 67 | G24: =JR_IDEES_Transport!F10 -> 128 | H24: =JR_IDEES_Transport!G10 -> 162 | I24: =JR_IDEES_Transport!H10 -> 164 | J24: =JR_IDEES_Transport!I10 -> 177 | ... X24: =JR_IDEES_Transport!W10 -> 331
A25: Conventional passenger trains | B25: pkm | C25: =JR_IDEES_Transport!B11 -> 5537 | D25: =JR_IDEES_Transport!C11 -> 5721 | E25: =JR_IDEES_Transport!D11 -> 5745 | F25: =JR_IDEES_Transport!E11 -> 5826 | G25: =JR_IDEES_Transport!F11 -> 5946 | H25: =JR_IDEES_Transport!G11 -> 5974 | I25: =JR_IDEES_Transport!H11 -> 6110 | J25: =JR_IDEES_Transport!I11 -> 6176 | ... X25: =JR_IDEES_Transport!W11 -> 4181
A26: High speed passenger trains | B26: pkm | C26: =JR_IDEES_Transport!B12 -> 0 | D26: =JR_IDEES_Transport!C12 -> 0 | E26: =JR_IDEES_Transport!D12 -> 0 | F26: =JR_IDEES_Transport!E12 -> 0 | G26: =JR_IDEES_Transport!F12 -> 0 | H26: =JR_IDEES_Transport!G12 -> 0 | I26: =JR_IDEES_Transport!H12 -> 0 | J26: =JR_IDEES_Transport!I12 -> 0 | ... X26: =JR_IDEES_Transport!W12 -> 0
A27: Aviation-Domestic-pass | B27: pkm | C27: =JR_IDEES_Transport!B14 -> 291.40924 | D27: =JR_IDEES_Transport!C14 -> 299.46483 | E27: =JR_IDEES_Transport!D14 -> 270.63505 | F27: =JR_IDEES_Transport!E14 -> 294.26581 | G27: =JR_IDEES_Transport!F14 -> 369.96533 | H27: =JR_IDEES_Transport!G14 -> 371.63024 | I27: =JR_IDEES_Transport!H14 -> 403.57691 | J27: =JR_IDEES_Transport!I14 -> 446.87632 | ... X27: =JR_IDEES_Transport!W14 -> 231.30369
A28: Aviation -International - Intra-EEAwUK - pass | B28: pkm | C28: =JR_IDEES_Transport!B15 -> 10186.298 | D28: =JR_IDEES_Transport!C15 -> 10566.784 | E28: =JR_IDEES_Transport!D15 -> 10520.061 | F28: =JR_IDEES_Transport!E15 -> 10218.513 | G28: =JR_IDEES_Transport!F15 -> 10696.839 | H28: =JR_IDEES_Transport!G15 -> 11149.757 | I28: =JR_IDEES_Transport!H15 -> 11392.019 | J28: =JR_IDEES_Transport!I15 -> 11336.021 | ... X28: =JR_IDEES_Transport!W15 -> 5724.8426
A29: Aviation-International - Extra-EEAwUK - pass | B29: pkm | C29: =JR_IDEES_Transport!B16 -> 6253.8116 | D29: =JR_IDEES_Transport!C16 -> 6454.0407 | E29: =JR_IDEES_Transport!D16 -> 6499.1536 | F29: =JR_IDEES_Transport!E16 -> 6288.9755 | G29: =JR_IDEES_Transport!F16 -> 7273.2448 | H29: =JR_IDEES_Transport!G16 -> 8228.1178 | I29: =JR_IDEES_Transport!H16 -> 8578.7544 | J29: =JR_IDEES_Transport!I16 -> 8577.0951 | ... X29: =JR_IDEES_Transport!W16 -> 3019.5167
A30: Light commercial vehicles | B30: tkm | C30: =JR_IDEES_Transport!B19 -> 967.69162 | D30: =JR_IDEES_Transport!C19 -> 1039.2804 | E30: =JR_IDEES_Transport!D19 -> 1081.8776 | F30: =JR_IDEES_Transport!E19 -> 1145.3659 | G30: =JR_IDEES_Transport!F19 -> 1259.0691 | H30: =JR_IDEES_Transport!G19 -> 1357.8092 | I30: =JR_IDEES_Transport!H19 -> 1498.905 | J30: =JR_IDEES_Transport!I19 -> 1642.3373 | ... X30: =JR_IDEES_Transport!W19 -> 1167.8793
A31: Heavy goods vehicles | B31: tkm | C31: =JR_IDEES_Transport!B20 -> 15135.134 | D31: =JR_IDEES_Transport!C20 -> 15316.427 | E31: =JR_IDEES_Transport!D20 -> 15747.501 | F31: =JR_IDEES_Transport!E20 -> 15777.979 | G31: =JR_IDEES_Transport!F20 -> 16069.63 | H31: =JR_IDEES_Transport!G20 -> 16786.513 | I31: =JR_IDEES_Transport!H20 -> 17692.259 | J31: =JR_IDEES_Transport!I20 -> 18387.594 | ... X31: =JR_IDEES_Transport!W20 -> 20819
A32: Rail transport | B32: tkm | C32: =JR_IDEES_Transport!B21 -> 2025 | D32: =JR_IDEES_Transport!C21 -> 2091 | E32: =JR_IDEES_Transport!D21 -> 1877 | F32: =JR_IDEES_Transport!E21 -> 1985 | G32: =JR_IDEES_Transport!F21 -> 2321 | H32: =JR_IDEES_Transport!G21 -> 1976 | I32: =JR_IDEES_Transport!H21 -> 1892 | J32: =JR_IDEES_Transport!I21 -> 1779 | ... X32: =JR_IDEES_Transport!W21 -> 1986
A33: Aviation-Domestic-goods | B33: tkm | C33: {=JR_IDEES_Transport!B23:B25} -> 0.39172366 | D33: {=JR_IDEES_Transport!C23:C25} -> 0.41211957 | E33: {=JR_IDEES_Transport!D23:D25} -> 0.38472127 | F33: {=JR_IDEES_Transport!E23:E25} -> 0.28773505 | G33: {=JR_IDEES_Transport!F23:F25} -> 0.3010534 | H33: {=JR_IDEES_Transport!G23:G25} -> 0.3332811 | I33: {=JR_IDEES_Transport!H23:H25} -> 0.33346815 | J33: {=JR_IDEES_Transport!I23:I25} -> 0.26982735 | ... X33: {=JR_IDEES_Transport!W23:W25} -> 0.13964973
A34: Aviation-International - Intra-EEAwUK - goods | B34: tkm | C34: 42.905083 | D34: 46.931067 | E34: 41.432123 | F34: 30.287156 | G34: 30.62859 | H34: 35.808121 | I34: 37.802768 | J34: 34.545833 | K34: 73.007464 | L34: 51.799428 | M34: 37.374546 | N34: 37.565585 | O34: 36.271175 | P34: 30.52384 | Q34: 50.036327 | R34: 48.248825 | S34: 42.029275 | T34: 46.221981 | U34: 46.669987 | V34: 53.690768 | W34: 51.588895 | X34: 75.077322
A35: Aviation-International - Extra-EEAwUK - goods | B35: tkm | C35: 8.0154786 | D35: 8.8632525 | E35: 9.692331 | F35: 9.608875 | G35: 9.3271538 | H35: 6.2576859 | I35: 3.158309 | J35: 3.5537514 | K35: 412.30372 | L35: 343.45466 | M35: 410.51992 | N35: 413.41346 | O35: 506.91094 | P35: 441.86273 | Q35: 565.00376 | R35: 517.34147 | S35: 464.34767 | T35: 510.45428 | U35: 406.78995 | V35: 471.4687 | W35: 249.30481 | X35: 339.24578
A36: Shipping-Domestic coastal shipping | B36: tkm | C36: {=JR_IDEES_Transport!B27:B28} -> 1533.178 | D36: {=JR_IDEES_Transport!C27:C28} -> 1880.845 | E36: {=JR_IDEES_Transport!D27:D28} -> 1666.383 | F36: {=JR_IDEES_Transport!E27:E28} -> 1908.069 | G36: {=JR_IDEES_Transport!F27:F28} -> 1803.478 | H36: {=JR_IDEES_Transport!G27:G28} -> 2029.19 | I36: {=JR_IDEES_Transport!H27:H28} -> 2309.768 | J36: {=JR_IDEES_Transport!I27:I28} -> 2467.003 | ... X36: {=JR_IDEES_Transport!W27:W28} -> 1515.121
A37: Inland waterways | B37: tkm | C37: 0 | D37: 0 | E37: 0 | F37: 0 | G37: 0 | H37: 0 | I37: 0 | J37: 0 | K37: 0 | L37: 0 | M37: 0 | N37: 0 | O37: 0 | P37: 0 | Q37: 0 | R37: 0 | S37: 0 | T37: 0 | U37: 0 | V37: 0 | W37: 0 | X37: 0
A38: Maritime - Intra -EEA | B38: tkm | C38: {=JR_IDEES_Transport!B30:B31} -> 21870.694 | D38: {=JR_IDEES_Transport!C30:C31} -> 21927.96 | E38: {=JR_IDEES_Transport!D30:D31} -> 22405.537 | F38: {=JR_IDEES_Transport!E30:E31} -> 23368.593 | G38: {=JR_IDEES_Transport!F30:F31} -> 24548.212 | H38: {=JR_IDEES_Transport!G30:G31} -> 24152.366 | I38: {=JR_IDEES_Transport!H30:H31} -> 22890.939 | J38: {=JR_IDEES_Transport!I30:I31} -> 22088.239 | ... X38: {=JR_IDEES_Transport!W30:W31} -> 22073.122
A39: Maritime - Extra -EEA | B39: tkm | C39: 59410.657 | D39: 61372.406 | E39: 57985.463 | F39: 73567.954 | G39: 59849.677 | H39: 56392.246 | I39: 73273.526 | J39: 65382.899 | K39: 64519.227 | L39: 55781.307 | M39: 47317.017 | N39: 60108.395 | O39: 43488.089 | P39: 44393.392 | Q39: 48019.639 | R39: 67723.682 | S39: 67659.898 | T39: 64538.47 | U39: 67376.787 | V39: 76667.917 | W39: 77644.241 | X39: 81512.483
A40: {=JR_IDEES_Industry!A183:A198} -> Integrated steelworks (kt steel) | B40: kt steel | C40: =JR_IDEES_Industry!B183 -> 0 | D40: =JR_IDEES_Industry!C183 -> 0 | E40: =JR_IDEES_Industry!D183 -> 0 | F40: =JR_IDEES_Industry!E183 -> 0 | G40: =JR_IDEES_Industry!F183 -> 0 | H40: =JR_IDEES_Industry!G183 -> 0 | I40: =JR_IDEES_Industry!H183 -> 0 | J40: =JR_IDEES_Industry!I183 -> 0 | ... X40: =JR_IDEES_Industry!W183 -> 0
A41: Electric arc (kt steel) | B41: kt steel | C41: =JR_IDEES_Industry!B184 -> 801 | D41: =JR_IDEES_Industry!C184 -> 751 | E41: =JR_IDEES_Industry!D184 -> 392 | F41: =JR_IDEES_Industry!E184 -> 310 | G41: =JR_IDEES_Industry!F184 -> 310 | H41: =JR_IDEES_Industry!G184 -> 400 | I41: =JR_IDEES_Industry!H184 -> 405 | J41: =JR_IDEES_Industry!I184 -> 492.75841 | ... X41: =JR_IDEES_Industry!W184 -> 524.10042
A42: Alumina production (kt) | B42: kt alumina | C42: =JR_IDEES_Industry!B185 -> 0 | D42: =JR_IDEES_Industry!C185 -> 0 | E42: =JR_IDEES_Industry!D185 -> 0 | F42: =JR_IDEES_Industry!E185 -> 0 | G42: =JR_IDEES_Industry!F185 -> 0 | H42: =JR_IDEES_Industry!G185 -> 0 | I42: =JR_IDEES_Industry!H185 -> 0 | J42: =JR_IDEES_Industry!I185 -> 0 | ... X42: =JR_IDEES_Industry!W185 -> 0
A43: Aluminium production (kt) | B43: kt aluminium | C43: =JR_IDEES_Industry!B186 -> 0 | D43: =JR_IDEES_Industry!C186 -> 0 | E43: =JR_IDEES_Industry!D186 -> 0 | F43: =JR_IDEES_Industry!E186 -> 0 | G43: =JR_IDEES_Industry!F186 -> 0 | H43: =JR_IDEES_Industry!G186 -> 0 | I43: =JR_IDEES_Industry!H186 -> 0 | J43: =JR_IDEES_Industry!I186 -> 0 | ... X43: =JR_IDEES_Industry!W186 -> 0
A44: Aluminium - primary production | B44: kt aluminium | C44: =JR_IDEES_Industry!B187 -> 0 | D44: =JR_IDEES_Industry!C187 -> 0 | E44: =JR_IDEES_Industry!D187 -> 0 | F44: =JR_IDEES_Industry!E187 -> 0 | G44: =JR_IDEES_Industry!F187 -> 0 | H44: =JR_IDEES_Industry!G187 -> 0 | I44: =JR_IDEES_Industry!H187 -> 0 | J44: =JR_IDEES_Industry!I187 -> 0 | ... X44: =JR_IDEES_Industry!W187 -> 0
A45: Aluminium - secondary production | B45: kt aluminium | C45: =JR_IDEES_Industry!B188 -> 0 | D45: =JR_IDEES_Industry!C188 -> 0 | E45: =JR_IDEES_Industry!D188 -> 0 | F45: =JR_IDEES_Industry!E188 -> 0 | G45: =JR_IDEES_Industry!F188 -> 0 | H45: =JR_IDEES_Industry!G188 -> 0 | I45: =JR_IDEES_Industry!H188 -> 0 | J45: =JR_IDEES_Industry!I188 -> 0 | ... X45: =JR_IDEES_Industry!W188 -> 0
A46: Other non-ferrous metals (kt lead eq.) | B46: kt lead eq | C46: =JR_IDEES_Industry!B189 -> 0 | D46: =JR_IDEES_Industry!C189 -> 0 | E46: =JR_IDEES_Industry!D189 -> 0 | F46: =JR_IDEES_Industry!E189 -> 0 | G46: =JR_IDEES_Industry!F189 -> 0 | H46: =JR_IDEES_Industry!G189 -> 0 | I46: =JR_IDEES_Industry!H189 -> 0 | J46: =JR_IDEES_Industry!I189 -> 0 | ... X46: =JR_IDEES_Industry!W189 -> 0
A47: Basic chemicals (kt ethylene eq.) | B47: kt ethylene eq | C47: =JR_IDEES_Industry!B190 -> 0 | D47: =JR_IDEES_Industry!C190 -> 0 | E47: =JR_IDEES_Industry!D190 -> 0 | F47: =JR_IDEES_Industry!E190 -> 0 | G47: =JR_IDEES_Industry!F190 -> 0 | H47: =JR_IDEES_Industry!G190 -> 0 | I47: =JR_IDEES_Industry!H190 -> 0 | J47: =JR_IDEES_Industry!I190 -> 0 | ... X47: =JR_IDEES_Industry!W190 -> 0
A48: Other chemicals (kt ethylene eq.) | B48: kt ethylene eq | C48: =JR_IDEES_Industry!B191 -> 408.88305 | D48: =JR_IDEES_Industry!C191 -> 424.28764 | E48: =JR_IDEES_Industry!D191 -> 413.71308 | F48: =JR_IDEES_Industry!E191 -> 401.19072 | G48: =JR_IDEES_Industry!F191 -> 387.39935 | H48: =JR_IDEES_Industry!G191 -> 395.73299 | I48: =JR_IDEES_Industry!H191 -> 383.05694 | J48: =JR_IDEES_Industry!I191 -> 356.42602 | ... X48: =JR_IDEES_Industry!W191 -> 579.26097
A49: Pharmaceutical products etc. (kt ethylene eq.) | B49: kt ethylene eq | C49: =JR_IDEES_Industry!B192 -> 65.543364 | D49: =JR_IDEES_Industry!C192 -> 76.908058 | E49: =JR_IDEES_Industry!D192 -> 72.103414 | F49: =JR_IDEES_Industry!E192 -> 80.56258 | G49: =JR_IDEES_Industry!F192 -> 78.939816 | H49: =JR_IDEES_Industry!G192 -> 81.754411 | I49: =JR_IDEES_Industry!H192 -> 78.029799 | J49: =JR_IDEES_Industry!I192 -> 71.869518 | ... X49: =JR_IDEES_Industry!W192 -> 310.20066
A50: Cement (kt) | B50: kt cement | C50: =JR_IDEES_Industry!B193 -> 2009 | D50: =JR_IDEES_Industry!C193 -> 2047 | E50: =JR_IDEES_Industry!D193 -> 2028 | F50: =JR_IDEES_Industry!E193 -> 1953 | G50: =JR_IDEES_Industry!F193 -> 2150 | H50: =JR_IDEES_Industry!G193 -> 2120 | I50: =JR_IDEES_Industry!H193 -> 2937 | J50: =JR_IDEES_Industry!I193 -> 2871 | ... X50: =JR_IDEES_Industry!W193 -> 2509.227
A51: Ceramics & other NMM (kt bricks eq.) | B51: kt bricks eq | C51: =JR_IDEES_Industry!B194 -> 8505.5828 | D51: =JR_IDEES_Industry!C194 -> 6883.4972 | E51: =JR_IDEES_Industry!D194 -> 6824.1536 | F51: =JR_IDEES_Industry!E194 -> 7353.2489 | G51: =JR_IDEES_Industry!F194 -> 7502.4808 | H51: =JR_IDEES_Industry!G194 -> 8539.7485 | I51: =JR_IDEES_Industry!H194 -> 7024.9797 | J51: =JR_IDEES_Industry!I194 -> 8298.4395 | ... X51: =JR_IDEES_Industry!W194 -> 8938.5708
A52: Glass production (kt) | B52: kt glass | C52: =JR_IDEES_Industry!B195 -> 222.989 | D52: =JR_IDEES_Industry!C195 -> 228.911 | E52: =JR_IDEES_Industry!D195 -> 219.112 | F52: =JR_IDEES_Industry!E195 -> 209.802 | G52: =JR_IDEES_Industry!F195 -> 214.687 | H52: =JR_IDEES_Industry!G195 -> 205.519 | I52: =JR_IDEES_Industry!H195 -> 278.813 | J52: =JR_IDEES_Industry!I195 -> 308.153 | ... X52: =JR_IDEES_Industry!W195 -> 182.40795
... A55: Printing and media reproduction (kt paper eq.) | B55: kt paper eq | C55: =JR_IDEES_Industry!B198 -> 74.258824 | D55: =JR_IDEES_Industry!C198 -> 73.705263 | E55: =JR_IDEES_Industry!D198 -> 72.725684 | F55: =JR_IDEES_Industry!E198 -> 73.515789 | G55: =JR_IDEES_Industry!F198 -> 72.046753 | H55: =JR_IDEES_Industry!G198 -> 71.584615 | I55: =JR_IDEES_Industry!H198 -> 74.786462 | J55: =JR_IDEES_Industry!I198 -> 70.559077 | ... X55: =JR_IDEES_Industry!W198 -> 39.98225

Sheet Description
A1: Industry
A35: Transport

Sheet JR_IDEES_Industry
A1: DK: Industry Summary | B1: 2000 | C1: 2001 | D1: 2002 | E1: 2003 | F1: 2004 | G1: 2005 | H1: 2006 | I1: 2007 | J1: 2008 | K1: 2009 | L1: 2010 | M1: 2011 | N1: 2012 | O1: 2013 | P1: 2014 | Q1: 2015 | R1: 2016 | S1: 2017 | T1: 2018 | U1: 2019 | V1: 2020 | W1: 2021
A3: Value added (M€2015) | B3: 50970.222 | C3: 49353.789 | D3: 49168.279 | E3: 48066.404 | F3: 49112.294 | G3: 50617.944 | H3: 53916.623 | I3: 53444.107 | J3: 53742.918 | K3: 44670.09 | L3: 44215.45 | M3: 46777.704 | N3: 47136.96 | O3: 47166.582 | P3: 47087.347 | Q3: 47424.4 | R3: 51159.942 | S3: 53356.015 | T3: 55266.914 | U3: 55551.311 | V3: 51744.582 | W3: 54500.416
A4: Iron and steel | B4: 698.88536 | C4: 633.64162 | D4: 534.35508 | E4: 452.64093 | F4: 464.88257 | G4: 425.55509 | H4: 486.99758 | I4: 555.29281 | J4: 497.03477 | K4: 272.16098 | L4: 249.73776 | M4: 308.41329 | N4: 301.32389 | O4: 308.06896 | P4: 329.13658 | Q4: 403.4 | R4: 398.68663 | S4: 401.98735 | T4: 379.38104 | U4: 439.75654 | V4: 343.68785 | W4: 346.9374
A5: Non-ferrous metals | B5: 0 | C5: 0 | D5: 0 | E5: 0 | F5: 0 | G5: 0 | H5: 0 | I5: 0 | J5: 0 | K5: 0 | L5: 0 | M5: 0 | N5: 0 | O5: 0 | P5: 0 | Q5: 0 | R5: 0 | S5: 0 | T5: 0 | U5: 0 | V5: 0 | W5: 0
A6: Alumina production | B6: 0 | C6: 0 | D6: 0 | E6: 0 | F6: 0 | G6: 0 | H6: 0 | I6: 0 | J6: 0 | K6: 0 | L6: 0 | M6: 0 | N6: 0 | O6: 0 | P6: 0 | Q6: 0 | R6: 0 | S6: 0 | T6: 0 | U6: 0 | V6: 0 | W6: 0
A7: Aluminium production | B7: 0 | C7: 0 | D7: 0 | E7: 0 | F7: 0 | G7: 0 | H7: 0 | I7: 0 | J7: 0 | K7: 0 | L7: 0 | M7: 0 | N7: 0 | O7: 0 | P7: 0 | Q7: 0 | R7: 0 | S7: 0 | T7: 0 | U7: 0 | V7: 0 | W7: 0
A8: Other non-ferrous metals | B8: 0 | C8: 0 | D8: 0 | E8: 0 | F8: 0 | G8: 0 | H8: 0 | I8: 0 | J8: 0 | K8: 0 | L8: 0 | M8: 0 | N8: 0 | O8: 0 | P8: 0 | Q8: 0 | R8: 0 | S8: 0 | T8: 0 | U8: 0 | V8: 0 | W8: 0
A9: Chemical industry | B9: 4809.21 | C9: 5172.0716 | D9: 4619.1656 | E9: 5130.3961 | F9: 5002.4193 | G9: 5148.2848 | H9: 4901.6514 | I9: 4560.1144 | J9: 4916.6648 | K9: 5407.092 | L9: 6583.7739 | M9: 6859.1875 | N9: 8169.7173 | O9: 8587.0652 | P9: 9084.8937 | Q9: 10491.7 | R9: 11430.277 | S9: 12315.208 | T9: 13700.674 | U9: 13795.372 | V9: 14008.478 | W9: 15590.816
A10: Basic chemicals | B10: 0 | C10: 0 | D10: 0 | E10: 0 | F10: 0 | G10: 0 | H10: 0 | I10: 0 | J10: 0 | K10: 0 | L10: 0 | M10: 0 | N10: 0 | O10: 0 | P10: 0 | Q10: 0 | R10: 0 | S10: 0 | T10: 0 | U10: 0 | V10: 0 | W10: 0
A11: Other chemicals | B11: 1679.0063 | C11: 1666.4682 | D11: 1511.2109 | E11: 1554.2153 | F11: 1507.6736 | G11: 1539.1131 | H11: 1482.4657 | I11: 1394.1149 | J11: 1518.2213 | K11: 1624.755 | L11: 1712.987 | M11: 1655.3202 | N11: 1997.7764 | O11: 1921.2486 | P11: 2116.2084 | Q11: 2416.2 | R11: 2534.6998 | S11: 2627.7444 | T11: 2630.0888 | U11: 2744.7406 | V11: 2701.1382 | W11: 2877.532
A12: Pharmaceutical products etc. | B12: 3130.2037 | C12: 3505.6034 | D12: 3107.9547 | E12: 3576.1808 | F12: 3494.7457 | G12: 3609.1718 | H12: 3419.1857 | I12: 3165.9996 | J12: 3398.4435 | K12: 3782.3369 | L12: 4870.7869 | M12: 5203.8673 | N12: 6171.9409 | O12: 6665.8166 | P12: 6968.6853 | Q12: 8075.5 | R12: 8895.5773 | S12: 9687.4632 | T12: 11070.585 | U12: 11050.631 | V12: 11307.34 | W12: 12713.284
A13: Non-metallic mineral products | B13: 1608.2228 | C13: 1353.5506 | D13: 1401.8113 | E13: 1326.1808 | F13: 1290.5547 | G13: 1342.005 | H13: 1453.9933 | I13: 1542.4544 | J13: 1418.5718 | K13: 1049.8889 | L13: 849.97722 | M13: 1032.4773 | N13: 994.15265 | O13: 982.45435 | P13: 1065.6463 | Q13: 1090.1 | R13: 1258.9423 | S13: 1343.6236 | T13: 1383.1885 | U13: 1413.703 | V13: 1412.7522 | W13: 1516.0923
... A26: Other industrial sectors | B26: 21733.518 | C26: 20079.387 | D26: 19934.205 | E26: 20145.378 | F26: 21736.827 | G26: 24189.606 | H26: 26603.83 | I26: 26052.738 | J26: 26922.551 | K26: 20485.533 | L26: 19926.891 | M26: 21629.566 | N26: 21440.322 | O26: 20172.906 | P26: 19652.26 | Q26: 18630.1 | R26: 19983.981 | S26: 20599.348 | T26: 21293.469 | U26: 20286.869 | V26: 18823.749 | W26: 19787.17
A28: Energy consumption (ktoe)
A29: by fuel (EUROSTAT DATA) | B29: 2944.0628 | C29: 3035.1762 | D29: 2855.9062 | E29: 2864.5073 | F29: 2906.2907 | G29: 2873.2322 | H29: 2914.1712 | I29: 2832.359 | J29: 2716.4908 | K29: 2352.5038 | L29: 2446.4947 | M29: 2442.2842 | N29: 2303.3635 | O29: 2179.3844 | P29: 2120.5991 | Q29: 2109.3855 | R29: 2165.6236 | S29: 2284.7654 | T29: 2314.6359 | U29: 2257.7165 | V29: 2304.3745 | W29: 2474.7363
A30: Solids | B30: 265.34574 | C30: 231.66604 | D30: 199.95228 | E30: 204.11522 | F30: 229.13431 | G30: 214.3092 | H30: 220.63869 | I30: 215.84265 | J30: 173.67721 | K30: 94.423216 | L30: 105.52399 | M30: 116.36999 | N30: 87.036543 | O30: 93.662167 | P30: 101.56922 | Q30: 100.15082 | R30: 107.05288 | S30: 120.60456 | T30: 124.94987 | U30: 103.41969 | V30: 116.09304 | W30: 135.98332
A31: Hard coal and others | B31: 265.34574 | C31: 231.66604 | D31: 199.95228 | E31: 204.11522 | F31: 229.13431 | G31: 214.3092 | H31: 220.63869 | I31: 215.84265 | J31: 173.67721 | K31: 94.423216 | L31: 105.52399 | M31: 116.36999 | N31: 87.036543 | O31: 93.662167 | P31: 101.56922 | Q31: 100.15082 | R31: 107.05288 | S31: 120.60456 | T31: 124.94987 | U31: 103.41969 | V31: 116.09304 | W31: 135.98332
A32: Coke | B32: 0 | C32: 0 | D32: 0 | E32: 0 | F32: 0 | G32: 0 | H32: 0 | I32: 0 | J32: 0 | K32: 0 | L32: 0 | M32: 0 | N32: 0 | O32: 0 | P32: 0 | Q32: 0 | R32: 0 | S32: 0 | T32: 0 | U32: 0 | V32: 0 | W32: 0
A33: Liquids | B33: 750.30344 | C33: 796.08452 | D33: 779.36277 | E33: 776.95752 | F33: 803.67721 | G33: 764.48727 | H33: 808.41591 | I33: 746.92863 | J33: 645.73887 | K33: 532.95125 | L33: 547.8957 | M33: 518.13328 | N33: 481.36285 | O33: 409.99794 | P33: 391.165 | Q33: 390.1362 | R33: 423.04394 | S33: 438.65942 | T33: 406.92141 | U33: 425.6485 | V33: 448.61866 | W33: 498.42777
A34: Refinery gas | B34: 0 | C34: 0 | D34: 0 | E34: 0 | F34: 0 | G34: 0 | H34: 0 | I34: 0 | J34: 0 | K34: 0 | L34: 0 | M34: 0 | N34: 0 | O34: 0 | P34: 0 | Q34: 0 | R34: 0 | S34: 0 | T34: 0 | U34: 0 | V34: 0 | W34: 0
A35: LPG | B35: 46.145142 | C35: 40.651677 | D35: 39.552966 | E35: 40.651677 | F35: 40.651677 | G35: 41.750387 | H35: 40.651677 | I35: 32.960791 | J35: 31.862081 | K35: 25.269991 | L35: 28.566036 | M35: 26.368702 | N35: 29.664832 | O35: 25.269991 | P35: 21.973947 | Q35: 23.401032 | R35: 25.606105 | S35: 27.606707 | T35: 27.827687 | U35: 28.418659 | V35: 29.298796 | W35: 33.52313
A36: Diesel oil (without biofuels) | B36: 343.69682 | C36: 390.61109 | D36: 366.13405 | E36: 381.43224 | F36: 395.7104 | G36: 386.53138 | H36: 362.05451 | I36: 344.71677 | J36: 326.3589 | K36: 273.32562 | L36: 276.38521 | M36: 244.76922 | N36: 211.11341 | O36: 191.73577 | P36: 164.19931 | Q36: 167.32941 | R36: 172.02287 | S36: 175.09759 | T36: 189.99811 | U36: 179.62889 | V36: 192.36414 | W36: 273.18392
A37: Fuel oil | B37: 196.12347 | C37: 175.73457 | D37: 187.38547 | E37: 164.08349 | F37: 166.02537 | G37: 144.66543 | H37: 202.91995 | I37: 151.46182 | J37: 124.47687 | K37: 94.563887 | L37: 119.65219 | M37: 90.704127 | N37: 80.089682 | O37: 48.246776 | P37: 48.246776 | Q37: 41.747034 | R37: 44.274205 | S37: 46.415477 | T37: 22.842476 | U37: 31.696217 | V37: 37.590714 | W37: 26.482545
A38: Other liquids | B38: 164.33801 | C38: 189.08719 | D38: 186.29028 | E38: 190.79011 | F38: 201.28977 | G38: 191.54007 | H38: 202.78977 | I38: 217.78925 | J38: 163.04101 | K38: 139.79175 | L38: 123.29226 | M38: 156.29123 | N38: 160.49493 | O38: 144.7454 | P38: 156.74497 | Q38: 157.65873 | R38: 181.14076 | S38: 189.53964 | T38: 166.25314 | U38: 185.90473 | V38: 189.365 | W38: 165.23818
A39: Gases | B39: 777.92141 | C39: 837.27653 | D39: 746.93586 | E39: 748.14746 | F39: 714.12124 | G39: 714.47455 | H39: 714.6331 | I39: 716.14359 | J39: 722.92261 | K39: 661.72064 | L39: 713.13981 | M39: 713.63801 | N39: 683.32803 | O39: 676.32537 | P39: 683.39725 | Q39: 657.95959 | R39: 642.56457 | S39: 687.72614 | T39: 716.10653 | U39: 676.89484 | V39: 666.15133 | W39: 726.62408
A40: Natural gas | B40: 777.92141 | C40: 837.27653 | D40: 746.93586 | E40: 748.14746 | F40: 714.12124 | G40: 714.47455 | H40: 714.6331 | I40: 716.14359 | J40: 722.92261 | K40: 661.72064 | L40: 713.13981 | M40: 713.63801 | N40: 683.32803 | O40: 676.32537 | P40: 683.39725 | Q40: 657.95959 | R40: 642.56457 | S40: 687.72614 | T40: 716.10653 | U40: 676.89484 | V40: 666.15133 | W40: 726.62408
... A78: Other industrial sectors | B78: 511.20068 | C78: 541.13359 | D78: 521.89274 | E78: 547.61699 | F78: 554.84431 | G78: 549.06772 | H78: 526.69765 | I78: 498.36541 | J78: 474.28883 | K78: 401.41842 | L78: 412.19944 | M78: 409.10481 | N78: 364.74776 | O78: 347.84043 | P78: 327.60834 | Q78: 347.16012 | R78: 335.49518 | S78: 355.88207 | T78: 349.74562 | U78: 338.70544 | V78: 363.37253 | W78: 422.67339
A80: Non-energy use (ktoe)
A81: by fuel (EUROSTAT DATA) | B81: 251.93224 | C81: 217.21831 | D81: 216.95322 | E81: 229.03414 | F81: 258.50301 | G81: 240.02107 | H81: 248.34248 | I81: 260.82459 | J81: 219.9485 | K81: 211.48134 | L81: 223.83921 | M81: 254.1583 | N81: 233.24497 | O81: 237.22416 | P81: 211.381 | Q81: 210.13293 | R81: 209.23224 | S81: 205.84678 | T81: 203.89226 | U81: 161.13835 | V81: 184.75047 | W81: 181.62674
A82: Solids | B82: 0 | C82: 0 | D82: 0 | E82: 0 | F82: 0 | G82: 0 | H82: 0 | I82: 0 | J82: 0 | K82: 0 | L82: 0 | M82: 0 | N82: 0 | O82: 0 | P82: 0 | Q82: 0 | R82: 0 | S82: 0 | T82: 0 | U82: 0 | V82: 0 | W82: 0
A83: Liquids | B83: 251.93224 | C83: 217.21831 | D83: 216.95322 | E83: 229.03414 | F83: 258.50301 | G83: 240.02107 | H83: 248.34248 | I83: 260.82459 | J83: 219.9485 | K83: 211.48134 | L83: 223.83921 | M83: 254.1583 | N83: 233.24497 | O83: 237.22416 | P83: 211.381 | Q83: 210.13293 | R83: 209.23224 | S83: 205.84678 | T83: 203.89226 | U83: 161.13835 | V83: 184.75047 | W83: 181.62674
A84: Refinery gas | B84: 0 | C84: 0 | D84: 0 | E84: 0 | F84: 0 | G84: 0 | H84: 0 | I84: 0 | J84: 0 | K84: 0 | L84: 0 | M84: 0 | N84: 0 | O84: 0 | P84: 0 | Q84: 0 | R84: 0 | S84: 0 | T84: 0 | U84: 0 | V84: 0 | W84: 0
A85: LPG | B85: 0 | C85: 0 | D85: 0 | E85: 0 | F85: 0 | G85: 0 | H85: 0 | I85: 0 | J85: 0 | K85: 0 | L85: 0 | M85: 0 | N85: 0 | O85: 0 | P85: 0 | Q85: 0 | R85: 0 | S85: 0 | T85: 0 | U85: 0 | V85: 0 | W85: 0
A86: Diesel oil | B86: 0 | C86: 0 | D86: 0 | E86: 0 | F86: 0 | G86: 0 | H86: 0 | I86: 0 | J86: 0 | K86: 0 | L86: 0 | M86: 0 | N86: 0 | O86: 0 | P86: 0 | Q86: 0 | R86: 0 | S86: 0 | T86: 0 | U86: 0 | V86: 0 | W86: 0
A87: Fuel oil | B87: 0 | C87: 0 | D87: 0 | E87: 0 | F87: 0 | G87: 0 | H87: 0 | I87: 0 | J87: 0 | K87: 0 | L87: 0 | M87: 0 | N87: 0 | O87: 0 | P87: 0 | Q87: 0 | R87: 0 | S87: 0 | T87: 0 | U87: 0 | V87: 0 | W87: 0
A88: Other liquids | B88: 251.93224 | C88: 217.21831 | D88: 216.95322 | E88: 229.03414 | F88: 258.50301 | G88: 240.02107 | H88: 243.02812 | I88: 260.82459 | J88: 219.9485 | K88: 211.48134 | L88: 223.83921 | M88: 254.1583 | N88: 233.24497 | O88: 237.22416 | P88: 211.381 | Q88: 210.13293 | R88: 209.23224 | S88: 205.84678 | T88: 203.89226 | U88: 161.13835 | V88: 184.75047 | W88: 181.62674
A89: Naphtha | B89: 0 | C89: 0 | D89: 0 | E89: 0 | F89: 0 | G89: 0 | H89: 5.3143594 | I89: 0 | J89: 0 | K89: 0 | L89: 0 | M89: 0 | N89: 0 | O89: 0 | P89: 0 | Q89: 0 | R89: 0 | S89: 0 | T89: 0 | U89: 0 | V89: 0 | W89: 0
A90: Gas | B90: 0 | C90: 0 | D90: 0 | E90: 0 | F90: 0 | G90: 0 | H90: 0 | I90: 0 | J90: 0 | K90: 0 | L90: 0 | M90: 0 | N90: 0 | O90: 0 | P90: 0 | Q90: 0 | R90: 0 | S90: 0 | T90: 0 | U90: 0 | V90: 0 | W90: 0
A91: Natural gas | B91: 0 | C91: 0 | D91: 0 | E91: 0 | F91: 0 | G91: 0 | H91: 0 | I91: 0 | J91: 0 | K91: 0 | L91: 0 | M91: 0 | N91: 0 | O91: 0 | P91: 0 | Q91: 0 | R91: 0 | S91: 0 | T91: 0 | U91: 0 | V91: 0 | W91: 0
A92: Derived gases | B92: 0 | C92: 0 | D92: 0 | E92: 0 | F92: 0 | G92: 0 | H92: 0 | I92: 0 | J92: 0 | K92: 0 | L92: 0 | M92: 0 | N92: 0 | O92: 0 | P92: 0 | Q92: 0 | R92: 0 | S92: 0 | T92: 0 | U92: 0 | V92: 0 | W92: 0
... A129: Iron and steel | B129: 225.43239 | C129: 257.04939 | D129: 206.86778 | E129: 233.02651 | F129: 226.45828 | G129: 250.2649 | H129: 217.81673 | I129: 187.98642 | J129: 192.2495 | K129: 186.58446 | L129: 216.94505 | M129: 202.19786 | N129: 264.52289 | O129: 261.96614 | P129: 261.83241 | Q129: 207.21121 | R129: 219.05031 | S129: 228.34183 | T129: 256.23554 | U129: 206.28303 | V129: 252.81031 | W129: 260.2507
A130: Non-ferrous metals
A131: Alumina production
A132: Aluminium production
A133: Other non-ferrous metals
A134: Chemical industry | B134: 56.675675 | C134: 56.067976 | D134: 60.940864 | E134: 52.610493 | F134: 50.733944 | G134: 50.186153 | H134: 49.561887 | I134: 48.264547 | J134: 50.085957 | K134: 45.29197 | L134: 39.64156 | M134: 39.614 | N134: 35.139468 | O134: 31.812272 | P134: 29.082433 | Q134: 24.744516 | R134: 24.397739 | S134: 23.27463 | T134: 18.893862 | U134: 18.671614 | V134: 19.177883 | W134: 20.022382
A135: Basic chemicals
A136: Other chemicals | B136: 129.05138 | C136: 136.45505 | D136: 149.55294 | E136: 132.58329 | F136: 126.94838 | G136: 126.00367 | H136: 122.69317 | I136: 117.32578 | J136: 122.23483 | K136: 109.16563 | L136: 101.59288 | M136: 114.3651 | N136: 105.94139 | O136: 103.75525 | P136: 92.344782 | Q136: 79.129313 | R136: 79.841 | S136: 80.32751 | T136: 69.679741 | U136: 65.522511 | V136: 68.545192 | W136: 75.856563
A137: Pharmaceutical products etc. | B137: 17.854156 | C137: 17.854156 | D137: 17.854156 | E137: 17.854156 | F137: 17.854156 | G137: 17.854156 | H137: 17.854156 | I137: 17.854156 | J137: 17.854156 | K137: 17.854156 | L137: 17.854156 | M137: 15.836107 | N137: 12.221813 | O137: 11.076577 | P137: 9.8713034 | Q137: 8.4725151 | R137: 8.5997737 | S137: 7.7989183 | T137: 6.8284312 | U137: 7.0348526 | V137: 7.3848417 | W137: 7.3848417
A138: Non-metallic mineral products | B138: 383.26478 | C138: 449.39377 | D138: 412.31545 | E138: 458.222 | F138: 497.21335 | G138: 466.92577 | H138: 456.09006 | I138: 445.03087 | J138: 363.67648 | K138: 390.69245 | L138: 473.38971 | M138: 446.44662 | N138: 479.26534 | O138: 455.11628 | P138: 420.16156 | Q138: 411.75775 | R138: 403.89046 | S138: 412.05363 | T138: 419.73807 | U138: 399.93492 | V138: 419.88332 | W138: 395.26837
A139: Cement | B139: 283.94531 | C139: 338.30711 | D139: 310.84201 | E139: 341.37107 | F139: 374.65939 | G139: 342.84397 | H139: 332.51941 | I139: 323.99838 | J139: 285.43941 | K139: 266.78577 | L139: 323.6801 | M139: 300.41957 | N139: 303.48431 | O139: 315.39194 | P139: 301.37251 | Q139: 289.94366 | R139: 280.88506 | S139: 255.2991 | T139: 230.25139 | U139: 226.67464 | V139: 231.3936 | W139: 219.8587
A140: Ceramics & other NMM | B140: 471.19929 | C140: 575.33043 | D140: 528.62284 | E140: 580.54104 | F140: 637.15169 | G140: 588.26742 | H140: 644.28785 | I140: 603.91665 | J140: 532.04468 | K140: 599.79936 | L140: 719.70653 | M140: 676.6933 | N140: 762.07057 | O140: 676.0843 | P140: 617.16978 | Q140: 625.88483 | R140: 626.799 | S140: 722.22984 | T140: 803.75286 | U140: 758.01826 | V140: 805.33102 | W140: 737.24542
A141: Glass production | B141: 269.17025 | C141: 312.86827 | D141: 276.71661 | E141: 286.89097 | F141: 295.64304 | G141: 265.73154 | H141: 311.49731 | I141: 293.17988 | J141: 255.86013 | K141: 223.84075 | L141: 271.31565 | M141: 277.95179 | N141: 353.12341 | O141: 367.0698 | P141: 331.50938 | Q141: 322.05168 | R141: 313.47731 | S141: 282.66165 | T141: 297.1473 | U141: 293.64453 | V141: 253.93413 | W141: 240.11527
A142: Pulp, paper and printing | B142: 64.175564 | C142: 74.915716 | D142: 75.150786 | E142: 82.984997 | F142: 89.381823 | G142: 90.272897 | H142: 92.704982 | I142: 91.354424 | J142: 109.68007 | K142: 126.2601 | L142: 153.31546 | M142: 148.84004 | N142: 119.19575 | O142: 116.35613 | P142: 92.85282 | Q142: 95.563575 | R142: 74.757289 | S142: 76.413538 | T142: 92.860379 | U142: 82.991533 | V142: 86.271475 | W142: 80.835809
A143: Pulp production | J143: 4318.2074 | K143: 4484.1658 | L143: 5134.4576 | M143: 4822.7135 | N143: 3641.3579 | O143: 3678.5221 | P143: 2937.8814 | Q143: 2715.8106 | R143: 2208.0776 | S143: 2233.0066 | T143: 2694.8202 | U143: 2229.1077 | V143: 2071.6177 | W143: 1845.0716
A144: Paper production | B144: 151.15136 | C144: 163.52417 | D144: 159.83768 | E144: 176.69788 | F144: 198.49116 | G144: 206.78551 | H144: 212.78763 | I144: 204.71884 | J144: 262.18228 | K144: 272.26569 | L144: 308.96439 | M144: 292.5883 | N144: 218.43711 | O144: 225.95563 | P144: 178.92709 | Q144: 164.06823 | R144: 129.71597 | S144: 133.64847 | T144: 164.51106 | U144: 136.2681 | V144: 127.75472 | W144: 113.78384
A145: Printing and media reproduction | B145: 11.233775 | C145: 13.776532 | D145: 14.074923 | E145: 15.529657 | F145: 16.245279 | G145: 16.07808 | H145: 16.489978 | I145: 16.503987 | J145: 18.670992 | K145: 22.897225 | L145: 28.919975 | M145: 28.887324 | N145: 23.961491 | O145: 18.566529 | P145: 15.991143 | Q145: 19.632346 | R145: 18.426807 | S145: 16.28001 | T145: 16.92445 | U145: 15.928442 | V145: 17.201147 | W145: 17.448321
A146: Food, beverages and tobacco | B146: 132.2079 | C146: 133.19704 | D146: 120.50011 | E146: 120.24752 | F146: 123.84207 | G146: 131.51222 | H146: 148.25719 | I146: 143.48504 | J146: 159.59118 | K146: 140.94174 | L146: 164.92085 | M146: 168.30475 | N146: 168.20807 | O146: 154.53663 | P146: 157.84445 | Q146: 145.04639 | R146: 141.77033 | S146: 160.7005 | T146: 157.67659 | U146: 151.9772 | V146: 157.91825 | W146: 157.62578
A147: Transport equipment | B147: 39.009671 | C147: 41.441315 | D147: 41.726985 | E147: 41.669666 | F147: 50.692362 | G147: 50.724596 | H147: 53.586982 | I147: 68.812558 | J147: 52.260489 | K147: 73.069686 | L147: 63.806897 | M147: 43.534409 | N147: 31.247733 | O147: 44.508491 | P147: 37.061676 | Q147: 28.267775 | R147: 22.548717 | S147: 23.370204 | T147: 27.881782 | U147: 24.589383 | V147: 27.079444 | W147: 31.64324
A148: Machinery equipment | B148: 25.887823 | C148: 26.686049 | D148: 25.167503 | E148: 29.115802 | F148: 29.556208 | G148: 30.374923 | H148: 28.019451 | I148: 26.726426 | J148: 28.559198 | K148: 30.527177 | L148: 32.513727 | M148: 27.931268 | N148: 26.423232 | O148: 22.280096 | P148: 21.010649 | Q148: 20.650126 | R148: 17.209382 | S148: 16.559216 | T148: 17.661431 | U148: 15.60301 | V148: 19.045295 | W148: 20.925672
A149: Textiles and leather | B149: 60.297025 | C149: 69.613939 | D149: 72.483572 | E149: 74.466447 | F149: 81.786717 | G149: 69.745606 | H149: 63.680691 | I149: 56.532143 | J149: 63.450509 | K149: 71.117643 | L149: 82.817277 | M149: 74.704256 | N149: 63.989193 | O149: 53.548399 | P149: 46.679474 | Q149: 42.478817 | R149: 42.912566 | S149: 41.962956 | T149: 34.68418 | U149: 35.924298 | V149: 40.196584 | W149: 45.180849
A150: Wood and wood products | B150: 132.14129 | C150: 131.88808 | D150: 112.40039 | E150: 97.613625 | F150: 95.928614 | G150: 95.582838 | H150: 101.29747 | I150: 112.11556 | J150: 129.15888 | K150: 148.62834 | L150: 159.86146 | M150: 150.76185 | N150: 123.32406 | O150: 112.29752 | P150: 93.939919 | Q150: 103.50008 | R150: 124.7239 | S150: 132.92916 | T150: 149.09313 | U150: 134.98738 | V150: 97.038271 | W150: 96.544837
A151: Other industrial sectors | B151: 23.521304 | C151: 26.949706 | D151: 26.180764 | E151: 27.183257 | F151: 25.525543 | G151: 22.698498 | H151: 19.797813 | I151: 19.129099 | J151: 17.616786 | K151: 19.595215 | L151: 20.685587 | M151: 18.914148 | N151: 17.012233 | O151: 17.242951 | P151: 16.670263 | Q151: 18.634367 | R151: 16.788205 | S151: 17.276376 | T151: 16.425019 | U151: 16.695797 | V151: 19.30394 | W151: 21.360982
A153: Emission intensity (kt of CO2 / ktoe) | B153: 2.4625423 | C153: 2.4477157 | D153: 2.4692805 | E153: 2.4253965 | F153: 2.4746225 | G153: 2.416955 | H153: 2.4471839 | I153: 2.453377 | J153: 2.2635472 | K153: 2.0622835 | L153: 2.0407853 | M153: 2.1121321 | N153: 2.1045115 | O153: 2.1237395 | P153: 2.1910643 | Q153: 2.1834995 | R153: 2.2642165 | S153: 2.3010511 | T153: 2.2471976 | U153: 2.2369194 | V153: 2.2809782 | W153: 2.263524
A154: Iron and steel | B154: 1.211785 | C154: 1.2754078 | D154: 0.97990712 | E154: 1.2212501 | F154: 1.1900141 | G154: 1.2308043 | H154: 1.2034072 | I154: 1.3616882 | J154: 1.3301218 | K154: 1.3021247 | L154: 1.3192315 | M154: 1.2901552 | N154: 1.1320795 | O154: 1.1818859 | P154: 1.1890194 | Q154: 1.1791975 | R154: 1.2143171 | S154: 1.2502554 | T154: 1.2271266 | U154: 1.2512327 | V154: 1.259172 | W154: 1.2523371
A155: Integrated steelworks
A156: Electric arc | B156: 1.211785 | C156: 1.2754078 | D156: 0.97990712 | E156: 1.2212501 | F156: 1.1900141 | G156: 1.2308043 | H156: 1.2034072 | I156: 1.3616882 | J156: 1.3301218 | K156: 1.3021247 | L156: 1.3192315 | M156: 1.2901552 | N156: 1.1320795 | O156: 1.1818859 | P156: 1.1890194 | Q156: 1.1791975 | R156: 1.2143171 | S156: 1.2502554 | T156: 1.2271266 | U156: 1.2512327 | V156: 1.259172 | W156: 1.2523371
A157: Non-ferrous metals
A158: Alumina production
A159: Aluminium production
A160: Aluminium - primary production
A161: Aluminium - secondary production
A162: Other non-ferrous metals
A163: Chemical industry | B163: 1.3411329 | C163: 1.3609145 | D163: 1.2879633 | E163: 1.3392926 | F163: 1.3094784 | G163: 1.2023008 | H163: 1.1511064 | I163: 1.0800673 | J163: 1.1571451 | K163: 1.1892801 | L163: 1.2554936 | M163: 1.3056812 | N163: 1.2405944 | O163: 1.256629 | P163: 1.3008777 | Q163: 1.2721128 | R163: 1.1019415 | S163: 1.0719671 | T163: 1.0173861 | U163: 1.0197898 | V163: 0.98268757 | W163: 1.1187587
A164: Basic chemicals (kt of CO2 / ktoe energy)
A165: Other chemicals | B165: 1.4283215 | C165: 1.4512253 | D165: 1.3697342 | E165: 1.4368185 | F165: 1.4155736 | G165: 1.3076065 | H165: 1.2540494 | I165: 1.1801131 | J165: 1.2545123 | K165: 1.2946085 | L165: 1.3163087 | M165: 1.3604469 | N165: 1.3005079 | O165: 1.3436606 | P165: 1.4125738 | Q165: 1.4001079 | R165: 1.1879491 | S165: 1.1546913 | T165: 1.1029874 | U165: 1.1002585 | V165: 1.0524965 | W165: 1.186853
A166: Pharmaceutical products etc. | B166: 1.0030969 | C166: 1.0328011 | D166: 0.95491675 | E166: 1.024546 | F166: 0.98403505 | G166: 0.88537428 | H166: 0.84438803 | I166: 0.79057274 | J166: 0.85934603 | K166: 0.91263706 | L166: 1.1337938 | M166: 1.1798729 | N166: 1.0724897 | O166: 1.0216595 | P166: 0.98356793 | Q166: 0.91444314 | R166: 0.87441709 | S166: 0.8408482 | T166: 0.80986327 | U166: 0.83363386 | V166: 0.82790111 | W166: 0.9604427
A167: Non-metallic mineral products | B167: 5.6084046 | C167: 5.6257225 | D167: 5.806963 | E167: 5.4724604 | F167: 5.5517476 | G167: 5.4281887 | H167: 5.4264608 | I167: 5.3512609 | J167: 5.4302905 | K167: 4.8913217 | L167: 4.7026576 | M167: 4.9310099 | N167: 4.7723365 | O167: 4.8935041 | P167: 5.0181476 | Q167: 5.0636616 | R167: 5.1629489 | S167: 5.1332202 | T167: 4.8696975 | U167: 4.8804134 | V167: 4.9397454 | W167: 4.8866137
A168: Cement | B168: 11.807307 | C168: 10.855321 | D168: 11.474348 | E168: 10.972151 | F168: 10.7772 | G168: 11.160684 | H168: 9.3200584 | I168: 9.7501346 | J168: 8.656545 | K168: 8.9281946 | L168: 8.4998541 | M168: 9.0885931 | N168: 8.9177394 | O168: 8.8231257 | P168: 8.8206707 | Q168: 8.7276074 | R168: 8.8449245 | S168: 9.2126755 | T168: 9.1844266 | U168: 8.8276983 | V168: 9.3051562 | W168: 9.2006523
A169: Ceramics & other NMM | B169: 3.2912999 | C169: 3.2809574 | D169: 3.2410659 | E169: 3.201588 | F169: 3.2059313 | G169: 3.1810716 | H169: 3.3034984 | I169: 3.2641791 | J169: 3.1766146 | K169: 2.9739644 | L169: 2.9875215 | M169: 2.98703 | N169: 2.8355055 | O169: 2.8794399 | P169: 2.9594881 | Q169: 2.8806568 | R169: 2.9109747 | S169: 2.8976713 | T169: 2.8239336 | U169: 2.820099 | V169: 2.7750215 | W169: 2.7640192
A170: Glass production | B170: 2.8347449 | C170: 2.7563429 | D170: 2.7090449 | E170: 2.7719721 | F170: 2.8202544 | G170: 2.8237793 | H170: 2.6892186 | I170: 2.7258744 | J170: 2.5812859 | K170: 2.3993147 | L170: 2.4100652 | M170: 2.4226182 | N170: 2.252255 | O170: 2.1656381 | P170: 2.2059003 | Q170: 2.2478956 | R170: 2.2698501 | S170: 2.3439903 | T170: 2.4145327 | U170: 2.4128754 | V170: 2.4791621 | W170: 2.5429117
A171: Pulp, paper and printing | B171: 1.2195022 | C171: 1.2608843 | D171: 1.1983536 | E171: 1.2146721 | F171: 1.1906875 | G171: 1.2796263 | H171: 1.2556848 | I171: 1.1777883 | J171: 0.85806521 | K171: 0.76922617 | L171: 0.81828645 | M171: 0.79319794 | N171: 1.0052136 | O171: 1.0227219 | P171: 1.1721412 | Q171: 1.2013098 | R171: 1.1005682 | S171: 1.0601511 | T171: 1.0483015 | U171: 0.99036478 | V171: 0.86478317 | W171: 0.80920256
A172: Pulp production | J172: 0.61106709 | K172: 0.59871472 | L172: 0.65722326 | M172: 0.62895037 | N172: 0.83158457 | O172: 0.69403114 | P172: 0.79535932 | Q172: 0.79173171 | R172: 0.69120575 | S172: 0.68701641 | T172: 0.66695533 | U172: 0.62196773 | V172: 0.54384543 | W172: 0.48877138
A173: Paper production | B173: 1.3618234 | C173: 1.4066547 | D173: 1.3384914 | E173: 1.3557349 | F173: 1.3299651 | G173: 1.426847 | H173: 1.4017762 | I173: 1.3175105 | J173: 0.96554424 | K173: 0.85539509 | L173: 0.90914977 | M173: 0.87929566 | N173: 1.1190819 | O173: 1.1297215 | P173: 1.3035693 | Q173: 1.3517806 | R173: 1.2879739 | S173: 1.2111479 | T173: 1.1752877 | U173: 1.1076262 | V173: 0.95712903 | W173: 0.89714549
A174: Printing and media reproduction | B174: 0.053884682 | C174: 0.067017354 | D174: 0.05061787 | E174: 0.05936039 | F174: 0.049997815 | G174: 0.073881434 | H174: 0.059188569 | I174: 0.033456655 | J174: 0.077485112 | K174: 0.13550971 | L174: 0.16887011 | M174: 0.15546679 | N174: 0.21472729 | O174: 0.062823699 | P174: 0.064181489 | Q174: 0.049195808 | R174: 0.025158922 | S174: 0.035618555 | T174: 0.034498223 | U174: 0.02909592 | V174: 0.026765756 | W174: 0.018718209
A175: Food, beverages and tobacco | B175: 1.9074468 | C175: 1.9217188 | D175: 1.8709396 | E175: 1.8159173 | F175: 1.8224075 | G175: 1.7724501 | H175: 1.8430373 | I175: 1.7724661 | J175: 1.8033407 | K175: 1.7023432 | L175: 1.7590795 | M175: 1.6800031 | N175: 1.57579 | O175: 1.5410988 | P175: 1.568158 | Q175: 1.5344211 | R175: 1.4897196 | S175: 1.5646128 | T175: 1.5067291 | U175: 1.4587102 | V175: 1.4378202 | W175: 1.4636096
A176: Transport equipment | B176: 1.0738773 | C176: 1.2269611 | D176: 1.1289 | E176: 1.2976559 | F176: 1.270504 | G176: 1.2705504 | H176: 1.1509884 | I176: 1.1217301 | J176: 0.97482761 | K176: 0.98860611 | L176: 1.0344618 | M176: 0.9262815 | N176: 0.80146014 | O176: 0.63720052 | P176: 0.96736255 | Q176: 0.95625234 | R176: 0.86253519 | S176: 0.88847641 | T176: 0.82795658 | U176: 0.79155597 | V176: 0.72102052 | W176: 0.88126583
A177: Machinery equipment | B177: 1.2159534 | C177: 1.2259733 | D177: 1.1617495 | E177: 1.2098291 | F177: 1.2028498 | G177: 1.0847305 | H177: 1.0858191 | I177: 1.0848203 | J177: 1.2258663 | K177: 1.1683443 | L177: 1.2051061 | M177: 1.0645745 | N177: 1.0274609 | O177: 0.92015131 | P177: 0.75525317 | Q177: 0.78544561 | R177: 0.79418999 | S177: 0.80917251 | T177: 0.78905324 | U177: 0.77411297 | V177: 0.72811776 | W177: 0.79640794
A178: Textiles and leather | B178: 1.4631894 | C178: 1.4907664 | D178: 1.437277 | E178: 1.375146 | F178: 1.3452346 | G178: 1.1618698 | H178: 1.1542841 | I178: 0.98969823 | J178: 0.9803137 | K178: 0.95854303 | L178: 1.003429 | M178: 0.92682518 | N178: 0.80640306 | O178: 0.73644057 | P178: 0.76016543 | Q178: 0.78108269 | R178: 0.72321866 | S178: 0.75862613 | T178: 0.72896577 | U178: 0.73282281 | V178: 0.71831994 | W178: 0.86743182
A179: Wood and wood products | B179: 0.5061023 | C179: 0.46956771 | D179: 0.54301373 | E179: 0.60724808 | F179: 0.63980926 | G179: 0.50269454 | H179: 0.55302252 | I179: 0.40578435 | J179: 0.45942512 | K179: 0.4331098 | L179: 0.48955385 | M179: 0.35223993 | N179: 0.24055476 | O179: 0.20403377 | P179: 0.27215757 | Q179: 0.23472907 | R179: 0.19463377 | S179: 0.1776 | T179: 0.18597188 | U179: 0.17963558 | V179: 0.22681122 | W179: 0.28155525
A180: Other industrial sectors | B180: 1.8281366 | C180: 1.8687168 | D180: 1.8461862 | E180: 1.7218235 | F180: 1.7233825 | G180: 1.7374729 | H180: 1.696323 | I180: 1.6939224 | J180: 1.6471739 | K180: 1.6109295 | L180: 1.6097442 | M180: 1.5628664 | N180: 1.4861991 | O180: 1.5350911 | P180: 1.5868632 | Q180: 1.5190849 | R180: 1.6313885 | S180: 1.6240302 | T180: 1.7197301 | U180: 1.7151422 | V180: 1.7351781 | W180: 1.8326017
A182: Physical output | B182: =SUM(B183:B184) -> 801 | C182: =SUM(C183:C184) -> 751 | D182: =SUM(D183:D184) -> 392 | E182: =SUM(E183:E184) -> 310 | F182: =SUM(F183:F184) -> 310 | G182: =SUM(G183:G184) -> 400 | H182: =SUM(H183:H184) -> 405 | I182: =SUM(I183:I184) -> 492.75841 | ... W182: =SUM(W183:W184) -> 524.10042
A183: Integrated steelworks (kt steel) | B183: 0 | C183: 0 | D183: 0 | E183: 0 | F183: 0 | G183: 0 | H183: 0 | I183: 0 | J183: 0 | K183: 0 | L183: 0 | M183: 0 | N183: 0 | O183: 0 | P183: 0 | Q183: 0 | R183: 0 | S183: 0 | T183: 0 | U183: 0 | V183: 0 | W183: 0 | DA183: OUTPUT.kt.DK.ISI.BF_BOF
A184: Electric arc (kt steel) | B184: 801 | C184: 751 | D184: 392 | E184: 310 | F184: 310 | G184: 400 | H184: 405 | I184: 492.75841 | J184: 473.15706 | K184: 250.70324 | L184: 316.07206 | M184: 372.08279 | N184: 368.05519 | O184: 384.07359 | P184: 392.07512 | Q184: 460.08816 | R184: 492.09429 | S184: 472.09045 | T184: 524.10042 | U184: 504.10042 | V184: 484.10042 | W184: 524.10042 | DA184: OUTPUT.kt.DK.ISI.EAF
A185: Alumina production (kt) | B185: 0 | C185: 0 | D185: 0 | E185: 0 | F185: 0 | G185: 0 | H185: 0 | I185: 0 | J185: 0 | K185: 0 | L185: 0 | M185: 0 | N185: 0 | O185: 0 | P185: 0 | Q185: 0 | R185: 0 | S185: 0 | T185: 0 | U185: 0 | V185: 0 | W185: 0 | DA185: OUTPUT.kt.DK.NFM.ALUMINA
A186: Aluminium production (kt) | B186: 0 | C186: 0 | D186: 0 | E186: 0 | F186: 0 | G186: 0 | H186: 0 | I186: 0 | J186: 0 | K186: 0 | L186: 0 | M186: 0 | N186: 0 | O186: 0 | P186: 0 | Q186: 0 | R186: 0 | S186: 0 | T186: 0 | U186: 0 | V186: 0 | W186: 0
A187: Aluminium - primary production | B187: 0 | C187: 0 | D187: 0 | E187: 0 | F187: 0 | G187: 0 | H187: 0 | I187: 0 | J187: 0 | K187: 0 | L187: 0 | M187: 0 | N187: 0 | O187: 0 | P187: 0 | Q187: 0 | R187: 0 | S187: 0 | T187: 0 | U187: 0 | V187: 0 | W187: 0 | DA187: OUTPUT.kt.DK.NFM.PRIM_ALU
A188: Aluminium - secondary production | B188: 0 | C188: 0 | D188: 0 | E188: 0 | F188: 0 | G188: 0 | H188: 0 | I188: 0 | J188: 0 | K188: 0 | L188: 0 | M188: 0 | N188: 0 | O188: 0 | P188: 0 | Q188: 0 | R188: 0 | S188: 0 | T188: 0 | U188: 0 | V188: 0 | W188: 0 | DA188: OUTPUT.kt.DK.NFM.SEC_ALU
A189: Other non-ferrous metals (kt lead eq.) | B189: 0 | C189: 0 | D189: 0 | E189: 0 | F189: 0 | G189: 0 | H189: 0 | I189: 0 | J189: 0 | K189: 0 | L189: 0 | M189: 0 | N189: 0 | O189: 0 | P189: 0 | Q189: 0 | R189: 0 | S189: 0 | T189: 0 | U189: 0 | V189: 0 | W189: 0 | DA189: OUTPUT.kt.DK.NFM.OTHER_NFM
A190: Basic chemicals (kt ethylene eq.) | B190: 0 | C190: 0 | D190: 0 | E190: 0 | F190: 0 | G190: 0 | H190: 0 | I190: 0 | J190: 0 | K190: 0 | L190: 0 | M190: 0 | N190: 0 | O190: 0 | P190: 0 | Q190: 0 | R190: 0 | S190: 0 | T190: 0 | U190: 0 | V190: 0 | W190: 0 | DA190: OUTPUT.kt.DK.CHI.BASIC_CHEM
...

Sheet JR_IDEES_Transport
A1: Transport overview - DK - Denmark | B1: 2000 | C1: 2001 | D1: 2002 | E1: 2003 | F1: 2004 | G1: 2005 | H1: 2006 | I1: 2007 | J1: 2008 | K1: 2009 | L1: 2010 | M1: 2011 | N1: 2012 | O1: 2013 | P1: 2014 | Q1: 2015 | R1: 2016 | S1: 2017 | T1: 2018 | U1: 2019 | V1: 2020 | W1: 2021 | DA1: Code
A3: Transport activity
A4: Passenger transport (mio pkm) | B4: =B5+B9+B13 -> 80919.582 | C4: =C5+C9+C13 -> 80579.964 | D4: =D5+D9+D13 -> 80402.728 | E4: =E5+E9+E13 -> 80277.971 | F4: =F5+F9+F13 -> 82886.695 | G4: =G5+G9+G13 -> 83444.355 | H4: =H5+H9+H13 -> 84016.094 | I4: =I5+I9+I13 -> 85003.083 | ... W4: =W5+W9+W13 -> 77844.912 | DA4: Activity.Mpkm.DK.Tr
A5: Road transport | B5: =B6+B7+B8 -> 58651.063 | C5: =C6+C7+C8 -> 57538.674 | D5: =D6+D7+D8 -> 57358.878 | E5: =E6+E7+E8 -> 57583.216 | F5: =F6+F7+F8 -> 58472.646 | G5: =G6+G7+G8 -> 57558.85 | H5: =H6+H7+H8 -> 57367.744 | I5: =I6+I7+I8 -> 58290.09 | ... W5: =W6+W7+W8 -> 64357.249 | DA5: Activity.Mpkm.DK.Tr.Road.Passenger
A6: =[1]TrRoad_act!$A$5 -> Powered two-wheelers | B6: =[1]TrRoad_act!B$5 -> 618.06271 | C6: =[1]TrRoad_act!C$5 -> 586.67394 | D6: =[1]TrRoad_act!D$5 -> 609.87844 | E6: =[1]TrRoad_act!E$5 -> 616.21647 | F6: =[1]TrRoad_act!F$5 -> 615.6463 | G6: =[1]TrRoad_act!G$5 -> 631.84951 | H6: =[1]TrRoad_act!H$5 -> 665.74426 | I6: =[1]TrRoad_act!I$5 -> 712.09003 | ... W6: =[1]TrRoad_act!W$5 -> 613.24874 | DA6: Activity.Mpkm.DK.Tr.Road.Passenger.P2W
A7: =[1]TrRoad_act!$A$6 -> Passenger cars | B7: =[1]TrRoad_act!B$6 -> 50615 | C7: =[1]TrRoad_act!C$6 -> 49620 | D7: =[1]TrRoad_act!D$6 -> 49454 | E7: =[1]TrRoad_act!E$6 -> 49695 | F7: =[1]TrRoad_act!F$6 -> 50557 | G7: =[1]TrRoad_act!G$6 -> 49758 | H7: =[1]TrRoad_act!H$6 -> 49648 | I7: =[1]TrRoad_act!I$6 -> 50733 | ... W7: =[1]TrRoad_act!W$6 -> 58910 | DA7: Activity.Mpkm.DK.Tr.Road.Passenger.Car
A8: =[1]TrRoad_act!$A$13 -> Motor coaches, buses and trolley buses | B8: =[1]TrRoad_act!B$13 -> 7418 | C8: =[1]TrRoad_act!C$13 -> 7332 | D8: =[1]TrRoad_act!D$13 -> 7295 | E8: =[1]TrRoad_act!E$13 -> 7272 | F8: =[1]TrRoad_act!F$13 -> 7300 | G8: =[1]TrRoad_act!G$13 -> 7169 | H8: =[1]TrRoad_act!H$13 -> 7054 | I8: =[1]TrRoad_act!I$13 -> 6845 | ... W8: =[1]TrRoad_act!W$13 -> 4834 | DA8: Activity.Mpkm.DK.Tr.Road.Passenger.Bus
A9: Rail, metro and tram | B9: =B10+B11+B12 -> 5537 | C9: =C10+C11+C12 -> 5721 | D9: =D10+D11+D12 -> 5754 | E9: =E10+E11+E12 -> 5893 | F9: =F10+F11+F12 -> 6074 | G9: =G10+G11+G12 -> 6136 | H9: =H10+H11+H12 -> 6274 | I9: =I10+I11+I12 -> 6353 | ... W9: =W10+W11+W12 -> 4512 | DA9: Activity.Mpkm.DK.Tr.Rail.Passenger
A10: =[1]TrRail_act!$A$5 -> Metro and tram, urban light rail | B10: =[1]TrRail_act!B$5 -> 0 | C10: =[1]TrRail_act!C$5 -> 0 | D10: =[1]TrRail_act!D$5 -> 9 | E10: =[1]TrRail_act!E$5 -> 67 | F10: =[1]TrRail_act!F$5 -> 128 | G10: =[1]TrRail_act!G$5 -> 162 | H10: =[1]TrRail_act!H$5 -> 164 | I10: =[1]TrRail_act!I$5 -> 177 | ... W10: =[1]TrRail_act!W$5 -> 331 | DA10: Activity.Mpkm.DK.Tr.Rail.Passenger.MTU
A11: =[1]TrRail_act!$A$6 -> Conventional passenger trains | B11: =[1]TrRail_act!B$6 -> 5537 | C11: =[1]TrRail_act!C$6 -> 5721 | D11: =[1]TrRail_act!D$6 -> 5745 | E11: =[1]TrRail_act!E$6 -> 5826 | F11: =[1]TrRail_act!F$6 -> 5946 | G11: =[1]TrRail_act!G$6 -> 5974 | H11: =[1]TrRail_act!H$6 -> 6110 | I11: =[1]TrRail_act!I$6 -> 6176 | ... W11: =[1]TrRail_act!W$6 -> 4181 | DA11: Activity.Mpkm.DK.Tr.Rail.Passenger.CPT
A12: =[1]TrRail_act!$A$9 -> High speed passenger trains | B12: =[1]TrRail_act!B$9 -> 0 | C12: =[1]TrRail_act!C$9 -> 0 | D12: =[1]TrRail_act!D$9 -> 0 | E12: =[1]TrRail_act!E$9 -> 0 | F12: =[1]TrRail_act!F$9 -> 0 | G12: =[1]TrRail_act!G$9 -> 0 | H12: =[1]TrRail_act!H$9 -> 0 | I12: =[1]TrRail_act!I$9 -> 0 | ... W12: =[1]TrRail_act!W$9 -> 0 | DA12: Activity.Mpkm.DK.Tr.Rail.Passenger.HST
A13: Aviation | B13: =B14+B15+B16 -> 16731.519 | C13: =C14+C15+C16 -> 17320.29 | D13: =D14+D15+D16 -> 17289.85 | E13: =E14+E15+E16 -> 16801.755 | F13: =F14+F15+F16 -> 18340.049 | G13: =G14+G15+G16 -> 19749.505 | H13: =H14+H15+H16 -> 20374.35 | I13: =I14+I15+I16 -> 20359.993 | ... W13: =W14+W15+W16 -> 8975.663 | DA13: Activity.Mpkm.DK.Tr.Avia.Passenger
A14: Domestic | B14: =[1]TrAvia_act!B$5 -> 291.40924 | C14: =[1]TrAvia_act!C$5 -> 299.46483 | D14: =[1]TrAvia_act!D$5 -> 270.63505 | E14: =[1]TrAvia_act!E$5 -> 294.26581 | F14: =[1]TrAvia_act!F$5 -> 369.96533 | G14: =[1]TrAvia_act!G$5 -> 371.63024 | H14: =[1]TrAvia_act!H$5 -> 403.57691 | I14: =[1]TrAvia_act!I$5 -> 446.87632 | ... W14: =[1]TrAvia_act!W$5 -> 231.30369 | DA14: Activity.Mpkm.DK.Tr.Avia.Passenger.Domestic
A15: International - Intra-EEAwUK | B15: =[1]TrAvia_act!B$6 -> 10186.298 | C15: =[1]TrAvia_act!C$6 -> 10566.784 | D15: =[1]TrAvia_act!D$6 -> 10520.061 | E15: =[1]TrAvia_act!E$6 -> 10218.513 | F15: =[1]TrAvia_act!F$6 -> 10696.839 | G15: =[1]TrAvia_act!G$6 -> 11149.757 | H15: =[1]TrAvia_act!H$6 -> 11392.019 | I15: =[1]TrAvia_act!I$6 -> 11336.021 | ... W15: =[1]TrAvia_act!W$6 -> 5724.8426 | DA15: Activity.Mpkm.DK.Tr.Avia.Passenger.IntraEEAwUK
A16: International - Extra-EEAwUK | B16: =[1]TrAvia_act!B$7 -> 6253.8116 | C16: =[1]TrAvia_act!C$7 -> 6454.0407 | D16: =[1]TrAvia_act!D$7 -> 6499.1536 | E16: =[1]TrAvia_act!E$7 -> 6288.9755 | F16: =[1]TrAvia_act!F$7 -> 7273.2448 | G16: =[1]TrAvia_act!G$7 -> 8228.1178 | H16: =[1]TrAvia_act!H$7 -> 8578.7544 | I16: =[1]TrAvia_act!I$7 -> 8577.0951 | ... W16: =[1]TrAvia_act!W$7 -> 3019.5167 | DA16: Activity.Mpkm.DK.Tr.Avia.Passenger.ExtraEEAwUK
A17: Freight transport (mio tkm) | B17: =B18+B21+B22+B26 -> 19712.316 | C17: =C18+C21+C22+C26 -> 20383.759 | D17: =D18+D21+D22+D26 -> 20424.27 | E17: =E18+E21+E22+E26 -> 20856.597 | F17: =F18+F21+F22+F26 -> 21493.434 | G17: =G18+G21+G22+G26 -> 22191.912 | H17: =H18+H21+H22+H26 -> 23434.226 | I17: =I18+I21+I22+I26 -> 24314.304 | ... W17: =W18+W21+W22+W26 -> 25902.463 | DA17: Activity.Mtkm.DK.Tr
A18: Road transport | B18: =B19+B20 -> 16102.826 | C18: =C19+C20 -> 16355.707 | D18: =D19+D20 -> 16829.378 | E18: =E19+E20 -> 16923.345 | F18: =F19+F20 -> 17328.699 | G18: =G19+G20 -> 18144.322 | H18: =H19+H20 -> 19191.164 | I18: =I19+I20 -> 20029.931 | ... W18: =W19+W20 -> 21986.879 | DA18: Activity.Mtkm.DK.Tr.Road.Freight
A19: =[1]TrRoad_act!$A$20 -> Light commercial vehicles | B19: =[1]TrRoad_act!B$20 -> 967.69162 | C19: =[1]TrRoad_act!C$20 -> 1039.2804 | D19: =[1]TrRoad_act!D$20 -> 1081.8776 | E19: =[1]TrRoad_act!E$20 -> 1145.3659 | F19: =[1]TrRoad_act!F$20 -> 1259.0691 | G19: =[1]TrRoad_act!G$20 -> 1357.8092 | H19: =[1]TrRoad_act!H$20 -> 1498.905 | I19: =[1]TrRoad_act!I$20 -> 1642.3373 | ... W19: =[1]TrRoad_act!W$20 -> 1167.8793 | DA19: Activity.Mtkm.DK.Tr.Road.Freight.LCV
A20: =[1]TrRoad_act!$A$26 -> Heavy goods vehicles | B20: =[1]TrRoad_act!B$26 -> 15135.134 | C20: =[1]TrRoad_act!C$26 -> 15316.427 | D20: =[1]TrRoad_act!D$26 -> 15747.501 | E20: =[1]TrRoad_act!E$26 -> 15777.979 | F20: =[1]TrRoad_act!F$26 -> 16069.63 | G20: =[1]TrRoad_act!G$26 -> 16786.513 | H20: =[1]TrRoad_act!H$26 -> 17692.259 | I20: =[1]TrRoad_act!I$26 -> 18387.594 | ... W20: =[1]TrRoad_act!W$26 -> 20819 | DA20: Activity.Mtkm.DK.Tr.Road.Freight.HGV
A21: Rail transport | B21: =[1]TrRail_act!B$10 -> 2025 | C21: =[1]TrRail_act!C$10 -> 2091 | D21: =[1]TrRail_act!D$10 -> 1877 | E21: =[1]TrRail_act!E$10 -> 1985 | F21: =[1]TrRail_act!F$10 -> 2321 | G21: =[1]TrRail_act!G$10 -> 1976 | H21: =[1]TrRail_act!H$10 -> 1892 | I21: =[1]TrRail_act!I$10 -> 1779 | ... W21: =[1]TrRail_act!W$10 -> 1986 | DA21: Activity.Mtkm.DK.Tr.Rail.Freight
A22: Aviation | B22: =B23+B24+B25 -> 51.312286 | C22: =C23+C24+C25 -> 56.206439 | D22: =D23+D24+D25 -> 51.509175 | E22: =E23+E24+E25 -> 40.183766 | F22: =F23+F24+F25 -> 40.256797 | G22: =G23+G24+G25 -> 42.399088 | H22: =H23+H24+H25 -> 41.294545 | I22: =I23+I24+I25 -> 38.369412 | ... W22: =W23+W24+W25 -> 414.46275 | DA22: Activity.Mtkm.DK.Tr.Avia.Freight
A23: Domestic | B23: =[1]TrAvia_act!B$9 -> 0.39172366 | C23: =[1]TrAvia_act!C$9 -> 0.41211957 | D23: =[1]TrAvia_act!D$9 -> 0.38472127 | E23: =[1]TrAvia_act!E$9 -> 0.28773505 | F23: =[1]TrAvia_act!F$9 -> 0.3010534 | G23: =[1]TrAvia_act!G$9 -> 0.3332811 | H23: =[1]TrAvia_act!H$9 -> 0.33346815 | I23: =[1]TrAvia_act!I$9 -> 0.26982735 | ... W23: =[1]TrAvia_act!W$9 -> 0.13964973 | DA23: Activity.Mtkm.DK.Tr.Avia.Freight.Domestic
A24: International - Intra-EEAwUK | B24: =[1]TrAvia_act!B$10 -> 42.905083 | C24: =[1]TrAvia_act!C$10 -> 46.931067 | D24: =[1]TrAvia_act!D$10 -> 41.432123 | E24: =[1]TrAvia_act!E$10 -> 30.287156 | F24: =[1]TrAvia_act!F$10 -> 30.62859 | G24: =[1]TrAvia_act!G$10 -> 35.808121 | H24: =[1]TrAvia_act!H$10 -> 37.802768 | I24: =[1]TrAvia_act!I$10 -> 34.545833 | ... W24: =[1]TrAvia_act!W$10 -> 75.077322 | DA24: Activity.Mtkm.DK.Tr.Avia.Freight.IntraEEAwUK
A25: International - Extra-EEAwUK | B25: =[1]TrAvia_act!B$11 -> 8.0154786 | C25: =[1]TrAvia_act!C$11 -> 8.8632525 | D25: =[1]TrAvia_act!D$11 -> 9.692331 | E25: =[1]TrAvia_act!E$11 -> 9.608875 | F25: =[1]TrAvia_act!F$11 -> 9.3271538 | G25: =[1]TrAvia_act!G$11 -> 6.2576859 | H25: =[1]TrAvia_act!H$11 -> 3.158309 | I25: =[1]TrAvia_act!I$11 -> 3.5537514 | ... W25: =[1]TrAvia_act!W$11 -> 339.24578 | DA25: Activity.Mtkm.DK.Tr.Avia.Freight.ExtraEEAwUK
A26: Domestic navigation | B26: =B27+B28 -> 1533.178 | C26: =C27+C28 -> 1880.845 | D26: =D27+D28 -> 1666.383 | E26: =E27+E28 -> 1908.069 | F26: =F27+F28 -> 1803.478 | G26: =G27+G28 -> 2029.19 | H26: =H27+H28 -> 2309.768 | I26: =I27+I28 -> 2467.003 | ... W26: =W27+W28 -> 1515.121 | DA26: Activity.Mtkm.DK.Tr.DNavi.Freight
A27: =[1]TrNavi_act!$A$4 -> Domestic coastal shipping | B27: =[1]TrNavi_act!B4 -> 1533.178 | C27: =[1]TrNavi_act!C4 -> 1880.845 | D27: =[1]TrNavi_act!D4 -> 1666.383 | E27: =[1]TrNavi_act!E4 -> 1908.069 | F27: =[1]TrNavi_act!F4 -> 1803.478 | G27: =[1]TrNavi_act!G4 -> 2029.19 | H27: =[1]TrNavi_act!H4 -> 2309.768 | I27: =[1]TrNavi_act!I4 -> 2467.003 | ... W27: =[1]TrNavi_act!W4 -> 1515.121 | DA27: Activity.Mtkm.DK.Tr.DNavi.Freight.DCS
A28: =[1]TrNavi_act!$A$5 -> Inland waterways | B28: =[1]TrNavi_act!B5 -> 0 | C28: =[1]TrNavi_act!C5 -> 0 | D28: =[1]TrNavi_act!D5 -> 0 | E28: =[1]TrNavi_act!E5 -> 0 | F28: =[1]TrNavi_act!F5 -> 0 | G28: =[1]TrNavi_act!G5 -> 0 | H28: =[1]TrNavi_act!H5 -> 0 | I28: =[1]TrNavi_act!I5 -> 0 | ... W28: =[1]TrNavi_act!W5 -> 0 | DA28: Activity.Mtkm.DK.Tr.DNavi.Freight.IWW
A29: International maritime bunkers (mio tkm) | B29: =B30+B31 -> 81281.35 | C29: =C30+C31 -> 83300.366 | D29: =D30+D31 -> 80390.999 | E29: =E30+E31 -> 96936.548 | F29: =F30+F31 -> 84397.889 | G29: =G30+G31 -> 80544.612 | H29: =H30+H31 -> 96164.465 | I29: =I30+I31 -> 87471.138 | ... W29: =W30+W31 -> 103585.6 | DA29: Activity.Mtkm.DK.MBunk.Freight
A30: Intra-EEA | B30: =[1]MBunk_act!B$4 -> 21870.694 | C30: =[1]MBunk_act!C$4 -> 21927.96 | D30: =[1]MBunk_act!D$4 -> 22405.537 | E30: =[1]MBunk_act!E$4 -> 23368.593 | F30: =[1]MBunk_act!F$4 -> 24548.212 | G30: =[1]MBunk_act!G$4 -> 24152.366 | H30: =[1]MBunk_act!H$4 -> 22890.939 | I30: =[1]MBunk_act!I$4 -> 22088.239 | ... W30: =[1]MBunk_act!W$4 -> 22073.122 | DA30: Activity.Mtkm.DK.MBunk.Freight.IntraEEA
A31: Extra-EEA | B31: =[1]MBunk_act!B$5 -> 59410.657 | C31: =[1]MBunk_act!C$5 -> 61372.406 | D31: =[1]MBunk_act!D$5 -> 57985.463 | E31: =[1]MBunk_act!E$5 -> 73567.954 | F31: =[1]MBunk_act!F$5 -> 59849.677 | G31: =[1]MBunk_act!G$5 -> 56392.246 | H31: =[1]MBunk_act!H$5 -> 73273.526 | I31: =[1]MBunk_act!I$5 -> 65382.899 | ... W31: =[1]MBunk_act!W$5 -> 81512.483 | DA31: Activity.Mtkm.DK.MBunk.Freight.ExtraEEA
A33: Energy consumption (ktoe)
A34: Passenger transport | B34: =B35+B39+B43 -> 3307.4593 | C34: =C35+C39+C43 -> 3281.5652 | D34: =D35+D39+D43 -> 3197.6932 | E34: =E35+E39+E43 -> 3270.3024 | F34: =F35+F39+F43 -> 3380.4604 | G34: =G35+G39+G43 -> 3434.6098 | H34: =H35+H39+H43 -> 3465.808 | I34: =I35+I39+I43 -> 3602.8954 | ... W34: =W35+W39+W43 -> 2976.3005
A35: =$A$5 -> Road transport | B35: =B36+B37+B38 -> 2394.1844 | C35: =C36+C37+C38 -> 2359.589 | D35: =D36+D37+D38 -> 2385.6476 | E35: =E36+E37+E38 -> 2430.4543 | F35: =F36+F37+F38 -> 2443.9265 | G35: =G36+G37+G38 -> 2449.0674 | H35: =H36+H37+H38 -> 2476.5229 | I35: =I36+I37+I38 -> 2587.0712 | ... W35: =W36+W37+W38 -> 2483.6919 | DA35: FEC.ktoe.DK.Tr.Road.Passenger
A36: =$A$6 -> Powered two-wheelers | B36: =[1]TrRoad_ene!B$19 -> 23.705498 | C36: =[1]TrRoad_ene!C$19 -> 22.33404 | D36: =[1]TrRoad_ene!D$19 -> 23.087707 | E36: =[1]TrRoad_ene!E$19 -> 23.246936 | F36: =[1]TrRoad_ene!F$19 -> 23.012006 | G36: =[1]TrRoad_ene!G$19 -> 23.252001 | H36: =[1]TrRoad_ene!H$19 -> 24.15043 | I36: =[1]TrRoad_ene!I$19 -> 25.423038 | ... W36: =[1]TrRoad_ene!W$19 -> 19.048651 | DA36: FEC.ktoe.DK.Tr.Road.Passenger.P2W
A37: =$A$7 -> Passenger cars | B37: =[1]TrRoad_ene!B$21 -> 2026.7729 | C37: =[1]TrRoad_ene!C$21 -> 2003.1332 | D37: =[1]TrRoad_ene!D$21 -> 2036.7311 | E37: =[1]TrRoad_ene!E$21 -> 2077.2016 | F37: =[1]TrRoad_ene!F$21 -> 2096.6248 | G37: =[1]TrRoad_ene!G$21 -> 2098.6092 | H37: =[1]TrRoad_ene!H$21 -> 2122.8742 | I37: =[1]TrRoad_ene!I$21 -> 2235.8474 | ... W37: =[1]TrRoad_ene!W$21 -> 2124.5336 | DA37: FEC.ktoe.DK.Tr.Road.Passenger.Car
A38: =$A$8 -> Motor coaches, buses and trolley buses | B38: =[1]TrRoad_ene!B$33 -> 343.70598 | C38: =[1]TrRoad_ene!C$33 -> 334.12167 | D38: =[1]TrRoad_ene!D$33 -> 325.82878 | E38: =[1]TrRoad_ene!E$33 -> 330.00574 | F38: =[1]TrRoad_ene!F$33 -> 324.28973 | G38: =[1]TrRoad_ene!G$33 -> 327.20618 | H38: =[1]TrRoad_ene!H$33 -> 329.49826 | I38: =[1]TrRoad_ene!I$33 -> 325.80074 | ... W38: =[1]TrRoad_ene!W$33 -> 340.10962 | DA38: FEC.ktoe.DK.Tr.Road.Passenger.Bus
A39: =$A$9 -> Rail, metro and tram | B39: =B40+B41+B42 -> 89.871731 | C39: =C40+C41+C42 -> 85.365322 | D39: =D40+D41+D42 -> 88.050168 | E39: =E40+E41+E42 -> 89.420556 | F39: =F40+F41+F42 -> 88.190394 | G39: =G40+G41+G42 -> 94.597255 | H39: =H40+H41+H42 -> 94.655942 | I39: =I40+I41+I42 -> 93.943689 | ... W39: =W40+W41+W42 -> 89.392959 | DA39: FEC.ktoe.DK.Tr.Rail.Passenger
A40: =$A$10 -> Metro and tram, urban light rail | B40: =[1]TrRail_ene!B$12 -> 0 | C40: =[1]TrRail_ene!C$12 -> 0 | D40: =[1]TrRail_ene!D$12 -> 0.040961843 | E40: =[1]TrRail_ene!E$12 -> 0.31247756 | F40: =[1]TrRail_ene!F$12 -> 0.59371176 | G40: =[1]TrRail_ene!G$12 -> 0.75592417 | H40: =[1]TrRail_ene!H$12 -> 0.76062061 | I40: =[1]TrRail_ene!I$12 -> 0.81070195 | ... W40: =[1]TrRail_ene!W$12 -> 1.7549455 | DA40: FEC.ktoe.DK.Tr.Rail.Passenger.MTU
A41: =$A$11 -> Conventional passenger trains | B41: =[1]TrRail_ene!B$13 -> 89.871731 | C41: =[1]TrRail_ene!C$13 -> 85.365322 | D41: =[1]TrRail_ene!D$13 -> 88.009206 | E41: =[1]TrRail_ene!E$13 -> 89.108078 | F41: =[1]TrRail_ene!F$13 -> 87.596682 | G41: =[1]TrRail_ene!G$13 -> 93.841331 | H41: =[1]TrRail_ene!H$13 -> 93.895321 | I41: =[1]TrRail_ene!I$13 -> 93.132987 | ... W41: =[1]TrRail_ene!W$13 -> 87.638013 | DA41: FEC.ktoe.DK.Tr.Rail.Passenger.CPT
A42: =$A$12 -> High speed passenger trains | B42: =[1]TrRail_ene!B$16 -> 0 | C42: =[1]TrRail_ene!C$16 -> 0 | D42: =[1]TrRail_ene!D$16 -> 0 | E42: =[1]TrRail_ene!E$16 -> 0 | F42: =[1]TrRail_ene!F$16 -> 0 | G42: =[1]TrRail_ene!G$16 -> 0 | H42: =[1]TrRail_ene!H$16 -> 0 | I42: =[1]TrRail_ene!I$16 -> 0 | ... W42: =[1]TrRail_ene!W$16 -> 0 | DA42: FEC.ktoe.DK.Tr.Rail.Passenger.HST
A43: =$A$13 -> Aviation | B43: =B44+B45+B46 -> 823.40315 | C43: =C44+C45+C46 -> 836.6109 | D43: =D44+D45+D46 -> 723.99547 | E43: =E44+E45+E46 -> 750.42757 | F43: =F44+F45+F46 -> 848.34347 | G43: =G44+G45+G46 -> 890.94523 | H43: =H44+H45+H46 -> 894.62909 | I43: =I44+I45+I46 -> 921.8805 | ... W43: =W44+W45+W46 -> 403.21565 | DA43: FEC.ktoe.DK.Tr.Avia.Passenger
A44: =$A$14 -> Domestic | B44: =[1]TrAvia_ene!B$7 -> 46.518694 | C44: =[1]TrAvia_ene!C$7 -> 47.542947 | D44: =[1]TrAvia_ene!D$7 -> 39.302075 | E44: =[1]TrAvia_ene!E$7 -> 38.345082 | F44: =[1]TrAvia_ene!F$7 -> 32.145996 | G44: =[1]TrAvia_ene!G$7 -> 34.202786 | H44: =[1]TrAvia_ene!H$7 -> 36.257862 | I44: =[1]TrAvia_ene!I$7 -> 42.484731 | ... W44: =[1]TrAvia_ene!W$7 -> 18.240787 | DA44: FEC.ktoe.DK.Tr.Avia.Passenger.Domestic
A45: =$A$15 -> International - Intra-EEAwUK | B45: =[1]TrAvia_ene!B$8 -> 437.8896 | C45: =[1]TrAvia_ene!C$8 -> 444.75151 | D45: =[1]TrAvia_ene!D$8 -> 402.43667 | E45: =[1]TrAvia_ene!E$8 -> 424.01104 | F45: =[1]TrAvia_ene!F$8 -> 469.25399 | G45: =[1]TrAvia_ene!G$8 -> 490.36004 | H45: =[1]TrAvia_ene!H$8 -> 494.95946 | I45: =[1]TrAvia_ene!I$8 -> 512.92331 | ... W45: =[1]TrAvia_ene!W$8 -> 204.52316 | DA45: FEC.ktoe.DK.Tr.Avia.Passenger.IntraEEAwUK
A46: =$A$16 -> International - Extra-EEAwUK | B46: =[1]TrAvia_ene!B$9 -> 338.99486 | C46: =[1]TrAvia_ene!C$9 -> 344.31644 | D46: =[1]TrAvia_ene!D$9 -> 282.25673 | E46: =[1]TrAvia_ene!E$9 -> 288.07145 | F46: =[1]TrAvia_ene!F$9 -> 346.94348 | G46: =[1]TrAvia_ene!G$9 -> 366.38241 | H46: =[1]TrAvia_ene!H$9 -> 363.41178 | I46: =[1]TrAvia_ene!I$9 -> 366.47246 | ... W46: =[1]TrAvia_ene!W$9 -> 180.4517 | DA46: FEC.ktoe.DK.Tr.Avia.Passenger.ExtraEEAwUK
A47: Freight transport | B47: =B48+B51+B52+B56 -> 1481.8393 | C47: =C48+C51+C52+C56 -> 1549.1922 | D47: =D48+D51+D52+D56 -> 1577.9147 | E47: =E48+E51+E52+E56 -> 1685.5958 | F47: =F48+F51+F52+F56 -> 1776.0901 | G47: =G48+G51+G52+G56 -> 1831.0656 | H47: =H48+H51+H52+H56 -> 1899.9081 | I47: =I48+I51+I52+I56 -> 1963.1515 | ... W47: =W48+W51+W52+W56 -> 1482.6813
A48: =$A$18 -> Road transport | B48: =B49+B50 -> 1297.1551 | C48: =C49+C50 -> 1358.6828 | D48: =D49+D50 -> 1369.6286 | E48: =E49+E50 -> 1480.836 | F48: =F49+F50 -> 1591.105 | G48: =G49+G50 -> 1619.0634 | H48: =H49+H50 -> 1705.6545 | I48: =I49+I50 -> 1792.3355 | ... W48: =W49+W50 -> 1293.5585 | DA48: FEC.ktoe.DK.Tr.Road.Freight
A49: =$A$19 -> Light commercial vehicles | B49: =[1]TrRoad_ene!B$43 -> 610.91697 | C49: =[1]TrRoad_ene!C$43 -> 633.28743 | D49: =[1]TrRoad_ene!D$43 -> 629.26737 | E49: =[1]TrRoad_ene!E$43 -> 639.48832 | F49: =[1]TrRoad_ene!F$43 -> 678.28833 | G49: =[1]TrRoad_ene!G$43 -> 705.6166 | H49: =[1]TrRoad_ene!H$43 -> 759.68931 | I49: =[1]TrRoad_ene!I$43 -> 819.99696 | ... W49: =[1]TrRoad_ene!W$43 -> 491.37266 | DA49: FEC.ktoe.DK.Tr.Road.Freight.LCV
A50: =$A$20 -> Heavy goods vehicles | B50: =[1]TrRoad_ene!B$52 -> 686.23812 | C50: =[1]TrRoad_ene!C$52 -> 725.39533 | D50: =[1]TrRoad_ene!D$52 -> 740.36124 | E50: =[1]TrRoad_ene!E$52 -> 841.34765 | F50: =[1]TrRoad_ene!F$52 -> 912.81668 | G50: =[1]TrRoad_ene!G$52 -> 913.44682 | H50: =[1]TrRoad_ene!H$52 -> 945.96515 | I50: =[1]TrRoad_ene!I$52 -> 972.33857 | ... W50: =[1]TrRoad_ene!W$52 -> 802.18589 | DA50: FEC.ktoe.DK.Tr.Road.Freight.HGV
A51: =$A$21 -> Rail transport | B51: =[1]TrRail_ene!B$17 -> 13.481665 | C51: =[1]TrRail_ene!C$17 -> 12.888676 | D51: =[1]TrRail_ene!D$17 -> 11.579583 | E51: =[1]TrRail_ene!E$17 -> 11.303176 | F51: =[1]TrRail_ene!F$17 -> 12.975212 | G51: =[1]TrRail_ene!G$17 -> 12.097586 | H51: =[1]TrRail_ene!H$17 -> 11.105021 | I51: =[1]TrRail_ene!I$17 -> 10.097583 | ... W51: =[1]TrRail_ene!W$17 -> 9.0975827 | DA51: FEC.ktoe.DK.Tr.Rail.Freight
A52: =$A$22 -> Aviation | B52: =B53+B54+B55 -> 7.7948695 | C52: =C53+C54+C55 -> 8.0938291 | D52: =D53+D54+D55 -> 7.4677263 | E52: =E53+E54+E55 -> 5.9638291 | F52: =F53+F54+F55 -> 6.7583376 | G52: =G53+G54+G55 -> 7.7936336 | H52: =H53+H54+H55 -> 9.2974746 | I52: =I53+I54+I55 -> 9.0595696 | ... W52: =W53+W54+W55 -> 42.427857 | DA52: FEC.ktoe.DK.Tr.Avia.Freight
A53: Domestic | B53: =[1]TrAvia_ene!B$11 -> 0.24966356 | C53: =[1]TrAvia_ene!C$11 -> 0.2643617 | D53: =[1]TrAvia_ene!D$11 -> 0.19345418 | E53: =[1]TrAvia_ene!E$11 -> 0.11140933 | F53: =[1]TrAvia_ene!F$11 -> 0.076704197 | G53: =[1]TrAvia_ene!G$11 -> 0.097816389 | H53: =[1]TrAvia_ene!H$11 -> 0.12072768 | I53: =[1]TrAvia_ene!I$11 -> 0.12773695 | ... W53: =[1]TrAvia_ene!W$11 -> 0.03814667 | DA53: FEC.ktoe.DK.Tr.Avia.Freight.Domestic
A54: =$A$24 -> International - Intra-EEAwUK | B54: =[1]TrAvia_ene!B$12 -> 6.8414115 | C54: =[1]TrAvia_ene!C$12 -> 7.0874822 | D54: =[1]TrAvia_ene!D$12 -> 6.4416363 | E54: =[1]TrAvia_ene!E$12 -> 4.8921433 | F54: =[1]TrAvia_ene!F$12 -> 5.67952 | G54: =[1]TrAvia_ene!G$12 -> 7.004221 | H54: =[1]TrAvia_ene!H$12 -> 8.8281282 | I54: =[1]TrAvia_ene!I$12 -> 8.4959429 | ... W54: =[1]TrAvia_ene!W$12 -> 14.589206 | DA54: FEC.ktoe.DK.Tr.Avia.Freight.IntraEEAwUK
A55: =$A$25 -> International - Extra-EEAwUK | B55: =[1]TrAvia_ene!B$13 -> 0.7037945 | C55: =[1]TrAvia_ene!C$13 -> 0.74198528 | D55: =[1]TrAvia_ene!D$13 -> 0.83263581 | E55: =[1]TrAvia_ene!E$13 -> 0.96027643 | F55: =[1]TrAvia_ene!F$13 -> 1.0021134 | G55: =[1]TrAvia_ene!G$13 -> 0.69159617 | H55: =[1]TrAvia_ene!H$13 -> 0.34861874 | I55: =[1]TrAvia_ene!I$13 -> 0.43588974 | ... W55: =[1]TrAvia_ene!W$13 -> 27.800504 | DA55: FEC.ktoe.DK.Tr.Avia.Freight.ExtraEEAwUK
A56: Domestic navigation | B56: =B57+B58 -> 163.40765 | C56: =C57+C58 -> 169.52691 | D56: =D57+D58 -> 189.23878 | E56: =E57+E58 -> 187.49286 | F56: =F57+F58 -> 165.2515 | G56: =G57+G58 -> 192.11092 | H56: =H57+H58 -> 173.85116 | I56: =I57+I58 -> 151.65881 | ... W56: =W57+W58 -> 137.59733 | DA56: FEC.ktoe.DK.Tr.DNavi
A57: =$A$27 -> Domestic coastal shipping | B57: =[1]TrNavi_ene!B4 -> 163.40765 | C57: =[1]TrNavi_ene!C4 -> 169.52691 | D57: =[1]TrNavi_ene!D4 -> 189.23878 | E57: =[1]TrNavi_ene!E4 -> 187.49286 | F57: =[1]TrNavi_ene!F4 -> 165.2515 | G57: =[1]TrNavi_ene!G4 -> 192.11092 | H57: =[1]TrNavi_ene!H4 -> 173.85116 | I57: =[1]TrNavi_ene!I4 -> 151.65881 | ... W57: =[1]TrNavi_ene!W4 -> 137.59733 | DA57: FEC.ktoe.DK.Tr.Dnavi.DCS
A58: =$A$28 -> Inland waterways | B58: =[1]TrNavi_ene!B10 -> 0 | C58: =[1]TrNavi_ene!C10 -> 0 | D58: =[1]TrNavi_ene!D10 -> 0 | E58: =[1]TrNavi_ene!E10 -> 0 | F58: =[1]TrNavi_ene!F10 -> 0 | G58: =[1]TrNavi_ene!G10 -> 0 | H58: =[1]TrNavi_ene!H10 -> 0 | I58: =[1]TrNavi_ene!I10 -> 0 | ... W58: =[1]TrNavi_ene!W10 -> 0 | DA58: FEC.ktoe.DK.Tr.Dnavi.IWW
A59: International maritime bunkers | B59: =B60+B61 -> 1294.9819 | C59: =C60+C61 -> 1077.2857 | D59: =D60+D61 -> 888.51634 | E59: =E60+E61 -> 932.99295 | F59: =F60+F61 -> 758.28555 | G59: =G60+G61 -> 771.65735 | H59: =H60+H61 -> 1015.4748 | I59: =I60+I61 -> 1062.0319 | ... W59: =W60+W61 -> 475.67051 | DA59: FEC.ktoe.DK.MBunk
A60: =$A$30 -> Intra-EEA | B60: =[1]MBunk_ene!B$4 -> 555.44663 | C60: =[1]MBunk_ene!C$4 -> 461.86139 | D60: =[1]MBunk_ene!D$4 -> 388.955 | E60: =[1]MBunk_ene!E$4 -> 389.45358 | F60: =[1]MBunk_ene!F$4 -> 339.57198 | G60: =[1]MBunk_ene!G$4 -> 350.31006 | H60: =[1]MBunk_ene!H$4 -> 415.60443 | I60: =[1]MBunk_ene!I$4 -> 447.25471 | ... W60: =[1]MBunk_ene!W$4 -> 174.90838 | DA60: FEC.ktoe.DK.MBunk.IntraEEA
A61: =$A$31 -> Extra-EEA | B61: =[1]MBunk_ene!B$10 -> 739.53523 | C61: =[1]MBunk_ene!C$10 -> 615.42434 | D61: =[1]MBunk_ene!D$10 -> 499.56134 | E61: =[1]MBunk_ene!E$10 -> 543.53937 | F61: =[1]MBunk_ene!F$10 -> 418.71358 | G61: =[1]MBunk_ene!G$10 -> 421.3473 | H61: =[1]MBunk_ene!H$10 -> 599.87038 | I61: =[1]MBunk_ene!I$10 -> 614.77719 | ... W61: =[1]MBunk_ene!W$10 -> 300.76213 | DA61: FEC.ktoe.DK.MBunk.ExtraEEA
A63: CO2 emissions (kt of CO2)
A64: Passenger transport | B64: =B65+B69+B73 -> 9718.3773 | C64: =C65+C69+C73 -> 9644.2104 | D64: =D65+D69+D73 -> 9386.2443 | E64: =E65+E69+E73 -> 9611.2699 | F64: =F65+F69+F73 -> 9946.6086 | G64: =G65+G69+G73 -> 10120.899 | H64: =H65+H69+H73 -> 10210.069 | I64: =I65+I69+I73 -> 10634.638 | ... W64: =W65+W69+W73 -> 8235.1564
A65: =$A$5 -> Road transport | B65: =B66+B67+B68 -> 7042.2819 | C65: =C66+C67+C68 -> 6942.2966 | D65: =D66+D67+D68 -> 7020.226 | E65: =E66+E67+E68 -> 7157.5246 | F65: =F66+F67+F68 -> 7204.3506 | G65: =G66+G67+G68 -> 7232.041 | H65: =H66+H67+H68 -> 7312.8328 | I65: =I66+I67+I68 -> 7652.9914 | ... W65: =W66+W67+W68 -> 6853.0297 | DA65: EMI.ktCO2.DK.Tr.Road.Passenger
A66: =$A$6 -> Powered two-wheelers | B66: =[1]TrRoad_emi!B$19 -> 68.780374 | C66: =[1]TrRoad_emi!C$19 -> 64.801153 | D66: =[1]TrRoad_emi!D$19 -> 66.987882 | E66: =[1]TrRoad_emi!E$19 -> 67.449878 | F66: =[1]TrRoad_emi!F$19 -> 66.76824 | G66: =[1]TrRoad_emi!G$19 -> 67.464573 | H66: =[1]TrRoad_emi!H$19 -> 69.929544 | I66: =[1]TrRoad_emi!I$19 -> 73.53809 | ... W66: =[1]TrRoad_emi!W$19 -> 51.756883 | DA66: EMI.ktCO2.DK.Tr.Road.Passenger.P2W
A67: =$A$7 -> Passenger cars | B67: =[1]TrRoad_emi!B$20 -> 5910.1089 | C67: =[1]TrRoad_emi!C$20 -> 5843.8802 | D67: =[1]TrRoad_emi!D$20 -> 5945.335 | E67: =[1]TrRoad_emi!E$20 -> 6068.1376 | F67: =[1]TrRoad_emi!F$20 -> 6133.0447 | G67: =[1]TrRoad_emi!G$20 -> 6150.898 | H67: =[1]TrRoad_emi!H$20 -> 6222.1341 | I67: =[1]TrRoad_emi!I$20 -> 6570.1057 | ... W67: =[1]TrRoad_emi!W$20 -> 5841.9155 | DA67: EMI.ktCO2.DK.Tr.Road.Passenger.Car
A68: =$A$8 -> Motor coaches, buses and trolley buses | B68: =[1]TrRoad_emi!B$27 -> 1063.3927 | C68: =[1]TrRoad_emi!C$27 -> 1033.6152 | D68: =[1]TrRoad_emi!D$27 -> 1007.903 | E68: =[1]TrRoad_emi!E$27 -> 1021.9371 | F68: =[1]TrRoad_emi!F$27 -> 1004.5377 | G68: =[1]TrRoad_emi!G$27 -> 1013.6785 | H68: =[1]TrRoad_emi!H$27 -> 1020.7692 | I68: =[1]TrRoad_emi!I$27 -> 1009.3475 | ... W68: =[1]TrRoad_emi!W$27 -> 959.35739 | DA68: EMI.ktCO2.DK.Tr.Road.Passenger.Bus
A69: =$A$9 -> Rail, metro and tram | B69: =B70+B71+B72 -> 197.56286 | C69: =C70+C71+C72 -> 183.62183 | D69: =D70+D71+D72 -> 186.81611 | E69: =E70+E71+E72 -> 194.8922 | F69: =F70+F71+F72 -> 188.73044 | G69: =G70+G71+G72 -> 207.08602 | H69: =H70+H71+H72 -> 204.29183 | I69: =I70+I71+I72 -> 206.66722 | ... W69: =W70+W71+W72 -> 168.37309 | DA69: EMI.ktCO2.DK.Tr.Rail.Passenger
A70: =$A$10 -> Metro and tram, urban light rail | B70: =[1]TrRail_emi!B$10 -> 0 | C70: =[1]TrRail_emi!C$10 -> 0 | D70: =[1]TrRail_emi!D$10 -> 0 | E70: =[1]TrRail_emi!E$10 -> 0 | F70: =[1]TrRail_emi!F$10 -> 0 | G70: =[1]TrRail_emi!G$10 -> 0 | H70: =[1]TrRail_emi!H$10 -> 0 | I70: =[1]TrRail_emi!I$10 -> 0 | ... W70: =[1]TrRail_emi!W$10 -> 0 | DA70: EMI.ktCO2.DK.Tr.Rail.Passenger.MTU
A71: =$A$11 -> Conventional passenger trains | B71: =[1]TrRail_emi!B$11 -> 197.56286 | C71: =[1]TrRail_emi!C$11 -> 183.62183 | D71: =[1]TrRail_emi!D$11 -> 186.81611 | E71: =[1]TrRail_emi!E$11 -> 194.8922 | F71: =[1]TrRail_emi!F$11 -> 188.73044 | G71: =[1]TrRail_emi!G$11 -> 207.08602 | H71: =[1]TrRail_emi!H$11 -> 204.29183 | I71: =[1]TrRail_emi!I$11 -> 206.66722 | ... W71: =[1]TrRail_emi!W$11 -> 168.37309 | DA71: EMI.ktCO2.DK.Tr.Rail.Passenger.CPT
A72: =$A$12 -> High speed passenger trains | B72: =[1]TrRail_emi!B$14 -> 0 | C72: =[1]TrRail_emi!C$14 -> 0 | D72: =[1]TrRail_emi!D$14 -> 0 | E72: =[1]TrRail_emi!E$14 -> 0 | F72: =[1]TrRail_emi!F$14 -> 0 | G72: =[1]TrRail_emi!G$14 -> 0 | H72: =[1]TrRail_emi!H$14 -> 0 | I72: =[1]TrRail_emi!I$14 -> 0 | ... W72: =[1]TrRail_emi!W$14 -> 0 | DA72: EMI.ktCO2.DK.Tr.Rail.Passenger.HST
A73: =$A$13 -> Aviation | B73: =B74+B75+B76 -> 2478.5325 | C73: =C74+C75+C76 -> 2518.292 | D73: =D74+D75+D76 -> 2179.2023 | E73: =E74+E75+E76 -> 2258.8531 | F73: =F74+F75+F76 -> 2553.5276 | G73: =G74+G75+G76 -> 2681.7722 | H73: =H74+H75+H76 -> 2692.9443 | I73: =I74+I75+I76 -> 2774.9794 | ... W73: =W74+W75+W76 -> 1213.7536 | DA73: EMI.ktCO2.DK.Tr.Avia.Passenger
A74: =$A$14 -> Domestic | B74: =[1]TrAvia_emi!B$7 -> 139.8701 | C74: =[1]TrAvia_emi!C$7 -> 142.95345 | D74: =[1]TrAvia_emi!D$7 -> 118.14577 | E74: =[1]TrAvia_emi!E$7 -> 115.2646 | F74: =[1]TrAvia_emi!F$7 -> 96.603345 | G74: =[1]TrAvia_emi!G$7 -> 102.795 | H74: =[1]TrAvia_emi!H$7 -> 108.98149 | I74: =[1]TrAvia_emi!I$7 -> 127.72624 | ... W74: =[1]TrAvia_emi!W$7 -> 54.860247 | DA74: EMI.ktCO2.DK.Tr.Avia.Passenger.Domestic
A75: =$A$15 -> International - Intra-EEAwUK | B75: =[1]TrAvia_emi!B$8 -> 1318.1831 | C75: =[1]TrAvia_emi!C$8 -> 1338.8396 | D75: =[1]TrAvia_emi!D$8 -> 1211.4104 | E75: =[1]TrAvia_emi!E$8 -> 1276.4043 | F75: =[1]TrAvia_emi!F$8 -> 1412.5521 | G75: =[1]TrAvia_emi!G$8 -> 1476.0881 | H75: =[1]TrAvia_emi!H$8 -> 1489.981 | I75: =[1]TrAvia_emi!I$8 -> 1544.0577 | ... W75: =[1]TrAvia_emi!W$8 -> 615.67796 | DA75: EMI.ktCO2.DK.Tr.Avia.Passenger.IntraEEAwUK
A76: =$A$16 -> International - Extra-EEAwUK | B76: =[1]TrAvia_emi!B$9 -> 1020.4794 | C76: =[1]TrAvia_emi!C$9 -> 1036.499 | D76: =[1]TrAvia_emi!D$9 -> 849.64609 | E76: =[1]TrAvia_emi!E$9 -> 867.18415 | F76: =[1]TrAvia_emi!F$9 -> 1044.3721 | G76: =[1]TrAvia_emi!G$9 -> 1102.8891 | H76: =[1]TrAvia_emi!H$9 -> 1093.9818 | I76: =[1]TrAvia_emi!I$9 -> 1103.1954 | ... W76: =[1]TrAvia_emi!W$9 -> 543.21541 | DA76: EMI.ktCO2.DK.Tr.Avia.Passenger.ExtraEEAwUK
A77: Freight transport | B77: =B78+B81+B82+B86+B92 -> 4565.1184 | C77: =C78+C81+C82+C86+C92 -> 4771.6241 | D77: =D78+D81+D82+D86+D92 -> 4864.2629 | E77: =E78+E81+E82+E86+E92 -> 5198.451 | F77: =F78+F81+F82+F86+F92 -> 5476.7139 | G77: =G78+G81+G82+G86+G92 -> 5647.1721 | H77: =H78+H81+H82+H86+H92 -> 5863.0138 | I77: =I78+I81+I82+I86+I92 -> 6060.0655 | ... W77: =W78+W81+W82+W86+W92 -> 4292.6526
A78: =$A$18 -> Road transport | B78: =B79+B80 -> 3999.4818 | C78: =C79+C80 -> 4187.9825 | D78: =D79+D80 -> 4222.6686 | E78: =E79+E80 -> 4569.3518 | F78: =F79+F80 -> 4911.7646 | G78: =G79+G80 -> 4999.2515 | H78: =H79+H80 -> 5267.8531 | I78: =I79+I80 -> 5537.517 | ... W78: =W79+W80 -> 3718.8925 | DA78: EMI.ktCO2.DK.Tr.Road.Freight
A79: =$A$19 -> Light commercial vehicles | B79: =[1]TrRoad_emi!B$34 -> 1870.4838 | C79: =[1]TrRoad_emi!C$34 -> 1937.5024 | D79: =[1]TrRoad_emi!D$34 -> 1925.7579 | E79: =[1]TrRoad_emi!E$34 -> 1959.1391 | F79: =[1]TrRoad_emi!F$34 -> 2079.825 | G79: =[1]TrRoad_emi!G$34 -> 2165.3569 | H79: =[1]TrRoad_emi!H$34 -> 2333.0731 | I79: =[1]TrRoad_emi!I$34 -> 2520.9155 | ... W79: =[1]TrRoad_emi!W$34 -> 1407.908 | DA79: EMI.ktCO2.DK.Tr.Road.Freight.LCV
A80: =$A$20 -> Heavy goods vehicles | B80: =[1]TrRoad_emi!B$40 -> 2128.9981 | C80: =[1]TrRoad_emi!C$40 -> 2250.4801 | D80: =[1]TrRoad_emi!D$40 -> 2296.9106 | E80: =[1]TrRoad_emi!E$40 -> 2610.2128 | F80: =[1]TrRoad_emi!F$40 -> 2831.9396 | G80: =[1]TrRoad_emi!G$40 -> 2833.8946 | H80: =[1]TrRoad_emi!H$40 -> 2934.7801 | I80: =[1]TrRoad_emi!I$40 -> 3016.6015 | ... W80: =[1]TrRoad_emi!W$40 -> 2310.9845 | DA80: EMI.ktCO2.DK.Tr.Road.Freight.HGV
A81: =$A$21 -> Rail transport | B81: =[1]TrRail_emi!B$15 -> 30.250179 | C81: =[1]TrRail_emi!C$15 -> 28.370745 | D81: =[1]TrRail_emi!D$15 -> 25.176464 | E81: =[1]TrRail_emi!E$15 -> 23.428715 | F81: =[1]TrRail_emi!F$15 -> 26.426442 | G81: =[1]TrRail_emi!G$15 -> 23.891057 | H81: =[1]TrRail_emi!H$15 -> 23.521206 | I81: =[1]TrRail_emi!I$15 -> 21.145818 | ... W81: =[1]TrRail_emi!W$15 -> 16.386487 | DA81: EMI.ktCO2.DK.Tr.Rail.Freight
A82: =$A$22 -> Aviation | B82: =B83+B84+B85 -> 23.464079 | C82: =C83+C84+C85 -> 24.364008 | D82: =D83+D84+D85 -> 22.478475 | E82: =E83+E84+E85 -> 17.952487 | F82: =F83+F84+F85 -> 20.343614 | G82: =G83+G84+G85 -> 23.460031 | H82: =H83+H84+H85 -> 27.987721 | I82: =I83+I84+I85 -> 27.271607 | ... W82: =W83+W84+W85 -> 127.72086 | DA82: EMI.ktCO2.DK.Tr.Avia.Freight
A83: Domestic | B83: =[1]TrAvia_emi!B$11 -> 0.75067602 | C83: =[1]TrAvia_emi!C$11 -> 0.79489011 | D83: =[1]TrAvia_emi!D$11 -> 0.58154168 | E83: =[1]TrAvia_emi!E$11 -> 0.33489437 | F83: =[1]TrAvia_emi!F$11 -> 0.23050715 | G83: =[1]TrAvia_emi!G$11 -> 0.29398294 | H83: =[1]TrAvia_emi!H$11 -> 0.3628753 | I83: =[1]TrAvia_emi!I$11 -> 0.3840288 | ... W83: =[1]TrAvia_emi!W$11 -> 0.11472837 | DA83: EMI.ktCO2.DK.Tr.Avia.Freight.Domestic
A84: =$A$24 -> International - Intra-EEAwUK | B84: =[1]TrAvia_emi!B$12 -> 20.594764 | C84: =[1]TrAvia_emi!C$12 -> 21.335513 | D84: =[1]TrAvia_emi!D$12 -> 19.390542 | E84: =[1]TrAvia_emi!E$12 -> 14.726864 | F84: =[1]TrAvia_emi!F$12 -> 17.096537 | G84: =[1]TrAvia_emi!G$12 -> 21.084197 | H84: =[1]TrAvia_emi!H$12 -> 26.575395 | I84: =[1]TrAvia_emi!I$12 -> 25.575415 | ... W84: =[1]TrAvia_emi!W$12 -> 43.918022 | DA84: EMI.ktCO2.DK.Tr.Avia.Freight.IntraEEAwUK
A85: =$A$25 -> International - Extra-EEAwUK | B85: =[1]TrAvia_emi!B$13 -> 2.118639 | C85: =[1]TrAvia_emi!C$13 -> 2.2336051 | D85: =[1]TrAvia_emi!D$13 -> 2.5063911 | E85: =[1]TrAvia_emi!E$13 -> 2.890729 | F85: =[1]TrAvia_emi!F$13 -> 3.0165698 | G85: =[1]TrAvia_emi!G$13 -> 2.0818517 | H85: =[1]TrAvia_emi!H$13 -> 1.0494502 | I85: =[1]TrAvia_emi!I$13 -> 1.3121629 | ... W85: =[1]TrAvia_emi!W$13 -> 83.688112 | DA85: EMI.ktCO2.DK.Tr.Avia.Freight.ExtraEEAwUK
A86: Domestic navigation | B86: =B87+B88 -> 511.92234 | C86: =C87+C88 -> 530.90685 | D86: =D87+D88 -> 593.93934 | E86: =E87+E88 -> 587.71791 | F86: =F87+F88 -> 518.17932 | G86: =G87+G88 -> 600.56946 | H86: =H87+H88 -> 543.65175 | I86: =I87+I88 -> 474.13107 | ... W86: =W87+W88 -> 429.65278 | DA86: EMI.ktCO2.DK.Tr.DNavi
A87: =$A$27 -> Domestic coastal shipping | B87: =[1]TrNavi_emi!B$4 -> 511.92234 | C87: =[1]TrNavi_emi!C$4 -> 530.90685 | D87: =[1]TrNavi_emi!D$4 -> 593.93934 | E87: =[1]TrNavi_emi!E$4 -> 587.71791 | F87: =[1]TrNavi_emi!F$4 -> 518.17932 | G87: =[1]TrNavi_emi!G$4 -> 600.56946 | H87: =[1]TrNavi_emi!H$4 -> 543.65175 | I87: =[1]TrNavi_emi!I$4 -> 474.13107 | ... W87: =[1]TrNavi_emi!W$4 -> 429.65278 | DA87: EMI.ktCO2.DK.Tr.Dnavi.DCS
A88: =$A$28 -> Inland waterways | B88: =[1]TrNavi_emi!B$5 -> 0 | C88: =[1]TrNavi_emi!C$5 -> 0 | D88: =[1]TrNavi_emi!D$5 -> 0 | E88: =[1]TrNavi_emi!E$5 -> 0 | F88: =[1]TrNavi_emi!F$5 -> 0 | G88: =[1]TrNavi_emi!G$5 -> 0 | H88: =[1]TrNavi_emi!H$5 -> 0 | I88: =[1]TrNavi_emi!I$5 -> 0 | ... W88: =[1]TrNavi_emi!W$5 -> 0 | DA88: EMI.ktCO2.DK.Tr.Dnavi.IWW
A89: International maritime bunkers | B89: =B90+B91 -> 4126.9043 | C89: =C90+C91 -> 3427.6419 | D89: =D90+D91 -> 2814.3999 | E89: =E90+E91 -> 2961.9428 | F89: =F90+F91 -> 2409.5981 | G89: =G90+G91 -> 2461.9487 | H89: =H90+H91 -> 3254.4241 | I89: =I90+I91 -> 3411.1044 | ... W89: =W90+W91 -> 1490.5241 | DA89: EMI.ktCO2.DK.MBunk
A90: =$A$30 -> Intra-EEA | B90: =[1]MBunk_emi!B$4 -> 1744.3631 | C90: =[1]MBunk_emi!C$4 -> 1445.8565 | D90: =[1]MBunk_emi!D$4 -> 1209.6439 | E90: =[1]MBunk_emi!E$4 -> 1212.7954 | F90: =[1]MBunk_emi!F$4 -> 1061.3542 | G90: =[1]MBunk_emi!G$4 -> 1103.3608 | H90: =[1]MBunk_emi!H$4 -> 1318.1216 | I90: =[1]MBunk_emi!I$4 -> 1424.933 | ... W90: =[1]MBunk_emi!W$4 -> 542.63905 | DA90: EMI.ktCO2.DK.MBunk.IntraEEA
A91: =$A$31 -> Extra-EEA | B91: =[1]MBunk_emi!B$5 -> 2382.5412 | C91: =[1]MBunk_emi!C$5 -> 1981.7854 | D91: =[1]MBunk_emi!D$5 -> 1604.756 | E91: =[1]MBunk_emi!E$5 -> 1749.1474 | F91: =[1]MBunk_emi!F$5 -> 1348.2439 | G91: =[1]MBunk_emi!G$5 -> 1358.588 | H91: =[1]MBunk_emi!H$5 -> 1936.3024 | I91: =[1]MBunk_emi!I$5 -> 1986.1714 | ... W91: =[1]MBunk_emi!W$5 -> 947.8851 | DA91: EMI.ktCO2.DK.MBunk.ExtraEEA
A93: Indicators
A95: Market shares of activity
A96: Passenger transport (% of pkm) | B96: =IF(B4=0,0,B4/B$4) -> 1 | C96: =IF(C4=0,0,C4/C$4) -> 1 | D96: =IF(D4=0,0,D4/D$4) -> 1 | E96: =IF(E4=0,0,E4/E$4) -> 1 | F96: =IF(F4=0,0,F4/F$4) -> 1 | G96: =IF(G4=0,0,G4/G$4) -> 1 | H96: =IF(H4=0,0,H4/H$4) -> 1 | I96: =IF(I4=0,0,I4/I$4) -> 1 | ... W96: =IF(W4=0,0,W4/W$4) -> 1
A97: =$A$5 -> Road transport | B97: =IF(B5=0,0,B5/B$4) -> 0.7248068 | C97: =IF(C5=0,0,C5/C$4) -> 0.71405683 | D97: =IF(D5=0,0,D5/D$4) -> 0.71339468 | E97: =IF(E5=0,0,E5/E$4) -> 0.71729786 | F97: =IF(F5=0,0,F5/F$4) -> 0.70545274 | G97: =IF(G5=0,0,G5/G$4) -> 0.68978722 | H97: =IF(H5=0,0,H5/H$4) -> 0.68281851 | I97: =IF(I5=0,0,I5/I$4) -> 0.68574089 | ... W97: =IF(W5=0,0,W5/W$4) -> 0.82673674
A98: =$A$6 -> Powered two-wheelers | B98: =IF(B6=0,0,B6/B$4) -> 0.0076379869 | C98: =IF(C6=0,0,C6/C$4) -> 0.0072806429 | D98: =IF(D6=0,0,D6/D$4) -> 0.0075852954 | E98: =IF(E6=0,0,E6/E$4) -> 0.0076760344 | F98: =IF(F6=0,0,F6/F$4) -> 0.0074275648 | G98: =IF(G6=0,0,G6/G$4) -> 0.0075721062 | H98: =IF(H6=0,0,H6/H$4) -> 0.0079240087 | I98: =IF(I6=0,0,I6/I$4) -> 0.008377226 | ... W98: =IF(W6=0,0,W6/W$4) -> 0.0078778269
A99: =$A$7 -> Passenger cars | B99: =IF(B7=0,0,B7/B$4) -> 0.62549755 | C99: =IF(C7=0,0,C7/C$4) -> 0.61578583 | D99: =IF(D7=0,0,D7/D$4) -> 0.61507863 | E99: =IF(E7=0,0,E7/E$4) -> 0.61903657 | F99: =IF(F7=0,0,F7/F$4) -> 0.60995314 | G99: =IF(G7=0,0,G7/G$4) -> 0.59630157 | H99: =IF(H7=0,0,H7/H$4) -> 0.5909344 | I99: =IF(I7=0,0,I7/I$4) -> 0.59683718 | ... W99: =IF(W7=0,0,W7/W$4) -> 0.75676109
A100: =$A$8 -> Motor coaches, buses and trolley buses | B100: =IF(B8=0,0,B8/B$4) -> 0.09167126 | C100: =IF(C8=0,0,C8/C$4) -> 0.090990361 | D100: =IF(D8=0,0,D8/D$4) -> 0.090730752 | E100: =IF(E8=0,0,E8/E$4) -> 0.090585249 | F100: =IF(F8=0,0,F8/F$4) -> 0.088072036 | G100: =IF(G8=0,0,G8/G$4) -> 0.085913541 | H100: =IF(H8=0,0,H8/H$4) -> 0.083960104 | I100: =IF(I8=0,0,I8/I$4) -> 0.080526491 | ... W100: =IF(W8=0,0,W8/W$4) -> 0.062097829
A101: =$A$9 -> Rail, metro and tram | B101: =IF(B9=0,0,B9/B$4) -> 0.068425959 | C101: =IF(C9=0,0,C9/C$4) -> 0.070997798 | D101: =IF(D9=0,0,D9/D$4) -> 0.071564736 | E101: =IF(E9=0,0,E9/E$4) -> 0.073407436 | F101: =IF(F9=0,0,F9/F$4) -> 0.07328076 | G101: =IF(G9=0,0,G9/G$4) -> 0.073534034 | H101: =IF(H9=0,0,H9/H$4) -> 0.074676168 | I101: =IF(I9=0,0,I9/I$4) -> 0.074738466 | ... W101: =IF(W9=0,0,W9/W$4) -> 0.057961399
A102: =$A$10 -> Metro and tram, urban light rail | B102: =IF(B10=0,0,B10/B$4) -> 0 | C102: =IF(C10=0,0,C10/C$4) -> 0 | D102: =IF(D10=0,0,D10/D$4) -> 0.0001119365 | E102: =IF(E10=0,0,E10/E$4) -> 0.00083460007 | F102: =IF(F10=0,0,F10/F$4) -> 0.0015442768 | G102: =IF(G10=0,0,G10/G$4) -> 0.0019414135 | H102: =IF(H10=0,0,H10/H$4) -> 0.001952007 | I102: =IF(I10=0,0,I10/I$4) -> 0.0020822774 | ... W102: =IF(W10=0,0,W10/W$4) -> 0.0042520441
A103: =$A$11 -> Conventional passenger trains | B103: =IF(B11=0,0,B11/B$4) -> 0.068425959 | C103: =IF(C11=0,0,C11/C$4) -> 0.070997798 | D103: =IF(D11=0,0,D11/D$4) -> 0.071452799 | E103: =IF(E11=0,0,E11/E$4) -> 0.072572836 | F103: =IF(F11=0,0,F11/F$4) -> 0.071736483 | G103: =IF(G11=0,0,G11/G$4) -> 0.07159262 | H103: =IF(H11=0,0,H11/H$4) -> 0.072724162 | I103: =IF(I11=0,0,I11/I$4) -> 0.072656188 | ... W103: =IF(W11=0,0,W11/W$4) -> 0.053709355
A104: =$A$12 -> High speed passenger trains | B104: =IF(B12=0,0,B12/B$4) -> 0 | C104: =IF(C12=0,0,C12/C$4) -> 0 | D104: =IF(D12=0,0,D12/D$4) -> 0 | E104: =IF(E12=0,0,E12/E$4) -> 0 | F104: =IF(F12=0,0,F12/F$4) -> 0 | G104: =IF(G12=0,0,G12/G$4) -> 0 | H104: =IF(H12=0,0,H12/H$4) -> 0 | I104: =IF(I12=0,0,I12/I$4) -> 0 | ... W104: =IF(W12=0,0,W12/W$4) -> 0
A105: =$A$13 -> Aviation | B105: =IF(B13=0,0,B13/B$4) -> 0.20676724 | C105: =IF(C13=0,0,C13/C$4) -> 0.21494537 | D105: =IF(D13=0,0,D13/D$4) -> 0.21504058 | E105: =IF(E13=0,0,E13/E$4) -> 0.20929471 | F105: =IF(F13=0,0,F13/F$4) -> 0.2212665 | G105: =IF(G13=0,0,G13/G$4) -> 0.23667875 | H105: =IF(H13=0,0,H13/H$4) -> 0.24250532 | I105: =IF(I13=0,0,I13/I$4) -> 0.23952064 | ... W105: =IF(W13=0,0,W13/W$4) -> 0.11530186
...
