Workbook

Sheet cover
B6: JRC-IDEES-2021 - Integrated Database of the European Energy System
C10: Slovenia
C15: Energy balances
L28: Prepared by JRC C.6
L30: 45432.789
L31: v2021-1.00
B33: Legal Notice
B35: The information made available is property of the Joint Research Centre of the European Commission.
B36: Neither the European Commission nor any person acting on behalf of the Commission is responsible for the use which might be made of this information.
B38: Use conditions
B39: This work is licensed under
B40: CC BY 4.0

Sheet index
A1: Slovenia | B1: SI | C1: 2000 | D1: 2001 | E1: 2002 | F1: 2003 | G1: 2004 | H1: 2005 | I1: 2006 | J1: 2007 | K1: 2008 | L1: 2009 | M1: 2010 | N1: 2011 | O1: 2012 | P1: 2013 | Q1: 2014 | R1: 2015 | S1: 2016 | T1: 2017 | U1: 2018 | V1: 2019 | W1: 2020 | X1: 2021
B2: Click on the link to jump to the sheet
A3: Total | B3: ktoe
A4: Primary production | B4: =HYPERLINK("#"&CELL("address",PPRD!$X$2),"PPRD") -> PPRD | C4: =PPRD!C$2 -> 3198.523 | D4: =PPRD!D$2 -> 3352.0719 | E4: =PPRD!E$2 -> 3443.6553 | F4: =PPRD!F$2 -> 3404.5082 | G4: =PPRD!G$2 -> 3582.0497 | H4: =PPRD!H$2 -> 3730.6003 | I4: =PPRD!I$2 -> 3602.9948 | J4: =PPRD!J$2 -> 3704.6996 | ... X4: =PPRD!X$2 -> 3281.7735
A5: Recovered & recycled products | B5: =HYPERLINK("#"&CELL("address",RCV_RCY!$X$2),"RCV_RCY") -> RCV_RCY | C5: =RCV_RCY!C$2 -> 0 | D5: =RCV_RCY!D$2 -> 0 | E5: =RCV_RCY!E$2 -> 0 | F5: =RCV_RCY!F$2 -> 0 | G5: =RCV_RCY!G$2 -> 0 | H5: =RCV_RCY!H$2 -> 0 | I5: =RCV_RCY!I$2 -> 0 | J5: =RCV_RCY!J$2 -> 0 | ... X5: =RCV_RCY!X$2 -> 0
A6: Imports | B6: =HYPERLINK("#"&CELL("address",IMP!$X$2),"IMP") -> IMP | C6: =IMP!C$2 -> 4117.7063 | D6: =IMP!D$2 -> 3999.8991 | E6: =IMP!E$2 -> 4020.9839 | F6: =IMP!F$2 -> 4324.0187 | G6: =IMP!G$2 -> 4599.2665 | H6: =IMP!H$2 -> 4914.8116 | I6: =IMP!I$2 -> 4929.7571 | J6: =IMP!J$2 -> 4831.7623 | ... X6: =IMP!X$2 -> 5593.7935
A7: Exports | B7: =HYPERLINK("#"&CELL("address",EXP!$X$2),"EXP") -> EXP | C7: =EXP!C$2 -> 715.54712 | D7: =EXP!D$2 -> 586.56991 | E7: =EXP!E$2 -> 544.49475 | F7: =EXP!F$2 -> 598.5534 | G7: =EXP!G$2 -> 850.02683 | H7: =EXP!H$2 -> 1060.0506 | I7: =EXP!I$2 -> 1090.8564 | J7: =EXP!J$2 -> 941.76406 | ... X7: =EXP!X$2 -> 2370.2681
A8: Change in stock | B8: =HYPERLINK("#"&CELL("address",STK_CHG!$X$2),"STK_CHG") -> STK_CHG | C8: =STK_CHG!C$2 -> -39.445658 | D8: =STK_CHG!D$2 -> 209.0804 | E8: =STK_CHG!E$2 -> 67.929665 | F8: =STK_CHG!F$2 -> -29.421496 | G8: =STK_CHG!G$2 -> -34.092175 | H8: =STK_CHG!H$2 -> -1.0979364 | I8: =STK_CHG!I$2 -> 100.55305 | J8: =STK_CHG!J$2 -> 59.565778 | ... X8: =STK_CHG!X$2 -> 125.3988
A9: Gross available energy | B9: =HYPERLINK("#"&CELL("address",GAE!$X$2),"GAE") -> GAE | C9: =GAE!C$2 -> 6561.2365 | D9: =GAE!D$2 -> 6974.4815 | E9: =GAE!E$2 -> 6988.0741 | F9: =GAE!F$2 -> 7100.5519 | G9: =GAE!G$2 -> 7297.1972 | H9: =GAE!H$2 -> 7584.2634 | I9: =GAE!I$2 -> 7542.4486 | J9: =GAE!J$2 -> 7654.2635 | ... X9: =GAE!X$2 -> 6630.6977
A10: International maritime bunkers | B10: =HYPERLINK("#"&CELL("address",INTMARB!$X$2),"INTMARB") -> INTMARB | C10: =INTMARB!C$2 -> 0 | D10: =INTMARB!D$2 -> 0 | E10: =INTMARB!E$2 -> 0 | F10: =INTMARB!F$2 -> 0 | G10: =INTMARB!G$2 -> 0 | H10: =INTMARB!H$2 -> 21.228633 | I10: =INTMARB!I$2 -> 28.948151 | J10: =INTMARB!J$2 -> 48.192433 | ... X10: =INTMARB!X$2 -> 85.820722
A11: International Intra-EEA maritime bunkers | B11: =HYPERLINK("#"&CELL("address",INTMARB_IN!$X$2),"INTMARB_IN") -> INTMARB_IN | C11: =INTMARB_IN!C$2 -> 0 | D11: =INTMARB_IN!D$2 -> 0 | E11: =INTMARB_IN!E$2 -> 0 | F11: =INTMARB_IN!F$2 -> 0 | G11: =INTMARB_IN!G$2 -> 0 | H11: =INTMARB_IN!H$2 -> 7.4330211 | I11: =INTMARB_IN!I$2 -> 10.062368 | J11: =INTMARB_IN!J$2 -> 16.051288 | ... X11: =INTMARB_IN!X$2 -> 13.493166
A12: International Extra-EEA maritime bunkers | B12: =HYPERLINK("#"&CELL("address",INTMARB_EX!$X$2),"INTMARB_EX") -> INTMARB_EX | C12: =INTMARB_EX!C$2 -> 0 | D12: =INTMARB_EX!D$2 -> 0 | E12: =INTMARB_EX!E$2 -> 0 | F12: =INTMARB_EX!F$2 -> 0 | G12: =INTMARB_EX!G$2 -> 0 | H12: =INTMARB_EX!H$2 -> 13.795612 | I12: =INTMARB_EX!I$2 -> 18.885784 | J12: =INTMARB_EX!J$2 -> 32.141146 | ... X12: =INTMARB_EX!X$2 -> 72.327557
A13: Gross inland consumption | B13: =HYPERLINK("#"&CELL("address",GIC!$X$2),"GIC") -> GIC | C13: =GIC!C$2 -> 6561.2365 | D13: =GIC!D$2 -> 6974.4815 | E13: =GIC!E$2 -> 6988.0741 | F13: =GIC!F$2 -> 7100.5519 | G13: =GIC!G$2 -> 7297.1972 | H13: =GIC!H$2 -> 7563.0347 | I13: =GIC!I$2 -> 7513.5004 | J13: =GIC!J$2 -> 7606.0711 | ... X13: =GIC!X$2 -> 6544.877
A14: International aviation | B14: =HYPERLINK("#"&CELL("address",INTAVI!$X$2),"INTAVI") -> INTAVI | C14: =INTAVI!C$2 -> 25.27945 | D14: =INTAVI!D$2 -> 27.386071 | E14: =INTAVI!E$2 -> 29.492691 | F14: =INTAVI!F$2 -> 26.33276 | G14: =INTAVI!G$2 -> 20.012898 | H14: =INTAVI!H$2 -> 23.172829 | I14: =INTAVI!I$2 -> 25.27945 | J14: =INTAVI!J$2 -> 32.238005 | ... X14: =INTAVI!X$2 -> 10.692605
A15: International Intra-EEAwUK passenger aviation | B15: =HYPERLINK("#"&CELL("address",INTAVI_PA_IN!$X$2),"INTAVI_PA_IN") -> INTAVI_PA_IN | C15: =INTAVI_PA_IN!C$2 -> 14.640956 | D15: =INTAVI_PA_IN!D$2 -> 15.885905 | E15: =INTAVI_PA_IN!E$2 -> 17.126259 | F15: =INTAVI_PA_IN!F$2 -> 15.261154 | G15: =INTAVI_PA_IN!G$2 -> 11.538124 | H15: =INTAVI_PA_IN!H$2 -> 13.594441 | I15: =INTAVI_PA_IN!I$2 -> 15.182495 | J15: =INTAVI_PA_IN!J$2 -> 19.088977 | ... X15: =INTAVI_PA_IN!X$2 -> 5.5530045
A16: International Extra-EEAwUK passenger aviation | B16: =HYPERLINK("#"&CELL("address",INTAVI_PA_EX!$X$2),"INTAVI_PA_EX") -> INTAVI_PA_EX | C16: =INTAVI_PA_EX!C$2 -> 10.295875 | D16: =INTAVI_PA_EX!D$2 -> 11.17371 | E16: =INTAVI_PA_EX!E$2 -> 12.044101 | F16: =INTAVI_PA_EX!F$2 -> 10.731255 | G16: =INTAVI_PA_EX!G$2 -> 8.113584 | H16: =INTAVI_PA_EX!H$2 -> 9.2031448 | I16: =INTAVI_PA_EX!I$2 -> 9.6632201 | J16: =INTAVI_PA_EX!J$2 -> 11.91639 | ... X16: =INTAVI_PA_EX!X$2 -> 4.4971625
A17: International Intra-EEAwUK freight aviation | B17: =HYPERLINK("#"&CELL("address",INTAVI_FR_IN!$X$2),"INTAVI_FR_IN") -> INTAVI_FR_IN | C17: =INTAVI_FR_IN!C$2 -> 0.18124711 | D17: =INTAVI_FR_IN!D$2 -> 0.15689592 | E17: =INTAVI_FR_IN!E$2 -> 0.13662483 | F17: =INTAVI_FR_IN!F$2 -> 0.11495503 | G17: =INTAVI_FR_IN!G$2 -> 0.11319683 | H17: =INTAVI_FR_IN!H$2 -> 0.12919576 | I17: =INTAVI_FR_IN!I$2 -> 0.27570781 | J17: =INTAVI_FR_IN!J$2 -> 1.1227256 | ... X17: =INTAVI_FR_IN!X$2 -> 0.58976307
A18: International Extra-EEAwUK freight aviation | B18: =HYPERLINK("#"&CELL("address",INTAVI_FR_EX!$X$2),"INTAVI_FR_EX") -> INTAVI_FR_EX | C18: =INTAVI_FR_EX!C$2 -> 0.16137069 | D18: =INTAVI_FR_EX!D$2 -> 0.16955993 | E18: =INTAVI_FR_EX!E$2 -> 0.18570683 | F18: =INTAVI_FR_EX!F$2 -> 0.22539651 | G18: =INTAVI_FR_EX!G$2 -> 0.24799335 | H18: =INTAVI_FR_EX!H$2 -> 0.24604751 | I18: =INTAVI_FR_EX!I$2 -> 0.15802627 | J18: =INTAVI_FR_EX!J$2 -> 0.10991268 | ... X18: =INTAVI_FR_EX!X$2 -> 0.052675241
A19: Total energy supply | B19: =HYPERLINK("#"&CELL("address",NRGSUP!$X$2),"NRGSUP") -> NRGSUP | C19: =NRGSUP!C$2 -> 6535.9571 | D19: =NRGSUP!D$2 -> 6947.0954 | E19: =NRGSUP!E$2 -> 6958.5814 | F19: =NRGSUP!F$2 -> 7074.2192 | G19: =NRGSUP!G$2 -> 7277.1843 | H19: =NRGSUP!H$2 -> 7539.8619 | I19: =NRGSUP!I$2 -> 7488.221 | J19: =NRGSUP!J$2 -> 7573.8331 | ... X19: =NRGSUP!X$2 -> 6534.1844
A20: Gross inland consumption (Europe 2020-2030) | B20: =HYPERLINK("#"&CELL("address",'GIC2020-2030'!$X$2),"GIC2020-2030") -> GIC2020-2030 | C20: ='GIC2020-2030'!C$2 -> 6560.5806 | D20: ='GIC2020-2030'!D$2 -> 6973.7357 | E20: ='GIC2020-2030'!E$2 -> 6987.2775 | F20: ='GIC2020-2030'!F$2 -> 7099.4755 | G20: ='GIC2020-2030'!G$2 -> 7295.5968 | H20: ='GIC2020-2030'!H$2 -> 7560.6531 | I20: ='GIC2020-2030'!I$2 -> 7510.4127 | J20: ='GIC2020-2030'!J$2 -> 7602.1524 | ... X20: ='GIC2020-2030'!X$2 -> 6486.5443
A21: Primary energy consumption (Europe 2020-2030) | B21: =HYPERLINK("#"&CELL("address",'PEC2020-2030'!$X$2),"PEC2020-2030") -> PEC2020-2030 | C21: ='PEC2020-2030'!C$2 -> 6320.4163 | D21: ='PEC2020-2030'!D$2 -> 6740.7463 | E21: ='PEC2020-2030'!E$2 -> 6771.5158 | F21: ='PEC2020-2030'!F$2 -> 6829.2353 | G21: ='PEC2020-2030'!G$2 -> 6988.5511 | H21: ='PEC2020-2030'!H$2 -> 7249.8016 | I21: ='PEC2020-2030'!I$2 -> 7190.7279 | J21: ='PEC2020-2030'!J$2 -> 7282.9143 | ... X21: ='PEC2020-2030'!X$2 -> 6334.7872
A22: Final energy consumption (Europe 2020-2030) | B22: =HYPERLINK("#"&CELL("address",'FEC2020-2030'!$X$2),"FEC2020-2030") -> FEC2020-2030 | C22: ='FEC2020-2030'!C$2 -> 4567.1107 | D22: ='FEC2020-2030'!D$2 -> 4808.2666 | E22: ='FEC2020-2030'!E$2 -> 4704.1124 | F22: ='FEC2020-2030'!F$2 -> 4861.2788 | G22: ='FEC2020-2030'!G$2 -> 4952.3023 | H22: ='FEC2020-2030'!H$2 -> 5131.6888 | I22: ='FEC2020-2030'!I$2 -> 5121.139 | J22: ='FEC2020-2030'!J$2 -> 5144.5893 | ... X22: ='FEC2020-2030'!X$2 -> 4719.9817
A23: Transformation input | B23: =HYPERLINK("#"&CELL("address",TI_E!$X$2),"TI_E") -> TI_E | C23: =TI_E!C$2 -> 3107.2724 | D23: =TI_E!D$2 -> 3174.9431 | E23: =TI_E!E$2 -> 3350.6118 | F23: =TI_E!F$2 -> 3170.9168 | G23: =TI_E!G$2 -> 3345.1673 | H23: =TI_E!H$2 -> 3412.7212 | I23: =TI_E!I$2 -> 3369.2833 | J23: =TI_E!J$2 -> 3418.1211 | ... X23: =TI_E!X$2 -> 3100.9864
A24: Electricity & heat generation | B24: =HYPERLINK("#"&CELL("address",TI_EHG_E!$X$2),"TI_EHG_E") -> TI_EHG_E | C24: =TI_EHG_E!C$2 -> 2939.316 | D24: =TI_EHG_E!D$2 -> 3174.9431 | E24: =TI_EHG_E!E$2 -> 3350.6118 | F24: =TI_EHG_E!F$2 -> 3170.9168 | G24: =TI_EHG_E!G$2 -> 3345.1673 | H24: =TI_EHG_E!H$2 -> 3412.7212 | I24: =TI_EHG_E!I$2 -> 3364.8766 | J24: =TI_EHG_E!J$2 -> 3404.9009 | ... X24: =TI_EHG_E!X$2 -> 3006.2844
A25: Electricity only | B25: =HYPERLINK("#"&CELL("address",TI_EHG_E_E!$X$2),"TI_EHG_E_E") -> TI_EHG_E_E | C25: =TI_EHG_E_E!C$2 -> 1704.3761 | D25: =TI_EHG_E_E!D$2 -> 1860.031 | E25: =TI_EHG_E_E!E$2 -> 1886.9182 | F25: =TI_EHG_E_E!F$2 -> 1788.882 | G25: =TI_EHG_E_E!G$2 -> 1925.2942 | H25: =TI_EHG_E_E!H$2 -> 1977.1441 | I25: =TI_EHG_E_E!I$2 -> 1928.9709 | J25: =TI_EHG_E_E!J$2 -> 1939.1366 | ... X25: =TI_EHG_E_E!X$2 -> 1816.6414
A26: CHP | B26: =HYPERLINK("#"&CELL("address",TI_EHG_CHP_E!$X$2),"TI_EHG_CHP_E") -> TI_EHG_CHP_E | C26: =TI_EHG_CHP_E!C$2 -> 1155.2322 | D26: =TI_EHG_CHP_E!D$2 -> 1239.1263 | E26: =TI_EHG_CHP_E!E$2 -> 1384.275 | F26: =TI_EHG_CHP_E!F$2 -> 1295.8024 | G26: =TI_EHG_CHP_E!G$2 -> 1340.3913 | H26: =TI_EHG_CHP_E!H$2 -> 1346.2164 | I26: =TI_EHG_CHP_E!I$2 -> 1362.1504 | J26: =TI_EHG_CHP_E!J$2 -> 1410.6801 | ... X26: =TI_EHG_CHP_E!X$2 -> 1087.7917
A27: Heat only | B27: =HYPERLINK("#"&CELL("address",TI_EHG_H_E!$X$2),"TI_EHG_H_E") -> TI_EHG_H_E | C27: =TI_EHG_H_E!C$2 -> 79.707653 | D27: =TI_EHG_H_E!D$2 -> 75.785813 | E27: =TI_EHG_H_E!E$2 -> 79.418573 | F27: =TI_EHG_H_E!F$2 -> 86.232416 | G27: =TI_EHG_H_E!G$2 -> 79.481857 | H27: =TI_EHG_H_E!H$2 -> 89.360791 | I27: =TI_EHG_H_E!I$2 -> 73.755374 | J27: =TI_EHG_H_E!J$2 -> 55.084265 | ... X27: =TI_EHG_H_E!X$2 -> 68.259587
A28: Electrically driven heat pumps | B28: =HYPERLINK("#"&CELL("address",TI_EHG_EDHP!$X$2),"TI_EHG_EDHP") -> TI_EHG_EDHP | C28: =TI_EHG_EDHP!C$2 -> 0 | D28: =TI_EHG_EDHP!D$2 -> 0 | E28: =TI_EHG_EDHP!E$2 -> 0 | F28: =TI_EHG_EDHP!F$2 -> 0 | G28: =TI_EHG_EDHP!G$2 -> 0 | H28: =TI_EHG_EDHP!H$2 -> 0 | I28: =TI_EHG_EDHP!I$2 -> 0 | J28: =TI_EHG_EDHP!J$2 -> 0 | ... X28: =TI_EHG_EDHP!X$2 -> 0
A29: Electric boilers | B29: =HYPERLINK("#"&CELL("address",TI_EHG_EB!$X$2),"TI_EHG_EB") -> TI_EHG_EB | C29: =TI_EHG_EB!C$2 -> 0 | D29: =TI_EHG_EB!D$2 -> 0 | E29: =TI_EHG_EB!E$2 -> 0 | F29: =TI_EHG_EB!F$2 -> 0 | G29: =TI_EHG_EB!G$2 -> 0 | H29: =TI_EHG_EB!H$2 -> 0 | I29: =TI_EHG_EB!I$2 -> 0 | J29: =TI_EHG_EB!J$2 -> 0 | ... X29: =TI_EHG_EB!X$2 -> 0
A30: Electricity for pumped storage | B30: =HYPERLINK("#"&CELL("address",TI_EHG_EPS!$X$2),"TI_EHG_EPS") -> TI_EHG_EPS | C30: =TI_EHG_EPS!C$2 -> 0 | D30: =TI_EHG_EPS!D$2 -> 0 | E30: =TI_EHG_EPS!E$2 -> 0 | F30: =TI_EHG_EPS!F$2 -> 0 | G30: =TI_EHG_EPS!G$2 -> 0 | H30: =TI_EHG_EPS!H$2 -> 0 | I30: =TI_EHG_EPS!I$2 -> 0 | J30: =TI_EHG_EPS!J$2 -> 0 | ... X30: =TI_EHG_EPS!X$2 -> 33.591745
A31: Derived heat for electricity production | B31: =HYPERLINK("#"&CELL("address",TI_EHG_DHEP!$X$2),"TI_EHG_DHEP") -> TI_EHG_DHEP | C31: =TI_EHG_DHEP!C$2 -> 0 | D31: =TI_EHG_DHEP!D$2 -> 0 | E31: =TI_EHG_DHEP!E$2 -> 0 | F31: =TI_EHG_DHEP!F$2 -> 0 | G31: =TI_EHG_DHEP!G$2 -> 0 | H31: =TI_EHG_DHEP!H$2 -> 0 | I31: =TI_EHG_DHEP!I$2 -> 0 | J31: =TI_EHG_DHEP!J$2 -> 0 | ... X31: =TI_EHG_DHEP!X$2 -> 0
A32: Coke ovens | B32: =HYPERLINK("#"&CELL("address",TI_CO_E!$X$2),"TI_CO_E") -> TI_CO_E | C32: =TI_CO_E!C$2 -> 0 | D32: =TI_CO_E!D$2 -> 0 | E32: =TI_CO_E!E$2 -> 0 | F32: =TI_CO_E!F$2 -> 0 | G32: =TI_CO_E!G$2 -> 0 | H32: =TI_CO_E!H$2 -> 0 | I32: =TI_CO_E!I$2 -> 0 | J32: =TI_CO_E!J$2 -> 0 | ... X32: =TI_CO_E!X$2 -> 0
A33: Blast furnaces | B33: =HYPERLINK("#"&CELL("address",TI_BF_E!$X$2),"TI_BF_E") -> TI_BF_E | C33: =TI_BF_E!C$2 -> 0 | D33: =TI_BF_E!D$2 -> 0 | E33: =TI_BF_E!E$2 -> 0 | F33: =TI_BF_E!F$2 -> 0 | G33: =TI_BF_E!G$2 -> 0 | H33: =TI_BF_E!H$2 -> 0 | I33: =TI_BF_E!I$2 -> 0 | J33: =TI_BF_E!J$2 -> 0 | ... X33: =TI_BF_E!X$2 -> 0
A34: Gas works | B34: =HYPERLINK("#"&CELL("address",TI_GW_E!$X$2),"TI_GW_E") -> TI_GW_E | C34: =TI_GW_E!C$2 -> 0 | D34: =TI_GW_E!D$2 -> 0 | E34: =TI_GW_E!E$2 -> 0 | F34: =TI_GW_E!F$2 -> 0 | G34: =TI_GW_E!G$2 -> 0 | H34: =TI_GW_E!H$2 -> 0 | I34: =TI_GW_E!I$2 -> 0 | J34: =TI_GW_E!J$2 -> 0 | ... X34: =TI_GW_E!X$2 -> 0
A35: Refineries & petrochemical industry | B35: =HYPERLINK("#"&CELL("address",TI_RPI_E!$X$2),"TI_RPI_E") -> TI_RPI_E | C35: =TI_RPI_E!C$2 -> 167.95641 | D35: =TI_RPI_E!D$2 -> 0 | E35: =TI_RPI_E!E$2 -> 0 | F35: =TI_RPI_E!F$2 -> 0 | G35: =TI_RPI_E!G$2 -> 0 | H35: =TI_RPI_E!H$2 -> 0 | I35: =TI_RPI_E!I$2 -> 0 | J35: =TI_RPI_E!J$2 -> 0 | ... X35: =TI_RPI_E!X$2 -> 0
A36: Refinery intake | B36: =HYPERLINK("#"&CELL("address",TI_RPI_RI_E!$X$2),"TI_RPI_RI_E") -> TI_RPI_RI_E | C36: =TI_RPI_RI_E!C$2 -> 167.95641 | D36: =TI_RPI_RI_E!D$2 -> 0 | E36: =TI_RPI_RI_E!E$2 -> 0 | F36: =TI_RPI_RI_E!F$2 -> 0 | G36: =TI_RPI_RI_E!G$2 -> 0 | H36: =TI_RPI_RI_E!H$2 -> 0 | I36: =TI_RPI_RI_E!I$2 -> 0 | J36: =TI_RPI_RI_E!J$2 -> 0 | ... X36: =TI_RPI_RI_E!X$2 -> 0
A37: Backflows from petrochemical industry | B37: =HYPERLINK("#"&CELL("address",TI_RPI_BPI_E!$X$2),"TI_RPI_BPI_E") -> TI_RPI_BPI_E | C37: =TI_RPI_BPI_E!C$2 -> 0 | D37: =TI_RPI_BPI_E!D$2 -> 0 | E37: =TI_RPI_BPI_E!E$2 -> 0 | F37: =TI_RPI_BPI_E!F$2 -> 0 | G37: =TI_RPI_BPI_E!G$2 -> 0 | H37: =TI_RPI_BPI_E!H$2 -> 0 | I37: =TI_RPI_BPI_E!I$2 -> 0 | J37: =TI_RPI_BPI_E!J$2 -> 0 | ... X37: =TI_RPI_BPI_E!X$2 -> 0
A38: Products transferred | B38: =HYPERLINK("#"&CELL("address",TI_RPI_PT_E!$X$2),"TI_RPI_PT_E") -> TI_RPI_PT_E | C38: =TI_RPI_PT_E!C$2 -> 0 | D38: =TI_RPI_PT_E!D$2 -> 0 | E38: =TI_RPI_PT_E!E$2 -> 0 | F38: =TI_RPI_PT_E!F$2 -> 0 | G38: =TI_RPI_PT_E!G$2 -> 0 | H38: =TI_RPI_PT_E!H$2 -> 0 | I38: =TI_RPI_PT_E!I$2 -> 0 | J38: =TI_RPI_PT_E!J$2 -> 0 | ... X38: =TI_RPI_PT_E!X$2 -> 0
A39: Interproduct transfers | B39: =HYPERLINK("#"&CELL("address",TI_RPI_IT_E!$X$2),"TI_RPI_IT_E") -> TI_RPI_IT_E | C39: =TI_RPI_IT_E!C$2 -> 0 | D39: =TI_RPI_IT_E!D$2 -> 0 | E39: =TI_RPI_IT_E!E$2 -> 0 | F39: =TI_RPI_IT_E!F$2 -> 0 | G39: =TI_RPI_IT_E!G$2 -> 0 | H39: =TI_RPI_IT_E!H$2 -> 0 | I39: =TI_RPI_IT_E!I$2 -> 0 | J39: =TI_RPI_IT_E!J$2 -> 0 | ... X39: =TI_RPI_IT_E!X$2 -> 0
A40: Direct use | B40: =HYPERLINK("#"&CELL("address",TI_RPI_DU_E!$X$2),"TI_RPI_DU_E") -> TI_RPI_DU_E | C40: =TI_RPI_DU_E!C$2 -> 0 | D40: =TI_RPI_DU_E!D$2 -> 0 | E40: =TI_RPI_DU_E!E$2 -> 0 | F40: =TI_RPI_DU_E!F$2 -> 0 | G40: =TI_RPI_DU_E!G$2 -> 0 | H40: =TI_RPI_DU_E!H$2 -> 0 | I40: =TI_RPI_DU_E!I$2 -> 0 | J40: =TI_RPI_DU_E!J$2 -> 0 | ... X40: =TI_RPI_DU_E!X$2 -> 0
A41: Petrochemical industry intake | B41: =HYPERLINK("#"&CELL("address",TI_RPI_PII_E!$X$2),"TI_RPI_PII_E") -> TI_RPI_PII_E | C41: =TI_RPI_PII_E!C$2 -> 0 | D41: =TI_RPI_PII_E!D$2 -> 0 | E41: =TI_RPI_PII_E!E$2 -> 0 | F41: =TI_RPI_PII_E!F$2 -> 0 | G41: =TI_RPI_PII_E!G$2 -> 0 | H41: =TI_RPI_PII_E!H$2 -> 0 | I41: =TI_RPI_PII_E!I$2 -> 0 | J41: =TI_RPI_PII_E!J$2 -> 0 | ... X41: =TI_RPI_PII_E!X$2 -> 0
A42: Patent fuel plants | B42: =HYPERLINK("#"&CELL("address",TI_PF_E!$X$2),"TI_PF_E") -> TI_PF_E | C42: =TI_PF_E!C$2 -> 0 | D42: =TI_PF_E!D$2 -> 0 | E42: =TI_PF_E!E$2 -> 0 | F42: =TI_PF_E!F$2 -> 0 | G42: =TI_PF_E!G$2 -> 0 | H42: =TI_PF_E!H$2 -> 0 | I42: =TI_PF_E!I$2 -> 0 | J42: =TI_PF_E!J$2 -> 0 | ... X42: =TI_PF_E!X$2 -> 0
A43: BKB & PB plants | B43: =HYPERLINK("#"&CELL("address",TI_BKBPB_E!$X$2),"TI_BKBPB_E") -> TI_BKBPB_E | C43: =TI_BKBPB_E!C$2 -> 0 | D43: =TI_BKBPB_E!D$2 -> 0 | E43: =TI_BKBPB_E!E$2 -> 0 | F43: =TI_BKBPB_E!F$2 -> 0 | G43: =TI_BKBPB_E!G$2 -> 0 | H43: =TI_BKBPB_E!H$2 -> 0 | I43: =TI_BKBPB_E!I$2 -> 0 | J43: =TI_BKBPB_E!J$2 -> 0 | ... X43: =TI_BKBPB_E!X$2 -> 0
A44: Coal liquefaction plants | B44: =HYPERLINK("#"&CELL("address",TI_CL_E!$X$2),"TI_CL_E") -> TI_CL_E | C44: =TI_CL_E!C$2 -> 0 | D44: =TI_CL_E!D$2 -> 0 | E44: =TI_CL_E!E$2 -> 0 | F44: =TI_CL_E!F$2 -> 0 | G44: =TI_CL_E!G$2 -> 0 | H44: =TI_CL_E!H$2 -> 0 | I44: =TI_CL_E!I$2 -> 0 | J44: =TI_CL_E!J$2 -> 0 | ... X44: =TI_CL_E!X$2 -> 0
A45: For blended natural gas | B45: =HYPERLINK("#"&CELL("address",TI_BNG_E!$X$2),"TI_BNG_E") -> TI_BNG_E | C45: =TI_BNG_E!C$2 -> 0 | D45: =TI_BNG_E!D$2 -> 0 | E45: =TI_BNG_E!E$2 -> 0 | F45: =TI_BNG_E!F$2 -> 0 | G45: =TI_BNG_E!G$2 -> 0 | H45: =TI_BNG_E!H$2 -> 0 | I45: =TI_BNG_E!I$2 -> 0 | J45: =TI_BNG_E!J$2 -> 0 | ... X45: =TI_BNG_E!X$2 -> 0
A46: Liquid biofuels blended | B46: =HYPERLINK("#"&CELL("address",TI_LBB_E!$X$2),"TI_LBB_E") -> TI_LBB_E | C46: =TI_LBB_E!C$2 -> 0 | D46: =TI_LBB_E!D$2 -> 0 | E46: =TI_LBB_E!E$2 -> 0 | F46: =TI_LBB_E!F$2 -> 0 | G46: =TI_LBB_E!G$2 -> 0 | H46: =TI_LBB_E!H$2 -> 0 | I46: =TI_LBB_E!I$2 -> 4.4067068 | J46: =TI_LBB_E!J$2 -> 13.22012 | ... X46: =TI_LBB_E!X$2 -> 94.702064
A47: Charcoal production plants | B47: =HYPERLINK("#"&CELL("address",TI_CPP_E!$X$2),"TI_CPP_E") -> TI_CPP_E | C47: =TI_CPP_E!C$2 -> 0 | D47: =TI_CPP_E!D$2 -> 0 | E47: =TI_CPP_E!E$2 -> 0 | F47: =TI_CPP_E!F$2 -> 0 | G47: =TI_CPP_E!G$2 -> 0 | H47: =TI_CPP_E!H$2 -> 0 | I47: =TI_CPP_E!I$2 -> 0 | J47: =TI_CPP_E!J$2 -> 0 | ... X47: =TI_CPP_E!X$2 -> 0
A48: Gas-to-liquids plants | B48: =HYPERLINK("#"&CELL("address",TI_GTL_E!$X$2),"TI_GTL_E") -> TI_GTL_E | C48: =TI_GTL_E!C$2 -> 0 | D48: =TI_GTL_E!D$2 -> 0 | E48: =TI_GTL_E!E$2 -> 0 | F48: =TI_GTL_E!F$2 -> 0 | G48: =TI_GTL_E!G$2 -> 0 | H48: =TI_GTL_E!H$2 -> 0 | I48: =TI_GTL_E!I$2 -> 0 | J48: =TI_GTL_E!J$2 -> 0 | ... X48: =TI_GTL_E!X$2 -> 0
A49: Not elsewhere specified | B49: =HYPERLINK("#"&CELL("address",TI_NSP_E!$X$2),"TI_NSP_E") -> TI_NSP_E | C49: =TI_NSP_E!C$2 -> 0 | D49: =TI_NSP_E!D$2 -> 0 | E49: =TI_NSP_E!E$2 -> 0 | F49: =TI_NSP_E!F$2 -> 0 | G49: =TI_NSP_E!G$2 -> 0 | H49: =TI_NSP_E!H$2 -> 0 | I49: =TI_NSP_E!I$2 -> 0 | J49: =TI_NSP_E!J$2 -> 0 | ... X49: =TI_NSP_E!X$2 -> 0
A50: Transformation output | B50: =HYPERLINK("#"&CELL("address",TO!$X$2),"TO") -> TO | C50: =TO!C$2 -> 1561.7733 | D50: =TO!D$2 -> 1462.4625 | E50: =TO!E$2 -> 1462.7645 | F50: =TO!F$2 -> 1411.9758 | G50: =TO!G$2 -> 1540.7105 | H50: =TO!H$2 -> 1536.9695 | I50: =TO!I$2 -> 1529.6417 | J50: =TO!J$2 -> 1513.8073 | ... X50: =TO!X$2 -> 1674.448
A51: Electricity & heat generation TO | B51: =HYPERLINK("#"&CELL("address",TO_EHG!$X$2),"TO_EHG") -> TO_EHG | C51: =TO_EHG!C$2 -> 1390.5614 | D51: =TO_EHG!D$2 -> 1462.4625 | E51: =TO_EHG!E$2 -> 1462.7645 | F51: =TO_EHG!F$2 -> 1411.9758 | G51: =TO_EHG!G$2 -> 1540.7105 | H51: =TO_EHG!H$2 -> 1536.9695 | I51: =TO_EHG!I$2 -> 1525.235 | J51: =TO_EHG!J$2 -> 1500.5872 | ... X51: =TO_EHG!X$2 -> 1579.7459
A52: Electricity only | B52: =HYPERLINK("#"&CELL("address",TO_EHG_E!$X$2),"TO_EHG_E") -> TO_EHG_E | C52: =TO_EHG_E!C$2 -> 795.0319 | D52: =TO_EHG_E!D$2 -> 840.57347 | E52: =TO_EHG_E!E$2 -> 823.17085 | F52: =TO_EHG_E!F$2 -> 771.02469 | G52: =TO_EHG_E!G$2 -> 881.60463 | H52: =TO_EHG_E!H$2 -> 861.45748 | I52: =TO_EHG_E!I$2 -> 847.90549 | J52: =TO_EHG_E!J$2 -> 838.25344 | ... X52: =TO_EHG_E!X$2 -> 942.40643
A53: CHP | B53: =HYPERLINK("#"&CELL("address",TO_EHG_CHP!$X$2),"TO_EHG_CHP") -> TO_EHG_CHP | C53: =TO_EHG_CHP!C$2 -> 526.62841 | D53: =TO_EHG_CHP!D$2 -> 552.57408 | E53: =TO_EHG_CHP!E$2 -> 576.4251 | F53: =TO_EHG_CHP!F$2 -> 570.69373 | G53: =TO_EHG_CHP!G$2 -> 589.62549 | H53: =TO_EHG_CHP!H$2 -> 605.08511 | I53: =TO_EHG_CHP!I$2 -> 615.92128 | J53: =TO_EHG_CHP!J$2 -> 614.90582 | ... X53: =TO_EHG_CHP!X$2 -> 563.70439
A54: Heat only | B54: =HYPERLINK("#"&CELL("address",TO_EHG_H!$X$2),"TO_EHG_H") -> TO_EHG_H | C54: =TO_EHG_H!C$2 -> 68.901079 | D54: =TO_EHG_H!D$2 -> 69.314961 | E54: =TO_EHG_H!E$2 -> 63.168541 | F54: =TO_EHG_H!F$2 -> 70.257422 | G54: =TO_EHG_H!G$2 -> 69.480367 | H54: =TO_EHG_H!H$2 -> 70.426878 | I54: =TO_EHG_H!I$2 -> 61.408229 | J54: =TO_EHG_H!J$2 -> 47.427927 | ... X54: =TO_EHG_H!X$2 -> 49.167681
A55: Electrically driven heat pumps | B55: =HYPERLINK("#"&CELL("address",TO_EHG_EDHP!$X$2),"TO_EHG_EDHP") -> TO_EHG_EDHP | C55: =TO_EHG_EDHP!C$2 -> 0 | D55: =TO_EHG_EDHP!D$2 -> 0 | E55: =TO_EHG_EDHP!E$2 -> 0 | F55: =TO_EHG_EDHP!F$2 -> 0 | G55: =TO_EHG_EDHP!G$2 -> 0 | H55: =TO_EHG_EDHP!H$2 -> 0 | I55: =TO_EHG_EDHP!I$2 -> 0 | J55: =TO_EHG_EDHP!J$2 -> 0 | ... X55: =TO_EHG_EDHP!X$2 -> 0
A56: Electric boilers | B56: =HYPERLINK("#"&CELL("address",TO_EHG_EB!$X$2),"TO_EHG_EB") -> TO_EHG_EB | C56: =TO_EHG_EB!C$2 -> 0 | D56: =TO_EHG_EB!D$2 -> 0 | E56: =TO_EHG_EB!E$2 -> 0 | F56: =TO_EHG_EB!F$2 -> 0 | G56: =TO_EHG_EB!G$2 -> 0 | H56: =TO_EHG_EB!H$2 -> 0 | I56: =TO_EHG_EB!I$2 -> 0 | J56: =TO_EHG_EB!J$2 -> 0 | ... X56: =TO_EHG_EB!X$2 -> 0
A57: Pumped hydro | B57: =HYPERLINK("#"&CELL("address",TO_EHG_PH!$X$2),"TO_EHG_PH") -> TO_EHG_PH | C57: =TO_EHG_PH!C$2 -> 0 | D57: =TO_EHG_PH!D$2 -> 0 | E57: =TO_EHG_PH!E$2 -> 0 | F57: =TO_EHG_PH!F$2 -> 0 | G57: =TO_EHG_PH!G$2 -> 0 | H57: =TO_EHG_PH!H$2 -> 0 | I57: =TO_EHG_PH!I$2 -> 0 | J57: =TO_EHG_PH!J$2 -> 0 | ... X57: =TO_EHG_PH!X$2 -> 24.467412
A58: Coke ovens | B58: =HYPERLINK("#"&CELL("address",TO_CO!$X$2),"TO_CO") -> TO_CO | C58: =TO_CO!C$2 -> 0 | D58: =TO_CO!D$2 -> 0 | E58: =TO_CO!E$2 -> 0 | F58: =TO_CO!F$2 -> 0 | G58: =TO_CO!G$2 -> 0 | H58: =TO_CO!H$2 -> 0 | I58: =TO_CO!I$2 -> 0 | J58: =TO_CO!J$2 -> 0 | ... X58: =TO_CO!X$2 -> 0
A59: Blast furnaces | B59: =HYPERLINK("#"&CELL("address",TO_BF!$X$2),"TO_BF") -> TO_BF | C59: =TO_BF!C$2 -> 0 | D59: =TO_BF!D$2 -> 0 | E59: =TO_BF!E$2 -> 0 | F59: =TO_BF!F$2 -> 0 | G59: =TO_BF!G$2 -> 0 | H59: =TO_BF!H$2 -> 0 | I59: =TO_BF!I$2 -> 0 | J59: =TO_BF!J$2 -> 0 | ... X59: =TO_BF!X$2 -> 0
A60: Gas works | B60: =HYPERLINK("#"&CELL("address",TO_GW!$X$2),"TO_GW") -> TO_GW | C60: =TO_GW!C$2 -> 0 | D60: =TO_GW!D$2 -> 0 | E60: =TO_GW!E$2 -> 0 | F60: =TO_GW!F$2 -> 0 | G60: =TO_GW!G$2 -> 0 | H60: =TO_GW!H$2 -> 0 | I60: =TO_GW!I$2 -> 0 | J60: =TO_GW!J$2 -> 0 | ... X60: =TO_GW!X$2 -> 0
A61: Refineries & petrochemical industry | B61: =HYPERLINK("#"&CELL("address",TO_RPI!$X$2),"TO_RPI") -> TO_RPI | C61: =TO_RPI!C$2 -> 171.21187 | D61: =TO_RPI!D$2 -> 0 | E61: =TO_RPI!E$2 -> 0 | F61: =TO_RPI!F$2 -> 0 | G61: =TO_RPI!G$2 -> 0 | H61: =TO_RPI!H$2 -> 0 | I61: =TO_RPI!I$2 -> 0 | J61: =TO_RPI!J$2 -> 0 | ... X61: =TO_RPI!X$2 -> 0
A62: Refinery output | B62: =HYPERLINK("#"&CELL("address",TO_RPI_RO!$X$2),"TO_RPI_RO") -> TO_RPI_RO | C62: =TO_RPI_RO!C$2 -> 171.21187 | D62: =TO_RPI_RO!D$2 -> 0 | E62: =TO_RPI_RO!E$2 -> 0 | F62: =TO_RPI_RO!F$2 -> 0 | G62: =TO_RPI_RO!G$2 -> 0 | H62: =TO_RPI_RO!H$2 -> 0 | I62: =TO_RPI_RO!I$2 -> 0 | J62: =TO_RPI_RO!J$2 -> 0 | ... X62: =TO_RPI_RO!X$2 -> 0
A63: Backflows | B63: =HYPERLINK("#"&CELL("address",TO_RPI_BKFLOW!$X$2),"TO_RPI_BKFLOW") -> TO_RPI_BKFLOW | C63: =TO_RPI_BKFLOW!C$2 -> 0 | D63: =TO_RPI_BKFLOW!D$2 -> 0 | E63: =TO_RPI_BKFLOW!E$2 -> 0 | F63: =TO_RPI_BKFLOW!F$2 -> 0 | G63: =TO_RPI_BKFLOW!G$2 -> 0 | H63: =TO_RPI_BKFLOW!H$2 -> 0 | I63: =TO_RPI_BKFLOW!I$2 -> 0 | J63: =TO_RPI_BKFLOW!J$2 -> 0 | ... X63: =TO_RPI_BKFLOW!X$2 -> 0
A64: Products transferred | B64: =HYPERLINK("#"&CELL("address",TO_RPI_PT!$X$2),"TO_RPI_PT") -> TO_RPI_PT | C64: =TO_RPI_PT!C$2 -> 0 | D64: =TO_RPI_PT!D$2 -> 0 | E64: =TO_RPI_PT!E$2 -> 0 | F64: =TO_RPI_PT!F$2 -> 0 | G64: =TO_RPI_PT!G$2 -> 0 | H64: =TO_RPI_PT!H$2 -> 0 | I64: =TO_RPI_PT!I$2 -> 0 | J64: =TO_RPI_PT!J$2 -> 0 | ... X64: =TO_RPI_PT!X$2 -> 0
A65: Interproduct transfers | B65: =HYPERLINK("#"&CELL("address",TO_RPI_IT!$X$2),"TO_RPI_IT") -> TO_RPI_IT | C65: =TO_RPI_IT!C$2 -> 0 | D65: =TO_RPI_IT!D$2 -> 0 | E65: =TO_RPI_IT!E$2 -> 0 | F65: =TO_RPI_IT!F$2 -> 0 | G65: =TO_RPI_IT!G$2 -> 0 | H65: =TO_RPI_IT!H$2 -> 0 | I65: =TO_RPI_IT!I$2 -> 0 | J65: =TO_RPI_IT!J$2 -> 0 | ... X65: =TO_RPI_IT!X$2 -> 0
A66: Primary product receipts | B66: =HYPERLINK("#"&CELL("address",TO_RPI_PPR!$X$2),"TO_RPI_PPR") -> TO_RPI_PPR | C66: =TO_RPI_PPR!C$2 -> 0 | D66: =TO_RPI_PPR!D$2 -> 0 | E66: =TO_RPI_PPR!E$2 -> 0 | F66: =TO_RPI_PPR!F$2 -> 0 | G66: =TO_RPI_PPR!G$2 -> 0 | H66: =TO_RPI_PPR!H$2 -> 0 | I66: =TO_RPI_PPR!I$2 -> 0 | J66: =TO_RPI_PPR!J$2 -> 0 | ... X66: =TO_RPI_PPR!X$2 -> 0
A67: Petrochemical industry returns | B67: =HYPERLINK("#"&CELL("address",TO_RPI_PIR!$X$2),"TO_RPI_PIR") -> TO_RPI_PIR | C67: =TO_RPI_PIR!C$2 -> 0 | D67: =TO_RPI_PIR!D$2 -> 0 | E67: =TO_RPI_PIR!E$2 -> 0 | F67: =TO_RPI_PIR!F$2 -> 0 | G67: =TO_RPI_PIR!G$2 -> 0 | H67: =TO_RPI_PIR!H$2 -> 0 | I67: =TO_RPI_PIR!I$2 -> 0 | J67: =TO_RPI_PIR!J$2 -> 0 | ... X67: =TO_RPI_PIR!X$2 -> 0
A68: Patent fuel plants | B68: =HYPERLINK("#"&CELL("address",TO_PF!$X$2),"TO_PF") -> TO_PF | C68: =TO_PF!C$2 -> 0 | D68: =TO_PF!D$2 -> 0 | E68: =TO_PF!E$2 -> 0 | F68: =TO_PF!F$2 -> 0 | G68: =TO_PF!G$2 -> 0 | H68: =TO_PF!H$2 -> 0 | I68: =TO_PF!I$2 -> 0 | J68: =TO_PF!J$2 -> 0 | ... X68: =TO_PF!X$2 -> 0
A69: BKB & PB plants | B69: =HYPERLINK("#"&CELL("address",TO_BKBPB!$X$2),"TO_BKBPB") -> TO_BKBPB | C69: =TO_BKBPB!C$2 -> 0 | D69: =TO_BKBPB!D$2 -> 0 | E69: =TO_BKBPB!E$2 -> 0 | F69: =TO_BKBPB!F$2 -> 0 | G69: =TO_BKBPB!G$2 -> 0 | H69: =TO_BKBPB!H$2 -> 0 | I69: =TO_BKBPB!I$2 -> 0 | J69: =TO_BKBPB!J$2 -> 0 | ... X69: =TO_BKBPB!X$2 -> 0
A70: Coal liquefaction plants | B70: =HYPERLINK("#"&CELL("address",TO_CL!$X$2),"TO_CL") -> TO_CL | C70: =TO_CL!C$2 -> 0 | D70: =TO_CL!D$2 -> 0 | E70: =TO_CL!E$2 -> 0 | F70: =TO_CL!F$2 -> 0 | G70: =TO_CL!G$2 -> 0 | H70: =TO_CL!H$2 -> 0 | I70: =TO_CL!I$2 -> 0 | J70: =TO_CL!J$2 -> 0 | ... X70: =TO_CL!X$2 -> 0
A71: Blended in natural gas | B71: =HYPERLINK("#"&CELL("address",TO_BNG!$X$2),"TO_BNG") -> TO_BNG | C71: =TO_BNG!C$2 -> 0 | D71: =TO_BNG!D$2 -> 0 | E71: =TO_BNG!E$2 -> 0 | F71: =TO_BNG!F$2 -> 0 | G71: =TO_BNG!G$2 -> 0 | H71: =TO_BNG!H$2 -> 0 | I71: =TO_BNG!I$2 -> 0 | J71: =TO_BNG!J$2 -> 0 | ... X71: =TO_BNG!X$2 -> 0
A72: Liquid biofuels blended | B72: =HYPERLINK("#"&CELL("address",TO_LBB!$X$2),"TO_LBB") -> TO_LBB | C72: =TO_LBB!C$2 -> 0 | D72: =TO_LBB!D$2 -> 0 | E72: =TO_LBB!E$2 -> 0 | F72: =TO_LBB!F$2 -> 0 | G72: =TO_LBB!G$2 -> 0 | H72: =TO_LBB!H$2 -> 0 | I72: =TO_LBB!I$2 -> 4.4067068 | J72: =TO_LBB!J$2 -> 13.22012 | ... X72: =TO_LBB!X$2 -> 94.702064
A73: Charcoal production plants | B73: =HYPERLINK("#"&CELL("address",TO_CPP!$X$2),"TO_CPP") -> TO_CPP | C73: =TO_CPP!C$2 -> 0 | D73: =TO_CPP!D$2 -> 0 | E73: =TO_CPP!E$2 -> 0 | F73: =TO_CPP!F$2 -> 0 | G73: =TO_CPP!G$2 -> 0 | H73: =TO_CPP!H$2 -> 0 | I73: =TO_CPP!I$2 -> 0 | J73: =TO_CPP!J$2 -> 0 | ... X73: =TO_CPP!X$2 -> 0
A74: Gas-to-liquids plants | B74: =HYPERLINK("#"&CELL("address",TO_GTL!$X$2),"TO_GTL") -> TO_GTL | C74: =TO_GTL!C$2 -> 0 | D74: =TO_GTL!D$2 -> 0 | E74: =TO_GTL!E$2 -> 0 | F74: =TO_GTL!F$2 -> 0 | G74: =TO_GTL!G$2 -> 0 | H74: =TO_GTL!H$2 -> 0 | I74: =TO_GTL!I$2 -> 0 | J74: =TO_GTL!J$2 -> 0 | ... X74: =TO_GTL!X$2 -> 0
A75: Not elsewhere specified | B75: =HYPERLINK("#"&CELL("address",TO_NSP!$X$2),"TO_NSP") -> TO_NSP | C75: =TO_NSP!C$2 -> 0 | D75: =TO_NSP!D$2 -> 0 | E75: =TO_NSP!E$2 -> 0 | F75: =TO_NSP!F$2 -> 0 | G75: =TO_NSP!G$2 -> 0 | H75: =TO_NSP!H$2 -> 0 | I75: =TO_NSP!I$2 -> 0 | J75: =TO_NSP!J$2 -> 0 | ... X75: =TO_NSP!X$2 -> 0
A76: Energy sector | B76: =HYPERLINK("#"&CELL("address",NRG_E!$X$2),"NRG_E") -> NRG_E | C76: =NRG_E!C$2 -> 107.29192 | D76: =NRG_E!D$2 -> 93.121238 | E76: =NRG_E!E$2 -> 94.411006 | F76: =NRG_E!F$2 -> 98.277902 | G76: =NRG_E!G$2 -> 100.50396 | H76: =NRG_E!H$2 -> 99.5319 | I76: =NRG_E!I$2 -> 102.8853 | J76: =NRG_E!J$2 -> 103.45847 | ... X76: =NRG_E!X$2 -> 81.313156
A77: Own use in electricity & heat generation | B77: =HYPERLINK("#"&CELL("address",NRG_EHG_E!$X$2),"NRG_EHG_E") -> NRG_EHG_E | C77: =NRG_EHG_E!C$2 -> 71.281169 | D77: =NRG_EHG_E!D$2 -> 77.386071 | E77: =NRG_EHG_E!E$2 -> 80.653482 | F77: =NRG_EHG_E!F$2 -> 81.16939 | G77: =NRG_EHG_E!G$2 -> 82.803095 | H77: =NRG_EHG_E!H$2 -> 83.233018 | I77: =NRG_EHG_E!I$2 -> 85.812554 | J77: =NRG_EHG_E!J$2 -> 85.898538 | ... X77: =NRG_EHG_E!X$2 -> 71.269561
A78: Coal mines | B78: =HYPERLINK("#"&CELL("address",NRG_CM_E!$X$2),"NRG_CM_E") -> NRG_CM_E | C78: =NRG_CM_E!C$2 -> 9.9742046 | D78: =NRG_CM_E!D$2 -> 10.576096 | E78: =NRG_CM_E!E$2 -> 8.5984523 | F78: =NRG_CM_E!F$2 -> 12.830782 | G78: =NRG_CM_E!G$2 -> 13.380138 | H78: =NRG_CM_E!H$2 -> 12.859501 | I78: =NRG_CM_E!I$2 -> 13.633362 | J78: =NRG_CM_E!J$2 -> 14.980396 | ... X78: =NRG_CM_E!X$2 -> 9.9922614
A79: Oil & natural gas extraction plants | B79: =HYPERLINK("#"&CELL("address",NRG_OIL_NG_E!$X$2),"NRG_OIL_NG_E") -> NRG_OIL_NG_E | C79: =NRG_OIL_NG_E!C$2 -> 6.0404127 | D79: =NRG_OIL_NG_E!D$2 -> 5.1590714 | E79: =NRG_OIL_NG_E!E$2 -> 5.1590714 | F79: =NRG_OIL_NG_E!F$2 -> 4.27773 | G79: =NRG_OIL_NG_E!G$2 -> 4.3207223 | H79: =NRG_OIL_NG_E!H$2 -> 3.4393809 | I79: =NRG_OIL_NG_E!I$2 -> 3.4393809 | J79: =NRG_OIL_NG_E!J$2 -> 2.5795357 | ... X79: =NRG_OIL_NG_E!X$2 -> 0.05133276
A80: Patent fuel plants | B80: =HYPERLINK("#"&CELL("address",NRG_PF_E!$X$2),"NRG_PF_E") -> NRG_PF_E | C80: =NRG_PF_E!C$2 -> 0 | D80: =NRG_PF_E!D$2 -> 0 | E80: =NRG_PF_E!E$2 -> 0 | F80: =NRG_PF_E!F$2 -> 0 | G80: =NRG_PF_E!G$2 -> 0 | H80: =NRG_PF_E!H$2 -> 0 | I80: =NRG_PF_E!I$2 -> 0 | J80: =NRG_PF_E!J$2 -> 0 | ... X80: =NRG_PF_E!X$2 -> 0
A81: Coke ovens | B81: =HYPERLINK("#"&CELL("address",NRG_CO_E!$X$2),"NRG_CO_E") -> NRG_CO_E | C81: =NRG_CO_E!C$2 -> 0 | D81: =NRG_CO_E!D$2 -> 0 | E81: =NRG_CO_E!E$2 -> 0 | F81: =NRG_CO_E!F$2 -> 0 | G81: =NRG_CO_E!G$2 -> 0 | H81: =NRG_CO_E!H$2 -> 0 | I81: =NRG_CO_E!I$2 -> 0 | J81: =NRG_CO_E!J$2 -> 0 | ... X81: =NRG_CO_E!X$2 -> 0
A82: BKB & PB plants | B82: =HYPERLINK("#"&CELL("address",NRG_BKBPB_E!$X$2),"NRG_BKBPB_E") -> NRG_BKBPB_E | C82: =NRG_BKBPB_E!C$2 -> 0 | D82: =NRG_BKBPB_E!D$2 -> 0 | E82: =NRG_BKBPB_E!E$2 -> 0 | F82: =NRG_BKBPB_E!F$2 -> 0 | G82: =NRG_BKBPB_E!G$2 -> 0 | H82: =NRG_BKBPB_E!H$2 -> 0 | I82: =NRG_BKBPB_E!I$2 -> 0 | J82: =NRG_BKBPB_E!J$2 -> 0 | ... X82: =NRG_BKBPB_E!X$2 -> 0
A83: Gas works | B83: =HYPERLINK("#"&CELL("address",NRG_GW_E!$X$2),"NRG_GW_E") -> NRG_GW_E | C83: =NRG_GW_E!C$2 -> 0 | D83: =NRG_GW_E!D$2 -> 0 | E83: =NRG_GW_E!E$2 -> 0 | F83: =NRG_GW_E!F$2 -> 0 | G83: =NRG_GW_E!G$2 -> 0 | H83: =NRG_GW_E!H$2 -> 0 | I83: =NRG_GW_E!I$2 -> 0 | J83: =NRG_GW_E!J$2 -> 0 | ... X83: =NRG_GW_E!X$2 -> 0
A84: Blast furnaces | B84: =HYPERLINK("#"&CELL("address",NRG_BF_E!$X$2),"NRG_BF_E") -> NRG_BF_E | C84: =NRG_BF_E!C$2 -> 0 | D84: =NRG_BF_E!D$2 -> 0 | E84: =NRG_BF_E!E$2 -> 0 | F84: =NRG_BF_E!F$2 -> 0 | G84: =NRG_BF_E!G$2 -> 0 | H84: =NRG_BF_E!H$2 -> 0 | I84: =NRG_BF_E!I$2 -> 0 | J84: =NRG_BF_E!J$2 -> 0 | ... X84: =NRG_BF_E!X$2 -> 0
A85: Petroleum refineries (oil refineries) | B85: =HYPERLINK("#"&CELL("address",NRG_PR_E!$X$2),"NRG_PR_E") -> NRG_PR_E | C85: =NRG_PR_E!C$2 -> 19.996131 | D85: =NRG_PR_E!D$2 -> 0 | E85: =NRG_PR_E!E$2 -> 0 | F85: =NRG_PR_E!F$2 -> 0 | G85: =NRG_PR_E!G$2 -> 0 | H85: =NRG_PR_E!H$2 -> 0 | I85: =NRG_PR_E!I$2 -> 0 | J85: =NRG_PR_E!J$2 -> 0 | ... X85: =NRG_PR_E!X$2 -> 0
A86: Nuclear industry | B86: =HYPERLINK("#"&CELL("address",NRG_NI_E!$X$2),"NRG_NI_E") -> NRG_NI_E | C86: =NRG_NI_E!C$2 -> 0 | D86: =NRG_NI_E!D$2 -> 0 | E86: =NRG_NI_E!E$2 -> 0 | F86: =NRG_NI_E!F$2 -> 0 | G86: =NRG_NI_E!G$2 -> 0 | H86: =NRG_NI_E!H$2 -> 0 | I86: =NRG_NI_E!I$2 -> 0 | J86: =NRG_NI_E!J$2 -> 0 | ... X86: =NRG_NI_E!X$2 -> 0
A87: Coal liquefaction plants | B87: =HYPERLINK("#"&CELL("address",NRG_CL_E!$X$2),"NRG_CL_E") -> NRG_CL_E | C87: =NRG_CL_E!C$2 -> 0 | D87: =NRG_CL_E!D$2 -> 0 | E87: =NRG_CL_E!E$2 -> 0 | F87: =NRG_CL_E!F$2 -> 0 | G87: =NRG_CL_E!G$2 -> 0 | H87: =NRG_CL_E!H$2 -> 0 | I87: =NRG_CL_E!I$2 -> 0 | J87: =NRG_CL_E!J$2 -> 0 | ... X87: =NRG_CL_E!X$2 -> 0
A88: Liquefaction & regasification plants (LNG) | B88: =HYPERLINK("#"&CELL("address",NRG_LNG_E!$X$2),"NRG_LNG_E") -> NRG_LNG_E | C88: =NRG_LNG_E!C$2 -> 0 | D88: =NRG_LNG_E!D$2 -> 0 | E88: =NRG_LNG_E!E$2 -> 0 | F88: =NRG_LNG_E!F$2 -> 0 | G88: =NRG_LNG_E!G$2 -> 0 | H88: =NRG_LNG_E!H$2 -> 0 | I88: =NRG_LNG_E!I$2 -> 0 | J88: =NRG_LNG_E!J$2 -> 0 | ... X88: =NRG_LNG_E!X$2 -> 0
A89: Gasification plants for biogas | B89: =HYPERLINK("#"&CELL("address",NRG_BIOG_E!$X$2),"NRG_BIOG_E") -> NRG_BIOG_E | C89: =NRG_BIOG_E!C$2 -> 0 | D89: =NRG_BIOG_E!D$2 -> 0 | E89: =NRG_BIOG_E!E$2 -> 0 | F89: =NRG_BIOG_E!F$2 -> 0 | G89: =NRG_BIOG_E!G$2 -> 0 | H89: =NRG_BIOG_E!H$2 -> 0 | I89: =NRG_BIOG_E!I$2 -> 0 | J89: =NRG_BIOG_E!J$2 -> 0 | ... X89: =NRG_BIOG_E!X$2 -> 0
A90: Gas-to-liquids (GTL) plants | B90: =HYPERLINK("#"&CELL("address",NRG_GTL_E!$X$2),"NRG_GTL_E") -> NRG_GTL_E | C90: =NRG_GTL_E!C$2 -> 0 | D90: =NRG_GTL_E!D$2 -> 0 | E90: =NRG_GTL_E!E$2 -> 0 | F90: =NRG_GTL_E!F$2 -> 0 | G90: =NRG_GTL_E!G$2 -> 0 | H90: =NRG_GTL_E!H$2 -> 0 | I90: =NRG_GTL_E!I$2 -> 0 | J90: =NRG_GTL_E!J$2 -> 0 | ... X90: =NRG_GTL_E!X$2 -> 0
A91: Charcoal production plants | B91: =HYPERLINK("#"&CELL("address",NRG_CPP_E!$X$2),"NRG_CPP_E") -> NRG_CPP_E | C91: =NRG_CPP_E!C$2 -> 0 | D91: =NRG_CPP_E!D$2 -> 0 | E91: =NRG_CPP_E!E$2 -> 0 | F91: =NRG_CPP_E!F$2 -> 0 | G91: =NRG_CPP_E!G$2 -> 0 | H91: =NRG_CPP_E!H$2 -> 0 | I91: =NRG_CPP_E!I$2 -> 0 | J91: =NRG_CPP_E!J$2 -> 0 | ... X91: =NRG_CPP_E!X$2 -> 0
A92: Not elsewhere specified (energy) | B92: =HYPERLINK("#"&CELL("address",NRG_NSP_E!$X$2),"NRG_NSP_E") -> NRG_NSP_E | C92: =NRG_NSP_E!C$2 -> 0 | D92: =NRG_NSP_E!D$2 -> 0 | E92: =NRG_NSP_E!E$2 -> 0 | F92: =NRG_NSP_E!F$2 -> 0 | G92: =NRG_NSP_E!G$2 -> 0 | H92: =NRG_NSP_E!H$2 -> 0 | I92: =NRG_NSP_E!I$2 -> 0 | J92: =NRG_NSP_E!J$2 -> 0 | ... X92: =NRG_NSP_E!X$2 -> 0
A93: Distribution losses | B93: =HYPERLINK("#"&CELL("address",DL!$X$2),"DL") -> DL | C93: =DL!C$2 -> 93.403095 | D93: =DL!D$2 -> 84.083319 | E93: =DL!E$2 -> 86.180396 | F93: =DL!F$2 -> 106.99338 | G93: =DL!G$2 -> 105.72279 | H93: =DL!H$2 -> 121.66328 | I93: =DL!I$2 -> 107.81023 | J93: =DL!J$2 -> 108.70353 | ... X93: =DL!X$2 -> 98.759759
A94: Available for final consumption | B94: =HYPERLINK("#"&CELL("address",AFC!$X$2),"AFC") -> AFC | C94: =AFC!C$2 -> 4789.7629 | D94: =AFC!D$2 -> 5057.4103 | E94: =AFC!E$2 -> 4890.1427 | F94: =AFC!F$2 -> 5110.007 | G94: =AFC!G$2 -> 5266.5007 | H94: =AFC!H$2 -> 5442.915 | I94: =AFC!I$2 -> 5437.8838 | J94: =AFC!J$2 -> 5457.3574 | ... X94: =AFC!X$2 -> 4927.573
A95: Final non-energy consumption | B95: =HYPERLINK("#"&CELL("address",FC_NE!$X$2),"FC_NE") -> FC_NE | C95: =FC_NE!C$2 -> 240.16432 | D95: =FC_NE!D$2 -> 232.98942 | E95: =FC_NE!E$2 -> 215.76165 | F95: =FC_NE!F$2 -> 270.24024 | G95: =FC_NE!G$2 -> 307.04574 | H95: =FC_NE!H$2 -> 310.85142 | I95: =FC_NE!I$2 -> 319.68478 | J95: =FC_NE!J$2 -> 319.23809 | ... X95: =FC_NE!X$2 -> 151.75709
A96: Non-energy use industry/transformation/energy | B96: =HYPERLINK("#"&CELL("address",TI_NRG_FC_IND_NE!$X$2),"TI_NRG_FC_IND_NE") -> TI_NRG_FC_IND_NE | C96: =TI_NRG_FC_IND_NE!C$2 -> 240.16432 | D96: =TI_NRG_FC_IND_NE!D$2 -> 232.98942 | E96: =TI_NRG_FC_IND_NE!E$2 -> 215.76165 | F96: =TI_NRG_FC_IND_NE!F$2 -> 213.5908 | G96: =TI_NRG_FC_IND_NE!G$2 -> 276.32064 | H96: =TI_NRG_FC_IND_NE!H$2 -> 287.80757 | I96: =TI_NRG_FC_IND_NE!I$2 -> 267.83611 | J96: =TI_NRG_FC_IND_NE!J$2 -> 284.67231 | ... X96: =TI_NRG_FC_IND_NE!X$2 -> 151.75709
A97: Non-energy use in transformation sector | B97: =HYPERLINK("#"&CELL("address",TI_NE!$X$2),"TI_NE") -> TI_NE | C97: =TI_NE!C$2 -> 0 | D97: =TI_NE!D$2 -> 0 | E97: =TI_NE!E$2 -> 0 | F97: =TI_NE!F$2 -> 0 | G97: =TI_NE!G$2 -> 0 | H97: =TI_NE!H$2 -> 0 | I97: =TI_NE!I$2 -> 0 | J97: =TI_NE!J$2 -> 0 | ... X97: =TI_NE!X$2 -> 0
A98: Non-energy use in energy sector | B98: =HYPERLINK("#"&CELL("address",NRG_NE!$X$2),"NRG_NE") -> NRG_NE | C98: =NRG_NE!C$2 -> 0 | D98: =NRG_NE!D$2 -> 0 | E98: =NRG_NE!E$2 -> 0 | F98: =NRG_NE!F$2 -> 0 | G98: =NRG_NE!G$2 -> 0 | H98: =NRG_NE!H$2 -> 0 | I98: =NRG_NE!I$2 -> 0 | J98: =NRG_NE!J$2 -> 0 | ... X98: =NRG_NE!X$2 -> 0
A99: Non-energy use in industry sector | B99: =HYPERLINK("#"&CELL("address",FC_IND_NE!$X$2),"FC_IND_NE") -> FC_IND_NE | C99: =FC_IND_NE!C$2 -> 240.16432 | D99: =FC_IND_NE!D$2 -> 232.98942 | E99: =FC_IND_NE!E$2 -> 212.87618 | F99: =FC_IND_NE!F$2 -> 183.68212 | G99: =FC_IND_NE!G$2 -> 246.0853 | H99: =FC_IND_NE!H$2 -> 262.2552 | I99: =FC_IND_NE!I$2 -> 246.3577 | J99: =FC_IND_NE!J$2 -> 263.89269 | ... X99: =FC_IND_NE!X$2 -> 144.82984
A100: Non-energy use in chemical industry | B100: =HYPERLINK("#"&CELL("address",FC_IND_CPC_NE!$X$2),"FC_IND_CPC_NE") -> FC_IND_CPC_NE | C100: =FC_IND_CPC_NE!C$2 -> 128.78573 | D100: =FC_IND_CPC_NE!D$2 -> 118.73027 | E100: =FC_IND_CPC_NE!E$2 -> 101.49759 | F100: =FC_IND_CPC_NE!F$2 -> 156.92134 | G100: =FC_IND_CPC_NE!G$2 -> 141.01898 | H100: =FC_IND_CPC_NE!H$2 -> 156.31904 | I100: =FC_IND_CPC_NE!I$2 -> 136.87208 | J100: =FC_IND_CPC_NE!J$2 -> 153.02037 | ... X100: =FC_IND_CPC_NE!X$2 -> 10.635167
...

Sheet PPRD
A1: Primary production | B1: PPRD | C1: 2000 | D1: 2001 | E1: 2002 | F1: 2003 | G1: 2004 | H1: 2005 | I1: 2006 | J1: 2007 | K1: 2008 | L1: 2009 | M1: 2010 | N1: 2011 | O1: 2012 | P1: 2013 | Q1: 2014 | R1: 2015 | S1: 2016 | T1: 2017 | U1: 2018 | V1: 2019 | W1: 2020 | X1: 2021
A2: Total | B2: TOTAL | C2: =SUM(C3,C17,C22,C25,C26,C51,C52,C71,C74,C75,C76) -> 3198.523 | D2: =SUM(D3,D17,D22,D25,D26,D51,D52,D71,D74,D75,D76) -> 3352.0719 | E2: =SUM(E3,E17,E22,E25,E26,E51,E52,E71,E74,E75,E76) -> 3443.6553 | F2: =SUM(F3,F17,F22,F25,F26,F51,F52,F71,F74,F75,F76) -> 3404.5082 | G2: =SUM(G3,G17,G22,G25,G26,G51,G52,G71,G74,G75,G76) -> 3582.0497 | H2: =SUM(H3,H17,H22,H25,H26,H51,H52,H71,H74,H75,H76) -> 3730.6003 | I2: =SUM(I3,I17,I22,I25,I26,I51,I52,I71,I74,I75,I76) -> 3602.9948 | J2: =SUM(J3,J17,J22,J25,J26,J51,J52,J71,J74,J75,J76) -> 3704.6996 | ... X2: =SUM(X3,X17,X22,X25,X26,X51,X52,X71,X74,X75,X76) -> 3281.7735
A3: Solid fossil fuels | B3: C0000X0350-0370 | C3: =SUM(C4,C8,C11) -> 1062.0044 | D3: =SUM(D4,D8,D11) -> 1007.9789 | E3: =SUM(E4,E8,E11) -> 1175.4173 | F3: =SUM(F4,F8,F11) -> 1184.1967 | G3: =SUM(G4,G8,G11) -> 1200.7568 | H3: =SUM(H4,H8,H11) -> 1184.0131 | I3: =SUM(I4,I8,I11) -> 1209.5604 | J3: =SUM(J4,J8,J11) -> 1239.2504 | ... X3: =SUM(X4,X8,X11) -> 716.07799
A4: Hard coal | B4: C0100 | C4: =SUM(C5:C7) -> 0 | D4: =SUM(D5:D7) -> 0 | E4: =SUM(E5:E7) -> 0 | F4: =SUM(F5:F7) -> 0 | G4: =SUM(G5:G7) -> 0 | H4: =SUM(H5:H7) -> 0 | I4: =SUM(I5:I7) -> 0 | J4: =SUM(J5:J7) -> 0 | ... X4: =SUM(X5:X7) -> 0
A5: Anthracite | B5: C0110 | C5: 0 | D5: 0 | E5: 0 | F5: 0 | G5: 0 | H5: 0 | I5: 0 | J5: 0 | K5: 0 | L5: 0 | M5: 0 | N5: 0 | O5: 0 | P5: 0 | Q5: 0 | R5: 0 | S5: 0 | T5: 0 | U5: 0 | V5: 0 | W5: 0 | X5: 0
A6: Coking coal | B6: C0121 | C6: 0 | D6: 0 | E6: 0 | F6: 0 | G6: 0 | H6: 0 | I6: 0 | J6: 0 | K6: 0 | L6: 0 | M6: 0 | N6: 0 | O6: 0 | P6: 0 | Q6: 0 | R6: 0 | S6: 0 | T6: 0 | U6: 0 | V6: 0 | W6: 0 | X6: 0
A7: Other bituminous coal | B7: C0129 | C7: 0 | D7: 0 | E7: 0 | F7: 0 | G7: 0 | H7: 0 | I7: 0 | J7: 0 | K7: 0 | L7: 0 | M7: 0 | N7: 0 | O7: 0 | P7: 0 | Q7: 0 | R7: 0 | S7: 0 | T7: 0 | U7: 0 | V7: 0 | W7: 0 | X7: 0
A8: Brown coal | B8: C0200 | C8: =SUM(C9:C10) -> 1062.0044 | D8: =SUM(D9:D10) -> 1007.9789 | E8: =SUM(E9:E10) -> 1175.4173 | F8: =SUM(F9:F10) -> 1184.1967 | G8: =SUM(G9:G10) -> 1200.7568 | H8: =SUM(H9:H10) -> 1184.0131 | I8: =SUM(I9:I10) -> 1209.5604 | J8: =SUM(J9:J10) -> 1239.2504 | ... X8: =SUM(X9:X10) -> 716.07799
A9: Sub-bituminous coal | B9: C0210 | C9: 0 | D9: 0 | E9: 0 | F9: 0 | G9: 0 | H9: 0 | I9: 0 | J9: 0 | K9: 0 | L9: 0 | M9: 0 | N9: 0 | O9: 0 | P9: 0 | Q9: 0 | R9: 0 | S9: 0 | T9: 0 | U9: 0 | V9: 0 | W9: 0 | X9: 0
A10: Lignite | B10: C0220 | C10: 1062.0044 | D10: 1007.9789 | E10: 1175.4173 | F10: 1184.1967 | G10: 1200.7568 | H10: 1184.0131 | I10: 1209.5604 | J10: 1239.2504 | K10: 1184.8428 | L10: 1159.8251 | M10: 1195.9561 | N10: 1200.5032 | O10: 1093.2053 | P10: 1074.9077 | Q10: 818.05099 | R10: 862.4454 | S10: 941.87627 | T10: 933.41126 | U10: 901.3742 | V10: 891.31883 | W10: 865.37051 | X10: 716.07799
A11: Coal products | B11: C0300 | C11: =SUM(C12:C16) -> 0 | D11: =SUM(D12:D16) -> 0 | E11: =SUM(E12:E16) -> 0 | F11: =SUM(F12:F16) -> 0 | G11: =SUM(G12:G16) -> 0 | H11: =SUM(H12:H16) -> 0 | I11: =SUM(I12:I16) -> 0 | J11: =SUM(J12:J16) -> 0 | ... X11: =SUM(X12:X16) -> 0
A12: Patent fuel | B12: C0320 | C12: 0 | D12: 0 | E12: 0 | F12: 0 | G12: 0 | H12: 0 | I12: 0 | J12: 0 | K12: 0 | L12: 0 | M12: 0 | N12: 0 | O12: 0 | P12: 0 | Q12: 0 | R12: 0 | S12: 0 | T12: 0 | U12: 0 | V12: 0 | W12: 0 | X12: 0
A13: Coke oven coke | B13: C0311 | C13: 0 | D13: 0 | E13: 0 | F13: 0 | G13: 0 | H13: 0 | I13: 0 | J13: 0 | K13: 0 | L13: 0 | M13: 0 | N13: 0 | O13: 0 | P13: 0 | Q13: 0 | R13: 0 | S13: 0 | T13: 0 | U13: 0 | V13: 0 | W13: 0 | X13: 0
A14: Gas coke | B14: C0312 | C14: 0 | D14: 0 | E14: 0 | F14: 0 | G14: 0 | H14: 0 | I14: 0 | J14: 0 | K14: 0 | L14: 0 | M14: 0 | N14: 0 | O14: 0 | P14: 0 | Q14: 0 | R14: 0 | S14: 0 | T14: 0 | U14: 0 | V14: 0 | W14: 0 | X14: 0
A15: Coal tar | B15: C0340 | C15: 0 | D15: 0 | E15: 0 | F15: 0 | G15: 0 | H15: 0 | I15: 0 | J15: 0 | K15: 0 | L15: 0 | M15: 0 | N15: 0 | O15: 0 | P15: 0 | Q15: 0 | R15: 0 | S15: 0 | T15: 0 | U15: 0 | V15: 0 | W15: 0 | X15: 0
A16: Brown coal briquettes | B16: C0330 | C16: 0 | D16: 0 | E16: 0 | F16: 0 | G16: 0 | H16: 0 | I16: 0 | J16: 0 | K16: 0 | L16: 0 | M16: 0 | N16: 0 | O16: 0 | P16: 0 | Q16: 0 | R16: 0 | S16: 0 | T16: 0 | U16: 0 | V16: 0 | W16: 0 | X16: 0
A17: Manufactured gases | B17: C0350-0370 | C17: =SUM(C18:C21) -> 0 | D17: =SUM(D18:D21) -> 0 | E17: =SUM(E18:E21) -> 0 | F17: =SUM(F18:F21) -> 0 | G17: =SUM(G18:G21) -> 0 | H17: =SUM(H18:H21) -> 0 | I17: =SUM(I18:I21) -> 0 | J17: =SUM(J18:J21) -> 0 | ... X17: =SUM(X18:X21) -> 0
A18: Gas works gas | B18: C0360 | C18: 0 | D18: 0 | E18: 0 | F18: 0 | G18: 0 | H18: 0 | I18: 0 | J18: 0 | K18: 0 | L18: 0 | M18: 0 | N18: 0 | O18: 0 | P18: 0 | Q18: 0 | R18: 0 | S18: 0 | T18: 0 | U18: 0 | V18: 0 | W18: 0 | X18: 0
A19: Coke oven gas | B19: C0350 | C19: 0 | D19: 0 | E19: 0 | F19: 0 | G19: 0 | H19: 0 | I19: 0 | J19: 0 | K19: 0 | L19: 0 | M19: 0 | N19: 0 | O19: 0 | P19: 0 | Q19: 0 | R19: 0 | S19: 0 | T19: 0 | U19: 0 | V19: 0 | W19: 0 | X19: 0
A20: Blast furnace gas | B20: C0371 | C20: 0 | D20: 0 | E20: 0 | F20: 0 | G20: 0 | H20: 0 | I20: 0 | J20: 0 | K20: 0 | L20: 0 | M20: 0 | N20: 0 | O20: 0 | P20: 0 | Q20: 0 | R20: 0 | S20: 0 | T20: 0 | U20: 0 | V20: 0 | W20: 0 | X20: 0
A21: Other recovered gases | B21: C0379 | C21: 0 | D21: 0 | E21: 0 | F21: 0 | G21: 0 | H21: 0 | I21: 0 | J21: 0 | K21: 0 | L21: 0 | M21: 0 | N21: 0 | O21: 0 | P21: 0 | Q21: 0 | R21: 0 | S21: 0 | T21: 0 | U21: 0 | V21: 0 | W21: 0 | X21: 0
A22: Peat and peat products | B22: P1000 | C22: =SUM(C23:C24) -> 0 | D22: =SUM(D23:D24) -> 0 | E22: =SUM(E23:E24) -> 0 | F22: =SUM(F23:F24) -> 0 | G22: =SUM(G23:G24) -> 0 | H22: =SUM(H23:H24) -> 0 | I22: =SUM(I23:I24) -> 0 | J22: =SUM(J23:J24) -> 0 | ... X22: =SUM(X23:X24) -> 0
A23: Peat | B23: P1100 | C23: 0 | D23: 0 | E23: 0 | F23: 0 | G23: 0 | H23: 0 | I23: 0 | J23: 0 | K23: 0 | L23: 0 | M23: 0 | N23: 0 | O23: 0 | P23: 0 | Q23: 0 | R23: 0 | S23: 0 | T23: 0 | U23: 0 | V23: 0 | W23: 0 | X23: 0
A24: Peat products | B24: P1200 | C24: 0 | D24: 0 | E24: 0 | F24: 0 | G24: 0 | H24: 0 | I24: 0 | J24: 0 | K24: 0 | L24: 0 | M24: 0 | N24: 0 | O24: 0 | P24: 0 | Q24: 0 | R24: 0 | S24: 0 | T24: 0 | U24: 0 | V24: 0 | W24: 0 | X24: 0
A25: Oil shale and oil sands | B25: S2000 | C25: 0 | D25: 0 | E25: 0 | F25: 0 | G25: 0 | H25: 0 | I25: 0 | J25: 0 | K25: 0 | L25: 0 | M25: 0 | N25: 0 | O25: 0 | P25: 0 | Q25: 0 | R25: 0 | S25: 0 | T25: 0 | U25: 0 | V25: 0 | W25: 0 | X25: 0
A26: Oil and petroleum products | B26: O4000XBIO | C26: =SUM(C27,C33) -> 0.99363715 | D26: =SUM(D27,D33) -> 0 | E26: =SUM(E27,E33) -> 0.99363715 | F26: =SUM(F27,F33) -> 0 | G26: =SUM(G27,G33) -> 0 | H26: =SUM(H27,H33) -> 0 | I26: =SUM(I27,I33) -> 0 | J26: =SUM(J27,J33) -> 0 | ... X26: =SUM(X27,X33) -> 0.31401548
A27: Crude oil, NGL, refinery feedstocks, additives and oxygenates and other hydrocarbons (excluding biofuel portion) | B27: O4100_TOT_4200-4500XBIO | C27: =SUM(C28:C32) -> 0.99363715 | D27: =SUM(D28:D32) -> 0 | E27: =SUM(E28:E32) -> 0.99363715 | F27: =SUM(F28:F32) -> 0 | G27: =SUM(G28:G32) -> 0 | H27: =SUM(H28:H32) -> 0 | I27: =SUM(I28:I32) -> 0 | J27: =SUM(J28:J32) -> 0 | ... X27: =SUM(X28:X32) -> 0.31401548
A28: Crude oil | B28: O4100_TOT | C28: 0.99363715 | D28: 0 | E28: 0.99363715 | F28: 0 | G28: 0 | H28: 0 | I28: 0 | J28: 0 | K28: 0 | L28: 0 | M28: 0 | N28: 0 | O28: 0 | P28: 0 | Q28: 0 | R28: 0 | S28: 0 | T28: 0.24978504 | U28: 0.27626827 | V28: 0.27119518 | W28: 0.25288048 | X28: 0.14677558
A29: Natural gas liquids | B29: O4200 | C29: 0 | D29: 0 | E29: 0 | F29: 0 | G29: 0 | H29: 0 | I29: 0 | J29: 0 | K29: 0 | L29: 0 | M29: 0 | N29: 0 | O29: 0 | P29: 0 | Q29: 0 | R29: 0 | S29: 0 | T29: 0.28228719 | U29: 0.60283749 | V29: 0.25898538 | W29: 0.16027515 | X29: 0.1672399
A30: Refinery feedstocks | B30: O4300 | C30: 0 | D30: 0 | E30: 0 | F30: 0 | G30: 0 | H30: 0 | I30: 0 | J30: 0 | K30: 0 | L30: 0 | M30: 0 | N30: 0 | O30: 0 | P30: 0 | Q30: 0 | R30: 0 | S30: 0 | T30: 0 | U30: 0 | V30: 0 | W30: 0 | X30: 0
A31: Additives and oxygenates (excluding biofuel portion) | B31: O4400X4410 | C31: 0 | D31: 0 | E31: 0 | F31: 0 | G31: 0 | H31: 0 | I31: 0 | J31: 0 | K31: 0 | L31: 0 | M31: 0 | N31: 0 | O31: 0 | P31: 0 | Q31: 0 | R31: 0 | S31: 0 | T31: 0 | U31: 0 | V31: 0 | W31: 0 | X31: 0
A32: Other hydrocarbons | B32: O4500 | C32: 0 | D32: 0 | E32: 0 | F32: 0 | G32: 0 | H32: 0 | I32: 0 | J32: 0 | K32: 0 | L32: 0 | M32: 0 | N32: 0 | O32: 0 | P32: 0 | Q32: 0 | R32: 0 | S32: 0 | T32: 0 | U32: 0 | V32: 0 | W32: 0 | X32: 0
A33: Oil products (excluding biofuel portion) | B33: O4600XBIO | C33: =SUM(C34:C50) -> 0 | D33: =SUM(D34:D50) -> 0 | E33: =SUM(E34:E50) -> 0 | F33: =SUM(F34:F50) -> 0 | G33: =SUM(G34:G50) -> 0 | H33: =SUM(H34:H50) -> 0 | I33: =SUM(I34:I50) -> 0 | J33: =SUM(J34:J50) -> 0 | ... X33: =SUM(X34:X50) -> 0
A34: Refinery gas | B34: O4610 | C34: 0 | D34: 0 | E34: 0 | F34: 0 | G34: 0 | H34: 0 | I34: 0 | J34: 0 | K34: 0 | L34: 0 | M34: 0 | N34: 0 | O34: 0 | P34: 0 | Q34: 0 | R34: 0 | S34: 0 | T34: 0 | U34: 0 | V34: 0 | W34: 0 | X34: 0
A35: Ethane | B35: O4620 | C35: 0 | D35: 0 | E35: 0 | F35: 0 | G35: 0 | H35: 0 | I35: 0 | J35: 0 | K35: 0 | L35: 0 | M35: 0 | N35: 0 | O35: 0 | P35: 0 | Q35: 0 | R35: 0 | S35: 0 | T35: 0 | U35: 0 | V35: 0 | W35: 0 | X35: 0
A36: Liquefied petroleum gases | B36: O4630 | C36: 0 | D36: 0 | E36: 0 | F36: 0 | G36: 0 | H36: 0 | I36: 0 | J36: 0 | K36: 0 | L36: 0 | M36: 0 | N36: 0 | O36: 0 | P36: 0 | Q36: 0 | R36: 0 | S36: 0 | T36: 0 | U36: 0 | V36: 0 | W36: 0 | X36: 0
A37: Motor gasoline (excluding biofuel portion) | B37: O4652XR5210B | C37: 0 | D37: 0 | E37: 0 | F37: 0 | G37: 0 | H37: 0 | I37: 0 | J37: 0 | K37: 0 | L37: 0 | M37: 0 | N37: 0 | O37: 0 | P37: 0 | Q37: 0 | R37: 0 | S37: 0 | T37: 0 | U37: 0 | V37: 0 | W37: 0 | X37: 0
A38: Aviation gasoline | B38: O4651 | C38: 0 | D38: 0 | E38: 0 | F38: 0 | G38: 0 | H38: 0 | I38: 0 | J38: 0 | K38: 0 | L38: 0 | M38: 0 | N38: 0 | O38: 0 | P38: 0 | Q38: 0 | R38: 0 | S38: 0 | T38: 0 | U38: 0 | V38: 0 | W38: 0 | X38: 0
A39: Gasoline-type jet fuel | B39: O4653 | C39: 0 | D39: 0 | E39: 0 | F39: 0 | G39: 0 | H39: 0 | I39: 0 | J39: 0 | K39: 0 | L39: 0 | M39: 0 | N39: 0 | O39: 0 | P39: 0 | Q39: 0 | R39: 0 | S39: 0 | T39: 0 | U39: 0 | V39: 0 | W39: 0 | X39: 0
A40: Kerosene-type jet fuel (excluding biofuel portion) | B40: O4661XR5230B | C40: 0 | D40: 0 | E40: 0 | F40: 0 | G40: 0 | H40: 0 | I40: 0 | J40: 0 | K40: 0 | L40: 0 | M40: 0 | N40: 0 | O40: 0 | P40: 0 | Q40: 0 | R40: 0 | S40: 0 | T40: 0 | U40: 0 | V40: 0 | W40: 0 | X40: 0
A41: Other kerosene | B41: O4669 | C41: 0 | D41: 0 | E41: 0 | F41: 0 | G41: 0 | H41: 0 | I41: 0 | J41: 0 | K41: 0 | L41: 0 | M41: 0 | N41: 0 | O41: 0 | P41: 0 | Q41: 0 | R41: 0 | S41: 0 | T41: 0 | U41: 0 | V41: 0 | W41: 0 | X41: 0
A42: Naphtha | B42: O4640 | C42: 0 | D42: 0 | E42: 0 | F42: 0 | G42: 0 | H42: 0 | I42: 0 | J42: 0 | K42: 0 | L42: 0 | M42: 0 | N42: 0 | O42: 0 | P42: 0 | Q42: 0 | R42: 0 | S42: 0 | T42: 0 | U42: 0 | V42: 0 | W42: 0 | X42: 0
A43: Gas oil and diesel oil (excluding biofuel portion) | B43: O4671XR5220B | C43: 0 | D43: 0 | E43: 0 | F43: 0 | G43: 0 | H43: 0 | I43: 0 | J43: 0 | K43: 0 | L43: 0 | M43: 0 | N43: 0 | O43: 0 | P43: 0 | Q43: 0 | R43: 0 | S43: 0 | T43: 0 | U43: 0 | V43: 0 | W43: 0 | X43: 0
A44: Fuel oil | B44: O4680 | C44: 0 | D44: 0 | E44: 0 | F44: 0 | G44: 0 | H44: 0 | I44: 0 | J44: 0 | K44: 0 | L44: 0 | M44: 0 | N44: 0 | O44: 0 | P44: 0 | Q44: 0 | R44: 0 | S44: 0 | T44: 0 | U44: 0 | V44: 0 | W44: 0 | X44: 0
A45: White spirit and special boiling point industrial spirits | B45: O4691 | C45: 0 | D45: 0 | E45: 0 | F45: 0 | G45: 0 | H45: 0 | I45: 0 | J45: 0 | K45: 0 | L45: 0 | M45: 0 | N45: 0 | O45: 0 | P45: 0 | Q45: 0 | R45: 0 | S45: 0 | T45: 0 | U45: 0 | V45: 0 | W45: 0 | X45: 0
... A51: Natural gas | B51: G3000 | C51: 6.0404127 | D51: 5.1590714 | E51: 5.1590714 | F51: 4.27773 | G51: 4.3207223 | H51: 3.4393809 | I51: 3.4393809 | J51: 2.5795357 | K51: 2.5795357 | L51: 2.5795357 | M51: 5.9974205 | N51: 1.7196905 | O51: 1.7196905 | P51: 2.5795357 | Q51: 2.5795357 | R51: 2.5795357 | S51: 4.27773 | T51: 7.1814273 | U51: 13.633448 | V51: 5.8746346 | W51: 4.5858126 | X51: 4.3423904
A52: Renewables and biofuels | B52: RA000 | C52: =SUM(C53:C70) -> 901.03328 | D52: =SUM(D53:D70) -> 982.68091 | E52: =SUM(E53:E70) -> 836.04635 | F52: =SUM(F53:F70) -> 867.25658 | G52: =SUM(G53:G70) -> 959.84686 | H52: =SUM(H53:H70) -> 1014.6249 | I52: =SUM(I53:I70) -> 945.77988 | J52: =SUM(J53:J70) -> 983.07601 | ... X52: =SUM(X53:X70) -> 1153.8631
A53: Hydro | B53: RA100 | C53: 329.72666 | D53: 326.37472 | E53: 284.82923 | F53: 254.28074 | G53: 352.03164 | H53: 297.58942 | I53: 308.76328 | J53: 280.82339 | K53: 345.47403 | L53: 405.38169 | M53: 388.4742 | N53: 306.26965 | O53: 335.24213 | P53: 398.0595 | Q53: 523.77936 | R53: 327.35202 | S53: 387.21212 | T53: 332.61771 | U53: 404.49871 | V53: 385.15873 | W53: 424.25279 | X53: 405.20301
A54: Tide, wave, ocean | B54: RA500 | C54: 0 | D54: 0 | E54: 0 | F54: 0 | G54: 0 | H54: 0 | I54: 0 | J54: 0 | K54: 0 | L54: 0 | M54: 0 | N54: 0 | O54: 0 | P54: 0 | Q54: 0 | R54: 0 | S54: 0 | T54: 0 | U54: 0 | V54: 0 | W54: 0 | X54: 0
A55: Wind | B55: RA300 | C55: 0 | D55: 0 | E55: 0 | F55: 0 | G55: 0 | H55: 0 | I55: 0 | J55: 0 | K55: 0 | L55: 0 | M55: 0 | N55: 0 | O55: 0 | P55: 0.36294067 | Q55: 0.36190886 | R55: 0.5183147 | S55: 0.49681857 | T55: 0.49148753 | U55: 0.51771281 | V55: 0.52880482 | W55: 0.53748925 | X55: 0.48091144
A56: Solar photovoltaic | B56: RA420 | C56: 0 | D56: 0 | E56: 8.5984523e-05 | F56: 8.5984523e-05 | G56: 0.00017196905 | H56: 0.0030094583 | I56: 0.012295787 | J56: 0.037145314 | K56: 0.063370593 | L56: 0.34170249 | M56: 1.1058469 | N56: 5.6495271 | O56: 13.998796 | P56: 18.492175 | Q56: 22.082459 | R56: 23.579708 | S56: 22.998452 | T56: 24.408169 | U56: 21.9227 | V56: 26.056664 | W56: 31.659157 | X56: 38.960705
A57: Solar thermal | B57: RA410 | C57: 4.6575236 | D57: 4.7291488 | E57: 4.7769561 | F57: 4.6813414 | G57: 4.6813414 | H57: 4.9202064 | I57: 5.2785039 | J57: 5.8039553 | K57: 6.1860705 | L57: 7.6669819 | M57: 8.2163371 | N57: 8.9089424 | O57: 9.7926913 | P57: 10.174807 | Q57: 10.246518 | R57: 10.389768 | S57: 10.5092 | T57: 10.543852 | U57: 10.578418 | V57: 10.587962 | W57: 10.262941 | X57: 10.167584
A58: Geothermal | B58: RA200 | C58: 0 | D58: 0 | E58: 0 | F58: 0 | G58: 0 | H58: 0 | I58: 0 | J58: 0 | K58: 0 | L58: 0 | M58: 19.370421 | N58: 19.107653 | O58: 15.596647 | P58: 15.525021 | Q58: 16.360963 | R58: 12.63491 | S58: 12.754342 | T58: 14.859157 | U58: 14.320292 | V58: 14.829665 | W58: 11.398366 | X58: 11.822614
A59: Primary solid biofuels | B59: R5110-5150_W6000RI | C59: 562.36268 | D59: 646.48418 | E59: 540.62769 | F59: 601.48564 | G59: 594.89347 | H59: 702.94738 | I59: 618.08538 | J59: 676.24437 | K59: 701.22769 | L59: 644.62115 | M59: 661.22098 | N59: 659.69235 | O59: 633.75374 | P59: 662.70181 | Q59: 586.84437 | R59: 649.58917 | S59: 650.23405 | T59: 628.64007 | U59: 562.02872 | V59: 547.59157 | W59: 545.46182 | X59: 603.95374
A60: Charcoal | B60: R5160 | C60: 0 | D60: 0 | E60: 0 | F60: 0 | G60: 0 | H60: 0 | I60: 0 | J60: 0 | K60: 0 | L60: 0 | M60: 0 | N60: 0 | O60: 0 | P60: 0 | Q60: 0 | R60: 0 | S60: 0 | T60: 0 | U60: 0 | V60: 0 | W60: 0 | X60: 0
A61: Biogases | B61: R5300 | C61: 3.6304385 | D61: 4.3470335 | E61: 5.0157352 | F61: 5.7323302 | G61: 6.6398968 | H61: 6.783233 | I61: 8.4312984 | J61: 11.918401 | K61: 14.04411 | L61: 22.37988 | M61: 30.405073 | N61: 35.970163 | O61: 38.14368 | P61: 34.728203 | Q61: 30.811092 | R61: 29.66466 | S61: 30.190112 | T61: 25.711092 | U61: 24.318659 | V61: 22.205073 | W61: 26.959415 | X61: 24.941874
A62: Renewable municipal waste | B62: W6210 | C62: 0 | D62: 0 | E62: 0 | F62: 0 | G62: 0 | H62: 0 | I62: 0 | J62: 0 | K62: 0 | L62: 0 | M62: 0 | N62: 0 | O62: 0 | P62: 0 | Q62: 0 | R62: 0 | S62: 0 | T62: 0 | U62: 0 | V62: 0 | W62: 0 | X62: 0
A63: Pure biogasoline | B63: R5210P | C63: 0 | D63: 0 | E63: 0 | F63: 0 | G63: 0 | H63: 0 | I63: 0 | J63: 0 | K63: 0 | L63: 0 | M63: 0 | N63: 0 | O63: 0 | P63: 0 | Q63: 0 | R63: 0 | S63: 0 | T63: 0 | U63: 0 | V63: 0 | W63: 0 | X63: 0
A64: Blended biogasoline | B64: R5210B | C64: 0 | D64: 0 | E64: 0 | F64: 0 | G64: 0 | H64: 0 | I64: 0 | J64: 0 | K64: 0 | L64: 0 | M64: 0 | N64: 0 | O64: 0 | P64: 0 | Q64: 0 | R64: 0 | S64: 0 | T64: 0 | U64: 0 | V64: 0 | W64: 0 | X64: 0
... A70: Ambient heat (heat pumps) | B70: RA600 | C70: 0.65597592 | D70: 0.74582975 | E70: 0.7966466 | F70: 1.0764402 | G70: 1.6003439 | H70: 2.3816853 | I70: 3.0877042 | J70: 3.9187446 | K70: 5.3396389 | L70: 6.5624248 | M70: 8.7104901 | N70: 10.858641 | O70: 16.031556 | P70: 19.94626 | Q70: 20.816853 | R70: 28.719862 | S70: 34.038005 | T70: 36.359243 | U70: 38.120378 | V70: 39.626397 | W70: 48.256148 | X70: 58.332674
A71: Non-renewable waste | B71: W6100_6220 | C71: =SUM(C72:C73) -> 0.33439381 | D71: =SUM(D72:D73) -> 0.19105761 | E71: =SUM(E72:E73) -> 0.071625107 | F71: =SUM(F72:F73) -> 5.6128977 | G71: =SUM(G72:G73) -> 8.9567498 | H71: =SUM(H72:H73) -> 10.724162 | I71: =SUM(I72:I73) -> 13.088736 | J71: =SUM(J72:J73) -> 10.748065 | ... X71: =SUM(X72:X73) -> 54.732932
A72: Industrial waste (non-renewable) | B72: W6100 | C72: 0.33439381 | D72: 0.19105761 | E72: 0.071625107 | F72: 5.6128977 | G72: 8.9567498 | H72: 10.724162 | I72: 13.088736 | J72: 10.748065 | K72: 9.3149613 | L72: 16.098194 | M72: 18.606105 | N72: 23.93233 | O72: 23.382975 | P72: 25.532588 | Q72: 32.865176 | R72: 37.594325 | S72: 40.412726 | T72: 48.096991 | U72: 57.54282 | V72: 62.03319 | W72: 57.197248 | X72: 54.732932
A73: Non-renewable municipal waste | B73: W6220 | C73: 0 | D73: 0 | E73: 0 | F73: 0 | G73: 0 | H73: 0 | I73: 0 | J73: 0 | K73: 0 | L73: 0 | M73: 0 | N73: 0 | O73: 0 | P73: 0 | Q73: 0 | R73: 0 | S73: 0 | T73: 0 | U73: 0 | V73: 0 | W73: 0 | X73: 0
A74: Nuclear heat | B74: N900H | C74: 1228.1169 | D74: 1356.0619 | E74: 1425.9673 | F74: 1343.1642 | G74: 1408.1685 | H74: 1517.7988 | I74: 1431.1264 | J74: 1469.0456 | K74: 1618.1427 | L74: 1354.6862 | M74: 1335.24 | N74: 1470.4823 | O74: 1308.1324 | P74: 1250.9 | Q74: 1499.4589 | R74: 1332.2 | S74: 1348.6459 | T74: 1488.1 | U74: 1364.6 | V74: 1375.2 | W74: 1496.8519 | X74: 1352.4431
A75: Heat | B75: H8000 | C75: 0 | D75: 0 | E75: 0 | F75: 0 | G75: 0 | H75: 0 | I75: 0 | J75: 0 | K75: 0 | L75: 0 | M75: 0 | N75: 0 | O75: 0 | P75: 0 | Q75: 0 | R75: 0 | S75: 0 | T75: 0 | U75: 0 | V75: 0 | W75: 0 | X75: 0
A76: Electricity | B76: E7000 | C76: 0 | D76: 0 | E76: 0 | F76: 0 | G76: 0 | H76: 0 | I76: 0 | J76: 0 | K76: 0 | L76: 0 | M76: 0 | N76: 0 | O76: 0 | P76: 0 | Q76: 0 | R76: 0 | S76: 0 | T76: 0 | U76: 0 | V76: 0 | W76: 0 | X76: 0

Sheet RCV_RCY
A1: Recovered & recycled products | B1: RCV_RCY | C1: 2000 | D1: 2001 | E1: 2002 | F1: 2003 | G1: 2004 | H1: 2005 | I1: 2006 | J1: 2007 | K1: 2008 | L1: 2009 | M1: 2010 | N1: 2011 | O1: 2012 | P1: 2013 | Q1: 2014 | R1: 2015 | S1: 2016 | T1: 2017 | U1: 2018 | V1: 2019 | W1: 2020 | X1: 2021
A2: Total | B2: TOTAL | C2: =SUM(C3,C17,C22,C25,C26,C51,C52,C71,C74,C75,C76) -> 0 | D2: =SUM(D3,D17,D22,D25,D26,D51,D52,D71,D74,D75,D76) -> 0 | E2: =SUM(E3,E17,E22,E25,E26,E51,E52,E71,E74,E75,E76) -> 0 | F2: =SUM(F3,F17,F22,F25,F26,F51,F52,F71,F74,F75,F76) -> 0 | G2: =SUM(G3,G17,G22,G25,G26,G51,G52,G71,G74,G75,G76) -> 0 | H2: =SUM(H3,H17,H22,H25,H26,H51,H52,H71,H74,H75,H76) -> 0 | I2: =SUM(I3,I17,I22,I25,I26,I51,I52,I71,I74,I75,I76) -> 0 | J2: =SUM(J3,J17,J22,J25,J26,J51,J52,J71,J74,J75,J76) -> 0 | ... X2: =SUM(X3,X17,X22,X25,X26,X51,X52,X71,X74,X75,X76) -> 0
A3: Solid fossil fuels | B3: C0000X0350-0370 | C3: =SUM(C4,C8,C11) -> 0 | D3: =SUM(D4,D8,D11) -> 0 | E3: =SUM(E4,E8,E11) -> 0 | F3: =SUM(F4,F8,F11) -> 0 | G3: =SUM(G4,G8,G11) -> 0 | H3: =SUM(H4,H8,H11) -> 0 | I3: =SUM(I4,I8,I11) -> 0 | J3: =SUM(J4,J8,J11) -> 0 | ... X3: =SUM(X4,X8,X11) -> 0
A4: Hard coal | B4: C0100 | C4: =SUM(C5:C7) -> 0 | D4: =SUM(D5:D7) -> 0 | E4: =SUM(E5:E7) -> 0 | F4: =SUM(F5:F7) -> 0 | G4: =SUM(G5:G7) -> 0 | H4: =SUM(H5:H7) -> 0 | I4: =SUM(I5:I7) -> 0 | J4: =SUM(J5:J7) -> 0 | ... X4: =SUM(X5:X7) -> 0
A5: Anthracite | B5: C0110 | C5: 0 | D5: 0 | E5: 0 | F5: 0 | G5: 0 | H5: 0 | I5: 0 | J5: 0 | K5: 0 | L5: 0 | M5: 0 | N5: 0 | O5: 0 | P5: 0 | Q5: 0 | R5: 0 | S5: 0 | T5: 0 | U5: 0 | V5: 0 | W5: 0 | X5: 0
A6: Coking coal | B6: C0121 | C6: 0 | D6: 0 | E6: 0 | F6: 0 | G6: 0 | H6: 0 | I6: 0 | J6: 0 | K6: 0 | L6: 0 | M6: 0 | N6: 0 | O6: 0 | P6: 0 | Q6: 0 | R6: 0 | S6: 0 | T6: 0 | U6: 0 | V6: 0 | W6: 0 | X6: 0
A7: Other bituminous coal | B7: C0129 | C7: 0 | D7: 0 | E7: 0 | F7: 0 | G7: 0 | H7: 0 | I7: 0 | J7: 0 | K7: 0 | L7: 0 | M7: 0 | N7: 0 | O7: 0 | P7: 0 | Q7: 0 | R7: 0 | S7: 0 | T7: 0 | U7: 0 | V7: 0 | W7: 0 | X7: 0
A8: Brown coal | B8: C0200 | C8: =SUM(C9:C10) -> 0 | D8: =SUM(D9:D10) -> 0 | E8: =SUM(E9:E10) -> 0 | F8: =SUM(F9:F10) -> 0 | G8: =SUM(G9:G10) -> 0 | H8: =SUM(H9:H10) -> 0 | I8: =SUM(I9:I10) -> 0 | J8: =SUM(J9:J10) -> 0 | ... X8: =SUM(X9:X10) -> 0
A9: Sub-bituminous coal | B9: C0210 | C9: 0 | D9: 0 | E9: 0 | F9: 0 | G9: 0 | H9: 0 | I9: 0 | J9: 0 | K9: 0 | L9: 0 | M9: 0 | N9: 0 | O9: 0 | P9: 0 | Q9: 0 | R9: 0 | S9: 0 | T9: 0 | U9: 0 | V9: 0 | W9: 0 | X9: 0
A10: Lignite | B10: C0220 | C10: 0 | D10: 0 | E10: 0 | F10: 0 | G10: 0 | H10: 0 | I10: 0 | J10: 0 | K10: 0 | L10: 0 | M10: 0 | N10: 0 | O10: 0 | P10: 0 | Q10: 0 | R10: 0 | S10: 0 | T10: 0 | U10: 0 | V10: 0 | W10: 0 | X10: 0
A11: Coal products | B11: C0300 | C11: =SUM(C12:C16) -> 0 | D11: =SUM(D12:D16) -> 0 | E11: =SUM(E12:E16) -> 0 | F11: =SUM(F12:F16) -> 0 | G11: =SUM(G12:G16) -> 0 | H11: =SUM(H12:H16) -> 0 | I11: =SUM(I12:I16) -> 0 | J11: =SUM(J12:J16) -> 0 | ... X11: =SUM(X12:X16) -> 0
A12: Patent fuel | B12: C0320 | C12: 0 | D12: 0 | E12: 0 | F12: 0 | G12: 0 | H12: 0 | I12: 0 | J12: 0 | K12: 0 | L12: 0 | M12: 0 | N12: 0 | O12: 0 | P12: 0 | Q12: 0 | R12: 0 | S12: 0 | T12: 0 | U12: 0 | V12: 0 | W12: 0 | X12: 0
A13: Coke oven coke | B13: C0311 | C13: 0 | D13: 0 | E13: 0 | F13: 0 | G13: 0 | H13: 0 | I13: 0 | J13: 0 | K13: 0 | L13: 0 | M13: 0 | N13: 0 | O13: 0 | P13: 0 | Q13: 0 | R13: 0 | S13: 0 | T13: 0 | U13: 0 | V13: 0 | W13: 0 | X13: 0
A14: Gas coke | B14: C0312 | C14: 0 | D14: 0 | E14: 0 | F14: 0 | G14: 0 | H14: 0 | I14: 0 | J14: 0 | K14: 0 | L14: 0 | M14: 0 | N14: 0 | O14: 0 | P14: 0 | Q14: 0 | R14: 0 | S14: 0 | T14: 0 | U14: 0 | V14: 0 | W14: 0 | X14: 0
A15: Coal tar | B15: C0340 | C15: 0 | D15: 0 | E15: 0 | F15: 0 | G15: 0 | H15: 0 | I15: 0 | J15: 0 | K15: 0 | L15: 0 | M15: 0 | N15: 0 | O15: 0 | P15: 0 | Q15: 0 | R15: 0 | S15: 0 | T15: 0 | U15: 0 | V15: 0 | W15: 0 | X15: 0
A16: Brown coal briquettes | B16: C0330 | C16: 0 | D16: 0 | E16: 0 | F16: 0 | G16: 0 | H16: 0 | I16: 0 | J16: 0 | K16: 0 | L16: 0 | M16: 0 | N16: 0 | O16: 0 | P16: 0 | Q16: 0 | R16: 0 | S16: 0 | T16: 0 | U16: 0 | V16: 0 | W16: 0 | X16: 0
A17: Manufactured gases | B17: C0350-0370 | C17: =SUM(C18:C21) -> 0 | D17: =SUM(D18:D21) -> 0 | E17: =SUM(E18:E21) -> 0 | F17: =SUM(F18:F21) -> 0 | G17: =SUM(G18:G21) -> 0 | H17: =SUM(H18:H21) -> 0 | I17: =SUM(I18:I21) -> 0 | J17: =SUM(J18:J21) -> 0 | ... X17: =SUM(X18:X21) -> 0
A18: Gas works gas | B18: C0360 | C18: 0 | D18: 0 | E18: 0 | F18: 0 | G18: 0 | H18: 0 | I18: 0 | J18: 0 | K18: 0 | L18: 0 | M18: 0 | N18: 0 | O18: 0 | P18: 0 | Q18: 0 | R18: 0 | S18: 0 | T18: 0 | U18: 0 | V18: 0 | W18: 0 | X18: 0
A19: Coke oven gas | B19: C0350 | C19: 0 | D19: 0 | E19: 0 | F19: 0 | G19: 0 | H19: 0 | I19: 0 | J19: 0 | K19: 0 | L19: 0 | M19: 0 | N19: 0 | O19: 0 | P19: 0 | Q19: 0 | R19: 0 | S19: 0 | T19: 0 | U19: 0 | V19: 0 | W19: 0 | X19: 0
A20: Blast furnace gas | B20: C0371 | C20: 0 | D20: 0 | E20: 0 | F20: 0 | G20: 0 | H20: 0 | I20: 0 | J20: 0 | K20: 0 | L20: 0 | M20: 0 | N20: 0 | O20: 0 | P20: 0 | Q20: 0 | R20: 0 | S20: 0 | T20: 0 | U20: 0 | V20: 0 | W20: 0 | X20: 0
A21: Other recovered gases | B21: C0379 | C21: 0 | D21: 0 | E21: 0 | F21: 0 | G21: 0 | H21: 0 | I21: 0 | J21: 0 | K21: 0 | L21: 0 | M21: 0 | N21: 0 | O21: 0 | P21: 0 | Q21: 0 | R21: 0 | S21: 0 | T21: 0 | U21: 0 | V21: 0 | W21: 0 | X21: 0
A22: Peat and peat products | B22: P1000 | C22: =SUM(C23:C24) -> 0 | D22: =SUM(D23:D24) -> 0 | E22: =SUM(E23:E24) -> 0 | F22: =SUM(F23:F24) -> 0 | G22: =SUM(G23:G24) -> 0 | H22: =SUM(H23:H24) -> 0 | I22: =SUM(I23:I24) -> 0 | J22: =SUM(J23:J24) -> 0 | ... X22: =SUM(X23:X24) -> 0
A23: Peat | B23: P1100 | C23: 0 | D23: 0 | E23: 0 | F23: 0 | G23: 0 | H23: 0 | I23: 0 | J23: 0 | K23: 0 | L23: 0 | M23: 0 | N23: 0 | O23: 0 | P23: 0 | Q23: 0 | R23: 0 | S23: 0 | T23: 0 | U23: 0 | V23: 0 | W23: 0 | X23: 0
A24: Peat products | B24: P1200 | C24: 0 | D24: 0 | E24: 0 | F24: 0 | G24: 0 | H24: 0 | I24: 0 | J24: 0 | K24: 0 | L24: 0 | M24: 0 | N24: 0 | O24: 0 | P24: 0 | Q24: 0 | R24: 0 | S24: 0 | T24: 0 | U24: 0 | V24: 0 | W24: 0 | X24: 0
A25: Oil shale and oil sands | B25: S2000 | C25: 0 | D25: 0 | E25: 0 | F25: 0 | G25: 0 | H25: 0 | I25: 0 | J25: 0 | K25: 0 | L25: 0 | M25: 0 | N25: 0 | O25: 0 | P25: 0 | Q25: 0 | R25: 0 | S25: 0 | T25: 0 | U25: 0 | V25: 0 | W25: 0 | X25: 0
A26: Oil and petroleum products | B26: O4000XBIO | C26: =SUM(C27,C33) -> 0 | D26: =SUM(D27,D33) -> 0 | E26: =SUM(E27,E33) -> 0 | F26: =SUM(F27,F33) -> 0 | G26: =SUM(G27,G33) -> 0 | H26: =SUM(H27,H33) -> 0 | I26: =SUM(I27,I33) -> 0 | J26: =SUM(J27,J33) -> 0 | ... X26: =SUM(X27,X33) -> 0
A27: Crude oil, NGL, refinery feedstocks, additives and oxygenates and other hydrocarbons (excluding biofuel portion) | B27: O4100_TOT_4200-4500XBIO | C27: =SUM(C28:C32) -> 0 | D27: =SUM(D28:D32) -> 0 | E27: =SUM(E28:E32) -> 0 | F27: =SUM(F28:F32) -> 0 | G27: =SUM(G28:G32) -> 0 | H27: =SUM(H28:H32) -> 0 | I27: =SUM(I28:I32) -> 0 | J27: =SUM(J28:J32) -> 0 | ... X27: =SUM(X28:X32) -> 0
A28: Crude oil | B28: O4100_TOT | C28: 0 | D28: 0 | E28: 0 | F28: 0 | G28: 0 | H28: 0 | I28: 0 | J28: 0 | K28: 0 | L28: 0 | M28: 0 | N28: 0 | O28: 0 | P28: 0 | Q28: 0 | R28: 0 | S28: 0 | T28: 0 | U28: 0 | V28: 0 | W28: 0 | X28: 0
A29: Natural gas liquids | B29: O4200 | C29: 0 | D29: 0 | E29: 0 | F29: 0 | G29: 0 | H29: 0 | I29: 0 | J29: 0 | K29: 0 | L29: 0 | M29: 0 | N29: 0 | O29: 0 | P29: 0 | Q29: 0 | R29: 0 | S29: 0 | T29: 0 | U29: 0 | V29: 0 | W29: 0 | X29: 0
A30: Refinery feedstocks | B30: O4300 | C30: 0 | D30: 0 | E30: 0 | F30: 0 | G30: 0 | H30: 0 | I30: 0 | J30: 0 | K30: 0 | L30: 0 | M30: 0 | N30: 0 | O30: 0 | P30: 0 | Q30: 0 | R30: 0 | S30: 0 | T30: 0 | U30: 0 | V30: 0 | W30: 0 | X30: 0
A31: Additives and oxygenates (excluding biofuel portion) | B31: O4400X4410 | C31: 0 | D31: 0 | E31: 0 | F31: 0 | G31: 0 | H31: 0 | I31: 0 | J31: 0 | K31: 0 | L31: 0 | M31: 0 | N31: 0 | O31: 0 | P31: 0 | Q31: 0 | R31: 0 | S31: 0 | T31: 0 | U31: 0 | V31: 0 | W31: 0 | X31: 0
A32: Other hydrocarbons | B32: O4500 | C32: 0 | D32: 0 | E32: 0 | F32: 0 | G32: 0 | H32: 0 | I32: 0 | J32: 0 | K32: 0 | L32: 0 | M32: 0 | N32: 0 | O32: 0 | P32: 0 | Q32: 0 | R32: 0 | S32: 0 | T32: 0 | U32: 0 | V32: 0 | W32: 0 | X32: 0
A33: Oil products (excluding biofuel portion) | B33: O4600XBIO | C33: =SUM(C34:C50) -> 0 | D33: =SUM(D34:D50) -> 0 | E33: =SUM(E34:E50) -> 0 | F33: =SUM(F34:F50) -> 0 | G33: =SUM(G34:G50) -> 0 | H33: =SUM(H34:H50) -> 0 | I33: =SUM(I34:I50) -> 0 | J33: =SUM(J34:J50) -> 0 | ... X33: =SUM(X34:X50) -> 0
A34: Refinery gas | B34: O4610 | C34: 0 | D34: 0 | E34: 0 | F34: 0 | G34: 0 | H34: 0 | I34: 0 | J34: 0 | K34: 0 | L34: 0 | M34: 0 | N34: 0 | O34: 0 | P34: 0 | Q34: 0 | R34: 0 | S34: 0 | T34: 0 | U34: 0 | V34: 0 | W34: 0 | X34: 0
A35: Ethane | B35: O4620 | C35: 0 | D35: 0 | E35: 0 | F35: 0 | G35: 0 | H35: 0 | I35: 0 | J35: 0 | K35: 0 | L35: 0 | M35: 0 | N35: 0 | O35: 0 | P35: 0 | Q35: 0 | R35: 0 | S35: 0 | T35: 0 | U35: 0 | V35: 0 | W35: 0 | X35: 0
A36: Liquefied petroleum gases | B36: O4630 | C36: 0 | D36: 0 | E36: 0 | F36: 0 | G36: 0 | H36: 0 | I36: 0 | J36: 0 | K36: 0 | L36: 0 | M36: 0 | N36: 0 | O36: 0 | P36: 0 | Q36: 0 | R36: 0 | S36: 0 | T36: 0 | U36: 0 | V36: 0 | W36: 0 | X36: 0
A37: Motor gasoline (excluding biofuel portion) | B37: O4652XR5210B | C37: 0 | D37: 0 | E37: 0 | F37: 0 | G37: 0 | H37: 0 | I37: 0 | J37: 0 | K37: 0 | L37: 0 | M37: 0 | N37: 0 | O37: 0 | P37: 0 | Q37: 0 | R37: 0 | S37: 0 | T37: 0 | U37: 0 | V37: 0 | W37: 0 | X37: 0
A38: Aviation gasoline | B38: O4651 | C38: 0 | D38: 0 | E38: 0 | F38: 0 | G38: 0 | H38: 0 | I38: 0 | J38: 0 | K38: 0 | L38: 0 | M38: 0 | N38: 0 | O38: 0 | P38: 0 | Q38: 0 | R38: 0 | S38: 0 | T38: 0 | U38: 0 | V38: 0 | W38: 0 | X38: 0
A39: Gasoline-type jet fuel | B39: O4653 | C39: 0 | D39: 0 | E39: 0 | F39: 0 | G39: 0 | H39: 0 | I39: 0 | J39: 0 | K39: 0 | L39: 0 | M39: 0 | N39: 0 | O39: 0 | P39: 0 | Q39: 0 | R39: 0 | S39: 0 | T39: 0 | U39: 0 | V39: 0 | W39: 0 | X39: 0
A40: Kerosene-type jet fuel (excluding biofuel portion) | B40: O4661XR5230B | C40: 0 | D40: 0 | E40: 0 | F40: 0 | G40: 0 | H40: 0 | I40: 0 | J40: 0 | K40: 0 | L40: 0 | M40: 0 | N40: 0 | O40: 0 | P40: 0 | Q40: 0 | R40: 0 | S40: 0 | T40: 0 | U40: 0 | V40: 0 | W40: 0 | X40: 0
A41: Other kerosene | B41: O4669 | C41: 0 | D41: 0 | E41: 0 | F41: 0 | G41: 0 | H41: 0 | I41: 0 | J41: 0 | K41: 0 | L41: 0 | M41: 0 | N41: 0 | O41: 0 | P41: 0 | Q41: 0 | R41: 0 | S41: 0 | T41: 0 | U41: 0 | V41: 0 | W41: 0 | X41: 0
A42: Naphtha | B42: O4640 | C42: 0 | D42: 0 | E42: 0 | F42: 0 | G42: 0 | H42: 0 | I42: 0 | J42: 0 | K42: 0 | L42: 0 | M42: 0 | N42: 0 | O42: 0 | P42: 0 | Q42: 0 | R42: 0 | S42: 0 | T42: 0 | U42: 0 | V42: 0 | W42: 0 | X42: 0
A43: Gas oil and diesel oil (excluding biofuel portion) | B43: O4671XR5220B | C43: 0 | D43: 0 | E43: 0 | F43: 0 | G43: 0 | H43: 0 | I43: 0 | J43: 0 | K43: 0 | L43: 0 | M43: 0 | N43: 0 | O43: 0 | P43: 0 | Q43: 0 | R43: 0 | S43: 0 | T43: 0 | U43: 0 | V43: 0 | W43: 0 | X43: 0
A44: Fuel oil | B44: O4680 | C44: 0 | D44: 0 | E44: 0 | F44: 0 | G44: 0 | H44: 0 | I44: 0 | J44: 0 | K44: 0 | L44: 0 | M44: 0 | N44: 0 | O44: 0 | P44: 0 | Q44: 0 | R44: 0 | S44: 0 | T44: 0 | U44: 0 | V44: 0 | W44: 0 | X44: 0
A45: White spirit and special boiling point industrial spirits | B45: O4691 | C45: 0 | D45: 0 | E45: 0 | F45: 0 | G45: 0 | H45: 0 | I45: 0 | J45: 0 | K45: 0 | L45: 0 | M45: 0 | N45: 0 | O45: 0 | P45: 0 | Q45: 0 | R45: 0 | S45: 0 | T45: 0 | U45: 0 | V45: 0 | W45: 0 | X45: 0
... A51: Natural gas | B51: G3000 | C51: 0 | D51: 0 | E51: 0 | F51: 0 | G51: 0 | H51: 0 | I51: 0 | J51: 0 | K51: 0 | L51: 0 | M51: 0 | N51: 0 | O51: 0 | P51: 0 | Q51: 0 | R51: 0 | S51: 0 | T51: 0 | U51: 0 | V51: 0 | W51: 0 | X51: 0
A52: Renewables and biofuels | B52: RA000 | C52: =SUM(C53:C70) -> 0 | D52: =SUM(D53:D70) -> 0 | E52: =SUM(E53:E70) -> 0 | F52: =SUM(F53:F70) -> 0 | G52: =SUM(G53:G70) -> 0 | H52: =SUM(H53:H70) -> 0 | I52: =SUM(I53:I70) -> 0 | J52: =SUM(J53:J70) -> 0 | ... X52: =SUM(X53:X70) -> 0
A53: Hydro | B53: RA100 | C53: 0 | D53: 0 | E53: 0 | F53: 0 | G53: 0 | H53: 0 | I53: 0 | J53: 0 | K53: 0 | L53: 0 | M53: 0 | N53: 0 | O53: 0 | P53: 0 | Q53: 0 | R53: 0 | S53: 0 | T53: 0 | U53: 0 | V53: 0 | W53: 0 | X53: 0
A54: Tide, wave, ocean | B54: RA500 | C54: 0 | D54: 0 | E54: 0 | F54: 0 | G54: 0 | H54: 0 | I54: 0 | J54: 0 | K54: 0 | L54: 0 | M54: 0 | N54: 0 | O54: 0 | P54: 0 | Q54: 0 | R54: 0 | S54: 0 | T54: 0 | U54: 0 | V54: 0 | W54: 0 | X54: 0
A55: Wind | B55: RA300 | C55: 0 | D55: 0 | E55: 0 | F55: 0 | G55: 0 | H55: 0 | I55: 0 | J55: 0 | K55: 0 | L55: 0 | M55: 0 | N55: 0 | O55: 0 | P55: 0 | Q55: 0 | R55: 0 | S55: 0 | T55: 0 | U55: 0 | V55: 0 | W55: 0 | X55: 0
A56: Solar photovoltaic | B56: RA420 | C56: 0 | D56: 0 | E56: 0 | F56: 0 | G56: 0 | H56: 0 | I56: 0 | J56: 0 | K56: 0 | L56: 0 | M56: 0 | N56: 0 | O56: 0 | P56: 0 | Q56: 0 | R56: 0 | S56: 0 | T56: 0 | U56: 0 | V56: 0 | W56: 0 | X56: 0
A57: Solar thermal | B57: RA410 | C57: 0 | D57: 0 | E57: 0 | F57: 0 | G57: 0 | H57: 0 | I57: 0 | J57: 0 | K57: 0 | L57: 0 | M57: 0 | N57: 0 | O57: 0 | P57: 0 | Q57: 0 | R57: 0 | S57: 0 | T57: 0 | U57: 0 | V57: 0 | W57: 0 | X57: 0
A58: Geothermal | B58: RA200 | C58: 0 | D58: 0 | E58: 0 | F58: 0 | G58: 0 | H58: 0 | I58: 0 | J58: 0 | K58: 0 | L58: 0 | M58: 0 | N58: 0 | O58: 0 | P58: 0 | Q58: 0 | R58: 0 | S58: 0 | T58: 0 | U58: 0 | V58: 0 | W58: 0 | X58: 0
A59: Primary solid biofuels | B59: R5110-5150_W6000RI | C59: 0 | D59: 0 | E59: 0 | F59: 0 | G59: 0 | H59: 0 | I59: 0 | J59: 0 | K59: 0 | L59: 0 | M59: 0 | N59: 0 | O59: 0 | P59: 0 | Q59: 0 | R59: 0 | S59: 0 | T59: 0 | U59: 0 | V59: 0 | W59: 0 | X59: 0
A60: Charcoal | B60: R5160 | C60: 0 | D60: 0 | E60: 0 | F60: 0 | G60: 0 | H60: 0 | I60: 0 | J60: 0 | K60: 0 | L60: 0 | M60: 0 | N60: 0 | O60: 0 | P60: 0 | Q60: 0 | R60: 0 | S60: 0 | T60: 0 | U60: 0 | V60: 0 | W60: 0 | X60: 0
A61: Biogases | B61: R5300 | C61: 0 | D61: 0 | E61: 0 | F61: 0 | G61: 0 | H61: 0 | I61: 0 | J61: 0 | K61: 0 | L61: 0 | M61: 0 | N61: 0 | O61: 0 | P61: 0 | Q61: 0 | R61: 0 | S61: 0 | T61: 0 | U61: 0 | V61: 0 | W61: 0 | X61: 0
A62: Renewable municipal waste | B62: W6210 | C62: 0 | D62: 0 | E62: 0 | F62: 0 | G62: 0 | H62: 0 | I62: 0 | J62: 0 | K62: 0 | L62: 0 | M62: 0 | N62: 0 | O62: 0 | P62: 0 | Q62: 0 | R62: 0 | S62: 0 | T62: 0 | U62: 0 | V62: 0 | W62: 0 | X62: 0
A63: Pure biogasoline | B63: R5210P | C63: 0 | D63: 0 | E63: 0 | F63: 0 | G63: 0 | H63: 0 | I63: 0 | J63: 0 | K63: 0 | L63: 0 | M63: 0 | N63: 0 | O63: 0 | P63: 0 | Q63: 0 | R63: 0 | S63: 0 | T63: 0 | U63: 0 | V63: 0 | W63: 0 | X63: 0
A64: Blended biogasoline | B64: R5210B | C64: 0 | D64: 0 | E64: 0 | F64: 0 | G64: 0 | H64: 0 | I64: 0 | J64: 0 | K64: 0 | L64: 0 | M64: 0 | N64: 0 | O64: 0 | P64: 0 | Q64: 0 | R64: 0 | S64: 0 | T64: 0 | U64: 0 | V64: 0 | W64: 0 | X64: 0
... A70: Ambient heat (heat pumps) | B70: RA600 | C70: 0 | D70: 0 | E70: 0 | F70: 0 | G70: 0 | H70: 0 | I70: 0 | J70: 0 | K70: 0 | L70: 0 | M70: 0 | N70: 0 | O70: 0 | P70: 0 | Q70: 0 | R70: 0 | S70: 0 | T70: 0 | U70: 0 | V70: 0 | W70: 0 | X70: 0
A71: Non-renewable waste | B71: W6100_6220 | C71: =SUM(C72:C73) -> 0 | D71: =SUM(D72:D73) -> 0 | E71: =SUM(E72:E73) -> 0 | F71: =SUM(F72:F73) -> 0 | G71: =SUM(G72:G73) -> 0 | H71: =SUM(H72:H73) -> 0 | I71: =SUM(I72:I73) -> 0 | J71: =SUM(J72:J73) -> 0 | ... X71: =SUM(X72:X73) -> 0
A72: Industrial waste (non-renewable) | B72: W6100 | C72: 0 | D72: 0 | E72: 0 | F72: 0 | G72: 0 | H72: 0 | I72: 0 | J72: 0 | K72: 0 | L72: 0 | M72: 0 | N72: 0 | O72: 0 | P72: 0 | Q72: 0 | R72: 0 | S72: 0 | T72: 0 | U72: 0 | V72: 0 | W72: 0 | X72: 0
A73: Non-renewable municipal waste | B73: W6220 | C73: 0 | D73: 0 | E73: 0 | F73: 0 | G73: 0 | H73: 0 | I73: 0 | J73: 0 | K73: 0 | L73: 0 | M73: 0 | N73: 0 | O73: 0 | P73: 0 | Q73: 0 | R73: 0 | S73: 0 | T73: 0 | U73: 0 | V73: 0 | W73: 0 | X73: 0
A74: Nuclear heat | B74: N900H | C74: 0 | D74: 0 | E74: 0 | F74: 0 | G74: 0 | H74: 0 | I74: 0 | J74: 0 | K74: 0 | L74: 0 | M74: 0 | N74: 0 | O74: 0 | P74: 0 | Q74: 0 | R74: 0 | S74: 0 | T74: 0 | U74: 0 | V74: 0 | W74: 0 | X74: 0
A75: Heat | B75: H8000 | C75: 0 | D75: 0 | E75: 0 | F75: 0 | G75: 0 | H75: 0 | I75: 0 | J75: 0 | K75: 0 | L75: 0 | M75: 0 | N75: 0 | O75: 0 | P75: 0 | Q75: 0 | R75: 0 | S75: 0 | T75: 0 | U75: 0 | V75: 0 | W75: 0 | X75: 0
A76: Electricity | B76: E7000 | C76: 0 | D76: 0 | E76: 0 | F76: 0 | G76: 0 | H76: 0 | I76: 0 | J76: 0 | K76: 0 | L76: 0 | M76: 0 | N76: 0 | O76: 0 | P76: 0 | Q76: 0 | R76: 0 | S76: 0 | T76: 0 | U76: 0 | V76: 0 | W76: 0 | X76: 0

Sheet IMP
A1: Imports | B1: IMP | C1: 2000 | D1: 2001 | E1: 2002 | F1: 2003 | G1: 2004 | H1: 2005 | I1: 2006 | J1: 2007 | K1: 2008 | L1: 2009 | M1: 2010 | N1: 2011 | O1: 2012 | P1: 2013 | Q1: 2014 | R1: 2015 | S1: 2016 | T1: 2017 | U1: 2018 | V1: 2019 | W1: 2020 | X1: 2021
A2: Total | B2: TOTAL | C2: =SUM(C3,C17,C22,C25,C26,C51,C52,C71,C74,C75,C76) -> 4117.7063 | D2: =SUM(D3,D17,D22,D25,D26,D51,D52,D71,D74,D75,D76) -> 3999.8991 | E2: =SUM(E3,E17,E22,E25,E26,E51,E52,E71,E74,E75,E76) -> 4020.9839 | F2: =SUM(F3,F17,F22,F25,F26,F51,F52,F71,F74,F75,F76) -> 4324.0187 | G2: =SUM(G3,G17,G22,G25,G26,G51,G52,G71,G74,G75,G76) -> 4599.2665 | H2: =SUM(H3,H17,H22,H25,H26,H51,H52,H71,H74,H75,H76) -> 4914.8116 | I2: =SUM(I3,I17,I22,I25,I26,I51,I52,I71,I74,I75,I76) -> 4929.7571 | J2: =SUM(J3,J17,J22,J25,J26,J51,J52,J71,J74,J75,J76) -> 4831.7623 | ... X2: =SUM(X3,X17,X22,X25,X26,X51,X52,X71,X74,X75,X76) -> 5593.7935
A3: Solid fossil fuels | B3: C0000X0350-0370 | C3: =SUM(C4,C8,C11) -> 245.41711 | D3: =SUM(D4,D8,D11) -> 265.29768 | E3: =SUM(E4,E8,E11) -> 307.50353 | F3: =SUM(F4,F8,F11) -> 309.43233 | G3: =SUM(G4,G8,G11) -> 360.41333 | H3: =SUM(H4,H8,H11) -> 332.81582 | I3: =SUM(I4,I8,I11) -> 330.45752 | J3: =SUM(J4,J8,J11) -> 331.38813 | ... X3: =SUM(X4,X8,X11) -> 102.63637
A4: Hard coal | B4: C0100 | C4: =SUM(C5:C7) -> 8.027945 | D4: =SUM(D5:D7) -> 9.8461737 | E4: =SUM(E5:E7) -> 22.614445 | F4: =SUM(F5:F7) -> 34.716681 | G4: =SUM(G5:G7) -> 29.61092 | H4: =SUM(H5:H7) -> 28.671109 | I4: =SUM(I5:I7) -> 29.296991 | J4: =SUM(J5:J7) -> 46.095959 | ... X4: =SUM(X5:X7) -> 4.0703353
A5: Anthracite | B5: C0110 | C5: 0 | D5: 0 | E5: 0 | F5: 0 | G5: 0 | H5: 0 | I5: 0 | J5: 0 | K5: 0 | L5: 0 | M5: 0 | N5: 0 | O5: 0 | P5: 0 | Q5: 0 | R5: 0 | S5: 0 | T5: 0 | U5: 0 | V5: 0 | W5: 0 | X5: 0
A6: Coking coal | B6: C0121 | C6: 0 | D6: 0 | E6: 0 | F6: 0 | G6: 0 | H6: 0 | I6: 0 | J6: 0 | K6: 0 | L6: 0 | M6: 0 | N6: 0 | O6: 0 | P6: 0 | Q6: 0 | R6: 0 | S6: 0 | T6: 0 | U6: 0 | V6: 0 | W6: 0 | X6: 0
A7: Other bituminous coal | B7: C0129 | C7: 8.027945 | D7: 9.8461737 | E7: 22.614445 | F7: 34.716681 | G7: 29.61092 | H7: 28.671109 | I7: 29.296991 | J7: 46.095959 | K7: 45.489424 | L7: 18.834652 | M7: 16.309114 | N7: 14.526225 | O7: 14.5681 | P7: 14.379106 | Q7: 13.244798 | R7: 9.6861565 | S7: 8.4629407 | T7: 7.1600172 | U7: 6.6198624 | V7: 6.8185727 | W7: 8.1463457 | X7: 4.0703353
A8: Brown coal | B8: C0200 | C8: =SUM(C9:C10) -> 186.9644 | D8: =SUM(D9:D10) -> 213.43087 | E8: =SUM(E9:E10) -> 243.77145 | F8: =SUM(F9:F10) -> 234.54557 | G8: =SUM(G9:G10) -> 288.48512 | H8: =SUM(H9:H10) -> 266.10112 | I8: =SUM(I9:I10) -> 266.52537 | J8: =SUM(J9:J10) -> 250.7693 | ... X8: =SUM(X9:X10) -> 76.584953
A9: Sub-bituminous coal | B9: C0210 | C9: 186.9644 | D9: 213.43087 | E9: 243.77145 | F9: 234.30043 | G9: 288.23844 | H9: 266.10112 | I9: 266.52537 | J9: 226.33749 | K9: 317.22966 | L9: 178.35512 | M9: 215.81445 | N9: 193.04592 | O9: 225.79966 | P9: 181.46457 | Q9: 177.65546 | R9: 165.01109 | S9: 167.06638 | T9: 168.93792 | U9: 185.37094 | V9: 185.55193 | W9: 153.17085 | X9: 76.584953
A10: Lignite | B10: C0220 | C10: 0 | D10: 0 | E10: 0 | F10: 0.24514187 | G10: 0.2466896 | H10: 0 | I10: 0 | J10: 24.431814 | K10: 55.4092 | L10: 43.227085 | M10: 27.348495 | N10: 28.580997 | O10: 39.120292 | P10: 49.999484 | Q10: 12.805933 | R10: 7.0829751 | S10: 2.4504729 | T10: 0 | U10: 0 | V10: 0 | W10: 0 | X10: 0
A11: Coal products | B11: C0300 | C11: =SUM(C12:C16) -> 50.424764 | D11: =SUM(D12:D16) -> 42.020636 | E11: =SUM(E12:E16) -> 41.117627 | F11: =SUM(F12:F16) -> 40.170077 | G11: =SUM(G12:G16) -> 42.317283 | H11: =SUM(H12:H16) -> 38.043594 | I11: =SUM(I12:I16) -> 34.635168 | J11: =SUM(J12:J16) -> 34.522872 | ... X11: =SUM(X12:X16) -> 21.981083
A12: Patent fuel | B12: C0320 | C12: 0 | D12: 0 | E12: 0 | F12: 0 | G12: 0 | H12: 0 | I12: 0 | J12: 0 | K12: 0 | L12: 0 | M12: 0 | N12: 0 | O12: 0 | P12: 0 | Q12: 0 | R12: 0 | S12: 0 | T12: 0 | U12: 0 | V12: 0 | W12: 0 | X12: 0
A13: Coke oven coke | B13: C0311 | C13: 50.424764 | D13: 42.020636 | E13: 41.117627 | F13: 40.170077 | G13: 42.317283 | H13: 38.043594 | I13: 34.635168 | J13: 34.522872 | K13: 23.9546 | L13: 17.613672 | M13: 20.4319 | N13: 21.841015 | O13: 21.238865 | P13: 22.166036 | Q13: 23.027773 | R13: 22.270421 | S13: 20.053052 | T13: 21.845916 | U13: 21.573431 | V13: 21.748409 | W13: 19.709458 | X13: 21.981083
A14: Gas coke | B14: C0312 | C14: 0 | D14: 0 | E14: 0 | F14: 0 | G14: 0 | H14: 0 | I14: 0 | J14: 0 | K14: 0 | L14: 0 | M14: 0 | N14: 0 | O14: 0 | P14: 0 | Q14: 0 | R14: 0 | S14: 0 | T14: 0 | U14: 0 | V14: 0 | W14: 0 | X14: 0
A15: Coal tar | B15: C0340 | C15: 0 | D15: 0 | E15: 0 | F15: 0 | G15: 0 | H15: 0 | I15: 0 | J15: 0 | K15: 0 | L15: 0 | M15: 0 | N15: 0 | O15: 0 | P15: 0 | Q15: 0 | R15: 0 | S15: 0 | T15: 0 | U15: 0 | V15: 0 | W15: 0 | X15: 0
A16: Brown coal briquettes | B16: C0330 | C16: 0 | D16: 0 | E16: 0 | F16: 0 | G16: 0 | H16: 0 | I16: 0 | J16: 0 | K16: 0 | L16: 0 | M16: 0 | N16: 0 | O16: 0 | P16: 0 | Q16: 0 | R16: 0 | S16: 0 | T16: 0 | U16: 0 | V16: 0 | W16: 0 | X16: 0
A17: Manufactured gases | B17: C0350-0370 | C17: =SUM(C18:C21) -> 0 | D17: =SUM(D18:D21) -> 0 | E17: =SUM(E18:E21) -> 0 | F17: =SUM(F18:F21) -> 0 | G17: =SUM(G18:G21) -> 0 | H17: =SUM(H18:H21) -> 0 | I17: =SUM(I18:I21) -> 0 | J17: =SUM(J18:J21) -> 0 | ... X17: =SUM(X18:X21) -> 0
A18: Gas works gas | B18: C0360 | C18: 0 | D18: 0 | E18: 0 | F18: 0 | G18: 0 | H18: 0 | I18: 0 | J18: 0 | K18: 0 | L18: 0 | M18: 0 | N18: 0 | O18: 0 | P18: 0 | Q18: 0 | R18: 0 | S18: 0 | T18: 0 | U18: 0 | V18: 0 | W18: 0 | X18: 0
A19: Coke oven gas | B19: C0350 | C19: 0 | D19: 0 | E19: 0 | F19: 0 | G19: 0 | H19: 0 | I19: 0 | J19: 0 | K19: 0 | L19: 0 | M19: 0 | N19: 0 | O19: 0 | P19: 0 | Q19: 0 | R19: 0 | S19: 0 | T19: 0 | U19: 0 | V19: 0 | W19: 0 | X19: 0
A20: Blast furnace gas | B20: C0371 | C20: 0 | D20: 0 | E20: 0 | F20: 0 | G20: 0 | H20: 0 | I20: 0 | J20: 0 | K20: 0 | L20: 0 | M20: 0 | N20: 0 | O20: 0 | P20: 0 | Q20: 0 | R20: 0 | S20: 0 | T20: 0 | U20: 0 | V20: 0 | W20: 0 | X20: 0
A21: Other recovered gases | B21: C0379 | C21: 0 | D21: 0 | E21: 0 | F21: 0 | G21: 0 | H21: 0 | I21: 0 | J21: 0 | K21: 0 | L21: 0 | M21: 0 | N21: 0 | O21: 0 | P21: 0 | Q21: 0 | R21: 0 | S21: 0 | T21: 0 | U21: 0 | V21: 0 | W21: 0 | X21: 0
A22: Peat and peat products | B22: P1000 | C22: =SUM(C23:C24) -> 0 | D22: =SUM(D23:D24) -> 0 | E22: =SUM(E23:E24) -> 0 | F22: =SUM(F23:F24) -> 0 | G22: =SUM(G23:G24) -> 0 | H22: =SUM(H23:H24) -> 0 | I22: =SUM(I23:I24) -> 0 | J22: =SUM(J23:J24) -> 0 | ... X22: =SUM(X23:X24) -> 0
A23: Peat | B23: P1100 | C23: 0 | D23: 0 | E23: 0 | F23: 0 | G23: 0 | H23: 0 | I23: 0 | J23: 0 | K23: 0 | L23: 0 | M23: 0 | N23: 0 | O23: 0 | P23: 0 | Q23: 0 | R23: 0 | S23: 0 | T23: 0 | U23: 0 | V23: 0 | W23: 0 | X23: 0
A24: Peat products | B24: P1200 | C24: 0 | D24: 0 | E24: 0 | F24: 0 | G24: 0 | H24: 0 | I24: 0 | J24: 0 | K24: 0 | L24: 0 | M24: 0 | N24: 0 | O24: 0 | P24: 0 | Q24: 0 | R24: 0 | S24: 0 | T24: 0 | U24: 0 | V24: 0 | W24: 0 | X24: 0
A25: Oil shale and oil sands | B25: S2000 | C25: 0 | D25: 0 | E25: 0 | F25: 0 | G25: 0 | H25: 0 | I25: 0 | J25: 0 | K25: 0 | L25: 0 | M25: 0 | N25: 0 | O25: 0 | P25: 0 | Q25: 0 | R25: 0 | S25: 0 | T25: 0 | U25: 0 | V25: 0 | W25: 0 | X25: 0
A26: Oil and petroleum products | B26: O4000XBIO | C26: =SUM(C27,C33) -> 2688.8627 | D26: =SUM(D27,D33) -> 2618.6298 | E26: =SUM(E27,E33) -> 2572.5948 | F26: =SUM(F27,F33) -> 2598.3782 | G26: =SUM(G27,G33) -> 2705.3192 | H26: =SUM(H27,H33) -> 2853.3414 | I26: =SUM(I27,I33) -> 3038.9248 | J26: =SUM(J27,J33) -> 3054.3825 | ... X26: =SUM(X27,X33) -> 3893.3873
A27: Crude oil, NGL, refinery feedstocks, additives and oxygenates and other hydrocarbons (excluding biofuel portion) | B27: O4100_TOT_4200-4500XBIO | C27: =SUM(C28:C32) -> 149.93783 | D27: =SUM(D28:D32) -> 0 | E27: =SUM(E28:E32) -> 0 | F27: =SUM(F28:F32) -> 0 | G27: =SUM(G28:G32) -> 0 | H27: =SUM(H28:H32) -> 0 | I27: =SUM(I28:I32) -> 0 | J27: =SUM(J28:J32) -> 0 | ... X27: =SUM(X28:X32) -> 0
A28: Crude oil | B28: O4100_TOT | C28: 93.39828 | D28: 0 | E28: 0 | F28: 0 | G28: 0 | H28: 0 | I28: 0 | J28: 0 | K28: 0 | L28: 0 | M28: 0 | N28: 0 | O28: 0 | P28: 0 | Q28: 0 | R28: 0 | S28: 0 | T28: 0 | U28: 0 | V28: 0 | W28: 0 | X28: 0
A29: Natural gas liquids | B29: O4200 | C29: 29.091402 | D29: 0 | E29: 0 | F29: 0 | G29: 0 | H29: 0 | I29: 0 | J29: 0 | K29: 0 | L29: 0 | M29: 0 | N29: 0 | O29: 0 | P29: 0 | Q29: 0 | R29: 0 | S29: 0 | T29: 0 | U29: 0 | V29: 0 | W29: 0 | X29: 0
A30: Refinery feedstocks | B30: O4300 | C30: 27.448151 | D30: 0 | E30: 0 | F30: 0 | G30: 0 | H30: 0 | I30: 0 | J30: 0 | K30: 0 | L30: 0 | M30: 0 | N30: 0 | O30: 0 | P30: 0 | Q30: 0 | R30: 0 | S30: 0 | T30: 0 | U30: 0 | V30: 0 | W30: 0 | X30: 0
A31: Additives and oxygenates (excluding biofuel portion) | B31: O4400X4410 | C31: 0 | D31: 0 | E31: 0 | F31: 0 | G31: 0 | H31: 0 | I31: 0 | J31: 0 | K31: 0 | L31: 0 | M31: 0 | N31: 0 | O31: 0 | P31: 0 | Q31: 0 | R31: 0 | S31: 0 | T31: 0 | U31: 0 | V31: 0 | W31: 0 | X31: 0
A32: Other hydrocarbons | B32: O4500 | C32: 0 | D32: 0 | E32: 0 | F32: 0 | G32: 0 | H32: 0 | I32: 0 | J32: 0 | K32: 0 | L32: 0 | M32: 0 | N32: 0 | O32: 0 | P32: 0 | Q32: 0 | R32: 0 | S32: 0 | T32: 0 | U32: 0 | V32: 0 | W32: 0 | X32: 0
A33: Oil products (excluding biofuel portion) | B33: O4600XBIO | C33: =SUM(C34:C50) -> 2538.9248 | D33: =SUM(D34:D50) -> 2618.6298 | E33: =SUM(E34:E50) -> 2572.5948 | F33: =SUM(F34:F50) -> 2598.3782 | G33: =SUM(G34:G50) -> 2705.3192 | H33: =SUM(H34:H50) -> 2853.3414 | I33: =SUM(I34:I50) -> 3038.9248 | J33: =SUM(J34:J50) -> 3054.3825 | ... X33: =SUM(X34:X50) -> 3893.3873
A34: Refinery gas | B34: O4610 | C34: 0 | D34: 0 | E34: 0 | F34: 0 | G34: 0 | H34: 0 | I34: 0 | J34: 0 | K34: 0 | L34: 0 | M34: 0 | N34: 0 | O34: 0 | P34: 0 | Q34: 0 | R34: 0 | S34: 0 | T34: 0 | U34: 0 | V34: 0 | W34: 0 | X34: 0
A35: Ethane | B35: O4620 | C35: 0 | D35: 0 | E35: 0 | F35: 0 | G35: 0 | H35: 0 | I35: 0 | J35: 0 | K35: 0 | L35: 0 | M35: 0 | N35: 0 | O35: 0 | P35: 0 | Q35: 0 | R35: 0 | S35: 0 | T35: 0 | U35: 0 | V35: 0 | W35: 0 | X35: 0
A36: Liquefied petroleum gases | B36: O4630 | C36: 105.06595 | D36: 97.157696 | E36: 97.157696 | F36: 99.417197 | G36: 97.157696 | H36: 98.287446 | I36: 109.58487 | J36: 98.989682 | K36: 109.98856 | L36: 102.28934 | M36: 104.48908 | N36: 98.989682 | O36: 89.090714 | P36: 83.591316 | Q36: 81.391488 | R36: 89.090714 | S36: 87.9908 | T36: 97.139639 | U36: 103.59931 | V36: 113.48504 | W36: 96.863629 | X36: 99.511006
A37: Motor gasoline (excluding biofuel portion) | B37: O4652XR5210B | C37: 917.36174 | D37: 852.8184 | E37: 823.19192 | F37: 827.42425 | G37: 759.70671 | H37: 771.34566 | I37: 733.13749 | J37: 696.48057 | K37: 807.49854 | L37: 700.66999 | M37: 757.22631 | N37: 741.51617 | O37: 710.09604 | P37: 596.9834 | Q37: 507.9595 | R37: 567.65787 | S37: 625.26156 | T37: 667.99613 | U37: 628.19304 | V37: 681.85245 | W37: 583.1742 | X37: 472.13113
A38: Aviation gasoline | B38: O4651 | C38: 1.0581255 | D38: 1.0581255 | E38: 1.0581255 | F38: 1.0581255 | G38: 1.0581255 | H38: 1.0581255 | I38: 1.0581255 | J38: 1.0581255 | K38: 1.0581255 | L38: 1.0581255 | M38: 1.0581255 | N38: 1.0581255 | O38: 1.0581255 | P38: 1.0269991 | Q38: 1.0269991 | R38: 1.0269991 | S38: 1.0269991 | T38: 0.39544282 | U38: 0.5227859 | V38: 0.49088564 | W38: 0.4683577 | X38: 0.46732588
A39: Gasoline-type jet fuel | B39: O4653 | C39: 0 | D39: 0 | E39: 0 | F39: 0 | G39: 0 | H39: 0 | I39: 0 | J39: 0 | K39: 0 | L39: 0 | M39: 0 | N39: 0 | O39: 0 | P39: 0 | Q39: 0 | R39: 0 | S39: 0 | T39: 0 | U39: 0 | V39: 0 | W39: 0 | X39: 0
A40: Kerosene-type jet fuel (excluding biofuel portion) | B40: O4661XR5230B | C40: 25.27945 | D40: 28.439381 | E40: 34.759243 | F40: 29.492691 | G40: 23.172829 | H40: 22.119518 | I40: 26.33276 | J40: 33.277902 | K40: 34.317885 | L40: 27.038349 | M40: 25.998366 | N40: 23.918487 | O40: 23.918487 | P40: 25.998366 | Q40: 328.61943 | R40: 329.65942 | S40: 239.18504 | T40: 248.95417 | U40: 240.95606 | V40: 321.37945 | W40: 129.65907 | X40: 31.494411
A41: Other kerosene | B41: O4669 | C41: 0 | D41: 3.1384351 | E41: 2.0922614 | F41: 2.0922614 | G41: 1.0461737 | H41: 1.0461737 | I41: 1.0461737 | J41: 1.0461737 | K41: 1.0461737 | L41: 0 | M41: 0 | N41: 0 | O41: 0 | P41: 0 | Q41: 0 | R41: 0 | S41: 0 | T41: 0.1227859 | U41: 0.12381771 | V41: 0.061908856 | W41: 0.024763543 | X41: 0.067067928
A42: Naphtha | B42: O4640 | C42: 0 | D42: 0 | E42: 0 | F42: 0 | G42: 0 | H42: 0 | I42: 0 | J42: 0 | K42: 0 | L42: 0 | M42: 0 | N42: 0 | O42: 0 | P42: 0 | Q42: 0 | R42: 0 | S42: 0 | T42: 0 | U42: 0 | V42: 0 | W42: 0 | X42: 0
A43: Gas oil and diesel oil (excluding biofuel portion) | B43: O4671XR5220B | C43: 1290.986 | D43: 1406.0141 | E43: 1414.2304 | F43: 1431.6901 | G43: 1561.0968 | H43: 1685.3683 | I43: 1829.4353 | J43: 1922.0264 | K43: 2392.1038 | L43: 2032.9321 | M43: 2196.7469 | N43: 2275.0931 | O43: 2462.3101 | P43: 2375.8798 | Q43: 2548.6765 | R43: 2685.076 | S43: 3049.3266 | T43: 3189.8119 | U43: 3205.939 | V43: 3336.9512 | W43: 2645.0939 | X43: 2818.0997
A44: Fuel oil | B44: O4680 | C44: 84.914531 | D44: 106.14308 | E44: 79.12485 | F44: 60.791058 | G44: 50.176784 | H44: 71.405331 | I44: 81.054772 | J44: 75.73104 | K44: 83.481427 | L44: 52.132846 | M44: 27.527859 | N44: 40.261651 | O44: 57.906449 | P44: 69.6773 | Q44: 101.0442 | R44: 254.88298 | S44: 427.38788 | T44: 401.29372 | U44: 433.23233 | V44: 296.34119 | W44: 410.71883 | X44: 264.12365
A45: White spirit and special boiling point industrial spirits | B45: O4691 | C45: 0 | D45: 4.8007739 | E45: 4.8007739 | F45: 6.7211522 | G45: 7.6812554 | H45: 7.6812554 | I45: 7.6812554 | J45: 7.2243336 | K45: 7.2243336 | L45: 4.1282029 | M45: 6.1923474 | N45: 3.0961307 | O45: 3.0961307 | P45: 2.0641445 | Q45: 2.0641445 | R45: 2.0641445 | S45: 2.0641445 | T45: 2.2818573 | U45: 2.3344798 | V45: 2.0754944 | W45: 2.5161651 | X45: 2.7142734
... A51: Natural gas | B51: G3000 | C51: 819.53998 | D51: 844.77644 | E51: 814.66036 | F51: 902.45056 | G51: 894.41101 | H51: 925.38693 | I51: 895.80825 | J51: 911.60791 | K51: 876.1178 | L51: 828.95529 | M51: 856.83577 | N51: 735.89854 | O51: 708.36199 | P51: 689.27343 | Q51: 623.43078 | R51: 661.73689 | S51: 700.77386 | T51: 734.5399 | U51: 720.45959 | V51: 731.44712 | W51: 730.95881 | X51: 770.83964
A52: Renewables and biofuels | B52: RA000 | C52: =SUM(C53:C70) -> 0 | D52: =SUM(D53:D70) -> 0 | E52: =SUM(E53:E70) -> 0 | F52: =SUM(F53:F70) -> 0 | G52: =SUM(G53:G70) -> 0 | H52: =SUM(H53:H70) -> 0 | I52: =SUM(I53:I70) -> 1.9698194 | J52: =SUM(J53:J70) -> 9.3622528 | ... X52: =SUM(X53:X70) -> 105.76483
A53: Hydro | B53: RA100 | C53: 0 | D53: 0 | E53: 0 | F53: 0 | G53: 0 | H53: 0 | I53: 0 | J53: 0 | K53: 0 | L53: 0 | M53: 0 | N53: 0 | O53: 0 | P53: 0 | Q53: 0 | R53: 0 | S53: 0 | T53: 0 | U53: 0 | V53: 0 | W53: 0 | X53: 0
A54: Tide, wave, ocean | B54: RA500 | C54: 0 | D54: 0 | E54: 0 | F54: 0 | G54: 0 | H54: 0 | I54: 0 | J54: 0 | K54: 0 | L54: 0 | M54: 0 | N54: 0 | O54: 0 | P54: 0 | Q54: 0 | R54: 0 | S54: 0 | T54: 0 | U54: 0 | V54: 0 | W54: 0 | X54: 0
A55: Wind | B55: RA300 | C55: 0 | D55: 0 | E55: 0 | F55: 0 | G55: 0 | H55: 0 | I55: 0 | J55: 0 | K55: 0 | L55: 0 | M55: 0 | N55: 0 | O55: 0 | P55: 0 | Q55: 0 | R55: 0 | S55: 0 | T55: 0 | U55: 0 | V55: 0 | W55: 0 | X55: 0
A56: Solar photovoltaic | B56: RA420 | C56: 0 | D56: 0 | E56: 0 | F56: 0 | G56: 0 | H56: 0 | I56: 0 | J56: 0 | K56: 0 | L56: 0 | M56: 0 | N56: 0 | O56: 0 | P56: 0 | Q56: 0 | R56: 0 | S56: 0 | T56: 0 | U56: 0 | V56: 0 | W56: 0 | X56: 0
A57: Solar thermal | B57: RA410 | C57: 0 | D57: 0 | E57: 0 | F57: 0 | G57: 0 | H57: 0 | I57: 0 | J57: 0 | K57: 0 | L57: 0 | M57: 0 | N57: 0 | O57: 0 | P57: 0 | Q57: 0 | R57: 0 | S57: 0 | T57: 0 | U57: 0 | V57: 0 | W57: 0 | X57: 0
A58: Geothermal | B58: RA200 | C58: 0 | D58: 0 | E58: 0 | F58: 0 | G58: 0 | H58: 0 | I58: 0 | J58: 0 | K58: 0 | L58: 0 | M58: 0 | N58: 0 | O58: 0 | P58: 0 | Q58: 0 | R58: 0 | S58: 0 | T58: 0 | U58: 0 | V58: 0 | W58: 0 | X58: 0
A59: Primary solid biofuels | B59: R5110-5150_W6000RI | C59: 0 | D59: 0 | E59: 0 | F59: 0 | G59: 0 | H59: 0 | I59: 0 | J59: 0 | K59: 0 | L59: 0 | M59: 0 | N59: 0 | O59: 0 | P59: 0 | Q59: 0 | R59: 0 | S59: 0 | T59: 0 | U59: 0 | V59: 0 | W59: 0 | X59: 0
A60: Charcoal | B60: R5160 | C60: 0 | D60: 0 | E60: 0 | F60: 0 | G60: 0 | H60: 0 | I60: 0 | J60: 0 | K60: 0 | L60: 0 | M60: 0 | N60: 0 | O60: 0 | P60: 0 | Q60: 0 | R60: 0 | S60: 0 | T60: 0 | U60: 0 | V60: 0 | W60: 0 | X60: 0
A61: Biogases | B61: R5300 | C61: 0 | D61: 0 | E61: 0 | F61: 0 | G61: 0 | H61: 0 | I61: 0 | J61: 0 | K61: 0 | L61: 0 | M61: 0 | N61: 0 | O61: 0 | P61: 0 | Q61: 0 | R61: 0 | S61: 0 | T61: 0 | U61: 0 | V61: 0 | W61: 0 | X61: 0
A62: Renewable municipal waste | B62: W6210 | C62: 0 | D62: 0 | E62: 0 | F62: 0 | G62: 0 | H62: 0 | I62: 0 | J62: 0 | K62: 0 | L62: 0 | M62: 0 | N62: 0 | O62: 0 | P62: 0 | Q62: 0 | R62: 0 | S62: 0 | T62: 0 | U62: 0 | V62: 0 | W62: 0 | X62: 0
A63: Pure biogasoline | B63: R5210P | C63: 0 | D63: 0 | E63: 0 | F63: 0 | G63: 0 | H63: 0 | I63: 0 | J63: 0 | K63: 0 | L63: 0 | M63: 0 | N63: 0 | O63: 0 | P63: 0 | Q63: 0 | R63: 0 | S63: 0 | T63: 0 | U63: 0 | V63: 0 | W63: 0 | X63: 0
A64: Blended biogasoline | B64: R5210B | C64: 0 | D64: 0 | E64: 0 | F64: 0 | G64: 0 | H64: 0 | I64: 0 | J64: 0.63697334 | K64: 2.5580396 | L64: 2.5948409 | M64: 4.3186586 | N64: 5.0643164 | O64: 6.0013758 | P64: 7.5950129 | Q64: 7.5892519 | R64: 6.5184867 | S64: 4.3456578 | T64: 4.2265692 | U64: 7.7955288 | V64: 4.2375752 | W64: 9.0532244 | X64: 8.8801376
... A70: Ambient heat (heat pumps) | B70: RA600 | C70: 0 | D70: 0 | E70: 0 | F70: 0 | G70: 0 | H70: 0 | I70: 0 | J70: 0 | K70: 0 | L70: 0 | M70: 0 | N70: 0 | O70: 0 | P70: 0 | Q70: 0 | R70: 0 | S70: 0 | T70: 0 | U70: 0 | V70: 0 | W70: 0 | X70: 0
A71: Non-renewable waste | B71: W6100_6220 | C71: =SUM(C72:C73) -> 0 | D71: =SUM(D72:D73) -> 0 | E71: =SUM(E72:E73) -> 0 | F71: =SUM(F72:F73) -> 0 | G71: =SUM(G72:G73) -> 0 | H71: =SUM(H72:H73) -> 0 | I71: =SUM(I72:I73) -> 0 | J71: =SUM(J72:J73) -> 0 | ... X71: =SUM(X72:X73) -> 0
A72: Industrial waste (non-renewable) | B72: W6100 | C72: 0 | D72: 0 | E72: 0 | F72: 0 | G72: 0 | H72: 0 | I72: 0 | J72: 0 | K72: 0 | L72: 0 | M72: 0 | N72: 0 | O72: 0 | P72: 0 | Q72: 0 | R72: 0 | S72: 0 | T72: 0 | U72: 0 | V72: 0 | W72: 0 | X72: 0
A73: Non-renewable municipal waste | B73: W6220 | C73: 0 | D73: 0 | E73: 0 | F73: 0 | G73: 0 | H73: 0 | I73: 0 | J73: 0 | K73: 0 | L73: 0 | M73: 0 | N73: 0 | O73: 0 | P73: 0 | Q73: 0 | R73: 0 | S73: 0 | T73: 0 | U73: 0 | V73: 0 | W73: 0 | X73: 0
A74: Nuclear heat | B74: N900H | C74: 0 | D74: 0 | E74: 0 | F74: 0 | G74: 0 | H74: 0 | I74: 0 | J74: 0 | K74: 0 | L74: 0 | M74: 0 | N74: 0 | O74: 0 | P74: 0 | Q74: 0 | R74: 0 | S74: 0 | T74: 0 | U74: 0 | V74: 0 | W74: 0 | X74: 0
A75: Heat | B75: H8000 | C75: 0 | D75: 0 | E75: 0 | F75: 0 | G75: 0 | H75: 0 | I75: 0 | J75: 0 | K75: 0 | L75: 0 | M75: 0 | N75: 0 | O75: 0 | P75: 0 | Q75: 0 | R75: 0 | S75: 0 | T75: 0 | U75: 0 | V75: 0 | W75: 0 | X75: 0
A76: Electricity | B76: E7000 | C76: 363.8865 | D76: 271.19518 | E76: 326.22528 | F76: 513.75752 | G76: 639.12296 | H76: 803.26741 | I76: 662.59673 | J76: 525.0215 | K76: 535.25365 | L76: 668.95959 | M76: 741.61651 | N76: 604.9871 | O76: 640.75666 | P76: 646.6896 | Q76: 623.73173 | R76: 777.73001 | S76: 718.74463 | T76: 785.25641 | U76: 767.86234 | V76: 775.68985 | W76: 612.2055 | X76: 721.16535

Sheet EXP
A1: Exports | B1: EXP | C1: 2000 | D1: 2001 | E1: 2002 | F1: 2003 | G1: 2004 | H1: 2005 | I1: 2006 | J1: 2007 | K1: 2008 | L1: 2009 | M1: 2010 | N1: 2011 | O1: 2012 | P1: 2013 | Q1: 2014 | R1: 2015 | S1: 2016 | T1: 2017 | U1: 2018 | V1: 2019 | W1: 2020 | X1: 2021
A2: Total | B2: TOTAL | C2: =SUM(C3,C17,C22,C25,C26,C51,C52,C71,C74,C75,C76) -> 715.54712 | D2: =SUM(D3,D17,D22,D25,D26,D51,D52,D71,D74,D75,D76) -> 586.56991 | E2: =SUM(E3,E17,E22,E25,E26,E51,E52,E71,E74,E75,E76) -> 544.49475 | F2: =SUM(F3,F17,F22,F25,F26,F51,F52,F71,F74,F75,F76) -> 598.5534 | G2: =SUM(G3,G17,G22,G25,G26,G51,G52,G71,G74,G75,G76) -> 850.02683 | H2: =SUM(H3,H17,H22,H25,H26,H51,H52,H71,H74,H75,H76) -> 1060.0506 | I2: =SUM(I3,I17,I22,I25,I26,I51,I52,I71,I74,I75,I76) -> 1090.8564 | J2: =SUM(J3,J17,J22,J25,J26,J51,J52,J71,J74,J75,J76) -> 941.76406 | ... X2: =SUM(X3,X17,X22,X25,X26,X51,X52,X71,X74,X75,X76) -> 2370.2681
A3: Solid fossil fuels | B3: C0000X0350-0370 | C3: =SUM(C4,C8,C11) -> 0.23705933 | D3: =SUM(D4,D8,D11) -> 0.24385211 | E3: =SUM(E4,E8,E11) -> 0.25081685 | F3: =SUM(F4,F8,F11) -> 5.0141874 | G3: =SUM(G4,G8,G11) -> 24.143078 | H3: =SUM(H4,H8,H11) -> 9.783147 | I3: =SUM(I4,I8,I11) -> 16.863199 | J3: =SUM(J4,J8,J11) -> 1.5173689 | ... X3: =SUM(X4,X8,X11) -> 0
A4: Hard coal | B4: C0100 | C4: =SUM(C5:C7) -> 0 | D4: =SUM(D5:D7) -> 0 | E4: =SUM(E5:E7) -> 0 | F4: =SUM(F5:F7) -> 0 | G4: =SUM(G5:G7) -> 0 | H4: =SUM(H5:H7) -> 0 | I4: =SUM(I5:I7) -> 0.62330181 | J4: =SUM(J5:J7) -> 0.60653482 | ... X4: =SUM(X5:X7) -> 0
A5: Anthracite | B5: C0110 | C5: 0 | D5: 0 | E5: 0 | F5: 0 | G5: 0 | H5: 0 | I5: 0 | J5: 0 | K5: 0 | L5: 0 | M5: 0 | N5: 0 | O5: 0 | P5: 0 | Q5: 0 | R5: 0 | S5: 0 | T5: 0 | U5: 0 | V5: 0 | W5: 0 | X5: 0
A6: Coking coal | B6: C0121 | C6: 0 | D6: 0 | E6: 0 | F6: 0 | G6: 0 | H6: 0 | I6: 0 | J6: 0 | K6: 0 | L6: 0 | M6: 0 | N6: 0 | O6: 0 | P6: 0 | Q6: 0 | R6: 0 | S6: 0 | T6: 0 | U6: 0 | V6: 0 | W6: 0 | X6: 0
A7: Other bituminous coal | B7: C0129 | C7: 0 | D7: 0 | E7: 0 | F7: 0 | G7: 0 | H7: 0 | I7: 0.62330181 | J7: 0.60653482 | K7: 0.60653482 | L7: 2.8537403 | M7: 0 | N7: 1.2104901 | O7: 0.60696475 | P7: 4.3762683 | Q7: 0.60206363 | R7: 0 | S7: 0 | T7: 0 | U7: 0 | V7: 0 | W7: 0 | X7: 0
A8: Brown coal | B8: C0200 | C8: =SUM(C9:C10) -> 0.23705933 | D8: =SUM(D9:D10) -> 0.24385211 | E8: =SUM(E9:E10) -> 0.25081685 | F8: =SUM(F9:F10) -> 5.0141874 | G8: =SUM(G9:G10) -> 24.143078 | H8: =SUM(H9:H10) -> 9.783147 | I8: =SUM(I9:I10) -> 16.239897 | J8: =SUM(J9:J10) -> 0.91083405 | ... X8: =SUM(X9:X10) -> 0
A9: Sub-bituminous coal | B9: C0210 | C9: 0 | D9: 0 | E9: 0 | F9: 5.0141874 | G9: 24.143078 | H9: 9.783147 | I9: 16.239897 | J9: 0.91083405 | K9: 0 | L9: 0 | M9: 0 | N9: 0 | O9: 0 | P9: 0 | Q9: 0 | R9: 0 | S9: 0 | T9: 0 | U9: 0 | V9: 0 | W9: 0 | X9: 0
A10: Lignite | B10: C0220 | C10: 0.23705933 | D10: 0.24385211 | E10: 0.25081685 | F10: 0 | G10: 0 | H10: 0 | I10: 0 | J10: 0 | K10: 0 | L10: 0 | M10: 0 | N10: 0 | O10: 0 | P10: 0 | Q10: 0 | R10: 0 | S10: 0 | T10: 0 | U10: 0 | V10: 0 | W10: 0 | X10: 0
A11: Coal products | B11: C0300 | C11: =SUM(C12:C16) -> 0 | D11: =SUM(D12:D16) -> 0 | E11: =SUM(E12:E16) -> 0 | F11: =SUM(F12:F16) -> 0 | G11: =SUM(G12:G16) -> 0 | H11: =SUM(H12:H16) -> 0 | I11: =SUM(I12:I16) -> 0 | J11: =SUM(J12:J16) -> 0 | ... X11: =SUM(X12:X16) -> 0
A12: Patent fuel | B12: C0320 | C12: 0 | D12: 0 | E12: 0 | F12: 0 | G12: 0 | H12: 0 | I12: 0 | J12: 0 | K12: 0 | L12: 0 | M12: 0 | N12: 0 | O12: 0 | P12: 0 | Q12: 0 | R12: 0 | S12: 0 | T12: 0 | U12: 0 | V12: 0 | W12: 0 | X12: 0
A13: Coke oven coke | B13: C0311 | C13: 0 | D13: 0 | E13: 0 | F13: 0 | G13: 0 | H13: 0 | I13: 0 | J13: 0 | K13: 0 | L13: 0 | M13: 0 | N13: 0 | O13: 0 | P13: 0 | Q13: 0 | R13: 0 | S13: 0 | T13: 0 | U13: 0 | V13: 0 | W13: 0 | X13: 0
A14: Gas coke | B14: C0312 | C14: 0 | D14: 0 | E14: 0 | F14: 0 | G14: 0 | H14: 0 | I14: 0 | J14: 0 | K14: 0 | L14: 0 | M14: 0 | N14: 0 | O14: 0 | P14: 0 | Q14: 0 | R14: 0 | S14: 0 | T14: 0 | U14: 0 | V14: 0 | W14: 0 | X14: 0
A15: Coal tar | B15: C0340 | C15: 0 | D15: 0 | E15: 0 | F15: 0 | G15: 0 | H15: 0 | I15: 0 | J15: 0 | K15: 0 | L15: 0 | M15: 0 | N15: 0 | O15: 0 | P15: 0 | Q15: 0 | R15: 0 | S15: 0 | T15: 0 | U15: 0 | V15: 0 | W15: 0 | X15: 0
A16: Brown coal briquettes | B16: C0330 | C16: 0 | D16: 0 | E16: 0 | F16: 0 | G16: 0 | H16: 0 | I16: 0 | J16: 0 | K16: 0 | L16: 0 | M16: 0 | N16: 0 | O16: 0 | P16: 0 | Q16: 0 | R16: 0 | S16: 0 | T16: 0 | U16: 0 | V16: 0 | W16: 0 | X16: 0
A17: Manufactured gases | B17: C0350-0370 | C17: =SUM(C18:C21) -> 0 | D17: =SUM(D18:D21) -> 0 | E17: =SUM(E18:E21) -> 0 | F17: =SUM(F18:F21) -> 0 | G17: =SUM(G18:G21) -> 0 | H17: =SUM(H18:H21) -> 0 | I17: =SUM(I18:I21) -> 0 | J17: =SUM(J18:J21) -> 0 | ... X17: =SUM(X18:X21) -> 0
A18: Gas works gas | B18: C0360 | C18: 0 | D18: 0 | E18: 0 | F18: 0 | G18: 0 | H18: 0 | I18: 0 | J18: 0 | K18: 0 | L18: 0 | M18: 0 | N18: 0 | O18: 0 | P18: 0 | Q18: 0 | R18: 0 | S18: 0 | T18: 0 | U18: 0 | V18: 0 | W18: 0 | X18: 0
A19: Coke oven gas | B19: C0350 | C19: 0 | D19: 0 | E19: 0 | F19: 0 | G19: 0 | H19: 0 | I19: 0 | J19: 0 | K19: 0 | L19: 0 | M19: 0 | N19: 0 | O19: 0 | P19: 0 | Q19: 0 | R19: 0 | S19: 0 | T19: 0 | U19: 0 | V19: 0 | W19: 0 | X19: 0
A20: Blast furnace gas | B20: C0371 | C20: 0 | D20: 0 | E20: 0 | F20: 0 | G20: 0 | H20: 0 | I20: 0 | J20: 0 | K20: 0 | L20: 0 | M20: 0 | N20: 0 | O20: 0 | P20: 0 | Q20: 0 | R20: 0 | S20: 0 | T20: 0 | U20: 0 | V20: 0 | W20: 0 | X20: 0
A21: Other recovered gases | B21: C0379 | C21: 0 | D21: 0 | E21: 0 | F21: 0 | G21: 0 | H21: 0 | I21: 0 | J21: 0 | K21: 0 | L21: 0 | M21: 0 | N21: 0 | O21: 0 | P21: 0 | Q21: 0 | R21: 0 | S21: 0 | T21: 0 | U21: 0 | V21: 0 | W21: 0 | X21: 0
A22: Peat and peat products | B22: P1000 | C22: =SUM(C23:C24) -> 0 | D22: =SUM(D23:D24) -> 0 | E22: =SUM(E23:E24) -> 0 | F22: =SUM(F23:F24) -> 0 | G22: =SUM(G23:G24) -> 0 | H22: =SUM(H23:H24) -> 0 | I22: =SUM(I23:I24) -> 0 | J22: =SUM(J23:J24) -> 0 | ... X22: =SUM(X23:X24) -> 0
A23: Peat | B23: P1100 | C23: 0 | D23: 0 | E23: 0 | F23: 0 | G23: 0 | H23: 0 | I23: 0 | J23: 0 | K23: 0 | L23: 0 | M23: 0 | N23: 0 | O23: 0 | P23: 0 | Q23: 0 | R23: 0 | S23: 0 | T23: 0 | U23: 0 | V23: 0 | W23: 0 | X23: 0
A24: Peat products | B24: P1200 | C24: 0 | D24: 0 | E24: 0 | F24: 0 | G24: 0 | H24: 0 | I24: 0 | J24: 0 | K24: 0 | L24: 0 | M24: 0 | N24: 0 | O24: 0 | P24: 0 | Q24: 0 | R24: 0 | S24: 0 | T24: 0 | U24: 0 | V24: 0 | W24: 0 | X24: 0
A25: Oil shale and oil sands | B25: S2000 | C25: 0 | D25: 0 | E25: 0 | F25: 0 | G25: 0 | H25: 0 | I25: 0 | J25: 0 | K25: 0 | L25: 0 | M25: 0 | N25: 0 | O25: 0 | P25: 0 | Q25: 0 | R25: 0 | S25: 0 | T25: 0 | U25: 0 | V25: 0 | W25: 0 | X25: 0
A26: Oil and petroleum products | B26: O4000XBIO | C26: =SUM(C27,C33) -> 237.83801 | D26: =SUM(D27,D33) -> 162.76629 | E26: =SUM(E27,E33) -> 120.51221 | F26: =SUM(F27,F33) -> 93.883147 | G26: =SUM(G27,G33) -> 121.75649 | H26: =SUM(H27,H33) -> 219.05512 | I26: =SUM(I27,I33) -> 415.17979 | J26: =SUM(J27,J33) -> 434.91565 | ... X26: =SUM(X27,X33) -> 1625.555
A27: Crude oil, NGL, refinery feedstocks, additives and oxygenates and other hydrocarbons (excluding biofuel portion) | B27: O4100_TOT_4200-4500XBIO | C27: =SUM(C28:C32) -> 0 | D27: =SUM(D28:D32) -> 0 | E27: =SUM(E28:E32) -> 0.99363715 | F27: =SUM(F28:F32) -> 0 | G27: =SUM(G28:G32) -> 0 | H27: =SUM(H28:H32) -> 0 | I27: =SUM(I28:I32) -> 0 | J27: =SUM(J28:J32) -> 0 | ... X27: =SUM(X28:X32) -> 0.35253654
A28: Crude oil | B28: O4100_TOT | C28: 0 | D28: 0 | E28: 0.99363715 | F28: 0 | G28: 0 | H28: 0 | I28: 0 | J28: 0 | K28: 0 | L28: 0 | M28: 0 | N28: 0 | O28: 0 | P28: 0 | Q28: 0 | R28: 0 | S28: 0 | T28: 0.24574377 | U28: 0.27936371 | V28: 0.28039553 | W28: 0.24772141 | X28: 0.16208083
A29: Natural gas liquids | B29: O4200 | C29: 0 | D29: 0 | E29: 0 | F29: 0 | G29: 0 | H29: 0 | I29: 0 | J29: 0 | K29: 0 | L29: 0 | M29: 0 | N29: 0 | O29: 0 | P29: 0 | Q29: 0 | R29: 0 | S29: 0 | T29: 0.27996561 | U29: 0.62725709 | V29: 0.24625967 | W29: 0.1533104 | X29: 0.19045572
A30: Refinery feedstocks | B30: O4300 | C30: 0 | D30: 0 | E30: 0 | F30: 0 | G30: 0 | H30: 0 | I30: 0 | J30: 0 | K30: 0 | L30: 0 | M30: 0 | N30: 0 | O30: 0 | P30: 0 | Q30: 0 | R30: 0 | S30: 0 | T30: 0 | U30: 0 | V30: 0 | W30: 0 | X30: 0
A31: Additives and oxygenates (excluding biofuel portion) | B31: O4400X4410 | C31: 0 | D31: 0 | E31: 0 | F31: 0 | G31: 0 | H31: 0 | I31: 0 | J31: 0 | K31: 0 | L31: 0 | M31: 0 | N31: 0 | O31: 0 | P31: 0 | Q31: 0 | R31: 0 | S31: 0 | T31: 0 | U31: 0 | V31: 0 | W31: 0 | X31: 0
A32: Other hydrocarbons | B32: O4500 | C32: 0 | D32: 0 | E32: 0 | F32: 0 | G32: 0 | H32: 0 | I32: 0 | J32: 0 | K32: 0 | L32: 0 | M32: 0 | N32: 0 | O32: 0 | P32: 0 | Q32: 0 | R32: 0 | S32: 0 | T32: 0 | U32: 0 | V32: 0 | W32: 0 | X32: 0
A33: Oil products (excluding biofuel portion) | B33: O4600XBIO | C33: =SUM(C34:C50) -> 237.83801 | D33: =SUM(D34:D50) -> 162.76629 | E33: =SUM(E34:E50) -> 119.51857 | F33: =SUM(F34:F50) -> 93.883147 | G33: =SUM(G34:G50) -> 121.75649 | H33: =SUM(H34:H50) -> 219.05512 | I33: =SUM(I34:I50) -> 415.17979 | J33: =SUM(J34:J50) -> 434.91565 | ... X33: =SUM(X34:X50) -> 1625.2025
A34: Refinery gas | B34: O4610 | C34: 0 | D34: 0 | E34: 0 | F34: 0 | G34: 0 | H34: 0 | I34: 0 | J34: 0 | K34: 0 | L34: 0 | M34: 0 | N34: 0 | O34: 0 | P34: 0 | Q34: 0 | R34: 0 | S34: 0 | T34: 0 | U34: 0 | V34: 0 | W34: 0 | X34: 0
A35: Ethane | B35: O4620 | C35: 0 | D35: 0 | E35: 0 | F35: 0 | G35: 0 | H35: 0 | I35: 0 | J35: 0 | K35: 0 | L35: 0 | M35: 0 | N35: 0 | O35: 0 | P35: 0 | Q35: 0 | R35: 0 | S35: 0 | T35: 0 | U35: 0 | V35: 0 | W35: 0 | X35: 0
A36: Liquefied petroleum gases | B36: O4630 | C36: 0 | D36: 0 | E36: 0 | F36: 0 | G36: 0 | H36: 0 | I36: 5.6486672 | J36: 8.7990542 | K36: 14.298538 | L36: 12.09871 | M36: 9.8989682 | N36: 7.6992261 | O36: 1.099914 | P36: 1.099914 | Q36: 0 | R36: 0 | S36: 0 | T36: 0 | U36: 0 | V36: 7.605675 | W36: 5.6522786 | X36: 8.4592433
A37: Motor gasoline (excluding biofuel portion) | B37: O4652XR5210B | C37: 74.066122 | D37: 31.742648 | E37: 19.045572 | F37: 28.568358 | G37: 31.742648 | H37: 65.601376 | I37: 78.550473 | J37: 74.361049 | K37: 104.73396 | L37: 109.97059 | M37: 152.91152 | N37: 150.81685 | O37: 157.10086 | P37: 118.34936 | Q37: 71.219089 | R37: 121.49132 | S37: 175.95297 | T37: 230.12769 | U37: 207.59312 | V37: 272.57008 | W37: 242.64755 | X37: 100.75193
A38: Aviation gasoline | B38: O4651 | C38: 0 | D38: 0 | E38: 0 | F38: 0 | G38: 0 | H38: 0 | I38: 0 | J38: 0 | K38: 0 | L38: 0 | M38: 0 | N38: 0 | O38: 0 | P38: 0 | Q38: 0 | R38: 0 | S38: 0 | T38: 0.013327601 | U38: 0.039036973 | V38: 0 | W38: 0.020550301 | X38: 0
A39: Gasoline-type jet fuel | B39: O4653 | C39: 0 | D39: 0 | E39: 0 | F39: 0 | G39: 0 | H39: 0 | I39: 0 | J39: 0 | K39: 0 | L39: 0 | M39: 0 | N39: 0 | O39: 0 | P39: 0 | Q39: 0 | R39: 0 | S39: 0 | T39: 0 | U39: 0 | V39: 0 | W39: 0 | X39: 0
A40: Kerosene-type jet fuel (excluding biofuel portion) | B40: O4661XR5230B | C40: 0 | D40: 1.0533104 | E40: 6.3198624 | F40: 2.1066208 | G40: 1.0533104 | H40: 0 | I40: 1.0533104 | J40: 0 | K40: 1.0398968 | L40: 0 | M40: 0 | N40: 0 | O40: 1.0398968 | P40: 0 | Q40: 329.65942 | R40: 301.58117 | S40: 187.18831 | T40: 224.3712 | U40: 210.60241 | V40: 275.14187 | W40: 96.292777 | X40: 63.122012
A41: Other kerosene | B41: O4669 | C41: 0 | D41: 0 | E41: 0 | F41: 0 | G41: 0 | H41: 0 | I41: 0 | J41: 0 | K41: 0 | L41: 0 | M41: 0 | N41: 0 | O41: 0 | P41: 0 | Q41: 0 | R41: 0 | S41: 0 | T41: 0 | U41: 0 | V41: 0 | W41: 0 | X41: 0
A42: Naphtha | B42: O4640 | C42: 25.50877 | D42: 0 | E42: 0 | F42: 0 | G42: 0 | H42: 0 | I42: 0 | J42: 0 | K42: 0 | L42: 0 | M42: 0 | N42: 0 | O42: 0 | P42: 0 | Q42: 0 | R42: 0 | S42: 0 | T42: 0 | U42: 0 | V42: 0 | W42: 0 | X42: 0
A43: Gas oil and diesel oil (excluding biofuel portion) | B43: O4671XR5220B | C43: 132.48779 | D43: 123.24445 | E43: 89.352279 | F43: 56.487016 | G43: 83.190026 | H43: 144.8123 | I43: 309.31496 | J43: 319.48985 | K43: 395.80112 | L43: 344.92691 | M43: 505.68934 | N43: 550.45856 | O43: 654.24187 | P43: 820.11101 | Q43: 967.58143 | R43: 1109.031 | S43: 1372.5531 | T43: 1388.2993 | U43: 1474.0446 | V43: 1635.7533 | W43: 1264.7249 | X43: 1225.5854
A44: Fuel oil | B44: O4680 | C44: 2.8948409 | D44: 0.96491831 | E44: 0 | F44: 0 | G44: 1.9298366 | H44: 0 | I44: 0 | J44: 8.8516767 | K44: 2.9464316 | L44: 0 | M44: 0 | N44: 0 | O44: 0 | P44: 0 | Q44: 35.316423 | R44: 188.22124 | S44: 304.85692 | T44: 246.89286 | U44: 227.36578 | V44: 134.63766 | W44: 304.29304 | X44: 190.48831
A45: White spirit and special boiling point industrial spirits | B45: O4691 | C45: 0 | D45: 0 | E45: 0 | F45: 0.96018917 | G45: 0.96018917 | H45: 2.8804815 | I45: 4.8007739 | J45: 4.1282029 | K45: 4.1282029 | L45: 1.0320722 | M45: 1.0320722 | N45: 0 | O45: 1.0320722 | P45: 0 | Q45: 0 | R45: 0 | S45: 0 | T45: 0.072226999 | U45: 0.046431642 | V45: 0.051590714 | W45: 0.070163371 | X45: 0.037145314
... A51: Natural gas | B51: G3000 | C51: 0 | D51: 0 | E51: 0 | F51: 0 | G51: 0 | H51: 0 | I51: 0 | J51: 0 | K51: 0 | L51: 0 | M51: 0 | N51: 0 | O51: 0 | P51: 0 | Q51: 0 | R51: 0 | S51: 0 | T51: 3.0794497 | U51: 9.3750645 | V51: 1.7070507 | W51: 0 | X51: 0
A52: Renewables and biofuels | B52: RA000 | C52: =SUM(C53:C70) -> 0 | D52: =SUM(D53:D70) -> 0 | E52: =SUM(E53:E70) -> 0 | F52: =SUM(F53:F70) -> 0 | G52: =SUM(G53:G70) -> 0 | H52: =SUM(H53:H70) -> 0 | I52: =SUM(I53:I70) -> 0 | J52: =SUM(J53:J70) -> 0 | ... X52: =SUM(X53:X70) -> 0.29587274
A53: Hydro | B53: RA100 | C53: 0 | D53: 0 | E53: 0 | F53: 0 | G53: 0 | H53: 0 | I53: 0 | J53: 0 | K53: 0 | L53: 0 | M53: 0 | N53: 0 | O53: 0 | P53: 0 | Q53: 0 | R53: 0 | S53: 0 | T53: 0 | U53: 0 | V53: 0 | W53: 0 | X53: 0
A54: Tide, wave, ocean | B54: RA500 | C54: 0 | D54: 0 | E54: 0 | F54: 0 | G54: 0 | H54: 0 | I54: 0 | J54: 0 | K54: 0 | L54: 0 | M54: 0 | N54: 0 | O54: 0 | P54: 0 | Q54: 0 | R54: 0 | S54: 0 | T54: 0 | U54: 0 | V54: 0 | W54: 0 | X54: 0
A55: Wind | B55: RA300 | C55: 0 | D55: 0 | E55: 0 | F55: 0 | G55: 0 | H55: 0 | I55: 0 | J55: 0 | K55: 0 | L55: 0 | M55: 0 | N55: 0 | O55: 0 | P55: 0 | Q55: 0 | R55: 0 | S55: 0 | T55: 0 | U55: 0 | V55: 0 | W55: 0 | X55: 0
A56: Solar photovoltaic | B56: RA420 | C56: 0 | D56: 0 | E56: 0 | F56: 0 | G56: 0 | H56: 0 | I56: 0 | J56: 0 | K56: 0 | L56: 0 | M56: 0 | N56: 0 | O56: 0 | P56: 0 | Q56: 0 | R56: 0 | S56: 0 | T56: 0 | U56: 0 | V56: 0 | W56: 0 | X56: 0
A57: Solar thermal | B57: RA410 | C57: 0 | D57: 0 | E57: 0 | F57: 0 | G57: 0 | H57: 0 | I57: 0 | J57: 0 | K57: 0 | L57: 0 | M57: 0 | N57: 0 | O57: 0 | P57: 0 | Q57: 0 | R57: 0 | S57: 0 | T57: 0 | U57: 0 | V57: 0 | W57: 0 | X57: 0
A58: Geothermal | B58: RA200 | C58: 0 | D58: 0 | E58: 0 | F58: 0 | G58: 0 | H58: 0 | I58: 0 | J58: 0 | K58: 0 | L58: 0 | M58: 0 | N58: 0 | O58: 0 | P58: 0 | Q58: 0 | R58: 0 | S58: 0 | T58: 0 | U58: 0 | V58: 0 | W58: 0 | X58: 0
A59: Primary solid biofuels | B59: R5110-5150_W6000RI | C59: 0 | D59: 0 | E59: 0 | F59: 0 | G59: 0 | H59: 0 | I59: 0 | J59: 0 | K59: 0 | L59: 0 | M59: 0 | N59: 0 | O59: 0 | P59: 0 | Q59: 0 | R59: 0 | S59: 0 | T59: 0 | U59: 0 | V59: 0 | W59: 0 | X59: 0
A60: Charcoal | B60: R5160 | C60: 0 | D60: 0 | E60: 0 | F60: 0 | G60: 0 | H60: 0 | I60: 0 | J60: 0 | K60: 0 | L60: 0 | M60: 0 | N60: 0 | O60: 0 | P60: 0 | Q60: 0 | R60: 0 | S60: 0 | T60: 0 | U60: 0 | V60: 0 | W60: 0 | X60: 0
A61: Biogases | B61: R5300 | C61: 0 | D61: 0 | E61: 0 | F61: 0 | G61: 0 | H61: 0 | I61: 0 | J61: 0 | K61: 0 | L61: 0 | M61: 0 | N61: 0 | O61: 0 | P61: 0 | Q61: 0 | R61: 0 | S61: 0 | T61: 0 | U61: 0 | V61: 0 | W61: 0 | X61: 0
A62: Renewable municipal waste | B62: W6210 | C62: 0 | D62: 0 | E62: 0 | F62: 0 | G62: 0 | H62: 0 | I62: 0 | J62: 0 | K62: 0 | L62: 0 | M62: 0 | N62: 0 | O62: 0 | P62: 0 | Q62: 0 | R62: 0 | S62: 0 | T62: 0 | U62: 0 | V62: 0 | W62: 0 | X62: 0
A63: Pure biogasoline | B63: R5210P | C63: 0 | D63: 0 | E63: 0 | F63: 0 | G63: 0 | H63: 0 | I63: 0 | J63: 0 | K63: 0 | L63: 0 | M63: 0 | N63: 0 | O63: 0 | P63: 0 | Q63: 0 | R63: 0 | S63: 0 | T63: 0 | U63: 0 | V63: 0 | W63: 0 | X63: 0
A64: Blended biogasoline | B64: R5210B | C64: 0 | D64: 0 | E64: 0 | F64: 0 | G64: 0 | H64: 0 | I64: 0 | J64: 0 | K64: 0 | L64: 0 | M64: 0 | N64: 0 | O64: 0 | P64: 0 | Q64: 0 | R64: 0 | S64: 0 | T64: 0 | U64: 0 | V64: 0 | W64: 0.33860705 | X64: 0.29587274
... A70: Ambient heat (heat pumps) | B70: RA600 | C70: 0 | D70: 0 | E70: 0 | F70: 0 | G70: 0 | H70: 0 | I70: 0 | J70: 0 | K70: 0 | L70: 0 | M70: 0 | N70: 0 | O70: 0 | P70: 0 | Q70: 0 | R70: 0 | S70: 0 | T70: 0 | U70: 0 | V70: 0 | W70: 0 | X70: 0
A71: Non-renewable waste | B71: W6100_6220 | C71: =SUM(C72:C73) -> 0 | D71: =SUM(D72:D73) -> 0 | E71: =SUM(E72:E73) -> 0 | F71: =SUM(F72:F73) -> 0 | G71: =SUM(G72:G73) -> 0 | H71: =SUM(H72:H73) -> 0 | I71: =SUM(I72:I73) -> 0 | J71: =SUM(J72:J73) -> 0 | ... X71: =SUM(X72:X73) -> 0
A72: Industrial waste (non-renewable) | B72: W6100 | C72: 0 | D72: 0 | E72: 0 | F72: 0 | G72: 0 | H72: 0 | I72: 0 | J72: 0 | K72: 0 | L72: 0 | M72: 0 | N72: 0 | O72: 0 | P72: 0 | Q72: 0 | R72: 0 | S72: 0 | T72: 0 | U72: 0 | V72: 0 | W72: 0 | X72: 0
A73: Non-renewable municipal waste | B73: W6220 | C73: 0 | D73: 0 | E73: 0 | F73: 0 | G73: 0 | H73: 0 | I73: 0 | J73: 0 | K73: 0 | L73: 0 | M73: 0 | N73: 0 | O73: 0 | P73: 0 | Q73: 0 | R73: 0 | S73: 0 | T73: 0 | U73: 0 | V73: 0 | W73: 0 | X73: 0
A74: Nuclear heat | B74: N900H | C74: 0 | D74: 0 | E74: 0 | F74: 0 | G74: 0 | H74: 0 | I74: 0 | J74: 0 | K74: 0 | L74: 0 | M74: 0 | N74: 0 | O74: 0 | P74: 0 | Q74: 0 | R74: 0 | S74: 0 | T74: 0 | U74: 0 | V74: 0 | W74: 0 | X74: 0
A75: Heat | B75: H8000 | C75: 0 | D75: 0 | E75: 0 | F75: 0 | G75: 0 | H75: 0 | I75: 0 | J75: 0 | K75: 0 | L75: 0 | M75: 0 | N75: 0 | O75: 0 | P75: 0 | Q75: 0 | R75: 0 | S75: 0 | T75: 0 | U75: 0 | V75: 0 | W75: 0 | X75: 0
A76: Electricity | B76: E7000 | C76: 477.47206 | D76: 423.55976 | E76: 423.73173 | F76: 499.65606 | G76: 704.12726 | H76: 831.21238 | I76: 658.81341 | J76: 505.33104 | K76: 672.74291 | L76: 931.98624 | M76: 923.9037 | N76: 722.95787 | O76: 730.09458 | P76: 757.60963 | Q76: 859.58727 | R76: 781.85727 | S76: 819.86242 | T76: 829.59518 | U76: 811.04058 | V76: 803.08074 | W76: 784.44162 | X76: 744.4172

Sheet STK_CHG
A1: Change in stock | B1: STK_CHG | C1: 2000 | D1: 2001 | E1: 2002 | F1: 2003 | G1: 2004 | H1: 2005 | I1: 2006 | J1: 2007 | K1: 2008 | L1: 2009 | M1: 2010 | N1: 2011 | O1: 2012 | P1: 2013 | Q1: 2014 | R1: 2015 | S1: 2016 | T1: 2017 | U1: 2018 | V1: 2019 | W1: 2020 | X1: 2021
A2: Total | B2: TOTAL | C2: =SUM(C3,C17,C22,C25,C26,C51,C52,C71,C74,C75,C76) -> -39.445658 | D2: =SUM(D3,D17,D22,D25,D26,D51,D52,D71,D74,D75,D76) -> 209.0804 | E2: =SUM(E3,E17,E22,E25,E26,E51,E52,E71,E74,E75,E76) -> 67.929665 | F2: =SUM(F3,F17,F22,F25,F26,F51,F52,F71,F74,F75,F76) -> -29.421496 | G2: =SUM(G3,G17,G22,G25,G26,G51,G52,G71,G74,G75,G76) -> -34.092175 | H2: =SUM(H3,H17,H22,H25,H26,H51,H52,H71,H74,H75,H76) -> -1.0979364 | I2: =SUM(I3,I17,I22,I25,I26,I51,I52,I71,I74,I75,I76) -> 100.55305 | J2: =SUM(J3,J17,J22,J25,J26,J51,J52,J71,J74,J75,J76) -> 59.565778 | ... X2: =SUM(X3,X17,X22,X25,X26,X51,X52,X71,X74,X75,X76) -> 125.3988
A3: Solid fossil fuels | B3: C0000X0350-0370 | C3: =SUM(C4,C8,C11) -> -1.2350817 | D3: =SUM(D4,D8,D11) -> 157.03104 | E3: =SUM(E4,E8,E11) -> 85.284265 | F3: =SUM(F4,F8,F11) -> 3.5319862 | G3: =SUM(G4,G8,G11) -> 0.99432502 | H3: =SUM(H4,H8,H11) -> 31.382717 | I3: =SUM(I4,I8,I11) -> 41.492175 | J3: =SUM(J4,J8,J11) -> 29.182889 | ... X3: =SUM(X4,X8,X11) -> 116.50095
A4: Hard coal | B4: C0100 | C4: =SUM(C5:C7) -> -1.2350817 | D4: =SUM(D5:D7) -> 0 | E4: =SUM(E5:E7) -> 0 | F4: =SUM(F5:F7) -> 0 | G4: =SUM(G5:G7) -> 0 | H4: =SUM(H5:H7) -> 0 | I4: =SUM(I5:I7) -> 0 | J4: =SUM(J5:J7) -> -5.399828 | ... X4: =SUM(X5:X7) -> -0.14840929
A5: Anthracite | B5: C0110 | C5: 0 | D5: 0 | E5: 0 | F5: 0 | G5: 0 | H5: 0 | I5: 0 | J5: 0 | K5: 0 | L5: 0 | M5: 0 | N5: 0 | O5: 0 | P5: 0 | Q5: 0 | R5: 0 | S5: 0 | T5: 0 | U5: 0 | V5: 0 | W5: 0 | X5: 0
A6: Coking coal | B6: C0121 | C6: 0 | D6: 0 | E6: 0 | F6: 0 | G6: 0 | H6: 0 | I6: 0 | J6: 0 | K6: 0 | L6: 0 | M6: 0 | N6: 0 | O6: 0 | P6: 0 | Q6: 0 | R6: 0 | S6: 0 | T6: 0 | U6: 0 | V6: 0 | W6: 0 | X6: 0
A7: Other bituminous coal | B7: C0129 | C7: -1.2350817 | D7: 0 | E7: 0 | F7: 0 | G7: 0 | H7: 0 | I7: 0 | J7: -5.399828 | K7: -6.5422184 | L7: -1.7205503 | M7: -4.2588994 | N7: -3.0411006 | O7: -4.244368 | P7: -4.3543422 | Q7: -8.4254514 | R7: -1.8894239 | S7: -1.3019776 | T7: -0.049785039 | U7: 0.70343938 | V7: 0.29329321 | W7: 0.18856406 | X7: -0.14840929
A8: Brown coal | B8: C0200 | C8: =SUM(C9:C10) -> 0 | D8: =SUM(D9:D10) -> 157.03104 | E8: =SUM(E9:E10) -> 85.284265 | F8: =SUM(F9:F10) -> -2.1059329 | G8: =SUM(G9:G10) -> -1.1038693 | H8: =SUM(H9:H10) -> 28.665348 | I8: =SUM(I9:I10) -> 36.443164 | J8: =SUM(J9:J10) -> 32.42012 | ... X8: =SUM(X9:X10) -> 117.26105
A9: Sub-bituminous coal | B9: C0210 | C9: 0 | D9: 16.604815 | E9: 0 | F9: 19.292863 | G9: 6.6365434 | H9: 18.218229 | I9: -1.4038693 | J9: 14.419433 | K9: -71.555546 | L9: 33.687016 | M9: 2.2294927 | N9: 15.341702 | O9: -31.154514 | P9: 10.453482 | Q9: 1.3655202 | R9: 0.9072227 | S9: 4.9979364 | T9: 13.847549 | U9: 3.8710232 | V9: -33.875494 | W9: -19.422872 | X9: 56.76638
A10: Lignite | B10: C0220 | C10: 0 | D10: 140.42623 | E10: 85.284265 | F10: -21.398796 | G10: -7.7404127 | H10: 10.44712 | I10: 37.847034 | J10: 18.000688 | K10: -15.95589 | L10: -23.480825 | M10: -23.295271 | N10: -7.7674119 | O10: 31.412038 | P10: 3.0679278 | Q10: 7.9435082 | R10: 3.8096303 | S10: 4.488736 | T10: -4.661307 | U10: 11.615477 | V10: -5.5282029 | W10: -7.3427343 | X10: 60.494669
A11: Coal products | B11: C0300 | C11: =SUM(C12:C16) -> 0 | D11: =SUM(D12:D16) -> 0 | E11: =SUM(E12:E16) -> 0 | F11: =SUM(F12:F16) -> 5.6379192 | G11: =SUM(G12:G16) -> 2.0981943 | H11: =SUM(H12:H16) -> 2.7173689 | I11: =SUM(I12:I16) -> 5.0490112 | J11: =SUM(J12:J16) -> 2.1625967 | ... X11: =SUM(X12:X16) -> -0.6116939
A12: Patent fuel | B12: C0320 | C12: 0 | D12: 0 | E12: 0 | F12: 0 | G12: 0 | H12: 0 | I12: 0 | J12: 0 | K12: 0 | L12: 0 | M12: 0 | N12: 0 | O12: 0 | P12: 0 | Q12: 0 | R12: 0 | S12: 0 | T12: 0 | U12: 0 | V12: 0 | W12: 0 | X12: 0
A13: Coke oven coke | B13: C0311 | C13: 0 | D13: 0 | E13: 0 | F13: 5.6379192 | G13: 2.0981943 | H13: 2.7173689 | I13: 5.0490112 | J13: 2.1625967 | K13: 3.5467756 | L13: 3.5338779 | M13: 2.8438521 | N13: 2.8384351 | O13: 3.5458298 | P13: 4.2901978 | Q13: 3.5981083 | R13: -1.4368014 | S13: -0.71616509 | T13: -0.066809974 | U13: 0.33740327 | V13: -0.10636285 | W13: 0.3250215 | X13: -0.6116939
A14: Gas coke | B14: C0312 | C14: 0 | D14: 0 | E14: 0 | F14: 0 | G14: 0 | H14: 0 | I14: 0 | J14: 0 | K14: 0 | L14: 0 | M14: 0 | N14: 0 | O14: 0 | P14: 0 | Q14: 0 | R14: 0 | S14: 0 | T14: 0 | U14: 0 | V14: 0 | W14: 0 | X14: 0
A15: Coal tar | B15: C0340 | C15: 0 | D15: 0 | E15: 0 | F15: 0 | G15: 0 | H15: 0 | I15: 0 | J15: 0 | K15: 0 | L15: 0 | M15: 0 | N15: 0 | O15: 0 | P15: 0 | Q15: 0 | R15: 0 | S15: 0 | T15: 0 | U15: 0 | V15: 0 | W15: 0 | X15: 0
A16: Brown coal briquettes | B16: C0330 | C16: 0 | D16: 0 | E16: 0 | F16: 0 | G16: 0 | H16: 0 | I16: 0 | J16: 0 | K16: 0 | L16: 0 | M16: 0 | N16: 0 | O16: 0 | P16: 0 | Q16: 0 | R16: 0 | S16: 0 | T16: 0 | U16: 0 | V16: 0 | W16: 0 | X16: 0
A17: Manufactured gases | B17: C0350-0370 | C17: =SUM(C18:C21) -> 0 | D17: =SUM(D18:D21) -> 0 | E17: =SUM(E18:E21) -> 0 | F17: =SUM(F18:F21) -> 0 | G17: =SUM(G18:G21) -> 0 | H17: =SUM(H18:H21) -> 0 | I17: =SUM(I18:I21) -> 0 | J17: =SUM(J18:J21) -> 0 | ... X17: =SUM(X18:X21) -> 0
A18: Gas works gas | B18: C0360 | C18: 0 | D18: 0 | E18: 0 | F18: 0 | G18: 0 | H18: 0 | I18: 0 | J18: 0 | K18: 0 | L18: 0 | M18: 0 | N18: 0 | O18: 0 | P18: 0 | Q18: 0 | R18: 0 | S18: 0 | T18: 0 | U18: 0 | V18: 0 | W18: 0 | X18: 0
A19: Coke oven gas | B19: C0350 | C19: 0 | D19: 0 | E19: 0 | F19: 0 | G19: 0 | H19: 0 | I19: 0 | J19: 0 | K19: 0 | L19: 0 | M19: 0 | N19: 0 | O19: 0 | P19: 0 | Q19: 0 | R19: 0 | S19: 0 | T19: 0 | U19: 0 | V19: 0 | W19: 0 | X19: 0
A20: Blast furnace gas | B20: C0371 | C20: 0 | D20: 0 | E20: 0 | F20: 0 | G20: 0 | H20: 0 | I20: 0 | J20: 0 | K20: 0 | L20: 0 | M20: 0 | N20: 0 | O20: 0 | P20: 0 | Q20: 0 | R20: 0 | S20: 0 | T20: 0 | U20: 0 | V20: 0 | W20: 0 | X20: 0
A21: Other recovered gases | B21: C0379 | C21: 0 | D21: 0 | E21: 0 | F21: 0 | G21: 0 | H21: 0 | I21: 0 | J21: 0 | K21: 0 | L21: 0 | M21: 0 | N21: 0 | O21: 0 | P21: 0 | Q21: 0 | R21: 0 | S21: 0 | T21: 0 | U21: 0 | V21: 0 | W21: 0 | X21: 0
A22: Peat and peat products | B22: P1000 | C22: =SUM(C23:C24) -> 0 | D22: =SUM(D23:D24) -> 0 | E22: =SUM(E23:E24) -> 0 | F22: =SUM(F23:F24) -> 0 | G22: =SUM(G23:G24) -> 0 | H22: =SUM(H23:H24) -> 0 | I22: =SUM(I23:I24) -> 0 | J22: =SUM(J23:J24) -> 0 | ... X22: =SUM(X23:X24) -> 0
A23: Peat | B23: P1100 | C23: 0 | D23: 0 | E23: 0 | F23: 0 | G23: 0 | H23: 0 | I23: 0 | J23: 0 | K23: 0 | L23: 0 | M23: 0 | N23: 0 | O23: 0 | P23: 0 | Q23: 0 | R23: 0 | S23: 0 | T23: 0 | U23: 0 | V23: 0 | W23: 0 | X23: 0
A24: Peat products | B24: P1200 | C24: 0 | D24: 0 | E24: 0 | F24: 0 | G24: 0 | H24: 0 | I24: 0 | J24: 0 | K24: 0 | L24: 0 | M24: 0 | N24: 0 | O24: 0 | P24: 0 | Q24: 0 | R24: 0 | S24: 0 | T24: 0 | U24: 0 | V24: 0 | W24: 0 | X24: 0
A25: Oil shale and oil sands | B25: S2000 | C25: 0 | D25: 0 | E25: 0 | F25: 0 | G25: 0 | H25: 0 | I25: 0 | J25: 0 | K25: 0 | L25: 0 | M25: 0 | N25: 0 | O25: 0 | P25: 0 | Q25: 0 | R25: 0 | S25: 0 | T25: 0 | U25: 0 | V25: 0 | W25: 0 | X25: 0
A26: Oil and petroleum products | B26: O4000XBIO | C26: =SUM(C27,C33) -> -38.210576 | D26: =SUM(D27,D33) -> 52.049355 | E26: =SUM(E27,E33) -> -17.3546 | F26: =SUM(F27,F33) -> -32.953482 | G26: =SUM(G27,G33) -> -35.0865 | H26: =SUM(H27,H33) -> -32.480653 | I26: =SUM(I27,I33) -> 58.745314 | J26: =SUM(J27,J33) -> 30.218057 | ... X26: =SUM(X27,X33) -> 9.8471195
A27: Crude oil, NGL, refinery feedstocks, additives and oxygenates and other hydrocarbons (excluding biofuel portion) | B27: O4100_TOT_4200-4500XBIO | C27: =SUM(C28:C32) -> 17.024936 | D27: =SUM(D28:D32) -> 0 | E27: =SUM(E28:E32) -> 0 | F27: =SUM(F28:F32) -> 0 | G27: =SUM(G28:G32) -> 0 | H27: =SUM(H28:H32) -> 0 | I27: =SUM(I28:I32) -> 0 | J27: =SUM(J28:J32) -> 0 | ... X27: =SUM(X28:X32) -> 0.038521066
A28: Crude oil | B28: O4100_TOT | C28: 2.9808255 | D28: 0 | E28: 0 | F28: 0 | G28: 0 | H28: 0 | I28: 0 | J28: 0 | K28: 0 | L28: 0 | M28: 0 | N28: 0 | O28: 0 | P28: 0 | Q28: 0 | R28: 0 | S28: 0 | T28: -0.0040412726 | U28: 0.0030954428 | V28: 0.0092003439 | W28: -0.0050730868 | X28: 0.015305245
A29: Natural gas liquids | B29: O4200 | C29: 14.04411 | D29: 0 | E29: 0 | F29: 0 | G29: 0 | H29: 0 | I29: 0 | J29: 0 | K29: 0 | L29: 0 | M29: 0 | N29: 0 | O29: 0 | P29: 0 | Q29: 0 | R29: 0 | S29: 0 | T29: -0.0023215821 | U29: 0.024419604 | V29: -0.012811694 | W29: -0.0069647463 | X29: 0.023215821
A30: Refinery feedstocks | B30: O4300 | C30: 0 | D30: 0 | E30: 0 | F30: 0 | G30: 0 | H30: 0 | I30: 0 | J30: 0 | K30: 0 | L30: 0 | M30: 0 | N30: 0 | O30: 0 | P30: 0 | Q30: 0 | R30: 0 | S30: 0 | T30: 0 | U30: 0 | V30: 0 | W30: 0 | X30: 0
A31: Additives and oxygenates (excluding biofuel portion) | B31: O4400X4410 | C31: 0 | D31: 0 | E31: 0 | F31: 0 | G31: 0 | H31: 0 | I31: 0 | J31: 0 | K31: 0 | L31: 0 | M31: 0 | N31: 0 | O31: 0 | P31: 0 | Q31: 0 | R31: 0 | S31: 0 | T31: 0 | U31: 0 | V31: 0 | W31: 0 | X31: 0
A32: Other hydrocarbons | B32: O4500 | C32: 0 | D32: 0 | E32: 0 | F32: 0 | G32: 0 | H32: 0 | I32: 0 | J32: 0 | K32: 0 | L32: 0 | M32: 0 | N32: 0 | O32: 0 | P32: 0 | Q32: 0 | R32: 0 | S32: 0 | T32: 0 | U32: 0 | V32: 0 | W32: 0 | X32: 0
A33: Oil products (excluding biofuel portion) | B33: O4600XBIO | C33: =SUM(C34:C50) -> -55.235512 | D33: =SUM(D34:D50) -> 52.049355 | E33: =SUM(E34:E50) -> -17.3546 | F33: =SUM(F34:F50) -> -32.953482 | G33: =SUM(G34:G50) -> -35.0865 | H33: =SUM(H34:H50) -> -32.480653 | I33: =SUM(I34:I50) -> 58.745314 | J33: =SUM(J34:J50) -> 30.218057 | ... X33: =SUM(X34:X50) -> 9.8085985
A34: Refinery gas | B34: O4610 | C34: 0 | D34: 0 | E34: 0 | F34: 0 | G34: 0 | H34: 0 | I34: 0 | J34: 0 | K34: 0 | L34: 0 | M34: 0 | N34: 0 | O34: 0 | P34: 0 | Q34: 0 | R34: 0 | S34: 0 | T34: 0 | U34: 0 | V34: 0 | W34: 0 | X34: 0
A35: Ethane | B35: O4620 | C35: 0 | D35: 0 | E35: 0 | F35: 0 | G35: 0 | H35: 0 | I35: 0 | J35: 0 | K35: 0 | L35: 0 | M35: 0 | N35: 0 | O35: 0 | P35: 0 | Q35: 0 | R35: 0 | S35: 0 | T35: 0 | U35: 0 | V35: 0 | W35: 0 | X35: 0
A36: Liquefied petroleum gases | B36: O4630 | C36: -1.1297506 | D36: 2.2595013 | E36: -2.2595013 | F36: 0 | G36: -3.3892519 | H36: 2.2595013 | I36: -10.16767 | J36: 2.199742 | K36: -2.199742 | L36: -2.199742 | M36: -1.099914 | N36: -3.2996561 | O36: 4.3995701 | P36: 2.199742 | Q36: 0 | R36: 1.099914 | S36: 0 | T36: -2.2515047 | U36: -1.0262253 | V36: -2.4549441 | W36: -1.0976784 | X36: -0.27824592
A37: Motor gasoline (excluding biofuel portion) | B37: O4652XR5210B | C37: -26.452193 | D37: 25.394067 | E37: 7.4066208 | F37: -6.3484953 | G37: -23.277902 | H37: -12.697077 | I37: 15.71006 | J37: 26.183491 | K37: -25.136113 | L37: 28.27816 | M37: 0 | N37: -4.1893379 | O37: -23.041445 | P37: 4.1893379 | Q37: 15.71006 | R37: -4.1893379 | S37: -11.520722 | T37: -9.9905417 | U37: 10.222012 | V37: 3.5211522 | W37: -13.79871 | X37: -0.78865004
A38: Aviation gasoline | B38: O4651 | C38: 0 | D38: 0 | E38: 0 | F38: 0 | G38: 0 | H38: 0 | I38: 0 | J38: 0 | K38: 0 | L38: 0 | M38: 0 | N38: 0 | O38: 0 | P38: 0 | Q38: 0 | R38: 0 | S38: 0 | T38: 0 | U38: 0 | V38: 0 | W38: 0 | X38: 0
A39: Gasoline-type jet fuel | B39: O4653 | C39: 0 | D39: 0 | E39: 0 | F39: 0 | G39: 0 | H39: 0 | I39: 0 | J39: 0 | K39: 0 | L39: 0 | M39: 0 | N39: 0 | O39: 0 | P39: 0 | Q39: 0 | R39: 0 | S39: 0 | T39: 0 | U39: 0 | V39: 0 | W39: 0 | X39: 0
A40: Kerosene-type jet fuel (excluding biofuel portion) | B40: O4661XR5230B | C40: 0 | D40: 0 | E40: 1.0533104 | F40: -1.0533104 | G40: -2.1066208 | H40: 1.0533104 | I40: 0 | J40: -1.0398968 | K40: 2.0798796 | L40: 1.0398968 | M40: 2.0798796 | N40: 0 | O40: 1.0398968 | P40: 0 | Q40: 27.038349 | R40: -2.0798796 | S40: -30.158126 | T40: 1.7803955 | U40: 5.194497 | V40: -18.737575 | W40: -23.419347 | X40: 42.32012
A41: Other kerosene | B41: O4669 | C41: 0 | D41: 0 | E41: 0 | F41: 0 | G41: 0 | H41: 0 | I41: 0 | J41: 0 | K41: 0 | L41: 0 | M41: 0 | N41: 0 | O41: 0 | P41: 0 | Q41: 0 | R41: 0 | S41: 0 | T41: -0.0092863285 | U41: -0.039208942 | V41: 0.017540843 | W41: 0.043336199 | X41: -0.0051590714
A42: Naphtha | B42: O4640 | C42: 4.2514187 | D42: 0 | E42: 0 | F42: 0 | G42: 0 | H42: 0 | I42: 0 | J42: 0 | K42: 0 | L42: 0 | M42: 0 | N42: 0 | O42: 0 | P42: 0 | Q42: 0 | R42: 0 | S42: 0 | T42: 0 | U42: 0 | V42: 0 | W42: 0 | X42: 0
A43: Gas oil and diesel oil (excluding biofuel portion) | B43: O4671XR5220B | C43: -32.865176 | D43: 20.540757 | E43: -22.594841 | F43: -23.62184 | G43: -8.2163371 | H43: -24.648925 | I43: 59.014015 | J43: 0 | K43: -29.507051 | L43: -34.594411 | M43: 25.437059 | N43: 11.192347 | O43: -88.521066 | P43: 59.015391 | Q43: 12.2092 | R43: 14.244454 | S43: 37.646002 | T43: -70.469905 | U43: 6.5414445 | V43: -18.627085 | W43: 47.502236 | X43: -33.171023
A44: Fuel oil | B44: O4680 | C44: 0 | D44: 2.8948409 | E44: 0 | F44: -1.9298366 | G44: 4.8246776 | H44: 0 | I44: -1.9298366 | J44: 0 | K44: 1.9642304 | L44: 0 | M44: 0 | N44: 0 | O44: 0 | P44: 0 | Q44: 0 | R44: 0 | S44: 0 | T44: 0 | U44: 0 | V44: 0 | W44: 0 | X44: 0
A45: White spirit and special boiling point industrial spirits | B45: O4691 | C45: 0.96018917 | D45: 0 | E45: -0.96018917 | F45: 0 | G45: 0.96018917 | H45: 0 | I45: 0 | J45: 0 | K45: 0 | L45: 0 | M45: 0 | N45: 0 | O45: 0 | P45: 0 | Q45: 0 | R45: 0 | S45: 0 | T45: 0.016509028 | U45: -0.045399828 | V45: 0.023731728 | W45: 0.023731728 | X45: -0.016509028
... A51: Natural gas | B51: G3000 | C51: 0 | D51: 0 | E51: 0 | F51: 0 | G51: 0 | H51: 0 | I51: 0 | J51: 0 | K51: 0 | L51: 0 | M51: 0 | N51: 0 | O51: 0 | P51: 0 | Q51: 0 | R51: 0 | S51: 0 | T51: 0 | U51: 0 | V51: 0 | W51: 0 | X51: 0
A52: Renewables and biofuels | B52: RA000 | C52: =SUM(C53:C70) -> 0 | D52: =SUM(D53:D70) -> 0 | E52: =SUM(E53:E70) -> 0 | F52: =SUM(F53:F70) -> 0 | G52: =SUM(G53:G70) -> 0 | H52: =SUM(H53:H70) -> 0 | I52: =SUM(I53:I70) -> 0.3155632 | J52: =SUM(J53:J70) -> 0.16483233 | ... X52: =SUM(X53:X70) -> -0.94926913
A53: Hydro | B53: RA100 | C53: 0 | D53: 0 | E53: 0 | F53: 0 | G53: 0 | H53: 0 | I53: 0 | J53: 0 | K53: 0 | L53: 0 | M53: 0 | N53: 0 | O53: 0 | P53: 0 | Q53: 0 | R53: 0 | S53: 0 | T53: 0 | U53: 0 | V53: 0 | W53: 0 | X53: 0
A54: Tide, wave, ocean | B54: RA500 | C54: 0 | D54: 0 | E54: 0 | F54: 0 | G54: 0 | H54: 0 | I54: 0 | J54: 0 | K54: 0 | L54: 0 | M54: 0 | N54: 0 | O54: 0 | P54: 0 | Q54: 0 | R54: 0 | S54: 0 | T54: 0 | U54: 0 | V54: 0 | W54: 0 | X54: 0
A55: Wind | B55: RA300 | C55: 0 | D55: 0 | E55: 0 | F55: 0 | G55: 0 | H55: 0 | I55: 0 | J55: 0 | K55: 0 | L55: 0 | M55: 0 | N55: 0 | O55: 0 | P55: 0 | Q55: 0 | R55: 0 | S55: 0 | T55: 0 | U55: 0 | V55: 0 | W55: 0 | X55: 0
A56: Solar photovoltaic | B56: RA420 | C56: 0 | D56: 0 | E56: 0 | F56: 0 | G56: 0 | H56: 0 | I56: 0 | J56: 0 | K56: 0 | L56: 0 | M56: 0 | N56: 0 | O56: 0 | P56: 0 | Q56: 0 | R56: 0 | S56: 0 | T56: 0 | U56: 0 | V56: 0 | W56: 0 | X56: 0
A57: Solar thermal | B57: RA410 | C57: 0 | D57: 0 | E57: 0 | F57: 0 | G57: 0 | H57: 0 | I57: 0 | J57: 0 | K57: 0 | L57: 0 | M57: 0 | N57: 0 | O57: 0 | P57: 0 | Q57: 0 | R57: 0 | S57: 0 | T57: 0 | U57: 0 | V57: 0 | W57: 0 | X57: 0
A58: Geothermal | B58: RA200 | C58: 0 | D58: 0 | E58: 0 | F58: 0 | G58: 0 | H58: 0 | I58: 0 | J58: 0 | K58: 0 | L58: 0 | M58: 0 | N58: 0 | O58: 0 | P58: 0 | Q58: 0 | R58: 0 | S58: 0 | T58: 0 | U58: 0 | V58: 0 | W58: 0 | X58: 0
A59: Primary solid biofuels | B59: R5110-5150_W6000RI | C59: 0 | D59: 0 | E59: 0 | F59: 0 | G59: 0 | H59: 0 | I59: 0 | J59: 0 | K59: 0 | L59: 0 | M59: 0 | N59: 0 | O59: 0 | P59: 0 | Q59: 0 | R59: 0 | S59: 0 | T59: 0 | U59: 0 | V59: 0 | W59: 0 | X59: 0
A60: Charcoal | B60: R5160 | C60: 0 | D60: 0 | E60: 0 | F60: 0 | G60: 0 | H60: 0 | I60: 0 | J60: 0 | K60: 0 | L60: 0 | M60: 0 | N60: 0 | O60: 0 | P60: 0 | Q60: 0 | R60: 0 | S60: 0 | T60: 0 | U60: 0 | V60: 0 | W60: 0 | X60: 0
A61: Biogases | B61: R5300 | C61: 0 | D61: 0 | E61: 0 | F61: 0 | G61: 0 | H61: 0 | I61: 0 | J61: 0 | K61: 0 | L61: 0 | M61: 0 | N61: 0 | O61: 0 | P61: 0 | Q61: 0 | R61: 0 | S61: 0 | T61: 0 | U61: 0 | V61: 0 | W61: 0 | X61: 0
A62: Renewable municipal waste | B62: W6210 | C62: 0 | D62: 0 | E62: 0 | F62: 0 | G62: 0 | H62: 0 | I62: 0 | J62: 0 | K62: 0 | L62: 0 | M62: 0 | N62: 0 | O62: 0 | P62: 0 | Q62: 0 | R62: 0 | S62: 0 | T62: 0 | U62: 0 | V62: 0 | W62: 0 | X62: 0
A63: Pure biogasoline | B63: R5210P | C63: 0 | D63: 0 | E63: 0 | F63: 0 | G63: 0 | H63: 0 | I63: 0 | J63: 0 | K63: 0 | L63: 0 | M63: 0 | N63: 0 | O63: 0 | P63: 0 | Q63: 0 | R63: 0 | S63: 0 | T63: 0 | U63: 0 | V63: 0 | W63: 0 | X63: 0
A64: Blended biogasoline | B64: R5210B | C64: 0 | D64: 0 | E64: 0 | F64: 0 | G64: 0 | H64: 0 | I64: 0 | J64: 0 | K64: 0 | L64: 0 | M64: 0 | N64: 0 | O64: 0 | P64: 0 | Q64: 0 | R64: 0 | S64: 0 | T64: 0 | U64: 0 | V64: 0 | W64: -0.67214101 | X64: -0.0018916595
... A70: Ambient heat (heat pumps) | B70: RA600 | C70: 0 | D70: 0 | E70: 0 | F70: 0 | G70: 0 | H70: 0 | I70: 0 | J70: 0 | K70: 0 | L70: 0 | M70: 0 | N70: 0 | O70: 0 | P70: 0 | Q70: 0 | R70: 0 | S70: 0 | T70: 0 | U70: 0 | V70: 0 | W70: 0 | X70: 0
A71: Non-renewable waste | B71: W6100_6220 | C71: =SUM(C72:C73) -> 0 | D71: =SUM(D72:D73) -> 0 | E71: =SUM(E72:E73) -> 0 | F71: =SUM(F72:F73) -> 0 | G71: =SUM(G72:G73) -> 0 | H71: =SUM(H72:H73) -> 0 | I71: =SUM(I72:I73) -> 0 | J71: =SUM(J72:J73) -> 0 | ... X71: =SUM(X72:X73) -> 0
A72: Industrial waste (non-renewable) | B72: W6100 | C72: 0 | D72: 0 | E72: 0 | F72: 0 | G72: 0 | H72: 0 | I72: 0 | J72: 0 | K72: 0 | L72: 0 | M72: 0 | N72: 0 | O72: 0 | P72: 0 | Q72: 0 | R72: 0 | S72: 0 | T72: 0 | U72: 0 | V72: 0 | W72: 0 | X72: 0
A73: Non-renewable municipal waste | B73: W6220 | C73: 0 | D73: 0 | E73: 0 | F73: 0 | G73: 0 | H73: 0 | I73: 0 | J73: 0 | K73: 0 | L73: 0 | M73: 0 | N73: 0 | O73: 0 | P73: 0 | Q73: 0 | R73: 0 | S73: 0 | T73: 0 | U73: 0 | V73: 0 | W73: 0 | X73: 0
A74: Nuclear heat | B74: N900H | C74: 0 | D74: 0 | E74: 0 | F74: 0 | G74: 0 | H74: 0 | I74: 0 | J74: 0 | K74: 0 | L74: 0 | M74: 0 | N74: 0 | O74: 0 | P74: 0 | Q74: 0 | R74: 0 | S74: 0 | T74: 0 | U74: 0 | V74: 0 | W74: 0 | X74: 0
A75: Heat | B75: H8000 | C75: 0 | D75: 0 | E75: 0 | F75: 0 | G75: 0 | H75: 0 | I75: 0 | J75: 0 | K75: 0 | L75: 0 | M75: 0 | N75: 0 | O75: 0 | P75: 0 | Q75: 0 | R75: 0 | S75: 0 | T75: 0 | U75: 0 | V75: 0 | W75: 0 | X75: 0
A76: Electricity | B76: E7000 | C76: 0 | D76: 0 | E76: 0 | F76: 0 | G76: 0 | H76: 0 | I76: 0 | J76: 0 | K76: 0 | L76: 0 | M76: 0 | N76: 0 | O76: 0 | P76: 0 | Q76: 0 | R76: 0 | S76: 0 | T76: 0 | U76: 0 | V76: 0 | W76: 0 | X76: 0

Sheet GAE
A1: Gross available energy | B1: GAE | C1: 2000 | D1: 2001 | E1: 2002 | F1: 2003 | G1: 2004 | H1: 2005 | I1: 2006 | J1: 2007 | K1: 2008 | L1: 2009 | M1: 2010 | N1: 2011 | O1: 2012 | P1: 2013 | Q1: 2014 | R1: 2015 | S1: 2016 | T1: 2017 | U1: 2018 | V1: 2019 | W1: 2020 | X1: 2021
A2: Total | B2: TOTAL | C2: =SUM(C3,C17,C22,C25,C26,C51,C52,C71,C74,C75,C76) -> 6561.2365 | D2: =SUM(D3,D17,D22,D25,D26,D51,D52,D71,D74,D75,D76) -> 6974.4815 | E2: =SUM(E3,E17,E22,E25,E26,E51,E52,E71,E74,E75,E76) -> 6988.0741 | F2: =SUM(F3,F17,F22,F25,F26,F51,F52,F71,F74,F75,F76) -> 7100.5519 | G2: =SUM(G3,G17,G22,G25,G26,G51,G52,G71,G74,G75,G76) -> 7297.1972 | H2: =SUM(H3,H17,H22,H25,H26,H51,H52,H71,H74,H75,H76) -> 7584.2634 | I2: =SUM(I3,I17,I22,I25,I26,I51,I52,I71,I74,I75,I76) -> 7542.4486 | J2: =SUM(J3,J17,J22,J25,J26,J51,J52,J71,J74,J75,J76) -> 7654.2635 | ... X2: =SUM(X3,X17,X22,X25,X26,X51,X52,X71,X74,X75,X76) -> 6630.6977
A3: Solid fossil fuels | B3: C0000X0350-0370 | C3: =SUM(C4,C8,C11) -> 1305.9494 | D3: =SUM(D4,D8,D11) -> 1430.0638 | E3: =SUM(E4,E8,E11) -> 1567.9543 | F3: =SUM(F4,F8,F11) -> 1492.1469 | G3: =SUM(G4,G8,G11) -> 1538.0214 | H3: =SUM(H4,H8,H11) -> 1538.4285 | I3: =SUM(I4,I8,I11) -> 1564.6469 | J3: =SUM(J4,J8,J11) -> 1598.304 | ... X3: =SUM(X4,X8,X11) -> 935.21531
A4: Hard coal | B4: C0100 | C4: =SUM(C5:C7) -> 6.7928633 | D4: =SUM(D5:D7) -> 9.8461737 | E4: =SUM(E5:E7) -> 22.614445 | F4: =SUM(F5:F7) -> 34.716681 | G4: =SUM(G5:G7) -> 29.61092 | H4: =SUM(H5:H7) -> 28.671109 | I4: =SUM(I5:I7) -> 28.673689 | J4: =SUM(J5:J7) -> 40.089596 | ... X4: =SUM(X5:X7) -> 3.9219261
A5: Anthracite | B5: C0110 | C5: =PPRD!C5+RCV_RCY!C5+IMP!C5-EXP!C5+STK_CHG!C5 -> 0 | D5: =PPRD!D5+RCV_RCY!D5+IMP!D5-EXP!D5+STK_CHG!D5 -> 0 | E5: =PPRD!E5+RCV_RCY!E5+IMP!E5-EXP!E5+STK_CHG!E5 -> 0 | F5: =PPRD!F5+RCV_RCY!F5+IMP!F5-EXP!F5+STK_CHG!F5 -> 0 | G5: =PPRD!G5+RCV_RCY!G5+IMP!G5-EXP!G5+STK_CHG!G5 -> 0 | H5: =PPRD!H5+RCV_RCY!H5+IMP!H5-EXP!H5+STK_CHG!H5 -> 0 | I5: =PPRD!I5+RCV_RCY!I5+IMP!I5-EXP!I5+STK_CHG!I5 -> 0 | J5: =PPRD!J5+RCV_RCY!J5+IMP!J5-EXP!J5+STK_CHG!J5 -> 0 | ... X5: =PPRD!X5+RCV_RCY!X5+IMP!X5-EXP!X5+STK_CHG!X5 -> 0
A6: Coking coal | B6: C0121 | C6: =PPRD!C6+RCV_RCY!C6+IMP!C6-EXP!C6+STK_CHG!C6 -> 0 | D6: =PPRD!D6+RCV_RCY!D6+IMP!D6-EXP!D6+STK_CHG!D6 -> 0 | E6: =PPRD!E6+RCV_RCY!E6+IMP!E6-EXP!E6+STK_CHG!E6 -> 0 | F6: =PPRD!F6+RCV_RCY!F6+IMP!F6-EXP!F6+STK_CHG!F6 -> 0 | G6: =PPRD!G6+RCV_RCY!G6+IMP!G6-EXP!G6+STK_CHG!G6 -> 0 | H6: =PPRD!H6+RCV_RCY!H6+IMP!H6-EXP!H6+STK_CHG!H6 -> 0 | I6: =PPRD!I6+RCV_RCY!I6+IMP!I6-EXP!I6+STK_CHG!I6 -> 0 | J6: =PPRD!J6+RCV_RCY!J6+IMP!J6-EXP!J6+STK_CHG!J6 -> 0 | ... X6: =PPRD!X6+RCV_RCY!X6+IMP!X6-EXP!X6+STK_CHG!X6 -> 0
A7: Other bituminous coal | B7: C0129 | C7: =PPRD!C7+RCV_RCY!C7+IMP!C7-EXP!C7+STK_CHG!C7 -> 6.7928633 | D7: =PPRD!D7+RCV_RCY!D7+IMP!D7-EXP!D7+STK_CHG!D7 -> 9.8461737 | E7: =PPRD!E7+RCV_RCY!E7+IMP!E7-EXP!E7+STK_CHG!E7 -> 22.614445 | F7: =PPRD!F7+RCV_RCY!F7+IMP!F7-EXP!F7+STK_CHG!F7 -> 34.716681 | G7: =PPRD!G7+RCV_RCY!G7+IMP!G7-EXP!G7+STK_CHG!G7 -> 29.61092 | H7: =PPRD!H7+RCV_RCY!H7+IMP!H7-EXP!H7+STK_CHG!H7 -> 28.671109 | I7: =PPRD!I7+RCV_RCY!I7+IMP!I7-EXP!I7+STK_CHG!I7 -> 28.673689 | J7: =PPRD!J7+RCV_RCY!J7+IMP!J7-EXP!J7+STK_CHG!J7 -> 40.089596 | ... X7: =PPRD!X7+RCV_RCY!X7+IMP!X7-EXP!X7+STK_CHG!X7 -> 3.9219261
A8: Brown coal | B8: C0200 | C8: =SUM(C9:C10) -> 1248.7317 | D8: =SUM(D9:D10) -> 1378.197 | E8: =SUM(E9:E10) -> 1504.2222 | F8: =SUM(F9:F10) -> 1411.6222 | G8: =SUM(G9:G10) -> 1463.995 | H8: =SUM(H9:H10) -> 1468.9964 | I8: =SUM(I9:I10) -> 1496.2891 | J8: =SUM(J9:J10) -> 1521.529 | ... X8: =SUM(X9:X10) -> 909.92399
A9: Sub-bituminous coal | B9: C0210 | C9: =PPRD!C9+RCV_RCY!C9+IMP!C9-EXP!C9+STK_CHG!C9 -> 186.9644 | D9: =PPRD!D9+RCV_RCY!D9+IMP!D9-EXP!D9+STK_CHG!D9 -> 230.03568 | E9: =PPRD!E9+RCV_RCY!E9+IMP!E9-EXP!E9+STK_CHG!E9 -> 243.77145 | F9: =PPRD!F9+RCV_RCY!F9+IMP!F9-EXP!F9+STK_CHG!F9 -> 248.57911 | G9: =PPRD!G9+RCV_RCY!G9+IMP!G9-EXP!G9+STK_CHG!G9 -> 270.7319 | H9: =PPRD!H9+RCV_RCY!H9+IMP!H9-EXP!H9+STK_CHG!H9 -> 274.5362 | I9: =PPRD!I9+RCV_RCY!I9+IMP!I9-EXP!I9+STK_CHG!I9 -> 248.8816 | J9: =PPRD!J9+RCV_RCY!J9+IMP!J9-EXP!J9+STK_CHG!J9 -> 239.84609 | ... X9: =PPRD!X9+RCV_RCY!X9+IMP!X9-EXP!X9+STK_CHG!X9 -> 133.35133
A10: Lignite | B10: C0220 | C10: =PPRD!C10+RCV_RCY!C10+IMP!C10-EXP!C10+STK_CHG!C10 -> 1061.7673 | D10: =PPRD!D10+RCV_RCY!D10+IMP!D10-EXP!D10+STK_CHG!D10 -> 1148.1613 | E10: =PPRD!E10+RCV_RCY!E10+IMP!E10-EXP!E10+STK_CHG!E10 -> 1260.4507 | F10: =PPRD!F10+RCV_RCY!F10+IMP!F10-EXP!F10+STK_CHG!F10 -> 1163.0431 | G10: =PPRD!G10+RCV_RCY!G10+IMP!G10-EXP!G10+STK_CHG!G10 -> 1193.2631 | H10: =PPRD!H10+RCV_RCY!H10+IMP!H10-EXP!H10+STK_CHG!H10 -> 1194.4602 | I10: =PPRD!I10+RCV_RCY!I10+IMP!I10-EXP!I10+STK_CHG!I10 -> 1247.4075 | J10: =PPRD!J10+RCV_RCY!J10+IMP!J10-EXP!J10+STK_CHG!J10 -> 1281.6829 | ... X10: =PPRD!X10+RCV_RCY!X10+IMP!X10-EXP!X10+STK_CHG!X10 -> 776.57266
A11: Coal products | B11: C0300 | C11: =SUM(C12:C16) -> 50.424764 | D11: =SUM(D12:D16) -> 42.020636 | E11: =SUM(E12:E16) -> 41.117627 | F11: =SUM(F12:F16) -> 45.807997 | G11: =SUM(G12:G16) -> 44.415477 | H11: =SUM(H12:H16) -> 40.760963 | I11: =SUM(I12:I16) -> 39.684179 | J11: =SUM(J12:J16) -> 36.685469 | ... X11: =SUM(X12:X16) -> 21.36939
A12: Patent fuel | B12: C0320 | C12: =PPRD!C12+RCV_RCY!C12+IMP!C12-EXP!C12+STK_CHG!C12 -> 0 | D12: =PPRD!D12+RCV_RCY!D12+IMP!D12-EXP!D12+STK_CHG!D12 -> 0 | E12: =PPRD!E12+RCV_RCY!E12+IMP!E12-EXP!E12+STK_CHG!E12 -> 0 | F12: =PPRD!F12+RCV_RCY!F12+IMP!F12-EXP!F12+STK_CHG!F12 -> 0 | G12: =PPRD!G12+RCV_RCY!G12+IMP!G12-EXP!G12+STK_CHG!G12 -> 0 | H12: =PPRD!H12+RCV_RCY!H12+IMP!H12-EXP!H12+STK_CHG!H12 -> 0 | I12: =PPRD!I12+RCV_RCY!I12+IMP!I12-EXP!I12+STK_CHG!I12 -> 0 | J12: =PPRD!J12+RCV_RCY!J12+IMP!J12-EXP!J12+STK_CHG!J12 -> 0 | ... X12: =PPRD!X12+RCV_RCY!X12+IMP!X12-EXP!X12+STK_CHG!X12 -> 0
A13: Coke oven coke | B13: C0311 | C13: =PPRD!C13+RCV_RCY!C13+IMP!C13-EXP!C13+STK_CHG!C13 -> 50.424764 | D13: =PPRD!D13+RCV_RCY!D13+IMP!D13-EXP!D13+STK_CHG!D13 -> 42.020636 | E13: =PPRD!E13+RCV_RCY!E13+IMP!E13-EXP!E13+STK_CHG!E13 -> 41.117627 | F13: =PPRD!F13+RCV_RCY!F13+IMP!F13-EXP!F13+STK_CHG!F13 -> 45.807997 | G13: =PPRD!G13+RCV_RCY!G13+IMP!G13-EXP!G13+STK_CHG!G13 -> 44.415477 | H13: =PPRD!H13+RCV_RCY!H13+IMP!H13-EXP!H13+STK_CHG!H13 -> 40.760963 | I13: =PPRD!I13+RCV_RCY!I13+IMP!I13-EXP!I13+STK_CHG!I13 -> 39.684179 | J13: =PPRD!J13+RCV_RCY!J13+IMP!J13-EXP!J13+STK_CHG!J13 -> 36.685469 | ... X13: =PPRD!X13+RCV_RCY!X13+IMP!X13-EXP!X13+STK_CHG!X13 -> 21.36939
A14: Gas coke | B14: C0312 | C14: =PPRD!C14+RCV_RCY!C14+IMP!C14-EXP!C14+STK_CHG!C14 -> 0 | D14: =PPRD!D14+RCV_RCY!D14+IMP!D14-EXP!D14+STK_CHG!D14 -> 0 | E14: =PPRD!E14+RCV_RCY!E14+IMP!E14-EXP!E14+STK_CHG!E14 -> 0 | F14: =PPRD!F14+RCV_RCY!F14+IMP!F14-EXP!F14+STK_CHG!F14 -> 0 | G14: =PPRD!G14+RCV_RCY!G14+IMP!G14-EXP!G14+STK_CHG!G14 -> 0 | H14: =PPRD!H14+RCV_RCY!H14+IMP!H14-EXP!H14+STK_CHG!H14 -> 0 | I14: =PPRD!I14+RCV_RCY!I14+IMP!I14-EXP!I14+STK_CHG!I14 -> 0 | J14: =PPRD!J14+RCV_RCY!J14+IMP!J14-EXP!J14+STK_CHG!J14 -> 0 | ... X14: =PPRD!X14+RCV_RCY!X14+IMP!X14-EXP!X14+STK_CHG!X14 -> 0
A15: Coal tar | B15: C0340 | C15: =PPRD!C15+RCV_RCY!C15+IMP!C15-EXP!C15+STK_CHG!C15 -> 0 | D15: =PPRD!D15+RCV_RCY!D15+IMP!D15-EXP!D15+STK_CHG!D15 -> 0 | E15: =PPRD!E15+RCV_RCY!E15+IMP!E15-EXP!E15+STK_CHG!E15 -> 0 | F15: =PPRD!F15+RCV_RCY!F15+IMP!F15-EXP!F15+STK_CHG!F15 -> 0 | G15: =PPRD!G15+RCV_RCY!G15+IMP!G15-EXP!G15+STK_CHG!G15 -> 0 | H15: =PPRD!H15+RCV_RCY!H15+IMP!H15-EXP!H15+STK_CHG!H15 -> 0 | I15: =PPRD!I15+RCV_RCY!I15+IMP!I15-EXP!I15+STK_CHG!I15 -> 0 | J15: =PPRD!J15+RCV_RCY!J15+IMP!J15-EXP!J15+STK_CHG!J15 -> 0 | ... X15: =PPRD!X15+RCV_RCY!X15+IMP!X15-EXP!X15+STK_CHG!X15 -> 0
A16: Brown coal briquettes | B16: C0330 | C16: =PPRD!C16+RCV_RCY!C16+IMP!C16-EXP!C16+STK_CHG!C16 -> 0 | D16: =PPRD!D16+RCV_RCY!D16+IMP!D16-EXP!D16+STK_CHG!D16 -> 0 | E16: =PPRD!E16+RCV_RCY!E16+IMP!E16-EXP!E16+STK_CHG!E16 -> 0 | F16: =PPRD!F16+RCV_RCY!F16+IMP!F16-EXP!F16+STK_CHG!F16 -> 0 | G16: =PPRD!G16+RCV_RCY!G16+IMP!G16-EXP!G16+STK_CHG!G16 -> 0 | H16: =PPRD!H16+RCV_RCY!H16+IMP!H16-EXP!H16+STK_CHG!H16 -> 0 | I16: =PPRD!I16+RCV_RCY!I16+IMP!I16-EXP!I16+STK_CHG!I16 -> 0 | J16: =PPRD!J16+RCV_RCY!J16+IMP!J16-EXP!J16+STK_CHG!J16 -> 0 | ... X16: =PPRD!X16+RCV_RCY!X16+IMP!X16-EXP!X16+STK_CHG!X16 -> 0
A17: Manufactured gases | B17: C0350-0370 | C17: =SUM(C18:C21) -> 0 | D17: =SUM(D18:D21) -> 0 | E17: =SUM(E18:E21) -> 0 | F17: =SUM(F18:F21) -> 0 | G17: =SUM(G18:G21) -> 0 | H17: =SUM(H18:H21) -> 0 | I17: =SUM(I18:I21) -> 0 | J17: =SUM(J18:J21) -> 0 | ... X17: =SUM(X18:X21) -> 0
A18: Gas works gas | B18: C0360 | C18: =PPRD!C18+RCV_RCY!C18+IMP!C18-EXP!C18+STK_CHG!C18 -> 0 | D18: =PPRD!D18+RCV_RCY!D18+IMP!D18-EXP!D18+STK_CHG!D18 -> 0 | E18: =PPRD!E18+RCV_RCY!E18+IMP!E18-EXP!E18+STK_CHG!E18 -> 0 | F18: =PPRD!F18+RCV_RCY!F18+IMP!F18-EXP!F18+STK_CHG!F18 -> 0 | G18: =PPRD!G18+RCV_RCY!G18+IMP!G18-EXP!G18+STK_CHG!G18 -> 0 | H18: =PPRD!H18+RCV_RCY!H18+IMP!H18-EXP!H18+STK_CHG!H18 -> 0 | I18: =PPRD!I18+RCV_RCY!I18+IMP!I18-EXP!I18+STK_CHG!I18 -> 0 | J18: =PPRD!J18+RCV_RCY!J18+IMP!J18-EXP!J18+STK_CHG!J18 -> 0 | ... X18: =PPRD!X18+RCV_RCY!X18+IMP!X18-EXP!X18+STK_CHG!X18 -> 0
A19: Coke oven gas | B19: C0350 | C19: =PPRD!C19+RCV_RCY!C19+IMP!C19-EXP!C19+STK_CHG!C19 -> 0 | D19: =PPRD!D19+RCV_RCY!D19+IMP!D19-EXP!D19+STK_CHG!D19 -> 0 | E19: =PPRD!E19+RCV_RCY!E19+IMP!E19-EXP!E19+STK_CHG!E19 -> 0 | F19: =PPRD!F19+RCV_RCY!F19+IMP!F19-EXP!F19+STK_CHG!F19 -> 0 | G19: =PPRD!G19+RCV_RCY!G19+IMP!G19-EXP!G19+STK_CHG!G19 -> 0 | H19: =PPRD!H19+RCV_RCY!H19+IMP!H19-EXP!H19+STK_CHG!H19 -> 0 | I19: =PPRD!I19+RCV_RCY!I19+IMP!I19-EXP!I19+STK_CHG!I19 -> 0 | J19: =PPRD!J19+RCV_RCY!J19+IMP!J19-EXP!J19+STK_CHG!J19 -> 0 | ... X19: =PPRD!X19+RCV_RCY!X19+IMP!X19-EXP!X19+STK_CHG!X19 -> 0
A20: Blast furnace gas | B20: C0371 | C20: =PPRD!C20+RCV_RCY!C20+IMP!C20-EXP!C20+STK_CHG!C20 -> 0 | D20: =PPRD!D20+RCV_RCY!D20+IMP!D20-EXP!D20+STK_CHG!D20 -> 0 | E20: =PPRD!E20+RCV_RCY!E20+IMP!E20-EXP!E20+STK_CHG!E20 -> 0 | F20: =PPRD!F20+RCV_RCY!F20+IMP!F20-EXP!F20+STK_CHG!F20 -> 0 | G20: =PPRD!G20+RCV_RCY!G20+IMP!G20-EXP!G20+STK_CHG!G20 -> 0 | H20: =PPRD!H20+RCV_RCY!H20+IMP!H20-EXP!H20+STK_CHG!H20 -> 0 | I20: =PPRD!I20+RCV_RCY!I20+IMP!I20-EXP!I20+STK_CHG!I20 -> 0 | J20: =PPRD!J20+RCV_RCY!J20+IMP!J20-EXP!J20+STK_CHG!J20 -> 0 | ... X20: =PPRD!X20+RCV_RCY!X20+IMP!X20-EXP!X20+STK_CHG!X20 -> 0
A21: Other recovered gases | B21: C0379 | C21: =PPRD!C21+RCV_RCY!C21+IMP!C21-EXP!C21+STK_CHG!C21 -> 0 | D21: =PPRD!D21+RCV_RCY!D21+IMP!D21-EXP!D21+STK_CHG!D21 -> 0 | E21: =PPRD!E21+RCV_RCY!E21+IMP!E21-EXP!E21+STK_CHG!E21 -> 0 | F21: =PPRD!F21+RCV_RCY!F21+IMP!F21-EXP!F21+STK_CHG!F21 -> 0 | G21: =PPRD!G21+RCV_RCY!G21+IMP!G21-EXP!G21+STK_CHG!G21 -> 0 | H21: =PPRD!H21+RCV_RCY!H21+IMP!H21-EXP!H21+STK_CHG!H21 -> 0 | I21: =PPRD!I21+RCV_RCY!I21+IMP!I21-EXP!I21+STK_CHG!I21 -> 0 | J21: =PPRD!J21+RCV_RCY!J21+IMP!J21-EXP!J21+STK_CHG!J21 -> 0 | ... X21: =PPRD!X21+RCV_RCY!X21+IMP!X21-EXP!X21+STK_CHG!X21 -> 0
A22: Peat and peat products | B22: P1000 | C22: =SUM(C23:C24) -> 0 | D22: =SUM(D23:D24) -> 0 | E22: =SUM(E23:E24) -> 0 | F22: =SUM(F23:F24) -> 0 | G22: =SUM(G23:G24) -> 0 | H22: =SUM(H23:H24) -> 0 | I22: =SUM(I23:I24) -> 0 | J22: =SUM(J23:J24) -> 0 | ... X22: =SUM(X23:X24) -> 0
A23: Peat | B23: P1100 | C23: =PPRD!C23+RCV_RCY!C23+IMP!C23-EXP!C23+STK_CHG!C23 -> 0 | D23: =PPRD!D23+RCV_RCY!D23+IMP!D23-EXP!D23+STK_CHG!D23 -> 0 | E23: =PPRD!E23+RCV_RCY!E23+IMP!E23-EXP!E23+STK_CHG!E23 -> 0 | F23: =PPRD!F23+RCV_RCY!F23+IMP!F23-EXP!F23+STK_CHG!F23 -> 0 | G23: =PPRD!G23+RCV_RCY!G23+IMP!G23-EXP!G23+STK_CHG!G23 -> 0 | H23: =PPRD!H23+RCV_RCY!H23+IMP!H23-EXP!H23+STK_CHG!H23 -> 0 | I23: =PPRD!I23+RCV_RCY!I23+IMP!I23-EXP!I23+STK_CHG!I23 -> 0 | J23: =PPRD!J23+RCV_RCY!J23+IMP!J23-EXP!J23+STK_CHG!J23 -> 0 | ... X23: =PPRD!X23+RCV_RCY!X23+IMP!X23-EXP!X23+STK_CHG!X23 -> 0
A24: Peat products | B24: P1200 | C24: =PPRD!C24+RCV_RCY!C24+IMP!C24-EXP!C24+STK_CHG!C24 -> 0 | D24: =PPRD!D24+RCV_RCY!D24+IMP!D24-EXP!D24+STK_CHG!D24 -> 0 | E24: =PPRD!E24+RCV_RCY!E24+IMP!E24-EXP!E24+STK_CHG!E24 -> 0 | F24: =PPRD!F24+RCV_RCY!F24+IMP!F24-EXP!F24+STK_CHG!F24 -> 0 | G24: =PPRD!G24+RCV_RCY!G24+IMP!G24-EXP!G24+STK_CHG!G24 -> 0 | H24: =PPRD!H24+RCV_RCY!H24+IMP!H24-EXP!H24+STK_CHG!H24 -> 0 | I24: =PPRD!I24+RCV_RCY!I24+IMP!I24-EXP!I24+STK_CHG!I24 -> 0 | J24: =PPRD!J24+RCV_RCY!J24+IMP!J24-EXP!J24+STK_CHG!J24 -> 0 | ... X24: =PPRD!X24+RCV_RCY!X24+IMP!X24-EXP!X24+STK_CHG!X24 -> 0
A25: Oil shale and oil sands | B25: S2000 | C25: =PPRD!C25+RCV_RCY!C25+IMP!C25-EXP!C25+STK_CHG!C25 -> 0 | D25: =PPRD!D25+RCV_RCY!D25+IMP!D25-EXP!D25+STK_CHG!D25 -> 0 | E25: =PPRD!E25+RCV_RCY!E25+IMP!E25-EXP!E25+STK_CHG!E25 -> 0 | F25: =PPRD!F25+RCV_RCY!F25+IMP!F25-EXP!F25+STK_CHG!F25 -> 0 | G25: =PPRD!G25+RCV_RCY!G25+IMP!G25-EXP!G25+STK_CHG!G25 -> 0 | H25: =PPRD!H25+RCV_RCY!H25+IMP!H25-EXP!H25+STK_CHG!H25 -> 0 | I25: =PPRD!I25+RCV_RCY!I25+IMP!I25-EXP!I25+STK_CHG!I25 -> 0 | J25: =PPRD!J25+RCV_RCY!J25+IMP!J25-EXP!J25+STK_CHG!J25 -> 0 | ... X25: =PPRD!X25+RCV_RCY!X25+IMP!X25-EXP!X25+STK_CHG!X25 -> 0
A26: Oil and petroleum products | B26: O4000XBIO | C26: =SUM(C27,C33) -> 2413.8077 | D26: =SUM(D27,D33) -> 2507.9129 | E26: =SUM(E27,E33) -> 2435.7216 | F26: =SUM(F27,F33) -> 2471.5416 | G26: =SUM(G27,G33) -> 2548.4762 | H26: =SUM(H27,H33) -> 2601.8057 | I26: =SUM(I27,I33) -> 2682.4903 | J26: =SUM(J27,J33) -> 2649.6849 | ... X26: =SUM(X27,X33) -> 2277.9934
A27: Crude oil, NGL, refinery feedstocks, additives and oxygenates and other hydrocarbons (excluding biofuel portion) | B27: O4100_TOT_4200-4500XBIO | C27: =SUM(C28:C32) -> 167.95641 | D27: =SUM(D28:D32) -> 0 | E27: =SUM(E28:E32) -> 0 | F27: =SUM(F28:F32) -> 0 | G27: =SUM(G28:G32) -> 0 | H27: =SUM(H28:H32) -> 0 | I27: =SUM(I28:I32) -> 0 | J27: =SUM(J28:J32) -> 0 | ... X27: =SUM(X28:X32) -> 1.7347235e-16
A28: Crude oil | B28: O4100_TOT | C28: =PPRD!C28+RCV_RCY!C28+IMP!C28-EXP!C28+STK_CHG!C28 -> 97.372743 | D28: =PPRD!D28+RCV_RCY!D28+IMP!D28-EXP!D28+STK_CHG!D28 -> 0 | E28: =PPRD!E28+RCV_RCY!E28+IMP!E28-EXP!E28+STK_CHG!E28 -> 0 | F28: =PPRD!F28+RCV_RCY!F28+IMP!F28-EXP!F28+STK_CHG!F28 -> 0 | G28: =PPRD!G28+RCV_RCY!G28+IMP!G28-EXP!G28+STK_CHG!G28 -> 0 | H28: =PPRD!H28+RCV_RCY!H28+IMP!H28-EXP!H28+STK_CHG!H28 -> 0 | I28: =PPRD!I28+RCV_RCY!I28+IMP!I28-EXP!I28+STK_CHG!I28 -> 0 | J28: =PPRD!J28+RCV_RCY!J28+IMP!J28-EXP!J28+STK_CHG!J28 -> 0 | ... X28: =PPRD!X28+RCV_RCY!X28+IMP!X28-EXP!X28+STK_CHG!X28 -> 4.1633363e-17
A29: Natural gas liquids | B29: O4200 | C29: =PPRD!C29+RCV_RCY!C29+IMP!C29-EXP!C29+STK_CHG!C29 -> 43.135512 | D29: =PPRD!D29+RCV_RCY!D29+IMP!D29-EXP!D29+STK_CHG!D29 -> 0 | E29: =PPRD!E29+RCV_RCY!E29+IMP!E29-EXP!E29+STK_CHG!E29 -> 0 | F29: =PPRD!F29+RCV_RCY!F29+IMP!F29-EXP!F29+STK_CHG!F29 -> 0 | G29: =PPRD!G29+RCV_RCY!G29+IMP!G29-EXP!G29+STK_CHG!G29 -> 0 | H29: =PPRD!H29+RCV_RCY!H29+IMP!H29-EXP!H29+STK_CHG!H29 -> 0 | I29: =PPRD!I29+RCV_RCY!I29+IMP!I29-EXP!I29+STK_CHG!I29 -> 0 | J29: =PPRD!J29+RCV_RCY!J29+IMP!J29-EXP!J29+STK_CHG!J29 -> 0 | ... X29: =PPRD!X29+RCV_RCY!X29+IMP!X29-EXP!X29+STK_CHG!X29 -> 1.3183898e-16
A30: Refinery feedstocks | B30: O4300 | C30: =PPRD!C30+RCV_RCY!C30+IMP!C30-EXP!C30+STK_CHG!C30 -> 27.448151 | D30: =PPRD!D30+RCV_RCY!D30+IMP!D30-EXP!D30+STK_CHG!D30 -> 0 | E30: =PPRD!E30+RCV_RCY!E30+IMP!E30-EXP!E30+STK_CHG!E30 -> 0 | F30: =PPRD!F30+RCV_RCY!F30+IMP!F30-EXP!F30+STK_CHG!F30 -> 0 | G30: =PPRD!G30+RCV_RCY!G30+IMP!G30-EXP!G30+STK_CHG!G30 -> 0 | H30: =PPRD!H30+RCV_RCY!H30+IMP!H30-EXP!H30+STK_CHG!H30 -> 0 | I30: =PPRD!I30+RCV_RCY!I30+IMP!I30-EXP!I30+STK_CHG!I30 -> 0 | J30: =PPRD!J30+RCV_RCY!J30+IMP!J30-EXP!J30+STK_CHG!J30 -> 0 | ... X30: =PPRD!X30+RCV_RCY!X30+IMP!X30-EXP!X30+STK_CHG!X30 -> 0
A31: Additives and oxygenates (excluding biofuel portion) | B31: O4400X4410 | C31: =PPRD!C31+RCV_RCY!C31+IMP!C31-EXP!C31+STK_CHG!C31 -> 0 | D31: =PPRD!D31+RCV_RCY!D31+IMP!D31-EXP!D31+STK_CHG!D31 -> 0 | E31: =PPRD!E31+RCV_RCY!E31+IMP!E31-EXP!E31+STK_CHG!E31 -> 0 | F31: =PPRD!F31+RCV_RCY!F31+IMP!F31-EXP!F31+STK_CHG!F31 -> 0 | G31: =PPRD!G31+RCV_RCY!G31+IMP!G31-EXP!G31+STK_CHG!G31 -> 0 | H31: =PPRD!H31+RCV_RCY!H31+IMP!H31-EXP!H31+STK_CHG!H31 -> 0 | I31: =PPRD!I31+RCV_RCY!I31+IMP!I31-EXP!I31+STK_CHG!I31 -> 0 | J31: =PPRD!J31+RCV_RCY!J31+IMP!J31-EXP!J31+STK_CHG!J31 -> 0 | ... X31: =PPRD!X31+RCV_RCY!X31+IMP!X31-EXP!X31+STK_CHG!X31 -> 0
A32: Other hydrocarbons | B32: O4500 | C32: =PPRD!C32+RCV_RCY!C32+IMP!C32-EXP!C32+STK_CHG!C32 -> 0 | D32: =PPRD!D32+RCV_RCY!D32+IMP!D32-EXP!D32+STK_CHG!D32 -> 0 | E32: =PPRD!E32+RCV_RCY!E32+IMP!E32-EXP!E32+STK_CHG!E32 -> 0 | F32: =PPRD!F32+RCV_RCY!F32+IMP!F32-EXP!F32+STK_CHG!F32 -> 0 | G32: =PPRD!G32+RCV_RCY!G32+IMP!G32-EXP!G32+STK_CHG!G32 -> 0 | H32: =PPRD!H32+RCV_RCY!H32+IMP!H32-EXP!H32+STK_CHG!H32 -> 0 | I32: =PPRD!I32+RCV_RCY!I32+IMP!I32-EXP!I32+STK_CHG!I32 -> 0 | J32: =PPRD!J32+RCV_RCY!J32+IMP!J32-EXP!J32+STK_CHG!J32 -> 0 | ... X32: =PPRD!X32+RCV_RCY!X32+IMP!X32-EXP!X32+STK_CHG!X32 -> 0
A33: Oil products (excluding biofuel portion) | B33: O4600XBIO | C33: =SUM(C34:C50) -> 2245.8513 | D33: =SUM(D34:D50) -> 2507.9129 | E33: =SUM(E34:E50) -> 2435.7216 | F33: =SUM(F34:F50) -> 2471.5416 | G33: =SUM(G34:G50) -> 2548.4762 | H33: =SUM(H34:H50) -> 2601.8057 | I33: =SUM(I34:I50) -> 2682.4903 | J33: =SUM(J34:J50) -> 2649.6849 | ... X33: =SUM(X34:X50) -> 2277.9934
A34: Refinery gas | B34: O4610 | C34: =PPRD!C34+RCV_RCY!C34+IMP!C34-EXP!C34+STK_CHG!C34 -> 0 | D34: =PPRD!D34+RCV_RCY!D34+IMP!D34-EXP!D34+STK_CHG!D34 -> 0 | E34: =PPRD!E34+RCV_RCY!E34+IMP!E34-EXP!E34+STK_CHG!E34 -> 0 | F34: =PPRD!F34+RCV_RCY!F34+IMP!F34-EXP!F34+STK_CHG!F34 -> 0 | G34: =PPRD!G34+RCV_RCY!G34+IMP!G34-EXP!G34+STK_CHG!G34 -> 0 | H34: =PPRD!H34+RCV_RCY!H34+IMP!H34-EXP!H34+STK_CHG!H34 -> 0 | I34: =PPRD!I34+RCV_RCY!I34+IMP!I34-EXP!I34+STK_CHG!I34 -> 0 | J34: =PPRD!J34+RCV_RCY!J34+IMP!J34-EXP!J34+STK_CHG!J34 -> 0 | ... X34: =PPRD!X34+RCV_RCY!X34+IMP!X34-EXP!X34+STK_CHG!X34 -> 0
A35: Ethane | B35: O4620 | C35: =PPRD!C35+RCV_RCY!C35+IMP!C35-EXP!C35+STK_CHG!C35 -> 0 | D35: =PPRD!D35+RCV_RCY!D35+IMP!D35-EXP!D35+STK_CHG!D35 -> 0 | E35: =PPRD!E35+RCV_RCY!E35+IMP!E35-EXP!E35+STK_CHG!E35 -> 0 | F35: =PPRD!F35+RCV_RCY!F35+IMP!F35-EXP!F35+STK_CHG!F35 -> 0 | G35: =PPRD!G35+RCV_RCY!G35+IMP!G35-EXP!G35+STK_CHG!G35 -> 0 | H35: =PPRD!H35+RCV_RCY!H35+IMP!H35-EXP!H35+STK_CHG!H35 -> 0 | I35: =PPRD!I35+RCV_RCY!I35+IMP!I35-EXP!I35+STK_CHG!I35 -> 0 | J35: =PPRD!J35+RCV_RCY!J35+IMP!J35-EXP!J35+STK_CHG!J35 -> 0 | ... X35: =PPRD!X35+RCV_RCY!X35+IMP!X35-EXP!X35+STK_CHG!X35 -> 0
A36: Liquefied petroleum gases | B36: O4630 | C36: =PPRD!C36+RCV_RCY!C36+IMP!C36-EXP!C36+STK_CHG!C36 -> 103.9362 | D36: =PPRD!D36+RCV_RCY!D36+IMP!D36-EXP!D36+STK_CHG!D36 -> 99.417197 | E36: =PPRD!E36+RCV_RCY!E36+IMP!E36-EXP!E36+STK_CHG!E36 -> 94.898194 | F36: =PPRD!F36+RCV_RCY!F36+IMP!F36-EXP!F36+STK_CHG!F36 -> 99.417197 | G36: =PPRD!G36+RCV_RCY!G36+IMP!G36-EXP!G36+STK_CHG!G36 -> 93.768444 | H36: =PPRD!H36+RCV_RCY!H36+IMP!H36-EXP!H36+STK_CHG!H36 -> 100.54695 | I36: =PPRD!I36+RCV_RCY!I36+IMP!I36-EXP!I36+STK_CHG!I36 -> 93.76853 | J36: =PPRD!J36+RCV_RCY!J36+IMP!J36-EXP!J36+STK_CHG!J36 -> 92.39037 | ... X36: =PPRD!X36+RCV_RCY!X36+IMP!X36-EXP!X36+STK_CHG!X36 -> 90.773517
A37: Motor gasoline (excluding biofuel portion) | B37: O4652XR5210B | C37: =PPRD!C37+RCV_RCY!C37+IMP!C37-EXP!C37+STK_CHG!C37 -> 816.84342 | D37: =PPRD!D37+RCV_RCY!D37+IMP!D37-EXP!D37+STK_CHG!D37 -> 846.46982 | E37: =PPRD!E37+RCV_RCY!E37+IMP!E37-EXP!E37+STK_CHG!E37 -> 811.55297 | F37: =PPRD!F37+RCV_RCY!F37+IMP!F37-EXP!F37+STK_CHG!F37 -> 792.50739 | G37: =PPRD!G37+RCV_RCY!G37+IMP!G37-EXP!G37+STK_CHG!G37 -> 704.68616 | H37: =PPRD!H37+RCV_RCY!H37+IMP!H37-EXP!H37+STK_CHG!H37 -> 693.04721 | I37: =PPRD!I37+RCV_RCY!I37+IMP!I37-EXP!I37+STK_CHG!I37 -> 670.29708 | J37: =PPRD!J37+RCV_RCY!J37+IMP!J37-EXP!J37+STK_CHG!J37 -> 648.30301 | ... X37: =PPRD!X37+RCV_RCY!X37+IMP!X37-EXP!X37+STK_CHG!X37 -> 370.59054
A38: Aviation gasoline | B38: O4651 | C38: =PPRD!C38+RCV_RCY!C38+IMP!C38-EXP!C38+STK_CHG!C38 -> 1.0581255 | D38: =PPRD!D38+RCV_RCY!D38+IMP!D38-EXP!D38+STK_CHG!D38 -> 1.0581255 | E38: =PPRD!E38+RCV_RCY!E38+IMP!E38-EXP!E38+STK_CHG!E38 -> 1.0581255 | F38: =PPRD!F38+RCV_RCY!F38+IMP!F38-EXP!F38+STK_CHG!F38 -> 1.0581255 | G38: =PPRD!G38+RCV_RCY!G38+IMP!G38-EXP!G38+STK_CHG!G38 -> 1.0581255 | H38: =PPRD!H38+RCV_RCY!H38+IMP!H38-EXP!H38+STK_CHG!H38 -> 1.0581255 | I38: =PPRD!I38+RCV_RCY!I38+IMP!I38-EXP!I38+STK_CHG!I38 -> 1.0581255 | J38: =PPRD!J38+RCV_RCY!J38+IMP!J38-EXP!J38+STK_CHG!J38 -> 1.0581255 | ... X38: =PPRD!X38+RCV_RCY!X38+IMP!X38-EXP!X38+STK_CHG!X38 -> 0.46732588
A39: Gasoline-type jet fuel | B39: O4653 | C39: =PPRD!C39+RCV_RCY!C39+IMP!C39-EXP!C39+STK_CHG!C39 -> 0 | D39: =PPRD!D39+RCV_RCY!D39+IMP!D39-EXP!D39+STK_CHG!D39 -> 0 | E39: =PPRD!E39+RCV_RCY!E39+IMP!E39-EXP!E39+STK_CHG!E39 -> 0 | F39: =PPRD!F39+RCV_RCY!F39+IMP!F39-EXP!F39+STK_CHG!F39 -> 0 | G39: =PPRD!G39+RCV_RCY!G39+IMP!G39-EXP!G39+STK_CHG!G39 -> 0 | H39: =PPRD!H39+RCV_RCY!H39+IMP!H39-EXP!H39+STK_CHG!H39 -> 0 | I39: =PPRD!I39+RCV_RCY!I39+IMP!I39-EXP!I39+STK_CHG!I39 -> 0 | J39: =PPRD!J39+RCV_RCY!J39+IMP!J39-EXP!J39+STK_CHG!J39 -> 0 | ... X39: =PPRD!X39+RCV_RCY!X39+IMP!X39-EXP!X39+STK_CHG!X39 -> 0
A40: Kerosene-type jet fuel (excluding biofuel portion) | B40: O4661XR5230B | C40: =PPRD!C40+RCV_RCY!C40+IMP!C40-EXP!C40+STK_CHG!C40 -> 25.27945 | D40: =PPRD!D40+RCV_RCY!D40+IMP!D40-EXP!D40+STK_CHG!D40 -> 27.386071 | E40: =PPRD!E40+RCV_RCY!E40+IMP!E40-EXP!E40+STK_CHG!E40 -> 29.492691 | F40: =PPRD!F40+RCV_RCY!F40+IMP!F40-EXP!F40+STK_CHG!F40 -> 26.33276 | G40: =PPRD!G40+RCV_RCY!G40+IMP!G40-EXP!G40+STK_CHG!G40 -> 20.012898 | H40: =PPRD!H40+RCV_RCY!H40+IMP!H40-EXP!H40+STK_CHG!H40 -> 23.172829 | I40: =PPRD!I40+RCV_RCY!I40+IMP!I40-EXP!I40+STK_CHG!I40 -> 25.27945 | J40: =PPRD!J40+RCV_RCY!J40+IMP!J40-EXP!J40+STK_CHG!J40 -> 32.238005 | ... X40: =PPRD!X40+RCV_RCY!X40+IMP!X40-EXP!X40+STK_CHG!X40 -> 10.692519
A41: Other kerosene | B41: O4669 | C41: =PPRD!C41+RCV_RCY!C41+IMP!C41-EXP!C41+STK_CHG!C41 -> 0 | D41: =PPRD!D41+RCV_RCY!D41+IMP!D41-EXP!D41+STK_CHG!D41 -> 3.1384351 | E41: =PPRD!E41+RCV_RCY!E41+IMP!E41-EXP!E41+STK_CHG!E41 -> 2.0922614 | F41: =PPRD!F41+RCV_RCY!F41+IMP!F41-EXP!F41+STK_CHG!F41 -> 2.0922614 | G41: =PPRD!G41+RCV_RCY!G41+IMP!G41-EXP!G41+STK_CHG!G41 -> 1.0461737 | H41: =PPRD!H41+RCV_RCY!H41+IMP!H41-EXP!H41+STK_CHG!H41 -> 1.0461737 | I41: =PPRD!I41+RCV_RCY!I41+IMP!I41-EXP!I41+STK_CHG!I41 -> 1.0461737 | J41: =PPRD!J41+RCV_RCY!J41+IMP!J41-EXP!J41+STK_CHG!J41 -> 1.0461737 | ... X41: =PPRD!X41+RCV_RCY!X41+IMP!X41-EXP!X41+STK_CHG!X41 -> 0.061908856
A42: Naphtha | B42: O4640 | C42: =PPRD!C42+RCV_RCY!C42+IMP!C42-EXP!C42+STK_CHG!C42 -> -21.257352 | D42: =PPRD!D42+RCV_RCY!D42+IMP!D42-EXP!D42+STK_CHG!D42 -> 0 | E42: =PPRD!E42+RCV_RCY!E42+IMP!E42-EXP!E42+STK_CHG!E42 -> 0 | F42: =PPRD!F42+RCV_RCY!F42+IMP!F42-EXP!F42+STK_CHG!F42 -> 0 | G42: =PPRD!G42+RCV_RCY!G42+IMP!G42-EXP!G42+STK_CHG!G42 -> 0 | H42: =PPRD!H42+RCV_RCY!H42+IMP!H42-EXP!H42+STK_CHG!H42 -> 0 | I42: =PPRD!I42+RCV_RCY!I42+IMP!I42-EXP!I42+STK_CHG!I42 -> 0 | J42: =PPRD!J42+RCV_RCY!J42+IMP!J42-EXP!J42+STK_CHG!J42 -> 0 | ... X42: =PPRD!X42+RCV_RCY!X42+IMP!X42-EXP!X42+STK_CHG!X42 -> 0
A43: Gas oil and diesel oil (excluding biofuel portion) | B43: O4671XR5220B | C43: =PPRD!C43+RCV_RCY!C43+IMP!C43-EXP!C43+STK_CHG!C43 -> 1125.633 | D43: =PPRD!D43+RCV_RCY!D43+IMP!D43-EXP!D43+STK_CHG!D43 -> 1303.3104 | E43: =PPRD!E43+RCV_RCY!E43+IMP!E43-EXP!E43+STK_CHG!E43 -> 1302.2833 | F43: =PPRD!F43+RCV_RCY!F43+IMP!F43-EXP!F43+STK_CHG!F43 -> 1351.5813 | G43: =PPRD!G43+RCV_RCY!G43+IMP!G43-EXP!G43+STK_CHG!G43 -> 1469.6905 | H43: =PPRD!H43+RCV_RCY!H43+IMP!H43-EXP!H43+STK_CHG!H43 -> 1515.9071 | I43: =PPRD!I43+RCV_RCY!I43+IMP!I43-EXP!I43+STK_CHG!I43 -> 1579.1344 | J43: =PPRD!J43+RCV_RCY!J43+IMP!J43-EXP!J43+STK_CHG!J43 -> 1602.5365 | ... X43: =PPRD!X43+RCV_RCY!X43+IMP!X43-EXP!X43+STK_CHG!X43 -> 1559.3433
A44: Fuel oil | B44: O4680 | C44: =PPRD!C44+RCV_RCY!C44+IMP!C44-EXP!C44+STK_CHG!C44 -> 82.01969 | D44: =PPRD!D44+RCV_RCY!D44+IMP!D44-EXP!D44+STK_CHG!D44 -> 108.073 | E44: =PPRD!E44+RCV_RCY!E44+IMP!E44-EXP!E44+STK_CHG!E44 -> 79.12485 | F44: =PPRD!F44+RCV_RCY!F44+IMP!F44-EXP!F44+STK_CHG!F44 -> 58.861221 | G44: =PPRD!G44+RCV_RCY!G44+IMP!G44-EXP!G44+STK_CHG!G44 -> 53.071625 | H44: =PPRD!H44+RCV_RCY!H44+IMP!H44-EXP!H44+STK_CHG!H44 -> 71.405331 | I44: =PPRD!I44+RCV_RCY!I44+IMP!I44-EXP!I44+STK_CHG!I44 -> 79.124936 | J44: =PPRD!J44+RCV_RCY!J44+IMP!J44-EXP!J44+STK_CHG!J44 -> 66.879364 | ... X44: =PPRD!X44+RCV_RCY!X44+IMP!X44-EXP!X44+STK_CHG!X44 -> 73.63534
A45: White spirit and special boiling point industrial spirits | B45: O4691 | C45: =PPRD!C45+RCV_RCY!C45+IMP!C45-EXP!C45+STK_CHG!C45 -> 0.96018917 | D45: =PPRD!D45+RCV_RCY!D45+IMP!D45-EXP!D45+STK_CHG!D45 -> 4.8007739 | E45: =PPRD!E45+RCV_RCY!E45+IMP!E45-EXP!E45+STK_CHG!E45 -> 3.8405847 | F45: =PPRD!F45+RCV_RCY!F45+IMP!F45-EXP!F45+STK_CHG!F45 -> 5.760963 | G45: =PPRD!G45+RCV_RCY!G45+IMP!G45-EXP!G45+STK_CHG!G45 -> 7.6812554 | H45: =PPRD!H45+RCV_RCY!H45+IMP!H45-EXP!H45+STK_CHG!H45 -> 4.8007739 | I45: =PPRD!I45+RCV_RCY!I45+IMP!I45-EXP!I45+STK_CHG!I45 -> 2.8804815 | J45: =PPRD!J45+RCV_RCY!J45+IMP!J45-EXP!J45+STK_CHG!J45 -> 3.0961307 | ... X45: =PPRD!X45+RCV_RCY!X45+IMP!X45-EXP!X45+STK_CHG!X45 -> 2.6606191
... A51: Natural gas | B51: G3000 | C51: =PPRD!C51+RCV_RCY!C51+IMP!C51-EXP!C51+STK_CHG!C51 -> 825.5804 | D51: =PPRD!D51+RCV_RCY!D51+IMP!D51-EXP!D51+STK_CHG!D51 -> 849.93551 | E51: =PPRD!E51+RCV_RCY!E51+IMP!E51-EXP!E51+STK_CHG!E51 -> 819.81943 | F51: =PPRD!F51+RCV_RCY!F51+IMP!F51-EXP!F51+STK_CHG!F51 -> 906.72829 | G51: =PPRD!G51+RCV_RCY!G51+IMP!G51-EXP!G51+STK_CHG!G51 -> 898.73173 | H51: =PPRD!H51+RCV_RCY!H51+IMP!H51-EXP!H51+STK_CHG!H51 -> 928.82631 | I51: =PPRD!I51+RCV_RCY!I51+IMP!I51-EXP!I51+STK_CHG!I51 -> 899.24764 | J51: =PPRD!J51+RCV_RCY!J51+IMP!J51-EXP!J51+STK_CHG!J51 -> 914.18745 | ... X51: =PPRD!X51+RCV_RCY!X51+IMP!X51-EXP!X51+STK_CHG!X51 -> 775.18203
A52: Renewables and biofuels | B52: RA000 | C52: =SUM(C53:C70) -> 901.03328 | D52: =SUM(D53:D70) -> 982.68091 | E52: =SUM(E53:E70) -> 836.04635 | F52: =SUM(F53:F70) -> 867.25658 | G52: =SUM(G53:G70) -> 959.84686 | H52: =SUM(H53:H70) -> 1014.6249 | I52: =SUM(I53:I70) -> 948.06526 | J52: =SUM(J53:J70) -> 992.6031 | ... X52: =SUM(X53:X70) -> 1258.3828
A53: Hydro | B53: RA100 | C53: =PPRD!C53+RCV_RCY!C53+IMP!C53-EXP!C53+STK_CHG!C53 -> 329.72666 | D53: =PPRD!D53+RCV_RCY!D53+IMP!D53-EXP!D53+STK_CHG!D53 -> 326.37472 | E53: =PPRD!E53+RCV_RCY!E53+IMP!E53-EXP!E53+STK_CHG!E53 -> 284.82923 | F53: =PPRD!F53+RCV_RCY!F53+IMP!F53-EXP!F53+STK_CHG!F53 -> 254.28074 | G53: =PPRD!G53+RCV_RCY!G53+IMP!G53-EXP!G53+STK_CHG!G53 -> 352.03164 | H53: =PPRD!H53+RCV_RCY!H53+IMP!H53-EXP!H53+STK_CHG!H53 -> 297.58942 | I53: =PPRD!I53+RCV_RCY!I53+IMP!I53-EXP!I53+STK_CHG!I53 -> 308.76328 | J53: =PPRD!J53+RCV_RCY!J53+IMP!J53-EXP!J53+STK_CHG!J53 -> 280.82339 | ... X53: =PPRD!X53+RCV_RCY!X53+IMP!X53-EXP!X53+STK_CHG!X53 -> 405.20301
A54: Tide, wave, ocean | B54: RA500 | C54: =PPRD!C54+RCV_RCY!C54+IMP!C54-EXP!C54+STK_CHG!C54 -> 0 | D54: =PPRD!D54+RCV_RCY!D54+IMP!D54-EXP!D54+STK_CHG!D54 -> 0 | E54: =PPRD!E54+RCV_RCY!E54+IMP!E54-EXP!E54+STK_CHG!E54 -> 0 | F54: =PPRD!F54+RCV_RCY!F54+IMP!F54-EXP!F54+STK_CHG!F54 -> 0 | G54: =PPRD!G54+RCV_RCY!G54+IMP!G54-EXP!G54+STK_CHG!G54 -> 0 | H54: =PPRD!H54+RCV_RCY!H54+IMP!H54-EXP!H54+STK_CHG!H54 -> 0 | I54: =PPRD!I54+RCV_RCY!I54+IMP!I54-EXP!I54+STK_CHG!I54 -> 0 | J54: =PPRD!J54+RCV_RCY!J54+IMP!J54-EXP!J54+STK_CHG!J54 -> 0 | ... X54: =PPRD!X54+RCV_RCY!X54+IMP!X54-EXP!X54+STK_CHG!X54 -> 0
A55: Wind | B55: RA300 | C55: =PPRD!C55+RCV_RCY!C55+IMP!C55-EXP!C55+STK_CHG!C55 -> 0 | D55: =PPRD!D55+RCV_RCY!D55+IMP!D55-EXP!D55+STK_CHG!D55 -> 0 | E55: =PPRD!E55+RCV_RCY!E55+IMP!E55-EXP!E55+STK_CHG!E55 -> 0 | F55: =PPRD!F55+RCV_RCY!F55+IMP!F55-EXP!F55+STK_CHG!F55 -> 0 | G55: =PPRD!G55+RCV_RCY!G55+IMP!G55-EXP!G55+STK_CHG!G55 -> 0 | H55: =PPRD!H55+RCV_RCY!H55+IMP!H55-EXP!H55+STK_CHG!H55 -> 0 | I55: =PPRD!I55+RCV_RCY!I55+IMP!I55-EXP!I55+STK_CHG!I55 -> 0 | J55: =PPRD!J55+RCV_RCY!J55+IMP!J55-EXP!J55+STK_CHG!J55 -> 0 | ... X55: =PPRD!X55+RCV_RCY!X55+IMP!X55-EXP!X55+STK_CHG!X55 -> 0.48091144
A56: Solar photovoltaic | B56: RA420 | C56: =PPRD!C56+RCV_RCY!C56+IMP!C56-EXP!C56+STK_CHG!C56 -> 0 | D56: =PPRD!D56+RCV_RCY!D56+IMP!D56-EXP!D56+STK_CHG!D56 -> 0 | E56: =PPRD!E56+RCV_RCY!E56+IMP!E56-EXP!E56+STK_CHG!E56 -> 8.5984523e-05 | F56: =PPRD!F56+RCV_RCY!F56+IMP!F56-EXP!F56+STK_CHG!F56 -> 8.5984523e-05 | G56: =PPRD!G56+RCV_RCY!G56+IMP!G56-EXP!G56+STK_CHG!G56 -> 0.00017196905 | H56: =PPRD!H56+RCV_RCY!H56+IMP!H56-EXP!H56+STK_CHG!H56 -> 0.0030094583 | I56: =PPRD!I56+RCV_RCY!I56+IMP!I56-EXP!I56+STK_CHG!I56 -> 0.012295787 | J56: =PPRD!J56+RCV_RCY!J56+IMP!J56-EXP!J56+STK_CHG!J56 -> 0.037145314 | ... X56: =PPRD!X56+RCV_RCY!X56+IMP!X56-EXP!X56+STK_CHG!X56 -> 38.960705
A57: Solar thermal | B57: RA410 | C57: =PPRD!C57+RCV_RCY!C57+IMP!C57-EXP!C57+STK_CHG!C57 -> 4.6575236 | D57: =PPRD!D57+RCV_RCY!D57+IMP!D57-EXP!D57+STK_CHG!D57 -> 4.7291488 | E57: =PPRD!E57+RCV_RCY!E57+IMP!E57-EXP!E57+STK_CHG!E57 -> 4.7769561 | F57: =PPRD!F57+RCV_RCY!F57+IMP!F57-EXP!F57+STK_CHG!F57 -> 4.6813414 | G57: =PPRD!G57+RCV_RCY!G57+IMP!G57-EXP!G57+STK_CHG!G57 -> 4.6813414 | H57: =PPRD!H57+RCV_RCY!H57+IMP!H57-EXP!H57+STK_CHG!H57 -> 4.9202064 | I57: =PPRD!I57+RCV_RCY!I57+IMP!I57-EXP!I57+STK_CHG!I57 -> 5.2785039 | J57: =PPRD!J57+RCV_RCY!J57+IMP!J57-EXP!J57+STK_CHG!J57 -> 5.8039553 | ... X57: =PPRD!X57+RCV_RCY!X57+IMP!X57-EXP!X57+STK_CHG!X57 -> 10.167584
A58: Geothermal | B58: RA200 | C58: =PPRD!C58+RCV_RCY!C58+IMP!C58-EXP!C58+STK_CHG!C58 -> 0 | D58: =PPRD!D58+RCV_RCY!D58+IMP!D58-EXP!D58+STK_CHG!D58 -> 0 | E58: =PPRD!E58+RCV_RCY!E58+IMP!E58-EXP!E58+STK_CHG!E58 -> 0 | F58: =PPRD!F58+RCV_RCY!F58+IMP!F58-EXP!F58+STK_CHG!F58 -> 0 | G58: =PPRD!G58+RCV_RCY!G58+IMP!G58-EXP!G58+STK_CHG!G58 -> 0 | H58: =PPRD!H58+RCV_RCY!H58+IMP!H58-EXP!H58+STK_CHG!H58 -> 0 | I58: =PPRD!I58+RCV_RCY!I58+IMP!I58-EXP!I58+STK_CHG!I58 -> 0 | J58: =PPRD!J58+RCV_RCY!J58+IMP!J58-EXP!J58+STK_CHG!J58 -> 0 | ... X58: =PPRD!X58+RCV_RCY!X58+IMP!X58-EXP!X58+STK_CHG!X58 -> 11.822614
A59: Primary solid biofuels | B59: R5110-5150_W6000RI | C59: =PPRD!C59+RCV_RCY!C59+IMP!C59-EXP!C59+STK_CHG!C59 -> 562.36268 | D59: =PPRD!D59+RCV_RCY!D59+IMP!D59-EXP!D59+STK_CHG!D59 -> 646.48418 | E59: =PPRD!E59+RCV_RCY!E59+IMP!E59-EXP!E59+STK_CHG!E59 -> 540.62769 | F59: =PPRD!F59+RCV_RCY!F59+IMP!F59-EXP!F59+STK_CHG!F59 -> 601.48564 | G59: =PPRD!G59+RCV_RCY!G59+IMP!G59-EXP!G59+STK_CHG!G59 -> 594.89347 | H59: =PPRD!H59+RCV_RCY!H59+IMP!H59-EXP!H59+STK_CHG!H59 -> 702.94738 | I59: =PPRD!I59+RCV_RCY!I59+IMP!I59-EXP!I59+STK_CHG!I59 -> 618.08538 | J59: =PPRD!J59+RCV_RCY!J59+IMP!J59-EXP!J59+STK_CHG!J59 -> 676.24437 | ... X59: =PPRD!X59+RCV_RCY!X59+IMP!X59-EXP!X59+STK_CHG!X59 -> 603.95374
A60: Charcoal | B60: R5160 | C60: =PPRD!C60+RCV_RCY!C60+IMP!C60-EXP!C60+STK_CHG!C60 -> 0 | D60: =PPRD!D60+RCV_RCY!D60+IMP!D60-EXP!D60+STK_CHG!D60 -> 0 | E60: =PPRD!E60+RCV_RCY!E60+IMP!E60-EXP!E60+STK_CHG!E60 -> 0 | F60: =PPRD!F60+RCV_RCY!F60+IMP!F60-EXP!F60+STK_CHG!F60 -> 0 | G60: =PPRD!G60+RCV_RCY!G60+IMP!G60-EXP!G60+STK_CHG!G60 -> 0 | H60: =PPRD!H60+RCV_RCY!H60+IMP!H60-EXP!H60+STK_CHG!H60 -> 0 | I60: =PPRD!I60+RCV_RCY!I60+IMP!I60-EXP!I60+STK_CHG!I60 -> 0 | J60: =PPRD!J60+RCV_RCY!J60+IMP!J60-EXP!J60+STK_CHG!J60 -> 0 | ... X60: =PPRD!X60+RCV_RCY!X60+IMP!X60-EXP!X60+STK_CHG!X60 -> 0
A61: Biogases | B61: R5300 | C61: =PPRD!C61+RCV_RCY!C61+IMP!C61-EXP!C61+STK_CHG!C61 -> 3.6304385 | D61: =PPRD!D61+RCV_RCY!D61+IMP!D61-EXP!D61+STK_CHG!D61 -> 4.3470335 | E61: =PPRD!E61+RCV_RCY!E61+IMP!E61-EXP!E61+STK_CHG!E61 -> 5.0157352 | F61: =PPRD!F61+RCV_RCY!F61+IMP!F61-EXP!F61+STK_CHG!F61 -> 5.7323302 | G61: =PPRD!G61+RCV_RCY!G61+IMP!G61-EXP!G61+STK_CHG!G61 -> 6.6398968 | H61: =PPRD!H61+RCV_RCY!H61+IMP!H61-EXP!H61+STK_CHG!H61 -> 6.783233 | I61: =PPRD!I61+RCV_RCY!I61+IMP!I61-EXP!I61+STK_CHG!I61 -> 8.4312984 | J61: =PPRD!J61+RCV_RCY!J61+IMP!J61-EXP!J61+STK_CHG!J61 -> 11.918401 | ... X61: =PPRD!X61+RCV_RCY!X61+IMP!X61-EXP!X61+STK_CHG!X61 -> 24.941874
A62: Renewable municipal waste | B62: W6210 | C62: =PPRD!C62+RCV_RCY!C62+IMP!C62-EXP!C62+STK_CHG!C62 -> 0 | D62: =PPRD!D62+RCV_RCY!D62+IMP!D62-EXP!D62+STK_CHG!D62 -> 0 | E62: =PPRD!E62+RCV_RCY!E62+IMP!E62-EXP!E62+STK_CHG!E62 -> 0 | F62: =PPRD!F62+RCV_RCY!F62+IMP!F62-EXP!F62+STK_CHG!F62 -> 0 | G62: =PPRD!G62+RCV_RCY!G62+IMP!G62-EXP!G62+STK_CHG!G62 -> 0 | H62: =PPRD!H62+RCV_RCY!H62+IMP!H62-EXP!H62+STK_CHG!H62 -> 0 | I62: =PPRD!I62+RCV_RCY!I62+IMP!I62-EXP!I62+STK_CHG!I62 -> 0 | J62: =PPRD!J62+RCV_RCY!J62+IMP!J62-EXP!J62+STK_CHG!J62 -> 0 | ... X62: =PPRD!X62+RCV_RCY!X62+IMP!X62-EXP!X62+STK_CHG!X62 -> 0
A63: Pure biogasoline | B63: R5210P | C63: =PPRD!C63+RCV_RCY!C63+IMP!C63-EXP!C63+STK_CHG!C63 -> 0 | D63: =PPRD!D63+RCV_RCY!D63+IMP!D63-EXP!D63+STK_CHG!D63 -> 0 | E63: =PPRD!E63+RCV_RCY!E63+IMP!E63-EXP!E63+STK_CHG!E63 -> 0 | F63: =PPRD!F63+RCV_RCY!F63+IMP!F63-EXP!F63+STK_CHG!F63 -> 0 | G63: =PPRD!G63+RCV_RCY!G63+IMP!G63-EXP!G63+STK_CHG!G63 -> 0 | H63: =PPRD!H63+RCV_RCY!H63+IMP!H63-EXP!H63+STK_CHG!H63 -> 0 | I63: =PPRD!I63+RCV_RCY!I63+IMP!I63-EXP!I63+STK_CHG!I63 -> 0 | J63: =PPRD!J63+RCV_RCY!J63+IMP!J63-EXP!J63+STK_CHG!J63 -> 0 | ... X63: =PPRD!X63+RCV_RCY!X63+IMP!X63-EXP!X63+STK_CHG!X63 -> 0
A64: Blended biogasoline | B64: R5210B | C64: =PPRD!C64+RCV_RCY!C64+IMP!C64-EXP!C64+STK_CHG!C64 -> 0 | D64: =PPRD!D64+RCV_RCY!D64+IMP!D64-EXP!D64+STK_CHG!D64 -> 0 | E64: =PPRD!E64+RCV_RCY!E64+IMP!E64-EXP!E64+STK_CHG!E64 -> 0 | F64: =PPRD!F64+RCV_RCY!F64+IMP!F64-EXP!F64+STK_CHG!F64 -> 0 | G64: =PPRD!G64+RCV_RCY!G64+IMP!G64-EXP!G64+STK_CHG!G64 -> 0 | H64: =PPRD!H64+RCV_RCY!H64+IMP!H64-EXP!H64+STK_CHG!H64 -> 0 | I64: =PPRD!I64+RCV_RCY!I64+IMP!I64-EXP!I64+STK_CHG!I64 -> 0 | J64: =PPRD!J64+RCV_RCY!J64+IMP!J64-EXP!J64+STK_CHG!J64 -> 0.63697334 | ... X64: =PPRD!X64+RCV_RCY!X64+IMP!X64-EXP!X64+STK_CHG!X64 -> 8.5823732
... A70: Ambient heat (heat pumps) | B70: RA600 | C70: =PPRD!C70+RCV_RCY!C70+IMP!C70-EXP!C70+STK_CHG!C70 -> 0.65597592 | D70: =PPRD!D70+RCV_RCY!D70+IMP!D70-EXP!D70+STK_CHG!D70 -> 0.74582975 | E70: =PPRD!E70+RCV_RCY!E70+IMP!E70-EXP!E70+STK_CHG!E70 -> 0.7966466 | F70: =PPRD!F70+RCV_RCY!F70+IMP!F70-EXP!F70+STK_CHG!F70 -> 1.0764402 | G70: =PPRD!G70+RCV_RCY!G70+IMP!G70-EXP!G70+STK_CHG!G70 -> 1.6003439 | H70: =PPRD!H70+RCV_RCY!H70+IMP!H70-EXP!H70+STK_CHG!H70 -> 2.3816853 | I70: =PPRD!I70+RCV_RCY!I70+IMP!I70-EXP!I70+STK_CHG!I70 -> 3.0877042 | J70: =PPRD!J70+RCV_RCY!J70+IMP!J70-EXP!J70+STK_CHG!J70 -> 3.9187446 | ... X70: =PPRD!X70+RCV_RCY!X70+IMP!X70-EXP!X70+STK_CHG!X70 -> 58.332674
A71: Non-renewable waste | B71: W6100_6220 | C71: =SUM(C72:C73) -> 0.33439381 | D71: =SUM(D72:D73) -> 0.19105761 | E71: =SUM(E72:E73) -> 0.071625107 | F71: =SUM(F72:F73) -> 5.6128977 | G71: =SUM(G72:G73) -> 8.9567498 | H71: =SUM(H72:H73) -> 10.724162 | I71: =SUM(I72:I73) -> 13.088736 | J71: =SUM(J72:J73) -> 10.748065 | ... X71: =SUM(X72:X73) -> 54.732932
A72: Industrial waste (non-renewable) | B72: W6100 | C72: =PPRD!C72+RCV_RCY!C72+IMP!C72-EXP!C72+STK_CHG!C72 -> 0.33439381 | D72: =PPRD!D72+RCV_RCY!D72+IMP!D72-EXP!D72+STK_CHG!D72 -> 0.19105761 | E72: =PPRD!E72+RCV_RCY!E72+IMP!E72-EXP!E72+STK_CHG!E72 -> 0.071625107 | F72: =PPRD!F72+RCV_RCY!F72+IMP!F72-EXP!F72+STK_CHG!F72 -> 5.6128977 | G72: =PPRD!G72+RCV_RCY!G72+IMP!G72-EXP!G72+STK_CHG!G72 -> 8.9567498 | H72: =PPRD!H72+RCV_RCY!H72+IMP!H72-EXP!H72+STK_CHG!H72 -> 10.724162 | I72: =PPRD!I72+RCV_RCY!I72+IMP!I72-EXP!I72+STK_CHG!I72 -> 13.088736 | J72: =PPRD!J72+RCV_RCY!J72+IMP!J72-EXP!J72+STK_CHG!J72 -> 10.748065 | ... X72: =PPRD!X72+RCV_RCY!X72+IMP!X72-EXP!X72+STK_CHG!X72 -> 54.732932
A73: Non-renewable municipal waste | B73: W6220 | C73: =PPRD!C73+RCV_RCY!C73+IMP!C73-EXP!C73+STK_CHG!C73 -> 0 | D73: =PPRD!D73+RCV_RCY!D73+IMP!D73-EXP!D73+STK_CHG!D73 -> 0 | E73: =PPRD!E73+RCV_RCY!E73+IMP!E73-EXP!E73+STK_CHG!E73 -> 0 | F73: =PPRD!F73+RCV_RCY!F73+IMP!F73-EXP!F73+STK_CHG!F73 -> 0 | G73: =PPRD!G73+RCV_RCY!G73+IMP!G73-EXP!G73+STK_CHG!G73 -> 0 | H73: =PPRD!H73+RCV_RCY!H73+IMP!H73-EXP!H73+STK_CHG!H73 -> 0 | I73: =PPRD!I73+RCV_RCY!I73+IMP!I73-EXP!I73+STK_CHG!I73 -> 0 | J73: =PPRD!J73+RCV_RCY!J73+IMP!J73-EXP!J73+STK_CHG!J73 -> 0 | ... X73: =PPRD!X73+RCV_RCY!X73+IMP!X73-EXP!X73+STK_CHG!X73 -> 0
A74: Nuclear heat | B74: N900H | C74: =PPRD!C74+RCV_RCY!C74+IMP!C74-EXP!C74+STK_CHG!C74 -> 1228.1169 | D74: =PPRD!D74+RCV_RCY!D74+IMP!D74-EXP!D74+STK_CHG!D74 -> 1356.0619 | E74: =PPRD!E74+RCV_RCY!E74+IMP!E74-EXP!E74+STK_CHG!E74 -> 1425.9673 | F74: =PPRD!F74+RCV_RCY!F74+IMP!F74-EXP!F74+STK_CHG!F74 -> 1343.1642 | G74: =PPRD!G74+RCV_RCY!G74+IMP!G74-EXP!G74+STK_CHG!G74 -> 1408.1685 | H74: =PPRD!H74+RCV_RCY!H74+IMP!H74-EXP!H74+STK_CHG!H74 -> 1517.7988 | I74: =PPRD!I74+RCV_RCY!I74+IMP!I74-EXP!I74+STK_CHG!I74 -> 1431.1264 | J74: =PPRD!J74+RCV_RCY!J74+IMP!J74-EXP!J74+STK_CHG!J74 -> 1469.0456 | ... X74: =PPRD!X74+RCV_RCY!X74+IMP!X74-EXP!X74+STK_CHG!X74 -> 1352.4431
A75: Heat | B75: H8000 | C75: =PPRD!C75+RCV_RCY!C75+IMP!C75-EXP!C75+STK_CHG!C75 -> 0 | D75: =PPRD!D75+RCV_RCY!D75+IMP!D75-EXP!D75+STK_CHG!D75 -> 0 | E75: =PPRD!E75+RCV_RCY!E75+IMP!E75-EXP!E75+STK_CHG!E75 -> 0 | F75: =PPRD!F75+RCV_RCY!F75+IMP!F75-EXP!F75+STK_CHG!F75 -> 0 | G75: =PPRD!G75+RCV_RCY!G75+IMP!G75-EXP!G75+STK_CHG!G75 -> 0 | H75: =PPRD!H75+RCV_RCY!H75+IMP!H75-EXP!H75+STK_CHG!H75 -> 0 | I75: =PPRD!I75+RCV_RCY!I75+IMP!I75-EXP!I75+STK_CHG!I75 -> 0 | J75: =PPRD!J75+RCV_RCY!J75+IMP!J75-EXP!J75+STK_CHG!J75 -> 0 | ... X75: =PPRD!X75+RCV_RCY!X75+IMP!X75-EXP!X75+STK_CHG!X75 -> 0
A76: Electricity | B76: E7000 | C76: =PPRD!C76+RCV_RCY!C76+IMP!C76-EXP!C76+STK_CHG!C76 -> -113.58555 | D76: =PPRD!D76+RCV_RCY!D76+IMP!D76-EXP!D76+STK_CHG!D76 -> -152.36457 | E76: =PPRD!E76+RCV_RCY!E76+IMP!E76-EXP!E76+STK_CHG!E76 -> -97.506449 | F76: =PPRD!F76+RCV_RCY!F76+IMP!F76-EXP!F76+STK_CHG!F76 -> 14.101462 | G76: =PPRD!G76+RCV_RCY!G76+IMP!G76-EXP!G76+STK_CHG!G76 -> -65.004299 | H76: =PPRD!H76+RCV_RCY!H76+IMP!H76-EXP!H76+STK_CHG!H76 -> -27.94497 | I76: =PPRD!I76+RCV_RCY!I76+IMP!I76-EXP!I76+STK_CHG!I76 -> 3.783319 | J76: =PPRD!J76+RCV_RCY!J76+IMP!J76-EXP!J76+STK_CHG!J76 -> 19.690456 | ... X76: =PPRD!X76+RCV_RCY!X76+IMP!X76-EXP!X76+STK_CHG!X76 -> -23.251849

Sheet INTMARB
A1: International maritime bunkers | B1: INTMARB | C1: 2000 | D1: 2001 | E1: 2002 | F1: 2003 | G1: 2004 | H1: 2005 | I1: 2006 | J1: 2007 | K1: 2008 | L1: 2009 | M1: 2010 | N1: 2011 | O1: 2012 | P1: 2013 | Q1: 2014 | R1: 2015 | S1: 2016 | T1: 2017 | U1: 2018 | V1: 2019 | W1: 2020 | X1: 2021
A2: Total | B2: TOTAL | C2: =SUM(C3,C17,C22,C25,C26,C51,C52,C71,C74,C75,C76) -> 0 | D2: =SUM(D3,D17,D22,D25,D26,D51,D52,D71,D74,D75,D76) -> 0 | E2: =SUM(E3,E17,E22,E25,E26,E51,E52,E71,E74,E75,E76) -> 0 | F2: =SUM(F3,F17,F22,F25,F26,F51,F52,F71,F74,F75,F76) -> 0 | G2: =SUM(G3,G17,G22,G25,G26,G51,G52,G71,G74,G75,G76) -> 0 | H2: =SUM(H3,H17,H22,H25,H26,H51,H52,H71,H74,H75,H76) -> 21.228633 | I2: =SUM(I3,I17,I22,I25,I26,I51,I52,I71,I74,I75,I76) -> 28.948151 | J2: =SUM(J3,J17,J22,J25,J26,J51,J52,J71,J74,J75,J76) -> 48.192433 | ... X2: =SUM(X3,X17,X22,X25,X26,X51,X52,X71,X74,X75,X76) -> 85.820722
A3: Solid fossil fuels | B3: C0000X0350-0370 | C3: =SUM(C4,C8,C11) -> 0 | D3: =SUM(D4,D8,D11) -> 0 | E3: =SUM(E4,E8,E11) -> 0 | F3: =SUM(F4,F8,F11) -> 0 | G3: =SUM(G4,G8,G11) -> 0 | H3: =SUM(H4,H8,H11) -> 0 | I3: =SUM(I4,I8,I11) -> 0 | J3: =SUM(J4,J8,J11) -> 0 | ... X3: =SUM(X4,X8,X11) -> 0
A4: Hard coal | B4: C0100 | C4: =SUM(C5:C7) -> 0 | D4: =SUM(D5:D7) -> 0 | E4: =SUM(E5:E7) -> 0 | F4: =SUM(F5:F7) -> 0 | G4: =SUM(G5:G7) -> 0 | H4: =SUM(H5:H7) -> 0 | I4: =SUM(I5:I7) -> 0 | J4: =SUM(J5:J7) -> 0 | ... X4: =SUM(X5:X7) -> 0
A5: Anthracite | B5: C0110 | C5: =INTMARB_IN!C5+INTMARB_EX!C5 -> 0 | D5: =INTMARB_IN!D5+INTMARB_EX!D5 -> 0 | E5: =INTMARB_IN!E5+INTMARB_EX!E5 -> 0 | F5: =INTMARB_IN!F5+INTMARB_EX!F5 -> 0 | G5: =INTMARB_IN!G5+INTMARB_EX!G5 -> 0 | H5: =INTMARB_IN!H5+INTMARB_EX!H5 -> 0 | I5: =INTMARB_IN!I5+INTMARB_EX!I5 -> 0 | J5: =INTMARB_IN!J5+INTMARB_EX!J5 -> 0 | ... X5: =INTMARB_IN!X5+INTMARB_EX!X5 -> 0
A6: Coking coal | B6: C0121 | C6: =INTMARB_IN!C6+INTMARB_EX!C6 -> 0 | D6: =INTMARB_IN!D6+INTMARB_EX!D6 -> 0 | E6: =INTMARB_IN!E6+INTMARB_EX!E6 -> 0 | F6: =INTMARB_IN!F6+INTMARB_EX!F6 -> 0 | G6: =INTMARB_IN!G6+INTMARB_EX!G6 -> 0 | H6: =INTMARB_IN!H6+INTMARB_EX!H6 -> 0 | I6: =INTMARB_IN!I6+INTMARB_EX!I6 -> 0 | J6: =INTMARB_IN!J6+INTMARB_EX!J6 -> 0 | ... X6: =INTMARB_IN!X6+INTMARB_EX!X6 -> 0
A7: Other bituminous coal | B7: C0129 | C7: =INTMARB_IN!C7+INTMARB_EX!C7 -> 0 | D7: =INTMARB_IN!D7+INTMARB_EX!D7 -> 0 | E7: =INTMARB_IN!E7+INTMARB_EX!E7 -> 0 | F7: =INTMARB_IN!F7+INTMARB_EX!F7 -> 0 | G7: =INTMARB_IN!G7+INTMARB_EX!G7 -> 0 | H7: =INTMARB_IN!H7+INTMARB_EX!H7 -> 0 | I7: =INTMARB_IN!I7+INTMARB_EX!I7 -> 0 | J7: =INTMARB_IN!J7+INTMARB_EX!J7 -> 0 | ... X7: =INTMARB_IN!X7+INTMARB_EX!X7 -> 0
A8: Brown coal | B8: C0200 | C8: =SUM(C9:C10) -> 0 | D8: =SUM(D9:D10) -> 0 | E8: =SUM(E9:E10) -> 0 | F8: =SUM(F9:F10) -> 0 | G8: =SUM(G9:G10) -> 0 | H8: =SUM(H9:H10) -> 0 | I8: =SUM(I9:I10) -> 0 | J8: =SUM(J9:J10) -> 0 | ... X8: =SUM(X9:X10) -> 0
A9: Sub-bituminous coal | B9: C0210 | C9: =INTMARB_IN!C9+INTMARB_EX!C9 -> 0 | D9: =INTMARB_IN!D9+INTMARB_EX!D9 -> 0 | E9: =INTMARB_IN!E9+INTMARB_EX!E9 -> 0 | F9: =INTMARB_IN!F9+INTMARB_EX!F9 -> 0 | G9: =INTMARB_IN!G9+INTMARB_EX!G9 -> 0 | H9: =INTMARB_IN!H9+INTMARB_EX!H9 -> 0 | I9: =INTMARB_IN!I9+INTMARB_EX!I9 -> 0 | J9: =INTMARB_IN!J9+INTMARB_EX!J9 -> 0 | ... X9: =INTMARB_IN!X9+INTMARB_EX!X9 -> 0
A10: Lignite | B10: C0220 | C10: =INTMARB_IN!C10+INTMARB_EX!C10 -> 0 | D10: =INTMARB_IN!D10+INTMARB_EX!D10 -> 0 | E10: =INTMARB_IN!E10+INTMARB_EX!E10 -> 0 | F10: =INTMARB_IN!F10+INTMARB_EX!F10 -> 0 | G10: =INTMARB_IN!G10+INTMARB_EX!G10 -> 0 | H10: =INTMARB_IN!H10+INTMARB_EX!H10 -> 0 | I10: =INTMARB_IN!I10+INTMARB_EX!I10 -> 0 | J10: =INTMARB_IN!J10+INTMARB_EX!J10 -> 0 | ... X10: =INTMARB_IN!X10+INTMARB_EX!X10 -> 0
A11: Coal products | B11: C0300 | C11: =SUM(C12:C16) -> 0 | D11: =SUM(D12:D16) -> 0 | E11: =SUM(E12:E16) -> 0 | F11: =SUM(F12:F16) -> 0 | G11: =SUM(G12:G16) -> 0 | H11: =SUM(H12:H16) -> 0 | I11: =SUM(I12:I16) -> 0 | J11: =SUM(J12:J16) -> 0 | ... X11: =SUM(X12:X16) -> 0
A12: Patent fuel | B12: C0320 | C12: =INTMARB_IN!C12+INTMARB_EX!C12 -> 0 | D12: =INTMARB_IN!D12+INTMARB_EX!D12 -> 0 | E12: =INTMARB_IN!E12+INTMARB_EX!E12 -> 0 | F12: =INTMARB_IN!F12+INTMARB_EX!F12 -> 0 | G12: =INTMARB_IN!G12+INTMARB_EX!G12 -> 0 | H12: =INTMARB_IN!H12+INTMARB_EX!H12 -> 0 | I12: =INTMARB_IN!I12+INTMARB_EX!I12 -> 0 | J12: =INTMARB_IN!J12+INTMARB_EX!J12 -> 0 | ... X12: =INTMARB_IN!X12+INTMARB_EX!X12 -> 0
A13: Coke oven coke | B13: C0311 | C13: =INTMARB_IN!C13+INTMARB_EX!C13 -> 0 | D13: =INTMARB_IN!D13+INTMARB_EX!D13 -> 0 | E13: =INTMARB_IN!E13+INTMARB_EX!E13 -> 0 | F13: =INTMARB_IN!F13+INTMARB_EX!F13 -> 0 | G13: =INTMARB_IN!G13+INTMARB_EX!G13 -> 0 | H13: =INTMARB_IN!H13+INTMARB_EX!H13 -> 0 | I13: =INTMARB_IN!I13+INTMARB_EX!I13 -> 0 | J13: =INTMARB_IN!J13+INTMARB_EX!J13 -> 0 | ... X13: =INTMARB_IN!X13+INTMARB_EX!X13 -> 0
A14: Gas coke | B14: C0312 | C14: =INTMARB_IN!C14+INTMARB_EX!C14 -> 0 | D14: =INTMARB_IN!D14+INTMARB_EX!D14 -> 0 | E14: =INTMARB_IN!E14+INTMARB_EX!E14 -> 0 | F14: =INTMARB_IN!F14+INTMARB_EX!F14 -> 0 | G14: =INTMARB_IN!G14+INTMARB_EX!G14 -> 0 | H14: =INTMARB_IN!H14+INTMARB_EX!H14 -> 0 | I14: =INTMARB_IN!I14+INTMARB_EX!I14 -> 0 | J14: =INTMARB_IN!J14+INTMARB_EX!J14 -> 0 | ... X14: =INTMARB_IN!X14+INTMARB_EX!X14 -> 0
A15: Coal tar | B15: C0340 | C15: =INTMARB_IN!C15+INTMARB_EX!C15 -> 0 | D15: =INTMARB_IN!D15+INTMARB_EX!D15 -> 0 | E15: =INTMARB_IN!E15+INTMARB_EX!E15 -> 0 | F15: =INTMARB_IN!F15+INTMARB_EX!F15 -> 0 | G15: =INTMARB_IN!G15+INTMARB_EX!G15 -> 0 | H15: =INTMARB_IN!H15+INTMARB_EX!H15 -> 0 | I15: =INTMARB_IN!I15+INTMARB_EX!I15 -> 0 | J15: =INTMARB_IN!J15+INTMARB_EX!J15 -> 0 | ... X15: =INTMARB_IN!X15+INTMARB_EX!X15 -> 0
A16: Brown coal briquettes | B16: C0330 | C16: =INTMARB_IN!C16+INTMARB_EX!C16 -> 0 | D16: =INTMARB_IN!D16+INTMARB_EX!D16 -> 0 | E16: =INTMARB_IN!E16+INTMARB_EX!E16 -> 0 | F16: =INTMARB_IN!F16+INTMARB_EX!F16 -> 0 | G16: =INTMARB_IN!G16+INTMARB_EX!G16 -> 0 | H16: =INTMARB_IN!H16+INTMARB_EX!H16 -> 0 | I16: =INTMARB_IN!I16+INTMARB_EX!I16 -> 0 | J16: =INTMARB_IN!J16+INTMARB_EX!J16 -> 0 | ... X16: =INTMARB_IN!X16+INTMARB_EX!X16 -> 0
A17: Manufactured gases | B17: C0350-0370 | C17: =SUM(C18:C21) -> 0 | D17: =SUM(D18:D21) -> 0 | E17: =SUM(E18:E21) -> 0 | F17: =SUM(F18:F21) -> 0 | G17: =SUM(G18:G21) -> 0 | H17: =SUM(H18:H21) -> 0 | I17: =SUM(I18:I21) -> 0 | J17: =SUM(J18:J21) -> 0 | ... X17: =SUM(X18:X21) -> 0
A18: Gas works gas | B18: C0360 | C18: =INTMARB_IN!C18+INTMARB_EX!C18 -> 0 | D18: =INTMARB_IN!D18+INTMARB_EX!D18 -> 0 | E18: =INTMARB_IN!E18+INTMARB_EX!E18 -> 0 | F18: =INTMARB_IN!F18+INTMARB_EX!F18 -> 0 | G18: =INTMARB_IN!G18+INTMARB_EX!G18 -> 0 | H18: =INTMARB_IN!H18+INTMARB_EX!H18 -> 0 | I18: =INTMARB_IN!I18+INTMARB_EX!I18 -> 0 | J18: =INTMARB_IN!J18+INTMARB_EX!J18 -> 0 | ... X18: =INTMARB_IN!X18+INTMARB_EX!X18 -> 0
A19: Coke oven gas | B19: C0350 | C19: =INTMARB_IN!C19+INTMARB_EX!C19 -> 0 | D19: =INTMARB_IN!D19+INTMARB_EX!D19 -> 0 | E19: =INTMARB_IN!E19+INTMARB_EX!E19 -> 0 | F19: =INTMARB_IN!F19+INTMARB_EX!F19 -> 0 | G19: =INTMARB_IN!G19+INTMARB_EX!G19 -> 0 | H19: =INTMARB_IN!H19+INTMARB_EX!H19 -> 0 | I19: =INTMARB_IN!I19+INTMARB_EX!I19 -> 0 | J19: =INTMARB_IN!J19+INTMARB_EX!J19 -> 0 | ... X19: =INTMARB_IN!X19+INTMARB_EX!X19 -> 0
A20: Blast furnace gas | B20: C0371 | C20: =INTMARB_IN!C20+INTMARB_EX!C20 -> 0 | D20: =INTMARB_IN!D20+INTMARB_EX!D20 -> 0 | E20: =INTMARB_IN!E20+INTMARB_EX!E20 -> 0 | F20: =INTMARB_IN!F20+INTMARB_EX!F20 -> 0 | G20: =INTMARB_IN!G20+INTMARB_EX!G20 -> 0 | H20: =INTMARB_IN!H20+INTMARB_EX!H20 -> 0 | I20: =INTMARB_IN!I20+INTMARB_EX!I20 -> 0 | J20: =INTMARB_IN!J20+INTMARB_EX!J20 -> 0 | ... X20: =INTMARB_IN!X20+INTMARB_EX!X20 -> 0
A21: Other recovered gases | B21: C0379 | C21: =INTMARB_IN!C21+INTMARB_EX!C21 -> 0 | D21: =INTMARB_IN!D21+INTMARB_EX!D21 -> 0 | E21: =INTMARB_IN!E21+INTMARB_EX!E21 -> 0 | F21: =INTMARB_IN!F21+INTMARB_EX!F21 -> 0 | G21: =INTMARB_IN!G21+INTMARB_EX!G21 -> 0 | H21: =INTMARB_IN!H21+INTMARB_EX!H21 -> 0 | I21: =INTMARB_IN!I21+INTMARB_EX!I21 -> 0 | J21: =INTMARB_IN!J21+INTMARB_EX!J21 -> 0 | ... X21: =INTMARB_IN!X21+INTMARB_EX!X21 -> 0
A22: Peat and peat products | B22: P1000 | C22: =SUM(C23:C24) -> 0 | D22: =SUM(D23:D24) -> 0 | E22: =SUM(E23:E24) -> 0 | F22: =SUM(F23:F24) -> 0 | G22: =SUM(G23:G24) -> 0 | H22: =SUM(H23:H24) -> 0 | I22: =SUM(I23:I24) -> 0 | J22: =SUM(J23:J24) -> 0 | ... X22: =SUM(X23:X24) -> 0
A23: Peat | B23: P1100 | C23: =INTMARB_IN!C23+INTMARB_EX!C23 -> 0 | D23: =INTMARB_IN!D23+INTMARB_EX!D23 -> 0 | E23: =INTMARB_IN!E23+INTMARB_EX!E23 -> 0 | F23: =INTMARB_IN!F23+INTMARB_EX!F23 -> 0 | G23: =INTMARB_IN!G23+INTMARB_EX!G23 -> 0 | H23: =INTMARB_IN!H23+INTMARB_EX!H23 -> 0 | I23: =INTMARB_IN!I23+INTMARB_EX!I23 -> 0 | J23: =INTMARB_IN!J23+INTMARB_EX!J23 -> 0 | ... X23: =INTMARB_IN!X23+INTMARB_EX!X23 -> 0
A24: Peat products | B24: P1200 | C24: =INTMARB_IN!C24+INTMARB_EX!C24 -> 0 | D24: =INTMARB_IN!D24+INTMARB_EX!D24 -> 0 | E24: =INTMARB_IN!E24+INTMARB_EX!E24 -> 0 | F24: =INTMARB_IN!F24+INTMARB_EX!F24 -> 0 | G24: =INTMARB_IN!G24+INTMARB_EX!G24 -> 0 | H24: =INTMARB_IN!H24+INTMARB_EX!H24 -> 0 | I24: =INTMARB_IN!I24+INTMARB_EX!I24 -> 0 | J24: =INTMARB_IN!J24+INTMARB_EX!J24 -> 0 | ... X24: =INTMARB_IN!X24+INTMARB_EX!X24 -> 0
A25: Oil shale and oil sands | B25: S2000 | C25: =INTMARB_IN!C25+INTMARB_EX!C25 -> 0 | D25: =INTMARB_IN!D25+INTMARB_EX!D25 -> 0 | E25: =INTMARB_IN!E25+INTMARB_EX!E25 -> 0 | F25: =INTMARB_IN!F25+INTMARB_EX!F25 -> 0 | G25: =INTMARB_IN!G25+INTMARB_EX!G25 -> 0 | H25: =INTMARB_IN!H25+INTMARB_EX!H25 -> 0 | I25: =INTMARB_IN!I25+INTMARB_EX!I25 -> 0 | J25: =INTMARB_IN!J25+INTMARB_EX!J25 -> 0 | ... X25: =INTMARB_IN!X25+INTMARB_EX!X25 -> 0
A26: Oil and petroleum products | B26: O4000XBIO | C26: =SUM(C27,C33) -> 0 | D26: =SUM(D27,D33) -> 0 | E26: =SUM(E27,E33) -> 0 | F26: =SUM(F27,F33) -> 0 | G26: =SUM(G27,G33) -> 0 | H26: =SUM(H27,H33) -> 21.228633 | I26: =SUM(I27,I33) -> 28.948151 | J26: =SUM(J27,J33) -> 48.192433 | ... X26: =SUM(X27,X33) -> 85.820722
A27: Crude oil, NGL, refinery feedstocks, additives and oxygenates and other hydrocarbons (excluding biofuel portion) | B27: O4100_TOT_4200-4500XBIO | C27: =SUM(C28:C32) -> 0 | D27: =SUM(D28:D32) -> 0 | E27: =SUM(E28:E32) -> 0 | F27: =SUM(F28:F32) -> 0 | G27: =SUM(G28:G32) -> 0 | H27: =SUM(H28:H32) -> 0 | I27: =SUM(I28:I32) -> 0 | J27: =SUM(J28:J32) -> 0 | ... X27: =SUM(X28:X32) -> 0
A28: Crude oil | B28: O4100_TOT | C28: =INTMARB_IN!C28+INTMARB_EX!C28 -> 0 | D28: =INTMARB_IN!D28+INTMARB_EX!D28 -> 0 | E28: =INTMARB_IN!E28+INTMARB_EX!E28 -> 0 | F28: =INTMARB_IN!F28+INTMARB_EX!F28 -> 0 | G28: =INTMARB_IN!G28+INTMARB_EX!G28 -> 0 | H28: =INTMARB_IN!H28+INTMARB_EX!H28 -> 0 | I28: =INTMARB_IN!I28+INTMARB_EX!I28 -> 0 | J28: =INTMARB_IN!J28+INTMARB_EX!J28 -> 0 | ... X28: =INTMARB_IN!X28+INTMARB_EX!X28 -> 0
A29: Natural gas liquids | B29: O4200 | C29: =INTMARB_IN!C29+INTMARB_EX!C29 -> 0 | D29: =INTMARB_IN!D29+INTMARB_EX!D29 -> 0 | E29: =INTMARB_IN!E29+INTMARB_EX!E29 -> 0 | F29: =INTMARB_IN!F29+INTMARB_EX!F29 -> 0 | G29: =INTMARB_IN!G29+INTMARB_EX!G29 -> 0 | H29: =INTMARB_IN!H29+INTMARB_EX!H29 -> 0 | I29: =INTMARB_IN!I29+INTMARB_EX!I29 -> 0 | J29: =INTMARB_IN!J29+INTMARB_EX!J29 -> 0 | ... X29: =INTMARB_IN!X29+INTMARB_EX!X29 -> 0
A30: Refinery feedstocks | B30: O4300 | C30: =INTMARB_IN!C30+INTMARB_EX!C30 -> 0 | D30: =INTMARB_IN!D30+INTMARB_EX!D30 -> 0 | E30: =INTMARB_IN!E30+INTMARB_EX!E30 -> 0 | F30: =INTMARB_IN!F30+INTMARB_EX!F30 -> 0 | G30: =INTMARB_IN!G30+INTMARB_EX!G30 -> 0 | H30: =INTMARB_IN!H30+INTMARB_EX!H30 -> 0 | I30: =INTMARB_IN!I30+INTMARB_EX!I30 -> 0 | J30: =INTMARB_IN!J30+INTMARB_EX!J30 -> 0 | ... X30: =INTMARB_IN!X30+INTMARB_EX!X30 -> 0
A31: Additives and oxygenates (excluding biofuel portion) | B31: O4400X4410 | C31: =INTMARB_IN!C31+INTMARB_EX!C31 -> 0 | D31: =INTMARB_IN!D31+INTMARB_EX!D31 -> 0 | E31: =INTMARB_IN!E31+INTMARB_EX!E31 -> 0 | F31: =INTMARB_IN!F31+INTMARB_EX!F31 -> 0 | G31: =INTMARB_IN!G31+INTMARB_EX!G31 -> 0 | H31: =INTMARB_IN!H31+INTMARB_EX!H31 -> 0 | I31: =INTMARB_IN!I31+INTMARB_EX!I31 -> 0 | J31: =INTMARB_IN!J31+INTMARB_EX!J31 -> 0 | ... X31: =INTMARB_IN!X31+INTMARB_EX!X31 -> 0
A32: Other hydrocarbons | B32: O4500 | C32: =INTMARB_IN!C32+INTMARB_EX!C32 -> 0 | D32: =INTMARB_IN!D32+INTMARB_EX!D32 -> 0 | E32: =INTMARB_IN!E32+INTMARB_EX!E32 -> 0 | F32: =INTMARB_IN!F32+INTMARB_EX!F32 -> 0 | G32: =INTMARB_IN!G32+INTMARB_EX!G32 -> 0 | H32: =INTMARB_IN!H32+INTMARB_EX!H32 -> 0 | I32: =INTMARB_IN!I32+INTMARB_EX!I32 -> 0 | J32: =INTMARB_IN!J32+INTMARB_EX!J32 -> 0 | ... X32: =INTMARB_IN!X32+INTMARB_EX!X32 -> 0
A33: Oil products (excluding biofuel portion) | B33: O4600XBIO | C33: =SUM(C34:C50) -> 0 | D33: =SUM(D34:D50) -> 0 | E33: =SUM(E34:E50) -> 0 | F33: =SUM(F34:F50) -> 0 | G33: =SUM(G34:G50) -> 0 | H33: =SUM(H34:H50) -> 21.228633 | I33: =SUM(I34:I50) -> 28.948151 | J33: =SUM(J34:J50) -> 48.192433 | ... X33: =SUM(X34:X50) -> 85.820722
A34: Refinery gas | B34: O4610 | C34: =INTMARB_IN!C34+INTMARB_EX!C34 -> 0 | D34: =INTMARB_IN!D34+INTMARB_EX!D34 -> 0 | E34: =INTMARB_IN!E34+INTMARB_EX!E34 -> 0 | F34: =INTMARB_IN!F34+INTMARB_EX!F34 -> 0 | G34: =INTMARB_IN!G34+INTMARB_EX!G34 -> 0 | H34: =INTMARB_IN!H34+INTMARB_EX!H34 -> 0 | I34: =INTMARB_IN!I34+INTMARB_EX!I34 -> 0 | J34: =INTMARB_IN!J34+INTMARB_EX!J34 -> 0 | ... X34: =INTMARB_IN!X34+INTMARB_EX!X34 -> 0
A35: Ethane | B35: O4620 | C35: =INTMARB_IN!C35+INTMARB_EX!C35 -> 0 | D35: =INTMARB_IN!D35+INTMARB_EX!D35 -> 0 | E35: =INTMARB_IN!E35+INTMARB_EX!E35 -> 0 | F35: =INTMARB_IN!F35+INTMARB_EX!F35 -> 0 | G35: =INTMARB_IN!G35+INTMARB_EX!G35 -> 0 | H35: =INTMARB_IN!H35+INTMARB_EX!H35 -> 0 | I35: =INTMARB_IN!I35+INTMARB_EX!I35 -> 0 | J35: =INTMARB_IN!J35+INTMARB_EX!J35 -> 0 | ... X35: =INTMARB_IN!X35+INTMARB_EX!X35 -> 0
A36: Liquefied petroleum gases | B36: O4630 | C36: =INTMARB_IN!C36+INTMARB_EX!C36 -> 0 | D36: =INTMARB_IN!D36+INTMARB_EX!D36 -> 0 | E36: =INTMARB_IN!E36+INTMARB_EX!E36 -> 0 | F36: =INTMARB_IN!F36+INTMARB_EX!F36 -> 0 | G36: =INTMARB_IN!G36+INTMARB_EX!G36 -> 0 | H36: =INTMARB_IN!H36+INTMARB_EX!H36 -> 0 | I36: =INTMARB_IN!I36+INTMARB_EX!I36 -> 0 | J36: =INTMARB_IN!J36+INTMARB_EX!J36 -> 0 | ... X36: =INTMARB_IN!X36+INTMARB_EX!X36 -> 0
A37: Motor gasoline (excluding biofuel portion) | B37: O4652XR5210B | C37: =INTMARB_IN!C37+INTMARB_EX!C37 -> 0 | D37: =INTMARB_IN!D37+INTMARB_EX!D37 -> 0 | E37: =INTMARB_IN!E37+INTMARB_EX!E37 -> 0 | F37: =INTMARB_IN!F37+INTMARB_EX!F37 -> 0 | G37: =INTMARB_IN!G37+INTMARB_EX!G37 -> 0 | H37: =INTMARB_IN!H37+INTMARB_EX!H37 -> 0 | I37: =INTMARB_IN!I37+INTMARB_EX!I37 -> 0 | J37: =INTMARB_IN!J37+INTMARB_EX!J37 -> 0 | ... X37: =INTMARB_IN!X37+INTMARB_EX!X37 -> 0
A38: Aviation gasoline | B38: O4651 | C38: =INTMARB_IN!C38+INTMARB_EX!C38 -> 0 | D38: =INTMARB_IN!D38+INTMARB_EX!D38 -> 0 | E38: =INTMARB_IN!E38+INTMARB_EX!E38 -> 0 | F38: =INTMARB_IN!F38+INTMARB_EX!F38 -> 0 | G38: =INTMARB_IN!G38+INTMARB_EX!G38 -> 0 | H38: =INTMARB_IN!H38+INTMARB_EX!H38 -> 0 | I38: =INTMARB_IN!I38+INTMARB_EX!I38 -> 0 | J38: =INTMARB_IN!J38+INTMARB_EX!J38 -> 0 | ... X38: =INTMARB_IN!X38+INTMARB_EX!X38 -> 0
A39: Gasoline-type jet fuel | B39: O4653 | C39: =INTMARB_IN!C39+INTMARB_EX!C39 -> 0 | D39: =INTMARB_IN!D39+INTMARB_EX!D39 -> 0 | E39: =INTMARB_IN!E39+INTMARB_EX!E39 -> 0 | F39: =INTMARB_IN!F39+INTMARB_EX!F39 -> 0 | G39: =INTMARB_IN!G39+INTMARB_EX!G39 -> 0 | H39: =INTMARB_IN!H39+INTMARB_EX!H39 -> 0 | I39: =INTMARB_IN!I39+INTMARB_EX!I39 -> 0 | J39: =INTMARB_IN!J39+INTMARB_EX!J39 -> 0 | ... X39: =INTMARB_IN!X39+INTMARB_EX!X39 -> 0
A40: Kerosene-type jet fuel (excluding biofuel portion) | B40: O4661XR5230B | C40: =INTMARB_IN!C40+INTMARB_EX!C40 -> 0 | D40: =INTMARB_IN!D40+INTMARB_EX!D40 -> 0 | E40: =INTMARB_IN!E40+INTMARB_EX!E40 -> 0 | F40: =INTMARB_IN!F40+INTMARB_EX!F40 -> 0 | G40: =INTMARB_IN!G40+INTMARB_EX!G40 -> 0 | H40: =INTMARB_IN!H40+INTMARB_EX!H40 -> 0 | I40: =INTMARB_IN!I40+INTMARB_EX!I40 -> 0 | J40: =INTMARB_IN!J40+INTMARB_EX!J40 -> 0 | ... X40: =INTMARB_IN!X40+INTMARB_EX!X40 -> 0
A41: Other kerosene | B41: O4669 | C41: =INTMARB_IN!C41+INTMARB_EX!C41 -> 0 | D41: =INTMARB_IN!D41+INTMARB_EX!D41 -> 0 | E41: =INTMARB_IN!E41+INTMARB_EX!E41 -> 0 | F41: =INTMARB_IN!F41+INTMARB_EX!F41 -> 0 | G41: =INTMARB_IN!G41+INTMARB_EX!G41 -> 0 | H41: =INTMARB_IN!H41+INTMARB_EX!H41 -> 0 | I41: =INTMARB_IN!I41+INTMARB_EX!I41 -> 0 | J41: =INTMARB_IN!J41+INTMARB_EX!J41 -> 0 | ... X41: =INTMARB_IN!X41+INTMARB_EX!X41 -> 0
A42: Naphtha | B42: O4640 | C42: =INTMARB_IN!C42+INTMARB_EX!C42 -> 0 | D42: =INTMARB_IN!D42+INTMARB_EX!D42 -> 0 | E42: =INTMARB_IN!E42+INTMARB_EX!E42 -> 0 | F42: =INTMARB_IN!F42+INTMARB_EX!F42 -> 0 | G42: =INTMARB_IN!G42+INTMARB_EX!G42 -> 0 | H42: =INTMARB_IN!H42+INTMARB_EX!H42 -> 0 | I42: =INTMARB_IN!I42+INTMARB_EX!I42 -> 0 | J42: =INTMARB_IN!J42+INTMARB_EX!J42 -> 0 | ... X42: =INTMARB_IN!X42+INTMARB_EX!X42 -> 0
A43: Gas oil and diesel oil (excluding biofuel portion) | B43: O4671XR5220B | C43: =INTMARB_IN!C43+INTMARB_EX!C43 -> 0 | D43: =INTMARB_IN!D43+INTMARB_EX!D43 -> 0 | E43: =INTMARB_IN!E43+INTMARB_EX!E43 -> 0 | F43: =INTMARB_IN!F43+INTMARB_EX!F43 -> 0 | G43: =INTMARB_IN!G43+INTMARB_EX!G43 -> 0 | H43: =INTMARB_IN!H43+INTMARB_EX!H43 -> 0 | I43: =INTMARB_IN!I43+INTMARB_EX!I43 -> 0 | J43: =INTMARB_IN!J43+INTMARB_EX!J43 -> 0 | ... X43: =INTMARB_IN!X43+INTMARB_EX!X43 -> 12.185383
A44: Fuel oil | B44: O4680 | C44: =INTMARB_IN!C44+INTMARB_EX!C44 -> 0 | D44: =INTMARB_IN!D44+INTMARB_EX!D44 -> 0 | E44: =INTMARB_IN!E44+INTMARB_EX!E44 -> 0 | F44: =INTMARB_IN!F44+INTMARB_EX!F44 -> 0 | G44: =INTMARB_IN!G44+INTMARB_EX!G44 -> 0 | H44: =INTMARB_IN!H44+INTMARB_EX!H44 -> 21.228633 | I44: =INTMARB_IN!I44+INTMARB_EX!I44 -> 28.948151 | J44: =INTMARB_IN!J44+INTMARB_EX!J44 -> 48.192433 | ... X44: =INTMARB_IN!X44+INTMARB_EX!X44 -> 73.63534
A45: White spirit and special boiling point industrial spirits | B45: O4691 | C45: =INTMARB_IN!C45+INTMARB_EX!C45 -> 0 | D45: =INTMARB_IN!D45+INTMARB_EX!D45 -> 0 | E45: =INTMARB_IN!E45+INTMARB_EX!E45 -> 0 | F45: =INTMARB_IN!F45+INTMARB_EX!F45 -> 0 | G45: =INTMARB_IN!G45+INTMARB_EX!G45 -> 0 | H45: =INTMARB_IN!H45+INTMARB_EX!H45 -> 0 | I45: =INTMARB_IN!I45+INTMARB_EX!I45 -> 0 | J45: =INTMARB_IN!J45+INTMARB_EX!J45 -> 0 | ... X45: =INTMARB_IN!X45+INTMARB_EX!X45 -> 0
... A51: Natural gas | B51: G3000 | C51: =INTMARB_IN!C51+INTMARB_EX!C51 -> 0 | D51: =INTMARB_IN!D51+INTMARB_EX!D51 -> 0 | E51: =INTMARB_IN!E51+INTMARB_EX!E51 -> 0 | F51: =INTMARB_IN!F51+INTMARB_EX!F51 -> 0 | G51: =INTMARB_IN!G51+INTMARB_EX!G51 -> 0 | H51: =INTMARB_IN!H51+INTMARB_EX!H51 -> 0 | I51: =INTMARB_IN!I51+INTMARB_EX!I51 -> 0 | J51: =INTMARB_IN!J51+INTMARB_EX!J51 -> 0 | ... X51: =INTMARB_IN!X51+INTMARB_EX!X51 -> 0
A52: Renewables and biofuels | B52: RA000 | C52: =SUM(C53:C70) -> 0 | D52: =SUM(D53:D70) -> 0 | E52: =SUM(E53:E70) -> 0 | F52: =SUM(F53:F70) -> 0 | G52: =SUM(G53:G70) -> 0 | H52: =SUM(H53:H70) -> 0 | I52: =SUM(I53:I70) -> 0 | J52: =SUM(J53:J70) -> 0 | ... X52: =SUM(X53:X70) -> 0
A53: Hydro | B53: RA100 | C53: =INTMARB_IN!C53+INTMARB_EX!C53 -> 0 | D53: =INTMARB_IN!D53+INTMARB_EX!D53 -> 0 | E53: =INTMARB_IN!E53+INTMARB_EX!E53 -> 0 | F53: =INTMARB_IN!F53+INTMARB_EX!F53 -> 0 | G53: =INTMARB_IN!G53+INTMARB_EX!G53 -> 0 | H53: =INTMARB_IN!H53+INTMARB_EX!H53 -> 0 | I53: =INTMARB_IN!I53+INTMARB_EX!I53 -> 0 | J53: =INTMARB_IN!J53+INTMARB_EX!J53 -> 0 | ... X53: =INTMARB_IN!X53+INTMARB_EX!X53 -> 0
A54: Tide, wave, ocean | B54: RA500 | C54: =INTMARB_IN!C54+INTMARB_EX!C54 -> 0 | D54: =INTMARB_IN!D54+INTMARB_EX!D54 -> 0 | E54: =INTMARB_IN!E54+INTMARB_EX!E54 -> 0 | F54: =INTMARB_IN!F54+INTMARB_EX!F54 -> 0 | G54: =INTMARB_IN!G54+INTMARB_EX!G54 -> 0 | H54: =INTMARB_IN!H54+INTMARB_EX!H54 -> 0 | I54: =INTMARB_IN!I54+INTMARB_EX!I54 -> 0 | J54: =INTMARB_IN!J54+INTMARB_EX!J54 -> 0 | ... X54: =INTMARB_IN!X54+INTMARB_EX!X54 -> 0
A55: Wind | B55: RA300 | C55: =INTMARB_IN!C55+INTMARB_EX!C55 -> 0 | D55: =INTMARB_IN!D55+INTMARB_EX!D55 -> 0 | E55: =INTMARB_IN!E55+INTMARB_EX!E55 -> 0 | F55: =INTMARB_IN!F55+INTMARB_EX!F55 -> 0 | G55: =INTMARB_IN!G55+INTMARB_EX!G55 -> 0 | H55: =INTMARB_IN!H55+INTMARB_EX!H55 -> 0 | I55: =INTMARB_IN!I55+INTMARB_EX!I55 -> 0 | J55: =INTMARB_IN!J55+INTMARB_EX!J55 -> 0 | ... X55: =INTMARB_IN!X55+INTMARB_EX!X55 -> 0
A56: Solar photovoltaic | B56: RA420 | C56: =INTMARB_IN!C56+INTMARB_EX!C56 -> 0 | D56: =INTMARB_IN!D56+INTMARB_EX!D56 -> 0 | E56: =INTMARB_IN!E56+INTMARB_EX!E56 -> 0 | F56: =INTMARB_IN!F56+INTMARB_EX!F56 -> 0 | G56: =INTMARB_IN!G56+INTMARB_EX!G56 -> 0 | H56: =INTMARB_IN!H56+INTMARB_EX!H56 -> 0 | I56: =INTMARB_IN!I56+INTMARB_EX!I56 -> 0 | J56: =INTMARB_IN!J56+INTMARB_EX!J56 -> 0 | ... X56: =INTMARB_IN!X56+INTMARB_EX!X56 -> 0
A57: Solar thermal | B57: RA410 | C57: =INTMARB_IN!C57+INTMARB_EX!C57 -> 0 | D57: =INTMARB_IN!D57+INTMARB_EX!D57 -> 0 | E57: =INTMARB_IN!E57+INTMARB_EX!E57 -> 0 | F57: =INTMARB_IN!F57+INTMARB_EX!F57 -> 0 | G57: =INTMARB_IN!G57+INTMARB_EX!G57 -> 0 | H57: =INTMARB_IN!H57+INTMARB_EX!H57 -> 0 | I57: =INTMARB_IN!I57+INTMARB_EX!I57 -> 0 | J57: =INTMARB_IN!J57+INTMARB_EX!J57 -> 0 | ... X57: =INTMARB_IN!X57+INTMARB_EX!X57 -> 0
A58: Geothermal | B58: RA200 | C58: =INTMARB_IN!C58+INTMARB_EX!C58 -> 0 | D58: =INTMARB_IN!D58+INTMARB_EX!D58 -> 0 | E58: =INTMARB_IN!E58+INTMARB_EX!E58 -> 0 | F58: =INTMARB_IN!F58+INTMARB_EX!F58 -> 0 | G58: =INTMARB_IN!G58+INTMARB_EX!G58 -> 0 | H58: =INTMARB_IN!H58+INTMARB_EX!H58 -> 0 | I58: =INTMARB_IN!I58+INTMARB_EX!I58 -> 0 | J58: =INTMARB_IN!J58+INTMARB_EX!J58 -> 0 | ... X58: =INTMARB_IN!X58+INTMARB_EX!X58 -> 0
A59: Primary solid biofuels | B59: R5110-5150_W6000RI | C59: =INTMARB_IN!C59+INTMARB_EX!C59 -> 0 | D59: =INTMARB_IN!D59+INTMARB_EX!D59 -> 0 | E59: =INTMARB_IN!E59+INTMARB_EX!E59 -> 0 | F59: =INTMARB_IN!F59+INTMARB_EX!F59 -> 0 | G59: =INTMARB_IN!G59+INTMARB_EX!G59 -> 0 | H59: =INTMARB_IN!H59+INTMARB_EX!H59 -> 0 | I59: =INTMARB_IN!I59+INTMARB_EX!I59 -> 0 | J59: =INTMARB_IN!J59+INTMARB_EX!J59 -> 0 | ... X59: =INTMARB_IN!X59+INTMARB_EX!X59 -> 0
A60: Charcoal | B60: R5160 | C60: =INTMARB_IN!C60+INTMARB_EX!C60 -> 0 | D60: =INTMARB_IN!D60+INTMARB_EX!D60 -> 0 | E60: =INTMARB_IN!E60+INTMARB_EX!E60 -> 0 | F60: =INTMARB_IN!F60+INTMARB_EX!F60 -> 0 | G60: =INTMARB_IN!G60+INTMARB_EX!G60 -> 0 | H60: =INTMARB_IN!H60+INTMARB_EX!H60 -> 0 | I60: =INTMARB_IN!I60+INTMARB_EX!I60 -> 0 | J60: =INTMARB_IN!J60+INTMARB_EX!J60 -> 0 | ... X60: =INTMARB_IN!X60+INTMARB_EX!X60 -> 0
A61: Biogases | B61: R5300 | C61: =INTMARB_IN!C61+INTMARB_EX!C61 -> 0 | D61: =INTMARB_IN!D61+INTMARB_EX!D61 -> 0 | E61: =INTMARB_IN!E61+INTMARB_EX!E61 -> 0 | F61: =INTMARB_IN!F61+INTMARB_EX!F61 -> 0 | G61: =INTMARB_IN!G61+INTMARB_EX!G61 -> 0 | H61: =INTMARB_IN!H61+INTMARB_EX!H61 -> 0 | I61: =INTMARB_IN!I61+INTMARB_EX!I61 -> 0 | J61: =INTMARB_IN!J61+INTMARB_EX!J61 -> 0 | ... X61: =INTMARB_IN!X61+INTMARB_EX!X61 -> 0
A62: Renewable municipal waste | B62: W6210 | C62: =INTMARB_IN!C62+INTMARB_EX!C62 -> 0 | D62: =INTMARB_IN!D62+INTMARB_EX!D62 -> 0 | E62: =INTMARB_IN!E62+INTMARB_EX!E62 -> 0 | F62: =INTMARB_IN!F62+INTMARB_EX!F62 -> 0 | G62: =INTMARB_IN!G62+INTMARB_EX!G62 -> 0 | H62: =INTMARB_IN!H62+INTMARB_EX!H62 -> 0 | I62: =INTMARB_IN!I62+INTMARB_EX!I62 -> 0 | J62: =INTMARB_IN!J62+INTMARB_EX!J62 -> 0 | ... X62: =INTMARB_IN!X62+INTMARB_EX!X62 -> 0
A63: Pure biogasoline | B63: R5210P | C63: =INTMARB_IN!C63+INTMARB_EX!C63 -> 0 | D63: =INTMARB_IN!D63+INTMARB_EX!D63 -> 0 | E63: =INTMARB_IN!E63+INTMARB_EX!E63 -> 0 | F63: =INTMARB_IN!F63+INTMARB_EX!F63 -> 0 | G63: =INTMARB_IN!G63+INTMARB_EX!G63 -> 0 | H63: =INTMARB_IN!H63+INTMARB_EX!H63 -> 0 | I63: =INTMARB_IN!I63+INTMARB_EX!I63 -> 0 | J63: =INTMARB_IN!J63+INTMARB_EX!J63 -> 0 | ... X63: =INTMARB_IN!X63+INTMARB_EX!X63 -> 0
A64: Blended biogasoline | B64: R5210B | C64: =INTMARB_IN!C64+INTMARB_EX!C64 -> 0 | D64: =INTMARB_IN!D64+INTMARB_EX!D64 -> 0 | E64: =INTMARB_IN!E64+INTMARB_EX!E64 -> 0 | F64: =INTMARB_IN!F64+INTMARB_EX!F64 -> 0 | G64: =INTMARB_IN!G64+INTMARB_EX!G64 -> 0 | H64: =INTMARB_IN!H64+INTMARB_EX!H64 -> 0 | I64: =INTMARB_IN!I64+INTMARB_EX!I64 -> 0 | J64: =INTMARB_IN!J64+INTMARB_EX!J64 -> 0 | ... X64: =INTMARB_IN!X64+INTMARB_EX!X64 -> 0
... A70: Ambient heat (heat pumps) | B70: RA600 | C70: =INTMARB_IN!C70+INTMARB_EX!C70 -> 0 | D70: =INTMARB_IN!D70+INTMARB_EX!D70 -> 0 | E70: =INTMARB_IN!E70+INTMARB_EX!E70 -> 0 | F70: =INTMARB_IN!F70+INTMARB_EX!F70 -> 0 | G70: =INTMARB_IN!G70+INTMARB_EX!G70 -> 0 | H70: =INTMARB_IN!H70+INTMARB_EX!H70 -> 0 | I70: =INTMARB_IN!I70+INTMARB_EX!I70 -> 0 | J70: =INTMARB_IN!J70+INTMARB_EX!J70 -> 0 | ... X70: =INTMARB_IN!X70+INTMARB_EX!X70 -> 0
A71: Non-renewable waste | B71: W6100_6220 | C71: =SUM(C72:C73) -> 0 | D71: =SUM(D72:D73) -> 0 | E71: =SUM(E72:E73) -> 0 | F71: =SUM(F72:F73) -> 0 | G71: =SUM(G72:G73) -> 0 | H71: =SUM(H72:H73) -> 0 | I71: =SUM(I72:I73) -> 0 | J71: =SUM(J72:J73) -> 0 | ... X71: =SUM(X72:X73) -> 0
A72: Industrial waste (non-renewable) | B72: W6100 | C72: =INTMARB_IN!C72+INTMARB_EX!C72 -> 0 | D72: =INTMARB_IN!D72+INTMARB_EX!D72 -> 0 | E72: =INTMARB_IN!E72+INTMARB_EX!E72 -> 0 | F72: =INTMARB_IN!F72+INTMARB_EX!F72 -> 0 | G72: =INTMARB_IN!G72+INTMARB_EX!G72 -> 0 | H72: =INTMARB_IN!H72+INTMARB_EX!H72 -> 0 | I72: =INTMARB_IN!I72+INTMARB_EX!I72 -> 0 | J72: =INTMARB_IN!J72+INTMARB_EX!J72 -> 0 | ... X72: =INTMARB_IN!X72+INTMARB_EX!X72 -> 0
A73: Non-renewable municipal waste | B73: W6220 | C73: =INTMARB_IN!C73+INTMARB_EX!C73 -> 0 | D73: =INTMARB_IN!D73+INTMARB_EX!D73 -> 0 | E73: =INTMARB_IN!E73+INTMARB_EX!E73 -> 0 | F73: =INTMARB_IN!F73+INTMARB_EX!F73 -> 0 | G73: =INTMARB_IN!G73+INTMARB_EX!G73 -> 0 | H73: =INTMARB_IN!H73+INTMARB_EX!H73 -> 0 | I73: =INTMARB_IN!I73+INTMARB_EX!I73 -> 0 | J73: =INTMARB_IN!J73+INTMARB_EX!J73 -> 0 | ... X73: =INTMARB_IN!X73+INTMARB_EX!X73 -> 0
A74: Nuclear heat | B74: N900H | C74: =INTMARB_IN!C74+INTMARB_EX!C74 -> 0 | D74: =INTMARB_IN!D74+INTMARB_EX!D74 -> 0 | E74: =INTMARB_IN!E74+INTMARB_EX!E74 -> 0 | F74: =INTMARB_IN!F74+INTMARB_EX!F74 -> 0 | G74: =INTMARB_IN!G74+INTMARB_EX!G74 -> 0 | H74: =INTMARB_IN!H74+INTMARB_EX!H74 -> 0 | I74: =INTMARB_IN!I74+INTMARB_EX!I74 -> 0 | J74: =INTMARB_IN!J74+INTMARB_EX!J74 -> 0 | ... X74: =INTMARB_IN!X74+INTMARB_EX!X74 -> 0
A75: Heat | B75: H8000 | C75: =INTMARB_IN!C75+INTMARB_EX!C75 -> 0 | D75: =INTMARB_IN!D75+INTMARB_EX!D75 -> 0 | E75: =INTMARB_IN!E75+INTMARB_EX!E75 -> 0 | F75: =INTMARB_IN!F75+INTMARB_EX!F75 -> 0 | G75: =INTMARB_IN!G75+INTMARB_EX!G75 -> 0 | H75: =INTMARB_IN!H75+INTMARB_EX!H75 -> 0 | I75: =INTMARB_IN!I75+INTMARB_EX!I75 -> 0 | J75: =INTMARB_IN!J75+INTMARB_EX!J75 -> 0 | ... X75: =INTMARB_IN!X75+INTMARB_EX!X75 -> 0
A76: Electricity | B76: E7000 | C76: =INTMARB_IN!C76+INTMARB_EX!C76 -> 0 | D76: =INTMARB_IN!D76+INTMARB_EX!D76 -> 0 | E76: =INTMARB_IN!E76+INTMARB_EX!E76 -> 0 | F76: =INTMARB_IN!F76+INTMARB_EX!F76 -> 0 | G76: =INTMARB_IN!G76+INTMARB_EX!G76 -> 0 | H76: =INTMARB_IN!H76+INTMARB_EX!H76 -> 0 | I76: =INTMARB_IN!I76+INTMARB_EX!I76 -> 0 | J76: =INTMARB_IN!J76+INTMARB_EX!J76 -> 0 | ... X76: =INTMARB_IN!X76+INTMARB_EX!X76 -> 0

Sheet INTMARB_IN
A1: International Intra-EEA maritime bunkers | B1: INTMARB_IN | C1: 2000 | D1: 2001 | E1: 2002 | F1: 2003 | G1: 2004 | H1: 2005 | I1: 2006 | J1: 2007 | K1: 2008 | L1: 2009 | M1: 2010 | N1: 2011 | O1: 2012 | P1: 2013 | Q1: 2014 | R1: 2015 | S1: 2016 | T1: 2017 | U1: 2018 | V1: 2019 | W1: 2020 | X1: 2021
A2: Total | B2: TOTAL | C2: =SUM(C3,C17,C22,C25,C26,C51,C52,C71,C74,C75,C76) -> 0 | D2: =SUM(D3,D17,D22,D25,D26,D51,D52,D71,D74,D75,D76) -> 0 | E2: =SUM(E3,E17,E22,E25,E26,E51,E52,E71,E74,E75,E76) -> 0 | F2: =SUM(F3,F17,F22,F25,F26,F51,F52,F71,F74,F75,F76) -> 0 | G2: =SUM(G3,G17,G22,G25,G26,G51,G52,G71,G74,G75,G76) -> 0 | H2: =SUM(H3,H17,H22,H25,H26,H51,H52,H71,H74,H75,H76) -> 7.4330211 | I2: =SUM(I3,I17,I22,I25,I26,I51,I52,I71,I74,I75,I76) -> 10.062368 | J2: =SUM(J3,J17,J22,J25,J26,J51,J52,J71,J74,J75,J76) -> 16.051288 | ... X2: =SUM(X3,X17,X22,X25,X26,X51,X52,X71,X74,X75,X76) -> 13.493166
A3: Solid fossil fuels | B3: C0000X0350-0370 | C3: =SUM(C4,C8,C11) -> 0 | D3: =SUM(D4,D8,D11) -> 0 | E3: =SUM(E4,E8,E11) -> 0 | F3: =SUM(F4,F8,F11) -> 0 | G3: =SUM(G4,G8,G11) -> 0 | H3: =SUM(H4,H8,H11) -> 0 | I3: =SUM(I4,I8,I11) -> 0 | J3: =SUM(J4,J8,J11) -> 0 | ... X3: =SUM(X4,X8,X11) -> 0
A4: Hard coal | B4: C0100 | C4: =SUM(C5:C7) -> 0 | D4: =SUM(D5:D7) -> 0 | E4: =SUM(E5:E7) -> 0 | F4: =SUM(F5:F7) -> 0 | G4: =SUM(G5:G7) -> 0 | H4: =SUM(H5:H7) -> 0 | I4: =SUM(I5:I7) -> 0 | J4: =SUM(J5:J7) -> 0 | ... X4: =SUM(X5:X7) -> 0
A5: Anthracite | B5: C0110 | C5: 0 | D5: 0 | E5: 0 | F5: 0 | G5: 0 | H5: 0 | I5: 0 | J5: 0 | K5: 0 | L5: 0 | M5: 0 | N5: 0 | O5: 0 | P5: 0 | Q5: 0 | R5: 0 | S5: 0 | T5: 0 | U5: 0 | V5: 0 | W5: 0 | X5: 0
A6: Coking coal | B6: C0121 | C6: 0 | D6: 0 | E6: 0 | F6: 0 | G6: 0 | H6: 0 | I6: 0 | J6: 0 | K6: 0 | L6: 0 | M6: 0 | N6: 0 | O6: 0 | P6: 0 | Q6: 0 | R6: 0 | S6: 0 | T6: 0 | U6: 0 | V6: 0 | W6: 0 | X6: 0
A7: Other bituminous coal | B7: C0129 | C7: 0 | D7: 0 | E7: 0 | F7: 0 | G7: 0 | H7: 0 | I7: 0 | J7: 0 | K7: 0 | L7: 0 | M7: 0 | N7: 0 | O7: 0 | P7: 0 | Q7: 0 | R7: 0 | S7: 0 | T7: 0 | U7: 0 | V7: 0 | W7: 0 | X7: 0
A8: Brown coal | B8: C0200 | C8: =SUM(C9:C10) -> 0 | D8: =SUM(D9:D10) -> 0 | E8: =SUM(E9:E10) -> 0 | F8: =SUM(F9:F10) -> 0 | G8: =SUM(G9:G10) -> 0 | H8: =SUM(H9:H10) -> 0 | I8: =SUM(I9:I10) -> 0 | J8: =SUM(J9:J10) -> 0 | ... X8: =SUM(X9:X10) -> 0
A9: Sub-bituminous coal | B9: C0210 | C9: 0 | D9: 0 | E9: 0 | F9: 0 | G9: 0 | H9: 0 | I9: 0 | J9: 0 | K9: 0 | L9: 0 | M9: 0 | N9: 0 | O9: 0 | P9: 0 | Q9: 0 | R9: 0 | S9: 0 | T9: 0 | U9: 0 | V9: 0 | W9: 0 | X9: 0
A10: Lignite | B10: C0220 | C10: 0 | D10: 0 | E10: 0 | F10: 0 | G10: 0 | H10: 0 | I10: 0 | J10: 0 | K10: 0 | L10: 0 | M10: 0 | N10: 0 | O10: 0 | P10: 0 | Q10: 0 | R10: 0 | S10: 0 | T10: 0 | U10: 0 | V10: 0 | W10: 0 | X10: 0
A11: Coal products | B11: C0300 | C11: =SUM(C12:C16) -> 0 | D11: =SUM(D12:D16) -> 0 | E11: =SUM(E12:E16) -> 0 | F11: =SUM(F12:F16) -> 0 | G11: =SUM(G12:G16) -> 0 | H11: =SUM(H12:H16) -> 0 | I11: =SUM(I12:I16) -> 0 | J11: =SUM(J12:J16) -> 0 | ... X11: =SUM(X12:X16) -> 0
A12: Patent fuel | B12: C0320 | C12: 0 | D12: 0 | E12: 0 | F12: 0 | G12: 0 | H12: 0 | I12: 0 | J12: 0 | K12: 0 | L12: 0 | M12: 0 | N12: 0 | O12: 0 | P12: 0 | Q12: 0 | R12: 0 | S12: 0 | T12: 0 | U12: 0 | V12: 0 | W12: 0 | X12: 0
A13: Coke oven coke | B13: C0311 | C13: 0 | D13: 0 | E13: 0 | F13: 0 | G13: 0 | H13: 0 | I13: 0 | J13: 0 | K13: 0 | L13: 0 | M13: 0 | N13: 0 | O13: 0 | P13: 0 | Q13: 0 | R13: 0 | S13: 0 | T13: 0 | U13: 0 | V13: 0 | W13: 0 | X13: 0
A14: Gas coke | B14: C0312 | C14: 0 | D14: 0 | E14: 0 | F14: 0 | G14: 0 | H14: 0 | I14: 0 | J14: 0 | K14: 0 | L14: 0 | M14: 0 | N14: 0 | O14: 0 | P14: 0 | Q14: 0 | R14: 0 | S14: 0 | T14: 0 | U14: 0 | V14: 0 | W14: 0 | X14: 0
A15: Coal tar | B15: C0340 | C15: 0 | D15: 0 | E15: 0 | F15: 0 | G15: 0 | H15: 0 | I15: 0 | J15: 0 | K15: 0 | L15: 0 | M15: 0 | N15: 0 | O15: 0 | P15: 0 | Q15: 0 | R15: 0 | S15: 0 | T15: 0 | U15: 0 | V15: 0 | W15: 0 | X15: 0
A16: Brown coal briquettes | B16: C0330 | C16: 0 | D16: 0 | E16: 0 | F16: 0 | G16: 0 | H16: 0 | I16: 0 | J16: 0 | K16: 0 | L16: 0 | M16: 0 | N16: 0 | O16: 0 | P16: 0 | Q16: 0 | R16: 0 | S16: 0 | T16: 0 | U16: 0 | V16: 0 | W16: 0 | X16: 0
A17: Manufactured gases | B17: C0350-0370 | C17: =SUM(C18:C21) -> 0 | D17: =SUM(D18:D21) -> 0 | E17: =SUM(E18:E21) -> 0 | F17: =SUM(F18:F21) -> 0 | G17: =SUM(G18:G21) -> 0 | H17: =SUM(H18:H21) -> 0 | I17: =SUM(I18:I21) -> 0 | J17: =SUM(J18:J21) -> 0 | ... X17: =SUM(X18:X21) -> 0
A18: Gas works gas | B18: C0360 | C18: 0 | D18: 0 | E18: 0 | F18: 0 | G18: 0 | H18: 0 | I18: 0 | J18: 0 | K18: 0 | L18: 0 | M18: 0 | N18: 0 | O18: 0 | P18: 0 | Q18: 0 | R18: 0 | S18: 0 | T18: 0 | U18: 0 | V18: 0 | W18: 0 | X18: 0
A19: Coke oven gas | B19: C0350 | C19: 0 | D19: 0 | E19: 0 | F19: 0 | G19: 0 | H19: 0 | I19: 0 | J19: 0 | K19: 0 | L19: 0 | M19: 0 | N19: 0 | O19: 0 | P19: 0 | Q19: 0 | R19: 0 | S19: 0 | T19: 0 | U19: 0 | V19: 0 | W19: 0 | X19: 0
A20: Blast furnace gas | B20: C0371 | C20: 0 | D20: 0 | E20: 0 | F20: 0 | G20: 0 | H20: 0 | I20: 0 | J20: 0 | K20: 0 | L20: 0 | M20: 0 | N20: 0 | O20: 0 | P20: 0 | Q20: 0 | R20: 0 | S20: 0 | T20: 0 | U20: 0 | V20: 0 | W20: 0 | X20: 0
A21: Other recovered gases | B21: C0379 | C21: 0 | D21: 0 | E21: 0 | F21: 0 | G21: 0 | H21: 0 | I21: 0 | J21: 0 | K21: 0 | L21: 0 | M21: 0 | N21: 0 | O21: 0 | P21: 0 | Q21: 0 | R21: 0 | S21: 0 | T21: 0 | U21: 0 | V21: 0 | W21: 0 | X21: 0
A22: Peat and peat products | B22: P1000 | C22: =SUM(C23:C24) -> 0 | D22: =SUM(D23:D24) -> 0 | E22: =SUM(E23:E24) -> 0 | F22: =SUM(F23:F24) -> 0 | G22: =SUM(G23:G24) -> 0 | H22: =SUM(H23:H24) -> 0 | I22: =SUM(I23:I24) -> 0 | J22: =SUM(J23:J24) -> 0 | ... X22: =SUM(X23:X24) -> 0
A23: Peat | B23: P1100 | C23: 0 | D23: 0 | E23: 0 | F23: 0 | G23: 0 | H23: 0 | I23: 0 | J23: 0 | K23: 0 | L23: 0 | M23: 0 | N23: 0 | O23: 0 | P23: 0 | Q23: 0 | R23: 0 | S23: 0 | T23: 0 | U23: 0 | V23: 0 | W23: 0 | X23: 0
A24: Peat products | B24: P1200 | C24: 0 | D24: 0 | E24: 0 | F24: 0 | G24: 0 | H24: 0 | I24: 0 | J24: 0 | K24: 0 | L24: 0 | M24: 0 | N24: 0 | O24: 0 | P24: 0 | Q24: 0 | R24: 0 | S24: 0 | T24: 0 | U24: 0 | V24: 0 | W24: 0 | X24: 0
A25: Oil shale and oil sands | B25: S2000 | C25: 0 | D25: 0 | E25: 0 | F25: 0 | G25: 0 | H25: 0 | I25: 0 | J25: 0 | K25: 0 | L25: 0 | M25: 0 | N25: 0 | O25: 0 | P25: 0 | Q25: 0 | R25: 0 | S25: 0 | T25: 0 | U25: 0 | V25: 0 | W25: 0 | X25: 0
A26: Oil and petroleum products | B26: O4000XBIO | C26: =SUM(C27,C33) -> 0 | D26: =SUM(D27,D33) -> 0 | E26: =SUM(E27,E33) -> 0 | F26: =SUM(F27,F33) -> 0 | G26: =SUM(G27,G33) -> 0 | H26: =SUM(H27,H33) -> 7.4330211 | I26: =SUM(I27,I33) -> 10.062368 | J26: =SUM(J27,J33) -> 16.051288 | ... X26: =SUM(X27,X33) -> 13.493166
