Workbook

Sheet cover
B6: JRC-IDEES-2021 - Integrated Database of the European Energy System
C15: Domestic navigation
L28: Prepared by JRC C.6
L30: 45432.79
L31: v2021-1.00
B33: Legal Notice
B35: The information made available is property of the Joint Research Centre of the European Commission.
B36: Neither the European Commission nor any person acting on behalf of the Commission is responsible for the use which might be made of this information.
B38: Use conditions
B39: This work is licensed under
B40: CC BY 4.0

Sheet EEA
A1: EEA - European Economic Area (EU27+IS+NO) | B1: 1990 | C1: 1991 | D1: 1992 | E1: 1993 | F1: 1994 | G1: 1995 | H1: 1996 | I1: 1997 | J1: 1998 | K1: 1999 | L1: 2000 | M1: 2001 | N1: 2002 | O1: 2003 | P1: 2004 | Q1: 2005 | R1: 2006 | S1: 2007 | T1: 2008 | U1: 2009 | V1: 2010 | W1: 2011 | X1: 2012 | Y1: 2013 | Z1: 2014 | AA1: 2015 | AB1: 2016 | AC1: 2017 | AD1: 2018 | AE1: 2019 | AF1: 2020 | AG1: 2021
A3: Transport activity (Mtkm) | B3: =SUM(B4:B5) -> 236722.13 | C3: =SUM(C4:C5) -> 225467.05 | D3: =SUM(D4:D5) -> 206360.19 | E3: =SUM(E4:E5) -> 206974.27 | F3: =SUM(F4:F5) -> 212671.79 | G3: =SUM(G4:G5) -> 215449.79 | H3: =SUM(H4:H5) -> 207707.67 | I3: =SUM(I4:I5) -> 231689.36 | ... AG3: =SUM(AG4:AG5) -> 233002.07
A4: Domestic coastal shipping | B4: =AT!B4+BE!B4+BG!B4+CY!B4+CZ!B4+DE!B4+DK!B4+EE!B4+EL!B4+ES!B4+FI!B4+FR!B4+HR!B4+HU!B4+IE!B4+IT!B4+LT!B4+LU!B4+LV!B4+MT!B4+NL!B4+PL!B4+PT!B4+RO!B4+SE!B4+SI!B4+SK!B4+IS!B4+NO!B4 -> 123420.31 | C4: =AT!C4+BE!C4+BG!C4+CY!C4+CZ!C4+DE!C4+DK!C4+EE!C4+EL!C4+ES!C4+FI!C4+FR!C4+HR!C4+HU!C4+IE!C4+IT!C4+LT!C4+LU!C4+LV!C4+MT!C4+NL!C4+PL!C4+PT!C4+RO!C4+SE!C4+SI!C4+SK!C4+IS!C4+NO!C4 -> 113154.69 | D4: =AT!D4+BE!D4+BG!D4+CY!D4+CZ!D4+DE!D4+DK!D4+EE!D4+EL!D4+ES!D4+FI!D4+FR!D4+HR!D4+HU!D4+IE!D4+IT!D4+LT!D4+LU!D4+LV!D4+MT!D4+NL!D4+PL!D4+PT!D4+RO!D4+SE!D4+SI!D4+SK!D4+IS!D4+NO!D4 -> 94758.022 | E4: =AT!E4+BE!E4+BG!E4+CY!E4+CZ!E4+DE!E4+DK!E4+EE!E4+EL!E4+ES!E4+FI!E4+FR!E4+HR!E4+HU!E4+IE!E4+IT!E4+LT!E4+LU!E4+LV!E4+MT!E4+NL!E4+PL!E4+PT!E4+RO!E4+SE!E4+SI!E4+SK!E4+IS!E4+NO!E4 -> 98371.173 | F4: =AT!F4+BE!F4+BG!F4+CY!F4+CZ!F4+DE!F4+DK!F4+EE!F4+EL!F4+ES!F4+FI!F4+FR!F4+HR!F4+HU!F4+IE!F4+IT!F4+LT!F4+LU!F4+LV!F4+MT!F4+NL!F4+PL!F4+PT!F4+RO!F4+SE!F4+SI!F4+SK!F4+IS!F4+NO!F4 -> 95476.469 | G4: =AT!G4+BE!G4+BG!G4+CY!G4+CZ!G4+DE!G4+DK!G4+EE!G4+EL!G4+ES!G4+FI!G4+FR!G4+HR!G4+HU!G4+IE!G4+IT!G4+LT!G4+LU!G4+LV!G4+MT!G4+NL!G4+PL!G4+PT!G4+RO!G4+SE!G4+SI!G4+SK!G4+IS!G4+NO!G4 -> 95613.485 | H4: =AT!H4+BE!H4+BG!H4+CY!H4+CZ!H4+DE!H4+DK!H4+EE!H4+EL!H4+ES!H4+FI!H4+FR!H4+HR!H4+HU!H4+IE!H4+IT!H4+LT!H4+LU!H4+LV!H4+MT!H4+NL!H4+PL!H4+PT!H4+RO!H4+SE!H4+SI!H4+SK!H4+IS!H4+NO!H4 -> 90284.578 | I4: =AT!I4+BE!I4+BG!I4+CY!I4+CZ!I4+DE!I4+DK!I4+EE!I4+EL!I4+ES!I4+FI!I4+FR!I4+HR!I4+HU!I4+IE!I4+IT!I4+LT!I4+LU!I4+LV!I4+MT!I4+NL!I4+PL!I4+PT!I4+RO!I4+SE!I4+SI!I4+SK!I4+IS!I4+NO!I4 -> 105844.54 | ... AG4: =AT!AG4+BE!AG4+BG!AG4+CY!AG4+CZ!AG4+DE!AG4+DK!AG4+EE!AG4+EL!AG4+ES!AG4+FI!AG4+FR!AG4+HR!AG4+HU!AG4+IE!AG4+IT!AG4+LT!AG4+LU!AG4+LV!AG4+MT!AG4+NL!AG4+PL!AG4+PT!AG4+RO!AG4+SE!AG4+SI!AG4+SK!AG4+IS!AG4+NO!AG4 -> 96926.069
A5: Inland waterways | B5: =AT!B5+BE!B5+BG!B5+CY!B5+CZ!B5+DE!B5+DK!B5+EE!B5+EL!B5+ES!B5+FI!B5+FR!B5+HR!B5+HU!B5+IE!B5+IT!B5+LT!B5+LU!B5+LV!B5+MT!B5+NL!B5+PL!B5+PT!B5+RO!B5+SE!B5+SI!B5+SK!B5+IS!B5+NO!B5 -> 113301.83 | C5: =AT!C5+BE!C5+BG!C5+CY!C5+CZ!C5+DE!C5+DK!C5+EE!C5+EL!C5+ES!C5+FI!C5+FR!C5+HR!C5+HU!C5+IE!C5+IT!C5+LT!C5+LU!C5+LV!C5+MT!C5+NL!C5+PL!C5+PT!C5+RO!C5+SE!C5+SI!C5+SK!C5+IS!C5+NO!C5 -> 112312.36 | D5: =AT!D5+BE!D5+BG!D5+CY!D5+CZ!D5+DE!D5+DK!D5+EE!D5+EL!D5+ES!D5+FI!D5+FR!D5+HR!D5+HU!D5+IE!D5+IT!D5+LT!D5+LU!D5+LV!D5+MT!D5+NL!D5+PL!D5+PT!D5+RO!D5+SE!D5+SI!D5+SK!D5+IS!D5+NO!D5 -> 111602.16 | E5: =AT!E5+BE!E5+BG!E5+CY!E5+CZ!E5+DE!E5+DK!E5+EE!E5+EL!E5+ES!E5+FI!E5+FR!E5+HR!E5+HU!E5+IE!E5+IT!E5+LT!E5+LU!E5+LV!E5+MT!E5+NL!E5+PL!E5+PT!E5+RO!E5+SE!E5+SI!E5+SK!E5+IS!E5+NO!E5 -> 108603.1 | F5: =AT!F5+BE!F5+BG!F5+CY!F5+CZ!F5+DE!F5+DK!F5+EE!F5+EL!F5+ES!F5+FI!F5+FR!F5+HR!F5+HU!F5+IE!F5+IT!F5+LT!F5+LU!F5+LV!F5+MT!F5+NL!F5+PL!F5+PT!F5+RO!F5+SE!F5+SI!F5+SK!F5+IS!F5+NO!F5 -> 117195.32 | G5: =AT!G5+BE!G5+BG!G5+CY!G5+CZ!G5+DE!G5+DK!G5+EE!G5+EL!G5+ES!G5+FI!G5+FR!G5+HR!G5+HU!G5+IE!G5+IT!G5+LT!G5+LU!G5+LV!G5+MT!G5+NL!G5+PL!G5+PT!G5+RO!G5+SE!G5+SI!G5+SK!G5+IS!G5+NO!G5 -> 119836.31 | H5: =AT!H5+BE!H5+BG!H5+CY!H5+CZ!H5+DE!H5+DK!H5+EE!H5+EL!H5+ES!H5+FI!H5+FR!H5+HR!H5+HU!H5+IE!H5+IT!H5+LT!H5+LU!H5+LV!H5+MT!H5+NL!H5+PL!H5+PT!H5+RO!H5+SE!H5+SI!H5+SK!H5+IS!H5+NO!H5 -> 117423.09 | I5: =AT!I5+BE!I5+BG!I5+CY!I5+CZ!I5+DE!I5+DK!I5+EE!I5+EL!I5+ES!I5+FI!I5+FR!I5+HR!I5+HU!I5+IE!I5+IT!I5+LT!I5+LU!I5+LV!I5+MT!I5+NL!I5+PL!I5+PT!I5+RO!I5+SE!I5+SI!I5+SK!I5+IS!I5+NO!I5 -> 125844.83 | ... AG5: =AT!AG5+BE!AG5+BG!AG5+CY!AG5+CZ!AG5+DE!AG5+DK!AG5+EE!AG5+EL!AG5+ES!AG5+FI!AG5+FR!AG5+HR!AG5+HU!AG5+IE!AG5+IT!AG5+LT!AG5+LU!AG5+LV!AG5+MT!AG5+NL!AG5+PL!AG5+PT!AG5+RO!AG5+SE!AG5+SI!AG5+SK!AG5+IS!AG5+NO!AG5 -> 136076
A7: Market shares of activity (% of tkm) | B7: =IF(B3=0,0,B3/B$3) -> 1 | C7: =IF(C3=0,0,C3/C$3) -> 1 | D7: =IF(D3=0,0,D3/D$3) -> 1 | E7: =IF(E3=0,0,E3/E$3) -> 1 | F7: =IF(F3=0,0,F3/F$3) -> 1 | G7: =IF(G3=0,0,G3/G$3) -> 1 | H7: =IF(H3=0,0,H3/H$3) -> 1 | I7: =IF(I3=0,0,I3/I$3) -> 1 | ... AG7: =IF(AG3=0,0,AG3/AG$3) -> 1
A8: Domestic coastal shipping | B8: =IF(B4=0,0,B4/B$3) -> 0.52137206 | C8: =IF(C4=0,0,C4/C$3) -> 0.50186796 | D8: =IF(D4=0,0,D4/D$3) -> 0.45918752 | E8: =IF(E4=0,0,E4/E$3) -> 0.47528213 | F8: =IF(F4=0,0,F4/F$3) -> 0.44893809 | G8: =IF(G4=0,0,G4/G$3) -> 0.44378546 | H8: =IF(H4=0,0,H4/H$3) -> 0.43467137 | I8: =IF(I4=0,0,I4/I$3) -> 0.45683813 | ... AG8: =IF(AG4=0,0,AG4/AG$3) -> 0.41598802
A9: Inland waterways | B9: =IF(B5=0,0,B5/B$3) -> 0.47862794 | C9: =IF(C5=0,0,C5/C$3) -> 0.49813204 | D9: =IF(D5=0,0,D5/D$3) -> 0.54081248 | E9: =IF(E5=0,0,E5/E$3) -> 0.52471787 | F9: =IF(F5=0,0,F5/F$3) -> 0.55106191 | G9: =IF(G5=0,0,G5/G$3) -> 0.55621454 | H9: =IF(H5=0,0,H5/H$3) -> 0.56532863 | I9: =IF(I5=0,0,I5/I$3) -> 0.54316187 | ... AG9: =IF(AG5=0,0,AG5/AG$3) -> 0.58401198
A11: Vehicle-km (Mvkm) | B11: =SUM(B12:B13) -> 273.51 | C11: =SUM(C12:C13) -> 252.82 | D11: =SUM(D12:D13) -> 239.904 | E11: =SUM(E12:E13) -> 232.648 | F11: =SUM(F12:F13) -> 242.849 | G11: =SUM(G12:G13) -> 246.937 | H11: =SUM(H12:H13) -> 241.359 | I11: =SUM(I12:I13) -> 263.859 | ... AG11: =SUM(AG12:AG13) -> 221.944
A12: Domestic coastal shipping | B12: =AT!B12+BE!B12+BG!B12+CY!B12+CZ!B12+DE!B12+DK!B12+EE!B12+EL!B12+ES!B12+FI!B12+FR!B12+HR!B12+HU!B12+IE!B12+IT!B12+LT!B12+LU!B12+LV!B12+MT!B12+NL!B12+PL!B12+PT!B12+RO!B12+SE!B12+SI!B12+SK!B12+IS!B12+NO!B12 -> 69.409 | C12: =AT!C12+BE!C12+BG!C12+CY!C12+CZ!C12+DE!C12+DK!C12+EE!C12+EL!C12+ES!C12+FI!C12+FR!C12+HR!C12+HU!C12+IE!C12+IT!C12+LT!C12+LU!C12+LV!C12+MT!C12+NL!C12+PL!C12+PT!C12+RO!C12+SE!C12+SI!C12+SK!C12+IS!C12+NO!C12 -> 64.023 | D12: =AT!D12+BE!D12+BG!D12+CY!D12+CZ!D12+DE!D12+DK!D12+EE!D12+EL!D12+ES!D12+FI!D12+FR!D12+HR!D12+HU!D12+IE!D12+IT!D12+LT!D12+LU!D12+LV!D12+MT!D12+NL!D12+PL!D12+PT!D12+RO!D12+SE!D12+SI!D12+SK!D12+IS!D12+NO!D12 -> 55.418 | E12: =AT!E12+BE!E12+BG!E12+CY!E12+CZ!E12+DE!E12+DK!E12+EE!E12+EL!E12+ES!E12+FI!E12+FR!E12+HR!E12+HU!E12+IE!E12+IT!E12+LT!E12+LU!E12+LV!E12+MT!E12+NL!E12+PL!E12+PT!E12+RO!E12+SE!E12+SI!E12+SK!E12+IS!E12+NO!E12 -> 57.779 | F12: =AT!F12+BE!F12+BG!F12+CY!F12+CZ!F12+DE!F12+DK!F12+EE!F12+EL!F12+ES!F12+FI!F12+FR!F12+HR!F12+HU!F12+IE!F12+IT!F12+LT!F12+LU!F12+LV!F12+MT!F12+NL!F12+PL!F12+PT!F12+RO!F12+SE!F12+SI!F12+SK!F12+IS!F12+NO!F12 -> 56.915 | G12: =AT!G12+BE!G12+BG!G12+CY!G12+CZ!G12+DE!G12+DK!G12+EE!G12+EL!G12+ES!G12+FI!G12+FR!G12+HR!G12+HU!G12+IE!G12+IT!G12+LT!G12+LU!G12+LV!G12+MT!G12+NL!G12+PL!G12+PT!G12+RO!G12+SE!G12+SI!G12+SK!G12+IS!G12+NO!G12 -> 57.209 | H12: =AT!H12+BE!H12+BG!H12+CY!H12+CZ!H12+DE!H12+DK!H12+EE!H12+EL!H12+ES!H12+FI!H12+FR!H12+HR!H12+HU!H12+IE!H12+IT!H12+LT!H12+LU!H12+LV!H12+MT!H12+NL!H12+PL!H12+PT!H12+RO!H12+SE!H12+SI!H12+SK!H12+IS!H12+NO!H12 -> 54.743 | I12: =AT!I12+BE!I12+BG!I12+CY!I12+CZ!I12+DE!I12+DK!I12+EE!I12+EL!I12+ES!I12+FI!I12+FR!I12+HR!I12+HU!I12+IE!I12+IT!I12+LT!I12+LU!I12+LV!I12+MT!I12+NL!I12+PL!I12+PT!I12+RO!I12+SE!I12+SI!I12+SK!I12+IS!I12+NO!I12 -> 62.811 | ... AG12: =AT!AG12+BE!AG12+BG!AG12+CY!AG12+CZ!AG12+DE!AG12+DK!AG12+EE!AG12+EL!AG12+ES!AG12+FI!AG12+FR!AG12+HR!AG12+HU!AG12+IE!AG12+IT!AG12+LT!AG12+LU!AG12+LV!AG12+MT!AG12+NL!AG12+PL!AG12+PT!AG12+RO!AG12+SE!AG12+SI!AG12+SK!AG12+IS!AG12+NO!AG12 -> 44.469
A13: Inland waterways | B13: =AT!B13+BE!B13+BG!B13+CY!B13+CZ!B13+DE!B13+DK!B13+EE!B13+EL!B13+ES!B13+FI!B13+FR!B13+HR!B13+HU!B13+IE!B13+IT!B13+LT!B13+LU!B13+LV!B13+MT!B13+NL!B13+PL!B13+PT!B13+RO!B13+SE!B13+SI!B13+SK!B13+IS!B13+NO!B13 -> 204.101 | C13: =AT!C13+BE!C13+BG!C13+CY!C13+CZ!C13+DE!C13+DK!C13+EE!C13+EL!C13+ES!C13+FI!C13+FR!C13+HR!C13+HU!C13+IE!C13+IT!C13+LT!C13+LU!C13+LV!C13+MT!C13+NL!C13+PL!C13+PT!C13+RO!C13+SE!C13+SI!C13+SK!C13+IS!C13+NO!C13 -> 188.797 | D13: =AT!D13+BE!D13+BG!D13+CY!D13+CZ!D13+DE!D13+DK!D13+EE!D13+EL!D13+ES!D13+FI!D13+FR!D13+HR!D13+HU!D13+IE!D13+IT!D13+LT!D13+LU!D13+LV!D13+MT!D13+NL!D13+PL!D13+PT!D13+RO!D13+SE!D13+SI!D13+SK!D13+IS!D13+NO!D13 -> 184.486 | E13: =AT!E13+BE!E13+BG!E13+CY!E13+CZ!E13+DE!E13+DK!E13+EE!E13+EL!E13+ES!E13+FI!E13+FR!E13+HR!E13+HU!E13+IE!E13+IT!E13+LT!E13+LU!E13+LV!E13+MT!E13+NL!E13+PL!E13+PT!E13+RO!E13+SE!E13+SI!E13+SK!E13+IS!E13+NO!E13 -> 174.869 | F13: =AT!F13+BE!F13+BG!F13+CY!F13+CZ!F13+DE!F13+DK!F13+EE!F13+EL!F13+ES!F13+FI!F13+FR!F13+HR!F13+HU!F13+IE!F13+IT!F13+LT!F13+LU!F13+LV!F13+MT!F13+NL!F13+PL!F13+PT!F13+RO!F13+SE!F13+SI!F13+SK!F13+IS!F13+NO!F13 -> 185.934 | G13: =AT!G13+BE!G13+BG!G13+CY!G13+CZ!G13+DE!G13+DK!G13+EE!G13+EL!G13+ES!G13+FI!G13+FR!G13+HR!G13+HU!G13+IE!G13+IT!G13+LT!G13+LU!G13+LV!G13+MT!G13+NL!G13+PL!G13+PT!G13+RO!G13+SE!G13+SI!G13+SK!G13+IS!G13+NO!G13 -> 189.728 | H13: =AT!H13+BE!H13+BG!H13+CY!H13+CZ!H13+DE!H13+DK!H13+EE!H13+EL!H13+ES!H13+FI!H13+FR!H13+HR!H13+HU!H13+IE!H13+IT!H13+LT!H13+LU!H13+LV!H13+MT!H13+NL!H13+PL!H13+PT!H13+RO!H13+SE!H13+SI!H13+SK!H13+IS!H13+NO!H13 -> 186.616 | I13: =AT!I13+BE!I13+BG!I13+CY!I13+CZ!I13+DE!I13+DK!I13+EE!I13+EL!I13+ES!I13+FI!I13+FR!I13+HR!I13+HU!I13+IE!I13+IT!I13+LT!I13+LU!I13+LV!I13+MT!I13+NL!I13+PL!I13+PT!I13+RO!I13+SE!I13+SI!I13+SK!I13+IS!I13+NO!I13 -> 201.048 | ... AG13: =AT!AG13+BE!AG13+BG!AG13+CY!AG13+CZ!AG13+DE!AG13+DK!AG13+EE!AG13+EL!AG13+ES!AG13+FI!AG13+FR!AG13+HR!AG13+HU!AG13+IE!AG13+IT!AG13+LT!AG13+LU!AG13+LV!AG13+MT!AG13+NL!AG13+PL!AG13+PT!AG13+RO!AG13+SE!AG13+SI!AG13+SK!AG13+IS!AG13+NO!AG13 -> 177.475
A15: Market shares of vehicle km (% of km) | B15: =IF(B11=0,0,B11/B$11) -> 1 | C15: =IF(C11=0,0,C11/C$11) -> 1 | D15: =IF(D11=0,0,D11/D$11) -> 1 | E15: =IF(E11=0,0,E11/E$11) -> 1 | F15: =IF(F11=0,0,F11/F$11) -> 1 | G15: =IF(G11=0,0,G11/G$11) -> 1 | H15: =IF(H11=0,0,H11/H$11) -> 1 | I15: =IF(I11=0,0,I11/I$11) -> 1 | ... AG15: =IF(AG11=0,0,AG11/AG$11) -> 1
A16: Domestic coastal shipping | B16: =IF(B12=0,0,B12/B$11) -> 0.25377134 | C16: =IF(C12=0,0,C12/C$11) -> 0.2532355 | D16: =IF(D12=0,0,D12/D$11) -> 0.23100073 | E16: =IF(E12=0,0,E12/E$11) -> 0.24835374 | F16: =IF(F12=0,0,F12/F$11) -> 0.23436374 | G16: =IF(G12=0,0,G12/G$11) -> 0.23167448 | H16: =IF(H12=0,0,H12/H$11) -> 0.22681151 | I16: =IF(I12=0,0,I12/I$11) -> 0.23804759 | ... AG16: =IF(AG12=0,0,AG12/AG$11) -> 0.20036135
A17: Inland waterways | B17: =IF(B13=0,0,B13/B$11) -> 0.74622866 | C17: =IF(C13=0,0,C13/C$11) -> 0.7467645 | D17: =IF(D13=0,0,D13/D$11) -> 0.76899927 | E17: =IF(E13=0,0,E13/E$11) -> 0.75164626 | F17: =IF(F13=0,0,F13/F$11) -> 0.76563626 | G17: =IF(G13=0,0,G13/G$11) -> 0.76832552 | H17: =IF(H13=0,0,H13/H$11) -> 0.77318849 | I17: =IF(I13=0,0,I13/I$11) -> 0.76195241 | ... AG17: =IF(AG13=0,0,AG13/AG$11) -> 0.79963865
A19: Load factor of vessels (t/movement) | B19: =IF(B3=0,0,B3/B11) -> 865.49717 | C19: =IF(C3=0,0,C3/C11) -> 891.8086 | D19: =IF(D3=0,0,D3/D11) -> 860.17818 | E19: =IF(E3=0,0,E3/E11) -> 889.64561 | F19: =IF(F3=0,0,F3/F11) -> 875.73675 | G19: =IF(G3=0,0,G3/G11) -> 872.48891 | H19: =IF(H3=0,0,H3/H11) -> 860.57562 | I19: =IF(I3=0,0,I3/I11) -> 878.08019 | ... AG19: =IF(AG3=0,0,AG3/AG11) -> 1049.8237
A20: Domestic coastal shipping | B20: =IF(B4=0,0,B4/B12) -> 1778.16 | C20: =IF(C4=0,0,C4/C12) -> 1767.4068 | D20: =IF(D4=0,0,D4/D12) -> 1709.8781 | E20: =IF(E4=0,0,E4/E12) -> 1702.542 | F20: =IF(F4=0,0,F4/F12) -> 1677.5273 | G20: =IF(G4=0,0,G4/G12) -> 1671.3015 | H20: =IF(H4=0,0,H4/H12) -> 1649.2443 | I20: =IF(I4=0,0,I4/I12) -> 1685.1274 | ... AG20: =IF(AG4=0,0,AG4/AG12) -> 2179.6323
A21: Inland waterways | B21: =IF(B5=0,0,B5/B13) -> 555.12626 | C21: =IF(C5=0,0,C5/C13) -> 594.88425 | D21: =IF(D5=0,0,D5/D13) -> 604.93567 | E21: =IF(E5=0,0,E5/E13) -> 621.05404 | F21: =IF(F5=0,0,F5/F13) -> 630.30605 | G21: =IF(G5=0,0,G5/G13) -> 631.62163 | H21: =IF(H5=0,0,H5/H13) -> 629.22307 | I21: =IF(I5=0,0,I5/I13) -> 625.94419 | ... AG21: =IF(AG5=0,0,AG5/AG13) -> 766.73334
A23: Total energy consumption (ktoe) | B23: =SUM(B24,B30) -> 6114.1184 | C23: =SUM(C24,C30) -> 6133.4981 | D23: =SUM(D24,D30) -> 6186.2451 | E23: =SUM(E24,E30) -> 5970.4725 | F23: =SUM(F24,F30) -> 6038.1968 | G23: =SUM(G24,G30) -> 5860.7525 | H23: =SUM(H24,H30) -> 6334.3611 | I23: =SUM(I24,I30) -> 6177.5926 | ... AG23: =SUM(AG24,AG30) -> 5229.3101
A24: Domestic coastal shipping | B24: =SUM(B25:B29) -> 4418.2513 | C24: =SUM(C25:C29) -> 4432.0443 | D24: =SUM(D25:D29) -> 4471.8927 | E24: =SUM(E25:E29) -> 4487.062 | F24: =SUM(F25:F29) -> 4554.8249 | G24: =SUM(G25:G29) -> 4543.567 | H24: =SUM(H25:H29) -> 4978.3077 | I24: =SUM(I25:I29) -> 4721.674 | ... AG24: =SUM(AG25:AG29) -> 4251.2375
A25: Gas oil and diesel oil (excluding biofuel portion) | B25: =AT!B25+BE!B25+BG!B25+CY!B25+CZ!B25+DE!B25+DK!B25+EE!B25+EL!B25+ES!B25+FI!B25+FR!B25+HR!B25+HU!B25+IE!B25+IT!B25+LT!B25+LU!B25+LV!B25+MT!B25+NL!B25+PL!B25+PT!B25+RO!B25+SE!B25+SI!B25+SK!B25+IS!B25+NO!B25 -> 2785.5481 | C25: =AT!C25+BE!C25+BG!C25+CY!C25+CZ!C25+DE!C25+DK!C25+EE!C25+EL!C25+ES!C25+FI!C25+FR!C25+HR!C25+HU!C25+IE!C25+IT!C25+LT!C25+LU!C25+LV!C25+MT!C25+NL!C25+PL!C25+PT!C25+RO!C25+SE!C25+SI!C25+SK!C25+IS!C25+NO!C25 -> 2881.2015 | D25: =AT!D25+BE!D25+BG!D25+CY!D25+CZ!D25+DE!D25+DK!D25+EE!D25+EL!D25+ES!D25+FI!D25+FR!D25+HR!D25+HU!D25+IE!D25+IT!D25+LT!D25+LU!D25+LV!D25+MT!D25+NL!D25+PL!D25+PT!D25+RO!D25+SE!D25+SI!D25+SK!D25+IS!D25+NO!D25 -> 2968.7987 | E25: =AT!E25+BE!E25+BG!E25+CY!E25+CZ!E25+DE!E25+DK!E25+EE!E25+EL!E25+ES!E25+FI!E25+FR!E25+HR!E25+HU!E25+IE!E25+IT!E25+LT!E25+LU!E25+LV!E25+MT!E25+NL!E25+PL!E25+PT!E25+RO!E25+SE!E25+SI!E25+SK!E25+IS!E25+NO!E25 -> 3075.6433 | F25: =AT!F25+BE!F25+BG!F25+CY!F25+CZ!F25+DE!F25+DK!F25+EE!F25+EL!F25+ES!F25+FI!F25+FR!F25+HR!F25+HU!F25+IE!F25+IT!F25+LT!F25+LU!F25+LV!F25+MT!F25+NL!F25+PL!F25+PT!F25+RO!F25+SE!F25+SI!F25+SK!F25+IS!F25+NO!F25 -> 3068.799 | G25: =AT!G25+BE!G25+BG!G25+CY!G25+CZ!G25+DE!G25+DK!G25+EE!G25+EL!G25+ES!G25+FI!G25+FR!G25+HR!G25+HU!G25+IE!G25+IT!G25+LT!G25+LU!G25+LV!G25+MT!G25+NL!G25+PL!G25+PT!G25+RO!G25+SE!G25+SI!G25+SK!G25+IS!G25+NO!G25 -> 3119.3802 | H25: =AT!H25+BE!H25+BG!H25+CY!H25+CZ!H25+DE!H25+DK!H25+EE!H25+EL!H25+ES!H25+FI!H25+FR!H25+HR!H25+HU!H25+IE!H25+IT!H25+LT!H25+LU!H25+LV!H25+MT!H25+NL!H25+PL!H25+PT!H25+RO!H25+SE!H25+SI!H25+SK!H25+IS!H25+NO!H25 -> 3229.7791 | I25: =AT!I25+BE!I25+BG!I25+CY!I25+CZ!I25+DE!I25+DK!I25+EE!I25+EL!I25+ES!I25+FI!I25+FR!I25+HR!I25+HU!I25+IE!I25+IT!I25+LT!I25+LU!I25+LV!I25+MT!I25+NL!I25+PL!I25+PT!I25+RO!I25+SE!I25+SI!I25+SK!I25+IS!I25+NO!I25 -> 3048.652 | ... AG25: =AT!AG25+BE!AG25+BG!AG25+CY!AG25+CZ!AG25+DE!AG25+DK!AG25+EE!AG25+EL!AG25+ES!AG25+FI!AG25+FR!AG25+HR!AG25+HU!AG25+IE!AG25+IT!AG25+LT!AG25+LU!AG25+LV!AG25+MT!AG25+NL!AG25+PL!AG25+PT!AG25+RO!AG25+SE!AG25+SI!AG25+SK!AG25+IS!AG25+NO!AG25 -> 2720.0905
A26: Fuel oil and Other oil products | B26: =AT!B26+BE!B26+BG!B26+CY!B26+CZ!B26+DE!B26+DK!B26+EE!B26+EL!B26+ES!B26+FI!B26+FR!B26+HR!B26+HU!B26+IE!B26+IT!B26+LT!B26+LU!B26+LV!B26+MT!B26+NL!B26+PL!B26+PT!B26+RO!B26+SE!B26+SI!B26+SK!B26+IS!B26+NO!B26 -> 1632.7031 | C26: =AT!C26+BE!C26+BG!C26+CY!C26+CZ!C26+DE!C26+DK!C26+EE!C26+EL!C26+ES!C26+FI!C26+FR!C26+HR!C26+HU!C26+IE!C26+IT!C26+LT!C26+LU!C26+LV!C26+MT!C26+NL!C26+PL!C26+PT!C26+RO!C26+SE!C26+SI!C26+SK!C26+IS!C26+NO!C26 -> 1550.8428 | D26: =AT!D26+BE!D26+BG!D26+CY!D26+CZ!D26+DE!D26+DK!D26+EE!D26+EL!D26+ES!D26+FI!D26+FR!D26+HR!D26+HU!D26+IE!D26+IT!D26+LT!D26+LU!D26+LV!D26+MT!D26+NL!D26+PL!D26+PT!D26+RO!D26+SE!D26+SI!D26+SK!D26+IS!D26+NO!D26 -> 1503.094 | E26: =AT!E26+BE!E26+BG!E26+CY!E26+CZ!E26+DE!E26+DK!E26+EE!E26+EL!E26+ES!E26+FI!E26+FR!E26+HR!E26+HU!E26+IE!E26+IT!E26+LT!E26+LU!E26+LV!E26+MT!E26+NL!E26+PL!E26+PT!E26+RO!E26+SE!E26+SI!E26+SK!E26+IS!E26+NO!E26 -> 1411.4187 | F26: =AT!F26+BE!F26+BG!F26+CY!F26+CZ!F26+DE!F26+DK!F26+EE!F26+EL!F26+ES!F26+FI!F26+FR!F26+HR!F26+HU!F26+IE!F26+IT!F26+LT!F26+LU!F26+LV!F26+MT!F26+NL!F26+PL!F26+PT!F26+RO!F26+SE!F26+SI!F26+SK!F26+IS!F26+NO!F26 -> 1486.0259 | G26: =AT!G26+BE!G26+BG!G26+CY!G26+CZ!G26+DE!G26+DK!G26+EE!G26+EL!G26+ES!G26+FI!G26+FR!G26+HR!G26+HU!G26+IE!G26+IT!G26+LT!G26+LU!G26+LV!G26+MT!G26+NL!G26+PL!G26+PT!G26+RO!G26+SE!G26+SI!G26+SK!G26+IS!G26+NO!G26 -> 1424.1868 | H26: =AT!H26+BE!H26+BG!H26+CY!H26+CZ!H26+DE!H26+DK!H26+EE!H26+EL!H26+ES!H26+FI!H26+FR!H26+HR!H26+HU!H26+IE!H26+IT!H26+LT!H26+LU!H26+LV!H26+MT!H26+NL!H26+PL!H26+PT!H26+RO!H26+SE!H26+SI!H26+SK!H26+IS!H26+NO!H26 -> 1748.5286 | I26: =AT!I26+BE!I26+BG!I26+CY!I26+CZ!I26+DE!I26+DK!I26+EE!I26+EL!I26+ES!I26+FI!I26+FR!I26+HR!I26+HU!I26+IE!I26+IT!I26+LT!I26+LU!I26+LV!I26+MT!I26+NL!I26+PL!I26+PT!I26+RO!I26+SE!I26+SI!I26+SK!I26+IS!I26+NO!I26 -> 1673.022 | ... AG26: =AT!AG26+BE!AG26+BG!AG26+CY!AG26+CZ!AG26+DE!AG26+DK!AG26+EE!AG26+EL!AG26+ES!AG26+FI!AG26+FR!AG26+HR!AG26+HU!AG26+IE!AG26+IT!AG26+LT!AG26+LU!AG26+LV!AG26+MT!AG26+NL!AG26+PL!AG26+PT!AG26+RO!AG26+SE!AG26+SI!AG26+SK!AG26+IS!AG26+NO!AG26 -> 1504.7923
A27: Blended biofuels | B27: =AT!B27+BE!B27+BG!B27+CY!B27+CZ!B27+DE!B27+DK!B27+EE!B27+EL!B27+ES!B27+FI!B27+FR!B27+HR!B27+HU!B27+IE!B27+IT!B27+LT!B27+LU!B27+LV!B27+MT!B27+NL!B27+PL!B27+PT!B27+RO!B27+SE!B27+SI!B27+SK!B27+IS!B27+NO!B27 -> 0 | C27: =AT!C27+BE!C27+BG!C27+CY!C27+CZ!C27+DE!C27+DK!C27+EE!C27+EL!C27+ES!C27+FI!C27+FR!C27+HR!C27+HU!C27+IE!C27+IT!C27+LT!C27+LU!C27+LV!C27+MT!C27+NL!C27+PL!C27+PT!C27+RO!C27+SE!C27+SI!C27+SK!C27+IS!C27+NO!C27 -> 0 | D27: =AT!D27+BE!D27+BG!D27+CY!D27+CZ!D27+DE!D27+DK!D27+EE!D27+EL!D27+ES!D27+FI!D27+FR!D27+HR!D27+HU!D27+IE!D27+IT!D27+LT!D27+LU!D27+LV!D27+MT!D27+NL!D27+PL!D27+PT!D27+RO!D27+SE!D27+SI!D27+SK!D27+IS!D27+NO!D27 -> 0 | E27: =AT!E27+BE!E27+BG!E27+CY!E27+CZ!E27+DE!E27+DK!E27+EE!E27+EL!E27+ES!E27+FI!E27+FR!E27+HR!E27+HU!E27+IE!E27+IT!E27+LT!E27+LU!E27+LV!E27+MT!E27+NL!E27+PL!E27+PT!E27+RO!E27+SE!E27+SI!E27+SK!E27+IS!E27+NO!E27 -> 0 | F27: =AT!F27+BE!F27+BG!F27+CY!F27+CZ!F27+DE!F27+DK!F27+EE!F27+EL!F27+ES!F27+FI!F27+FR!F27+HR!F27+HU!F27+IE!F27+IT!F27+LT!F27+LU!F27+LV!F27+MT!F27+NL!F27+PL!F27+PT!F27+RO!F27+SE!F27+SI!F27+SK!F27+IS!F27+NO!F27 -> 0 | G27: =AT!G27+BE!G27+BG!G27+CY!G27+CZ!G27+DE!G27+DK!G27+EE!G27+EL!G27+ES!G27+FI!G27+FR!G27+HR!G27+HU!G27+IE!G27+IT!G27+LT!G27+LU!G27+LV!G27+MT!G27+NL!G27+PL!G27+PT!G27+RO!G27+SE!G27+SI!G27+SK!G27+IS!G27+NO!G27 -> 0 | H27: =AT!H27+BE!H27+BG!H27+CY!H27+CZ!H27+DE!H27+DK!H27+EE!H27+EL!H27+ES!H27+FI!H27+FR!H27+HR!H27+HU!H27+IE!H27+IT!H27+LT!H27+LU!H27+LV!H27+MT!H27+NL!H27+PL!H27+PT!H27+RO!H27+SE!H27+SI!H27+SK!H27+IS!H27+NO!H27 -> 0 | I27: =AT!I27+BE!I27+BG!I27+CY!I27+CZ!I27+DE!I27+DK!I27+EE!I27+EL!I27+ES!I27+FI!I27+FR!I27+HR!I27+HU!I27+IE!I27+IT!I27+LT!I27+LU!I27+LV!I27+MT!I27+NL!I27+PL!I27+PT!I27+RO!I27+SE!I27+SI!I27+SK!I27+IS!I27+NO!I27 -> 0 | ... AG27: =AT!AG27+BE!AG27+BG!AG27+CY!AG27+CZ!AG27+DE!AG27+DK!AG27+EE!AG27+EL!AG27+ES!AG27+FI!AG27+FR!AG27+HR!AG27+HU!AG27+IE!AG27+IT!AG27+LT!AG27+LU!AG27+LV!AG27+MT!AG27+NL!AG27+PL!AG27+PT!AG27+RO!AG27+SE!AG27+SI!AG27+SK!AG27+IS!AG27+NO!AG27 -> 26.354723
A28: Natural gas | B28: =AT!B28+BE!B28+BG!B28+CY!B28+CZ!B28+DE!B28+DK!B28+EE!B28+EL!B28+ES!B28+FI!B28+FR!B28+HR!B28+HU!B28+IE!B28+IT!B28+LT!B28+LU!B28+LV!B28+MT!B28+NL!B28+PL!B28+PT!B28+RO!B28+SE!B28+SI!B28+SK!B28+IS!B28+NO!B28 -> 0 | C28: =AT!C28+BE!C28+BG!C28+CY!C28+CZ!C28+DE!C28+DK!C28+EE!C28+EL!C28+ES!C28+FI!C28+FR!C28+HR!C28+HU!C28+IE!C28+IT!C28+LT!C28+LU!C28+LV!C28+MT!C28+NL!C28+PL!C28+PT!C28+RO!C28+SE!C28+SI!C28+SK!C28+IS!C28+NO!C28 -> 0 | D28: =AT!D28+BE!D28+BG!D28+CY!D28+CZ!D28+DE!D28+DK!D28+EE!D28+EL!D28+ES!D28+FI!D28+FR!D28+HR!D28+HU!D28+IE!D28+IT!D28+LT!D28+LU!D28+LV!D28+MT!D28+NL!D28+PL!D28+PT!D28+RO!D28+SE!D28+SI!D28+SK!D28+IS!D28+NO!D28 -> 0 | E28: =AT!E28+BE!E28+BG!E28+CY!E28+CZ!E28+DE!E28+DK!E28+EE!E28+EL!E28+ES!E28+FI!E28+FR!E28+HR!E28+HU!E28+IE!E28+IT!E28+LT!E28+LU!E28+LV!E28+MT!E28+NL!E28+PL!E28+PT!E28+RO!E28+SE!E28+SI!E28+SK!E28+IS!E28+NO!E28 -> 0 | F28: =AT!F28+BE!F28+BG!F28+CY!F28+CZ!F28+DE!F28+DK!F28+EE!F28+EL!F28+ES!F28+FI!F28+FR!F28+HR!F28+HU!F28+IE!F28+IT!F28+LT!F28+LU!F28+LV!F28+MT!F28+NL!F28+PL!F28+PT!F28+RO!F28+SE!F28+SI!F28+SK!F28+IS!F28+NO!F28 -> 0 | G28: =AT!G28+BE!G28+BG!G28+CY!G28+CZ!G28+DE!G28+DK!G28+EE!G28+EL!G28+ES!G28+FI!G28+FR!G28+HR!G28+HU!G28+IE!G28+IT!G28+LT!G28+LU!G28+LV!G28+MT!G28+NL!G28+PL!G28+PT!G28+RO!G28+SE!G28+SI!G28+SK!G28+IS!G28+NO!G28 -> 0 | H28: =AT!H28+BE!H28+BG!H28+CY!H28+CZ!H28+DE!H28+DK!H28+EE!H28+EL!H28+ES!H28+FI!H28+FR!H28+HR!H28+HU!H28+IE!H28+IT!H28+LT!H28+LU!H28+LV!H28+MT!H28+NL!H28+PL!H28+PT!H28+RO!H28+SE!H28+SI!H28+SK!H28+IS!H28+NO!H28 -> 0 | I28: =AT!I28+BE!I28+BG!I28+CY!I28+CZ!I28+DE!I28+DK!I28+EE!I28+EL!I28+ES!I28+FI!I28+FR!I28+HR!I28+HU!I28+IE!I28+IT!I28+LT!I28+LU!I28+LV!I28+MT!I28+NL!I28+PL!I28+PT!I28+RO!I28+SE!I28+SI!I28+SK!I28+IS!I28+NO!I28 -> 0 | ... AG28: =AT!AG28+BE!AG28+BG!AG28+CY!AG28+CZ!AG28+DE!AG28+DK!AG28+EE!AG28+EL!AG28+ES!AG28+FI!AG28+FR!AG28+HR!AG28+HU!AG28+IE!AG28+IT!AG28+LT!AG28+LU!AG28+LV!AG28+MT!AG28+NL!AG28+PL!AG28+PT!AG28+RO!AG28+SE!AG28+SI!AG28+SK!AG28+IS!AG28+NO!AG28 -> 0
A29: Biogases | B29: =AT!B29+BE!B29+BG!B29+CY!B29+CZ!B29+DE!B29+DK!B29+EE!B29+EL!B29+ES!B29+FI!B29+FR!B29+HR!B29+HU!B29+IE!B29+IT!B29+LT!B29+LU!B29+LV!B29+MT!B29+NL!B29+PL!B29+PT!B29+RO!B29+SE!B29+SI!B29+SK!B29+IS!B29+NO!B29 -> 0 | C29: =AT!C29+BE!C29+BG!C29+CY!C29+CZ!C29+DE!C29+DK!C29+EE!C29+EL!C29+ES!C29+FI!C29+FR!C29+HR!C29+HU!C29+IE!C29+IT!C29+LT!C29+LU!C29+LV!C29+MT!C29+NL!C29+PL!C29+PT!C29+RO!C29+SE!C29+SI!C29+SK!C29+IS!C29+NO!C29 -> 0 | D29: =AT!D29+BE!D29+BG!D29+CY!D29+CZ!D29+DE!D29+DK!D29+EE!D29+EL!D29+ES!D29+FI!D29+FR!D29+HR!D29+HU!D29+IE!D29+IT!D29+LT!D29+LU!D29+LV!D29+MT!D29+NL!D29+PL!D29+PT!D29+RO!D29+SE!D29+SI!D29+SK!D29+IS!D29+NO!D29 -> 0 | E29: =AT!E29+BE!E29+BG!E29+CY!E29+CZ!E29+DE!E29+DK!E29+EE!E29+EL!E29+ES!E29+FI!E29+FR!E29+HR!E29+HU!E29+IE!E29+IT!E29+LT!E29+LU!E29+LV!E29+MT!E29+NL!E29+PL!E29+PT!E29+RO!E29+SE!E29+SI!E29+SK!E29+IS!E29+NO!E29 -> 0 | F29: =AT!F29+BE!F29+BG!F29+CY!F29+CZ!F29+DE!F29+DK!F29+EE!F29+EL!F29+ES!F29+FI!F29+FR!F29+HR!F29+HU!F29+IE!F29+IT!F29+LT!F29+LU!F29+LV!F29+MT!F29+NL!F29+PL!F29+PT!F29+RO!F29+SE!F29+SI!F29+SK!F29+IS!F29+NO!F29 -> 0 | G29: =AT!G29+BE!G29+BG!G29+CY!G29+CZ!G29+DE!G29+DK!G29+EE!G29+EL!G29+ES!G29+FI!G29+FR!G29+HR!G29+HU!G29+IE!G29+IT!G29+LT!G29+LU!G29+LV!G29+MT!G29+NL!G29+PL!G29+PT!G29+RO!G29+SE!G29+SI!G29+SK!G29+IS!G29+NO!G29 -> 0 | H29: =AT!H29+BE!H29+BG!H29+CY!H29+CZ!H29+DE!H29+DK!H29+EE!H29+EL!H29+ES!H29+FI!H29+FR!H29+HR!H29+HU!H29+IE!H29+IT!H29+LT!H29+LU!H29+LV!H29+MT!H29+NL!H29+PL!H29+PT!H29+RO!H29+SE!H29+SI!H29+SK!H29+IS!H29+NO!H29 -> 0 | I29: =AT!I29+BE!I29+BG!I29+CY!I29+CZ!I29+DE!I29+DK!I29+EE!I29+EL!I29+ES!I29+FI!I29+FR!I29+HR!I29+HU!I29+IE!I29+IT!I29+LT!I29+LU!I29+LV!I29+MT!I29+NL!I29+PL!I29+PT!I29+RO!I29+SE!I29+SI!I29+SK!I29+IS!I29+NO!I29 -> 0 | ... AG29: =AT!AG29+BE!AG29+BG!AG29+CY!AG29+CZ!AG29+DE!AG29+DK!AG29+EE!AG29+EL!AG29+ES!AG29+FI!AG29+FR!AG29+HR!AG29+HU!AG29+IE!AG29+IT!AG29+LT!AG29+LU!AG29+LV!AG29+MT!AG29+NL!AG29+PL!AG29+PT!AG29+RO!AG29+SE!AG29+SI!AG29+SK!AG29+IS!AG29+NO!AG29 -> 0
A30: Inland waterways | B30: =SUM(B31:B35) -> 1695.8671 | C30: =SUM(C31:C35) -> 1701.4538 | D30: =SUM(D31:D35) -> 1714.3524 | E30: =SUM(E31:E35) -> 1483.4105 | F30: =SUM(F31:F35) -> 1483.3719 | G30: =SUM(G31:G35) -> 1317.1855 | H30: =SUM(H31:H35) -> 1356.0534 | I30: =SUM(I31:I35) -> 1455.9186 | ... AG30: =SUM(AG31:AG35) -> 978.07263
A31: Gas oil and diesel oil (excluding biofuel portion) | B31: =AT!B31+BE!B31+BG!B31+CY!B31+CZ!B31+DE!B31+DK!B31+EE!B31+EL!B31+ES!B31+FI!B31+FR!B31+HR!B31+HU!B31+IE!B31+IT!B31+LT!B31+LU!B31+LV!B31+MT!B31+NL!B31+PL!B31+PT!B31+RO!B31+SE!B31+SI!B31+SK!B31+IS!B31+NO!B31 -> 1127.2051 | C31: =AT!C31+BE!C31+BG!C31+CY!C31+CZ!C31+DE!C31+DK!C31+EE!C31+EL!C31+ES!C31+FI!C31+FR!C31+HR!C31+HU!C31+IE!C31+IT!C31+LT!C31+LU!C31+LV!C31+MT!C31+NL!C31+PL!C31+PT!C31+RO!C31+SE!C31+SI!C31+SK!C31+IS!C31+NO!C31 -> 1116.6358 | D31: =AT!D31+BE!D31+BG!D31+CY!D31+CZ!D31+DE!D31+DK!D31+EE!D31+EL!D31+ES!D31+FI!D31+FR!D31+HR!D31+HU!D31+IE!D31+IT!D31+LT!D31+LU!D31+LV!D31+MT!D31+NL!D31+PL!D31+PT!D31+RO!D31+SE!D31+SI!D31+SK!D31+IS!D31+NO!D31 -> 1280.1286 | E31: =AT!E31+BE!E31+BG!E31+CY!E31+CZ!E31+DE!E31+DK!E31+EE!E31+EL!E31+ES!E31+FI!E31+FR!E31+HR!E31+HU!E31+IE!E31+IT!E31+LT!E31+LU!E31+LV!E31+MT!E31+NL!E31+PL!E31+PT!E31+RO!E31+SE!E31+SI!E31+SK!E31+IS!E31+NO!E31 -> 1219.9289 | F31: =AT!F31+BE!F31+BG!F31+CY!F31+CZ!F31+DE!F31+DK!F31+EE!F31+EL!F31+ES!F31+FI!F31+FR!F31+HR!F31+HU!F31+IE!F31+IT!F31+LT!F31+LU!F31+LV!F31+MT!F31+NL!F31+PL!F31+PT!F31+RO!F31+SE!F31+SI!F31+SK!F31+IS!F31+NO!F31 -> 1191.1307 | G31: =AT!G31+BE!G31+BG!G31+CY!G31+CZ!G31+DE!G31+DK!G31+EE!G31+EL!G31+ES!G31+FI!G31+FR!G31+HR!G31+HU!G31+IE!G31+IT!G31+LT!G31+LU!G31+LV!G31+MT!G31+NL!G31+PL!G31+PT!G31+RO!G31+SE!G31+SI!G31+SK!G31+IS!G31+NO!G31 -> 1031.2601 | H31: =AT!H31+BE!H31+BG!H31+CY!H31+CZ!H31+DE!H31+DK!H31+EE!H31+EL!H31+ES!H31+FI!H31+FR!H31+HR!H31+HU!H31+IE!H31+IT!H31+LT!H31+LU!H31+LV!H31+MT!H31+NL!H31+PL!H31+PT!H31+RO!H31+SE!H31+SI!H31+SK!H31+IS!H31+NO!H31 -> 1017.5952 | I31: =AT!I31+BE!I31+BG!I31+CY!I31+CZ!I31+DE!I31+DK!I31+EE!I31+EL!I31+ES!I31+FI!I31+FR!I31+HR!I31+HU!I31+IE!I31+IT!I31+LT!I31+LU!I31+LV!I31+MT!I31+NL!I31+PL!I31+PT!I31+RO!I31+SE!I31+SI!I31+SK!I31+IS!I31+NO!I31 -> 960.71738 | ... AG31: =AT!AG31+BE!AG31+BG!AG31+CY!AG31+CZ!AG31+DE!AG31+DK!AG31+EE!AG31+EL!AG31+ES!AG31+FI!AG31+FR!AG31+HR!AG31+HU!AG31+IE!AG31+IT!AG31+LT!AG31+LU!AG31+LV!AG31+MT!AG31+NL!AG31+PL!AG31+PT!AG31+RO!AG31+SE!AG31+SI!AG31+SK!AG31+IS!AG31+NO!AG31 -> 900.36166
A32: Fuel oil and Other oil products | B32: =AT!B32+BE!B32+BG!B32+CY!B32+CZ!B32+DE!B32+DK!B32+EE!B32+EL!B32+ES!B32+FI!B32+FR!B32+HR!B32+HU!B32+IE!B32+IT!B32+LT!B32+LU!B32+LV!B32+MT!B32+NL!B32+PL!B32+PT!B32+RO!B32+SE!B32+SI!B32+SK!B32+IS!B32+NO!B32 -> 568.66205 | C32: =AT!C32+BE!C32+BG!C32+CY!C32+CZ!C32+DE!C32+DK!C32+EE!C32+EL!C32+ES!C32+FI!C32+FR!C32+HR!C32+HU!C32+IE!C32+IT!C32+LT!C32+LU!C32+LV!C32+MT!C32+NL!C32+PL!C32+PT!C32+RO!C32+SE!C32+SI!C32+SK!C32+IS!C32+NO!C32 -> 584.818 | D32: =AT!D32+BE!D32+BG!D32+CY!D32+CZ!D32+DE!D32+DK!D32+EE!D32+EL!D32+ES!D32+FI!D32+FR!D32+HR!D32+HU!D32+IE!D32+IT!D32+LT!D32+LU!D32+LV!D32+MT!D32+NL!D32+PL!D32+PT!D32+RO!D32+SE!D32+SI!D32+SK!D32+IS!D32+NO!D32 -> 434.22384 | E32: =AT!E32+BE!E32+BG!E32+CY!E32+CZ!E32+DE!E32+DK!E32+EE!E32+EL!E32+ES!E32+FI!E32+FR!E32+HR!E32+HU!E32+IE!E32+IT!E32+LT!E32+LU!E32+LV!E32+MT!E32+NL!E32+PL!E32+PT!E32+RO!E32+SE!E32+SI!E32+SK!E32+IS!E32+NO!E32 -> 263.48159 | F32: =AT!F32+BE!F32+BG!F32+CY!F32+CZ!F32+DE!F32+DK!F32+EE!F32+EL!F32+ES!F32+FI!F32+FR!F32+HR!F32+HU!F32+IE!F32+IT!F32+LT!F32+LU!F32+LV!F32+MT!F32+NL!F32+PL!F32+PT!F32+RO!F32+SE!F32+SI!F32+SK!F32+IS!F32+NO!F32 -> 292.24125 | G32: =AT!G32+BE!G32+BG!G32+CY!G32+CZ!G32+DE!G32+DK!G32+EE!G32+EL!G32+ES!G32+FI!G32+FR!G32+HR!G32+HU!G32+IE!G32+IT!G32+LT!G32+LU!G32+LV!G32+MT!G32+NL!G32+PL!G32+PT!G32+RO!G32+SE!G32+SI!G32+SK!G32+IS!G32+NO!G32 -> 285.92546 | H32: =AT!H32+BE!H32+BG!H32+CY!H32+CZ!H32+DE!H32+DK!H32+EE!H32+EL!H32+ES!H32+FI!H32+FR!H32+HR!H32+HU!H32+IE!H32+IT!H32+LT!H32+LU!H32+LV!H32+MT!H32+NL!H32+PL!H32+PT!H32+RO!H32+SE!H32+SI!H32+SK!H32+IS!H32+NO!H32 -> 338.4582 | I32: =AT!I32+BE!I32+BG!I32+CY!I32+CZ!I32+DE!I32+DK!I32+EE!I32+EL!I32+ES!I32+FI!I32+FR!I32+HR!I32+HU!I32+IE!I32+IT!I32+LT!I32+LU!I32+LV!I32+MT!I32+NL!I32+PL!I32+PT!I32+RO!I32+SE!I32+SI!I32+SK!I32+IS!I32+NO!I32 -> 495.20126 | ... AG32: =AT!AG32+BE!AG32+BG!AG32+CY!AG32+CZ!AG32+DE!AG32+DK!AG32+EE!AG32+EL!AG32+ES!AG32+FI!AG32+FR!AG32+HR!AG32+HU!AG32+IE!AG32+IT!AG32+LT!AG32+LU!AG32+LV!AG32+MT!AG32+NL!AG32+PL!AG32+PT!AG32+RO!AG32+SE!AG32+SI!AG32+SK!AG32+IS!AG32+NO!AG32 -> 74.903873
A33: Blended biofuels | B33: =AT!B33+BE!B33+BG!B33+CY!B33+CZ!B33+DE!B33+DK!B33+EE!B33+EL!B33+ES!B33+FI!B33+FR!B33+HR!B33+HU!B33+IE!B33+IT!B33+LT!B33+LU!B33+LV!B33+MT!B33+NL!B33+PL!B33+PT!B33+RO!B33+SE!B33+SI!B33+SK!B33+IS!B33+NO!B33 -> 0 | C33: =AT!C33+BE!C33+BG!C33+CY!C33+CZ!C33+DE!C33+DK!C33+EE!C33+EL!C33+ES!C33+FI!C33+FR!C33+HR!C33+HU!C33+IE!C33+IT!C33+LT!C33+LU!C33+LV!C33+MT!C33+NL!C33+PL!C33+PT!C33+RO!C33+SE!C33+SI!C33+SK!C33+IS!C33+NO!C33 -> 0 | D33: =AT!D33+BE!D33+BG!D33+CY!D33+CZ!D33+DE!D33+DK!D33+EE!D33+EL!D33+ES!D33+FI!D33+FR!D33+HR!D33+HU!D33+IE!D33+IT!D33+LT!D33+LU!D33+LV!D33+MT!D33+NL!D33+PL!D33+PT!D33+RO!D33+SE!D33+SI!D33+SK!D33+IS!D33+NO!D33 -> 0 | E33: =AT!E33+BE!E33+BG!E33+CY!E33+CZ!E33+DE!E33+DK!E33+EE!E33+EL!E33+ES!E33+FI!E33+FR!E33+HR!E33+HU!E33+IE!E33+IT!E33+LT!E33+LU!E33+LV!E33+MT!E33+NL!E33+PL!E33+PT!E33+RO!E33+SE!E33+SI!E33+SK!E33+IS!E33+NO!E33 -> 0 | F33: =AT!F33+BE!F33+BG!F33+CY!F33+CZ!F33+DE!F33+DK!F33+EE!F33+EL!F33+ES!F33+FI!F33+FR!F33+HR!F33+HU!F33+IE!F33+IT!F33+LT!F33+LU!F33+LV!F33+MT!F33+NL!F33+PL!F33+PT!F33+RO!F33+SE!F33+SI!F33+SK!F33+IS!F33+NO!F33 -> 0 | G33: =AT!G33+BE!G33+BG!G33+CY!G33+CZ!G33+DE!G33+DK!G33+EE!G33+EL!G33+ES!G33+FI!G33+FR!G33+HR!G33+HU!G33+IE!G33+IT!G33+LT!G33+LU!G33+LV!G33+MT!G33+NL!G33+PL!G33+PT!G33+RO!G33+SE!G33+SI!G33+SK!G33+IS!G33+NO!G33 -> 0 | H33: =AT!H33+BE!H33+BG!H33+CY!H33+CZ!H33+DE!H33+DK!H33+EE!H33+EL!H33+ES!H33+FI!H33+FR!H33+HR!H33+HU!H33+IE!H33+IT!H33+LT!H33+LU!H33+LV!H33+MT!H33+NL!H33+PL!H33+PT!H33+RO!H33+SE!H33+SI!H33+SK!H33+IS!H33+NO!H33 -> 0 | I33: =AT!I33+BE!I33+BG!I33+CY!I33+CZ!I33+DE!I33+DK!I33+EE!I33+EL!I33+ES!I33+FI!I33+FR!I33+HR!I33+HU!I33+IE!I33+IT!I33+LT!I33+LU!I33+LV!I33+MT!I33+NL!I33+PL!I33+PT!I33+RO!I33+SE!I33+SI!I33+SK!I33+IS!I33+NO!I33 -> 0 | ... AG33: =AT!AG33+BE!AG33+BG!AG33+CY!AG33+CZ!AG33+DE!AG33+DK!AG33+EE!AG33+EL!AG33+ES!AG33+FI!AG33+FR!AG33+HR!AG33+HU!AG33+IE!AG33+IT!AG33+LT!AG33+LU!AG33+LV!AG33+MT!AG33+NL!AG33+PL!AG33+PT!AG33+RO!AG33+SE!AG33+SI!AG33+SK!AG33+IS!AG33+NO!AG33 -> 2.8071001
A34: Natural gas | B34: =AT!B34+BE!B34+BG!B34+CY!B34+CZ!B34+DE!B34+DK!B34+EE!B34+EL!B34+ES!B34+FI!B34+FR!B34+HR!B34+HU!B34+IE!B34+IT!B34+LT!B34+LU!B34+LV!B34+MT!B34+NL!B34+PL!B34+PT!B34+RO!B34+SE!B34+SI!B34+SK!B34+IS!B34+NO!B34 -> 0 | C34: =AT!C34+BE!C34+BG!C34+CY!C34+CZ!C34+DE!C34+DK!C34+EE!C34+EL!C34+ES!C34+FI!C34+FR!C34+HR!C34+HU!C34+IE!C34+IT!C34+LT!C34+LU!C34+LV!C34+MT!C34+NL!C34+PL!C34+PT!C34+RO!C34+SE!C34+SI!C34+SK!C34+IS!C34+NO!C34 -> 0 | D34: =AT!D34+BE!D34+BG!D34+CY!D34+CZ!D34+DE!D34+DK!D34+EE!D34+EL!D34+ES!D34+FI!D34+FR!D34+HR!D34+HU!D34+IE!D34+IT!D34+LT!D34+LU!D34+LV!D34+MT!D34+NL!D34+PL!D34+PT!D34+RO!D34+SE!D34+SI!D34+SK!D34+IS!D34+NO!D34 -> 0 | E34: =AT!E34+BE!E34+BG!E34+CY!E34+CZ!E34+DE!E34+DK!E34+EE!E34+EL!E34+ES!E34+FI!E34+FR!E34+HR!E34+HU!E34+IE!E34+IT!E34+LT!E34+LU!E34+LV!E34+MT!E34+NL!E34+PL!E34+PT!E34+RO!E34+SE!E34+SI!E34+SK!E34+IS!E34+NO!E34 -> 0 | F34: =AT!F34+BE!F34+BG!F34+CY!F34+CZ!F34+DE!F34+DK!F34+EE!F34+EL!F34+ES!F34+FI!F34+FR!F34+HR!F34+HU!F34+IE!F34+IT!F34+LT!F34+LU!F34+LV!F34+MT!F34+NL!F34+PL!F34+PT!F34+RO!F34+SE!F34+SI!F34+SK!F34+IS!F34+NO!F34 -> 0 | G34: =AT!G34+BE!G34+BG!G34+CY!G34+CZ!G34+DE!G34+DK!G34+EE!G34+EL!G34+ES!G34+FI!G34+FR!G34+HR!G34+HU!G34+IE!G34+IT!G34+LT!G34+LU!G34+LV!G34+MT!G34+NL!G34+PL!G34+PT!G34+RO!G34+SE!G34+SI!G34+SK!G34+IS!G34+NO!G34 -> 0 | H34: =AT!H34+BE!H34+BG!H34+CY!H34+CZ!H34+DE!H34+DK!H34+EE!H34+EL!H34+ES!H34+FI!H34+FR!H34+HR!H34+HU!H34+IE!H34+IT!H34+LT!H34+LU!H34+LV!H34+MT!H34+NL!H34+PL!H34+PT!H34+RO!H34+SE!H34+SI!H34+SK!H34+IS!H34+NO!H34 -> 0 | I34: =AT!I34+BE!I34+BG!I34+CY!I34+CZ!I34+DE!I34+DK!I34+EE!I34+EL!I34+ES!I34+FI!I34+FR!I34+HR!I34+HU!I34+IE!I34+IT!I34+LT!I34+LU!I34+LV!I34+MT!I34+NL!I34+PL!I34+PT!I34+RO!I34+SE!I34+SI!I34+SK!I34+IS!I34+NO!I34 -> 0 | ... AG34: =AT!AG34+BE!AG34+BG!AG34+CY!AG34+CZ!AG34+DE!AG34+DK!AG34+EE!AG34+EL!AG34+ES!AG34+FI!AG34+FR!AG34+HR!AG34+HU!AG34+IE!AG34+IT!AG34+LT!AG34+LU!AG34+LV!AG34+MT!AG34+NL!AG34+PL!AG34+PT!AG34+RO!AG34+SE!AG34+SI!AG34+SK!AG34+IS!AG34+NO!AG34 -> 0
A35: Biogases | B35: =AT!B35+BE!B35+BG!B35+CY!B35+CZ!B35+DE!B35+DK!B35+EE!B35+EL!B35+ES!B35+FI!B35+FR!B35+HR!B35+HU!B35+IE!B35+IT!B35+LT!B35+LU!B35+LV!B35+MT!B35+NL!B35+PL!B35+PT!B35+RO!B35+SE!B35+SI!B35+SK!B35+IS!B35+NO!B35 -> 0 | C35: =AT!C35+BE!C35+BG!C35+CY!C35+CZ!C35+DE!C35+DK!C35+EE!C35+EL!C35+ES!C35+FI!C35+FR!C35+HR!C35+HU!C35+IE!C35+IT!C35+LT!C35+LU!C35+LV!C35+MT!C35+NL!C35+PL!C35+PT!C35+RO!C35+SE!C35+SI!C35+SK!C35+IS!C35+NO!C35 -> 0 | D35: =AT!D35+BE!D35+BG!D35+CY!D35+CZ!D35+DE!D35+DK!D35+EE!D35+EL!D35+ES!D35+FI!D35+FR!D35+HR!D35+HU!D35+IE!D35+IT!D35+LT!D35+LU!D35+LV!D35+MT!D35+NL!D35+PL!D35+PT!D35+RO!D35+SE!D35+SI!D35+SK!D35+IS!D35+NO!D35 -> 0 | E35: =AT!E35+BE!E35+BG!E35+CY!E35+CZ!E35+DE!E35+DK!E35+EE!E35+EL!E35+ES!E35+FI!E35+FR!E35+HR!E35+HU!E35+IE!E35+IT!E35+LT!E35+LU!E35+LV!E35+MT!E35+NL!E35+PL!E35+PT!E35+RO!E35+SE!E35+SI!E35+SK!E35+IS!E35+NO!E35 -> 0 | F35: =AT!F35+BE!F35+BG!F35+CY!F35+CZ!F35+DE!F35+DK!F35+EE!F35+EL!F35+ES!F35+FI!F35+FR!F35+HR!F35+HU!F35+IE!F35+IT!F35+LT!F35+LU!F35+LV!F35+MT!F35+NL!F35+PL!F35+PT!F35+RO!F35+SE!F35+SI!F35+SK!F35+IS!F35+NO!F35 -> 0 | G35: =AT!G35+BE!G35+BG!G35+CY!G35+CZ!G35+DE!G35+DK!G35+EE!G35+EL!G35+ES!G35+FI!G35+FR!G35+HR!G35+HU!G35+IE!G35+IT!G35+LT!G35+LU!G35+LV!G35+MT!G35+NL!G35+PL!G35+PT!G35+RO!G35+SE!G35+SI!G35+SK!G35+IS!G35+NO!G35 -> 0 | H35: =AT!H35+BE!H35+BG!H35+CY!H35+CZ!H35+DE!H35+DK!H35+EE!H35+EL!H35+ES!H35+FI!H35+FR!H35+HR!H35+HU!H35+IE!H35+IT!H35+LT!H35+LU!H35+LV!H35+MT!H35+NL!H35+PL!H35+PT!H35+RO!H35+SE!H35+SI!H35+SK!H35+IS!H35+NO!H35 -> 0 | I35: =AT!I35+BE!I35+BG!I35+CY!I35+CZ!I35+DE!I35+DK!I35+EE!I35+EL!I35+ES!I35+FI!I35+FR!I35+HR!I35+HU!I35+IE!I35+IT!I35+LT!I35+LU!I35+LV!I35+MT!I35+NL!I35+PL!I35+PT!I35+RO!I35+SE!I35+SI!I35+SK!I35+IS!I35+NO!I35 -> 0 | ... AG35: =AT!AG35+BE!AG35+BG!AG35+CY!AG35+CZ!AG35+DE!AG35+DK!AG35+EE!AG35+EL!AG35+ES!AG35+FI!AG35+FR!AG35+HR!AG35+HU!AG35+IE!AG35+IT!AG35+LT!AG35+LU!AG35+LV!AG35+MT!AG35+NL!AG35+PL!AG35+PT!AG35+RO!AG35+SE!AG35+SI!AG35+SK!AG35+IS!AG35+NO!AG35 -> 0
A36: * As reported in the Eurostat energy balances
A38: Energy intensity over activity (kgoe / 000 tkm) | B38: =IF(B23=0,0,B23/(B3/1000)) -> 25.82825 | C38: =IF(C23=0,0,C23/(C3/1000)) -> 27.203523 | D38: =IF(D23=0,0,D23/(D3/1000)) -> 29.977901 | E38: =IF(E23=0,0,E23/(E3/1000)) -> 28.846448 | F38: =IF(F23=0,0,F23/(F3/1000)) -> 28.392091 | G38: =IF(G23=0,0,G23/(G3/1000)) -> 27.202405 | H38: =IF(H23=0,0,H23/(H3/1000)) -> 30.49652 | I38: =IF(I23=0,0,I23/(I3/1000)) -> 26.663255 | ... AG38: =IF(AG23=0,0,AG23/(AG3/1000)) -> 22.443192
A39: Domestic coastal shipping | B39: =IF(B24=0,0,B24/(B4/1000)) -> 35.798415 | C39: =IF(C24=0,0,C24/(C4/1000)) -> 39.168013 | D39: =IF(D24=0,0,D24/(D4/1000)) -> 47.192761 | E39: =IF(E24=0,0,E24/(E4/1000)) -> 45.613586 | F39: =IF(F24=0,0,F24/(F4/1000)) -> 47.706256 | G39: =IF(G24=0,0,G24/(G4/1000)) -> 47.520149 | H39: =IF(H24=0,0,H24/(H4/1000)) -> 55.140178 | I39: =IF(I24=0,0,I24/(I4/1000)) -> 44.609521 | ... AG39: =IF(AG24=0,0,AG24/(AG4/1000)) -> 43.86062
A40: Inland waterways | B40: =IF(B30=0,0,B30/(B5/1000)) -> 14.967695 | C40: =IF(C30=0,0,C30/(C5/1000)) -> 15.149301 | D40: =IF(D30=0,0,D30/(D5/1000)) -> 15.361283 | E40: =IF(E30=0,0,E30/(E5/1000)) -> 13.659007 | F40: =IF(F30=0,0,F30/(F5/1000)) -> 12.657262 | G40: =IF(G30=0,0,G30/(G5/1000)) -> 10.99154 | H40: =IF(H30=0,0,H30/(H5/1000)) -> 11.548439 | I40: =IF(I30=0,0,I30/(I5/1000)) -> 11.569158 | ... AG40: =IF(AG30=0,0,AG30/(AG5/1000)) -> 7.1876939
A42: Shares of total energy consumption (%) | B42: =IF(B23=0,0,B23/B$23) -> 1 | C42: =IF(C23=0,0,C23/C$23) -> 1 | D42: =IF(D23=0,0,D23/D$23) -> 1 | E42: =IF(E23=0,0,E23/E$23) -> 1 | F42: =IF(F23=0,0,F23/F$23) -> 1 | G42: =IF(G23=0,0,G23/G$23) -> 1 | H42: =IF(H23=0,0,H23/H$23) -> 1 | I42: =IF(I23=0,0,I23/I$23) -> 1 | ... AG42: =IF(AG23=0,0,AG23/AG$23) -> 1
A43: Domestic coastal shipping | B43: =IF(B24=0,0,B24/B$23) -> 0.72263096 | C43: =IF(C24=0,0,C24/C$23) -> 0.72259651 | D43: =IF(D24=0,0,D24/D$23) -> 0.72287674 | E43: =IF(E24=0,0,E24/E$23) -> 0.75154219 | F43: =IF(F24=0,0,F24/F$23) -> 0.75433528 | G43: =IF(G24=0,0,G24/G$23) -> 0.77525318 | H43: =IF(H24=0,0,H24/H$23) -> 0.78592105 | I43: =IF(I24=0,0,I24/I$23) -> 0.76432265 | ... AG43: =IF(AG24=0,0,AG24/AG$23) -> 0.81296335
A44: Inland waterways | B44: =IF(B30=0,0,B30/B$23) -> 0.27736904 | C44: =IF(C30=0,0,C30/C$23) -> 0.27740349 | D44: =IF(D30=0,0,D30/D$23) -> 0.27712326 | E44: =IF(E30=0,0,E30/E$23) -> 0.24845781 | F44: =IF(F30=0,0,F30/F$23) -> 0.24566472 | G44: =IF(G30=0,0,G30/G$23) -> 0.22474682 | H44: =IF(H30=0,0,H30/H$23) -> 0.21407895 | I44: =IF(I30=0,0,I30/I$23) -> 0.23567735 | ... AG44: =IF(AG30=0,0,AG30/AG$23) -> 0.18703665
A46: Vehicle-efficiency - effective (kgoe/100 km) | B46: =IF(B23=0,0,100*B23/B11) -> 2235.4277 | C46: =IF(C23=0,0,100*C23/C11) -> 2426.0336 | D46: =IF(D23=0,0,100*D23/D11) -> 2578.6336 | E46: =IF(E23=0,0,100*E23/E11) -> 2566.3115 | F46: =IF(F23=0,0,100*F23/F11) -> 2486.3997 | G46: =IF(G23=0,0,100*G23/G11) -> 2373.3797 | H46: =IF(H23=0,0,100*H23/H11) -> 2624.4562 | I46: =IF(I23=0,0,100*I23/I11) -> 2341.2476 | ... AG46: =IF(AG23=0,0,100*AG23/AG11) -> 2356.1394
A47: Domestic coastal shipping | B47: =IF(B24=0,0,100*B24/B12) -> 6365.5308 | C47: =IF(C24=0,0,100*C24/C12) -> 6922.5814 | D47: =IF(D24=0,0,100*D24/D12) -> 8069.3867 | E47: =IF(E24=0,0,100*E24/E12) -> 7765.9045 | F47: =IF(F24=0,0,100*F24/F12) -> 8002.8549 | G47: =IF(G24=0,0,100*G24/G12) -> 7942.0494 | H47: =IF(H24=0,0,100*H24/H12) -> 9093.9622 | I47: =IF(I24=0,0,100*I24/I12) -> 7517.2724 | ... AG47: =IF(AG24=0,0,100*AG24/AG12) -> 9560.0025
A48: Inland waterways | B48: =IF(B30=0,0,100*B30/B13) -> 830.89605 | C48: =IF(C30=0,0,100*C30/C13) -> 901.20807 | D48: =IF(D30=0,0,100*D30/D13) -> 929.25881 | E48: =IF(E30=0,0,100*E30/E13) -> 848.29817 | F48: =IF(F30=0,0,100*F30/F13) -> 797.79488 | G48: =IF(G30=0,0,100*G30/G13) -> 694.24941 | H48: =IF(H30=0,0,100*H30/H13) -> 726.65442 | I48: =IF(I30=0,0,100*I30/I13) -> 724.1647 | ... AG48: =IF(AG30=0,0,100*AG30/AG13) -> 551.10445
A49: * Based on the energy consumption figures reported in the Eurostat energy balances
A51: Vehicle-efficiency - theoretical (kgoe/100 km) | B51: 2378.146 | C51: 2578.2748 | D51: 2805.3394 | E51: 2784.0982 | F51: 2692.1799 | G51: 2559.2647 | H51: 2868.9452 | I51: 2483.9766 | J51: 2445.6946 | K51: 2738.4491 | L51: 2401.594 | M51: 2726.1272 | N51: 2880.435 | O51: 2887.4935 | P51: 2739.3735 | Q51: 2599.664 | R51: 2780.3366 | S51: 2581.293 | T51: 2580.3356 | U51: 2791.3326 | V51: 2657.0393 | W51: 2198.2315 | X51: 2149.4926 | Y51: 2013.0754 | Z51: 1911.5927 | AA51: 2065.3263 | AB51: 2233.8008 | AC51: 2396.3279 | AD51: 2421.1867 | AE51: 2379.0054 | AF51: 2161.9588 | AG51: 2119.8264
A52: Domestic coastal shipping | B52: 6981.474 | C52: 7616.054 | D52: 8705.956 | E52: 8207.2282 | F52: 8205.0251 | G52: 7847.8966 | H52: 8898.688 | I52: 7580.2876 | J52: 7306.7393 | K52: 8036.8879 | L52: 7698.7353 | M52: 9042.1562 | N52: 9532.8331 | O52: 9592.6249 | P52: 9373.2824 | Q52: 8970.3291 | R52: 8579.8844 | S52: 8553.3655 | T52: 8963.4211 | U52: 9073.6363 | V52: 8824.5382 | W52: 7611.6811 | X52: 7524.1284 | Y52: 7112.8093 | Z52: 6434.5379 | AA52: 6711.2228 | AB52: 7344.1346 | AC52: 8371.9571 | AD52: 7815.0264 | AE52: 7625.7084 | AF52: 6954.7046 | AG52: 7414.5132
A53: Inland waterways | B53: 685.46653 | C53: 769.47598 | D53: 918.01151 | E53: 875.40923 | F53: 892.70298 | G53: 859.24599 | H53: 990.13919 | I53: 820.00159 | J53: 790.97765 | K53: 872.92396 | L53: 830.76827 | M53: 978.91545 | N53: 981.26162 | O53: 1000.4426 | P53: 986.97686 | Q53: 912.96703 | R53: 895.82268 | S53: 890.54015 | T53: 874.75985 | U53: 932.97325 | V53: 884.24569 | W53: 727.17555 | X53: 748.13162 | Y53: 734.94601 | Z53: 650.55187 | AA53: 701.81857 | AB53: 734.52739 | AC53: 771.38691 | AD53: 735.89199 | AE53: 737.56978 | AF53: 715.22123 | AG53: 739.5357
A54: * Based on the total mileage
A56: Discrepancy between effective and theoretical efficiencies (ratio) | B56: =IF(B46=0,0,B46/B51) -> 0.93998759 | C56: =IF(C46=0,0,C46/C51) -> 0.94095229 | D56: =IF(D46=0,0,D46/D51) -> 0.91918776 | E56: =IF(E46=0,0,E46/E51) -> 0.92177478 | F56: =IF(F46=0,0,F46/F51) -> 0.92356373 | G56: =IF(G46=0,0,G46/G51) -> 0.92736779 | H56: =IF(H46=0,0,H46/H51) -> 0.91478086 | I56: =IF(I46=0,0,I46/I51) -> 0.94254014 | ... AG56: =IF(AG46=0,0,AG46/AG51) -> 1.1114775
A57: Domestic coastal shipping | B57: =IF(B47=0,0,B47/B52) -> 0.91177461 | C57: =IF(C47=0,0,C47/C52) -> 0.90894595 | D57: =IF(D47=0,0,D47/D52) -> 0.92688117 | E57: =IF(E47=0,0,E47/E52) -> 0.94622743 | F57: =IF(F47=0,0,F47/F52) -> 0.9753602 | G57: =IF(G47=0,0,G47/G52) -> 1.0119972 | H57: =IF(H47=0,0,H47/H52) -> 1.0219442 | I57: =IF(I47=0,0,I47/I52) -> 0.99168696 | ... AG57: =IF(AG47=0,0,AG47/AG52) -> 1.2893635
A58: Inland waterways | B58: =IF(B48=0,0,B48/B53) -> 1.2121614 | C58: =IF(C48=0,0,C48/C53) -> 1.1711971 | D58: =IF(D48=0,0,D48/D53) -> 1.0122518 | E58: =IF(E48=0,0,E48/E53) -> 0.96903042 | F58: =IF(F48=0,0,F48/F53) -> 0.89368456 | G58: =IF(G48=0,0,G48/G53) -> 0.80797514 | H58: =IF(H48=0,0,H48/H53) -> 0.73389118 | I58: =IF(I48=0,0,I48/I53) -> 0.88312597 | ... AG58: =IF(AG48=0,0,AG48/AG53) -> 0.74520331
A60: Emission factors (kt CO2 / ktoe) | B60: =IF(B64=0,0,B64/B23) -> 3.1237739 | C60: =IF(C64=0,0,C64/C23) -> 3.1235007 | D60: =IF(D64=0,0,D64/D23) -> 3.1197952 | E60: =IF(E64=0,0,E64/E23) -> 3.1139002 | F60: =IF(F64=0,0,F64/F23) -> 3.1158357 | G60: =IF(G64=0,0,G64/G23) -> 3.1133006 | H60: =IF(H64=0,0,H64/H23) -> 3.1199043 | I60: =IF(I64=0,0,I64/I23) -> 3.1222491 | ... AG60: =IF(AG64=0,0,AG64/AG23) -> 3.0990337
A61: Domestic coastal shipping | B61: =IF(B65=0,0,B65/B24) -> 3.1216369 | C61: =IF(C65=0,0,C65/C24) -> 3.1175357 | D61: =IF(D65=0,0,D65/D24) -> 3.1171116 | E61: =IF(E65=0,0,E65/E24) -> 3.1136486 | F61: =IF(F65=0,0,F65/F24) -> 3.1153333 | G61: =IF(G65=0,0,G65/G24) -> 3.1116267 | H61: =IF(H65=0,0,H65/H24) -> 3.1189512 | I61: =IF(I65=0,0,I65/I24) -> 3.1178223 | ... AG61: =IF(AG65=0,0,AG65/AG24) -> 3.1034825
A62: Inland waterways | B62: =IF(B66=0,0,B66/B30) -> 3.1293413 | C62: =IF(C66=0,0,C66/C30) -> 3.1390388 | D62: =IF(D66=0,0,D66/D30) -> 3.1267954 | E62: =IF(E66=0,0,E66/E30) -> 3.1146615 | F62: =IF(F66=0,0,F66/F30) -> 3.1173785 | G62: =IF(G66=0,0,G66/G30) -> 3.1190748 | H62: =IF(H66=0,0,H66/H30) -> 3.1234034 | I62: =IF(I66=0,0,I66/I30) -> 3.1366058 | ... AG62: =IF(AG66=0,0,AG66/AG30) -> 3.0796967
A64: CO2 emissions (kt CO2) | B64: =SUM(B65:B66) -> 19099.123 | C64: =SUM(C65:C66) -> 19157.986 | D64: =SUM(D65:D66) -> 19299.818 | E64: =SUM(E65:E66) -> 18591.456 | F64: =SUM(F65:F66) -> 18814.029 | G64: =SUM(G65:G66) -> 18246.285 | H64: =SUM(H65:H66) -> 19762.601 | I64: =SUM(I65:I66) -> 19287.983 | ... AG64: =SUM(AG65:AG66) -> 16205.808
A65: Domestic coastal shipping | B65: =AT!B65+BE!B65+BG!B65+CY!B65+CZ!B65+DE!B65+DK!B65+EE!B65+EL!B65+ES!B65+FI!B65+FR!B65+HR!B65+HU!B65+IE!B65+IT!B65+LT!B65+LU!B65+LV!B65+MT!B65+NL!B65+PL!B65+PT!B65+RO!B65+SE!B65+SI!B65+SK!B65+IS!B65+NO!B65 -> 13792.176 | C65: =AT!C65+BE!C65+BG!C65+CY!C65+CZ!C65+DE!C65+DK!C65+EE!C65+EL!C65+ES!C65+FI!C65+FR!C65+HR!C65+HU!C65+IE!C65+IT!C65+LT!C65+LU!C65+LV!C65+MT!C65+NL!C65+PL!C65+PT!C65+RO!C65+SE!C65+SI!C65+SK!C65+IS!C65+NO!C65 -> 13817.056 | D65: =AT!D65+BE!D65+BG!D65+CY!D65+CZ!D65+DE!D65+DK!D65+EE!D65+EL!D65+ES!D65+FI!D65+FR!D65+HR!D65+HU!D65+IE!D65+IT!D65+LT!D65+LU!D65+LV!D65+MT!D65+NL!D65+PL!D65+PT!D65+RO!D65+SE!D65+SI!D65+SK!D65+IS!D65+NO!D65 -> 13939.389 | E65: =AT!E65+BE!E65+BG!E65+CY!E65+CZ!E65+DE!E65+DK!E65+EE!E65+EL!E65+ES!E65+FI!E65+FR!E65+HR!E65+HU!E65+IE!E65+IT!E65+LT!E65+LU!E65+LV!E65+MT!E65+NL!E65+PL!E65+PT!E65+RO!E65+SE!E65+SI!E65+SK!E65+IS!E65+NO!E65 -> 13971.134 | F65: =AT!F65+BE!F65+BG!F65+CY!F65+CZ!F65+DE!F65+DK!F65+EE!F65+EL!F65+ES!F65+FI!F65+FR!F65+HR!F65+HU!F65+IE!F65+IT!F65+LT!F65+LU!F65+LV!F65+MT!F65+NL!F65+PL!F65+PT!F65+RO!F65+SE!F65+SI!F65+SK!F65+IS!F65+NO!F65 -> 14189.797 | G65: =AT!G65+BE!G65+BG!G65+CY!G65+CZ!G65+DE!G65+DK!G65+EE!G65+EL!G65+ES!G65+FI!G65+FR!G65+HR!G65+HU!G65+IE!G65+IT!G65+LT!G65+LU!G65+LV!G65+MT!G65+NL!G65+PL!G65+PT!G65+RO!G65+SE!G65+SI!G65+SK!G65+IS!G65+NO!G65 -> 14137.884 | H65: =AT!H65+BE!H65+BG!H65+CY!H65+CZ!H65+DE!H65+DK!H65+EE!H65+EL!H65+ES!H65+FI!H65+FR!H65+HR!H65+HU!H65+IE!H65+IT!H65+LT!H65+LU!H65+LV!H65+MT!H65+NL!H65+PL!H65+PT!H65+RO!H65+SE!H65+SI!H65+SK!H65+IS!H65+NO!H65 -> 15527.099 | I65: =AT!I65+BE!I65+BG!I65+CY!I65+CZ!I65+DE!I65+DK!I65+EE!I65+EL!I65+ES!I65+FI!I65+FR!I65+HR!I65+HU!I65+IE!I65+IT!I65+LT!I65+LU!I65+LV!I65+MT!I65+NL!I65+PL!I65+PT!I65+RO!I65+SE!I65+SI!I65+SK!I65+IS!I65+NO!I65 -> 14721.34 | ... AG65: =AT!AG65+BE!AG65+BG!AG65+CY!AG65+CZ!AG65+DE!AG65+DK!AG65+EE!AG65+EL!AG65+ES!AG65+FI!AG65+FR!AG65+HR!AG65+HU!AG65+IE!AG65+IT!AG65+LT!AG65+LU!AG65+LV!AG65+MT!AG65+NL!AG65+PL!AG65+PT!AG65+RO!AG65+SE!AG65+SI!AG65+SK!AG65+IS!AG65+NO!AG65 -> 13193.641
A66: Inland waterways | B66: =AT!B66+BE!B66+BG!B66+CY!B66+CZ!B66+DE!B66+DK!B66+EE!B66+EL!B66+ES!B66+FI!B66+FR!B66+HR!B66+HU!B66+IE!B66+IT!B66+LT!B66+LU!B66+LV!B66+MT!B66+NL!B66+PL!B66+PT!B66+RO!B66+SE!B66+SI!B66+SK!B66+IS!B66+NO!B66 -> 5306.9471 | C66: =AT!C66+BE!C66+BG!C66+CY!C66+CZ!C66+DE!C66+DK!C66+EE!C66+EL!C66+ES!C66+FI!C66+FR!C66+HR!C66+HU!C66+IE!C66+IT!C66+LT!C66+LU!C66+LV!C66+MT!C66+NL!C66+PL!C66+PT!C66+RO!C66+SE!C66+SI!C66+SK!C66+IS!C66+NO!C66 -> 5340.9295 | D66: =AT!D66+BE!D66+BG!D66+CY!D66+CZ!D66+DE!D66+DK!D66+EE!D66+EL!D66+ES!D66+FI!D66+FR!D66+HR!D66+HU!D66+IE!D66+IT!D66+LT!D66+LU!D66+LV!D66+MT!D66+NL!D66+PL!D66+PT!D66+RO!D66+SE!D66+SI!D66+SK!D66+IS!D66+NO!D66 -> 5360.4292 | E66: =AT!E66+BE!E66+BG!E66+CY!E66+CZ!E66+DE!E66+DK!E66+EE!E66+EL!E66+ES!E66+FI!E66+FR!E66+HR!E66+HU!E66+IE!E66+IT!E66+LT!E66+LU!E66+LV!E66+MT!E66+NL!E66+PL!E66+PT!E66+RO!E66+SE!E66+SI!E66+SK!E66+IS!E66+NO!E66 -> 4620.3216 | F66: =AT!F66+BE!F66+BG!F66+CY!F66+CZ!F66+DE!F66+DK!F66+EE!F66+EL!F66+ES!F66+FI!F66+FR!F66+HR!F66+HU!F66+IE!F66+IT!F66+LT!F66+LU!F66+LV!F66+MT!F66+NL!F66+PL!F66+PT!F66+RO!F66+SE!F66+SI!F66+SK!F66+IS!F66+NO!F66 -> 4624.2318 | G66: =AT!G66+BE!G66+BG!G66+CY!G66+CZ!G66+DE!G66+DK!G66+EE!G66+EL!G66+ES!G66+FI!G66+FR!G66+HR!G66+HU!G66+IE!G66+IT!G66+LT!G66+LU!G66+LV!G66+MT!G66+NL!G66+PL!G66+PT!G66+RO!G66+SE!G66+SI!G66+SK!G66+IS!G66+NO!G66 -> 4108.4002 | H66: =AT!H66+BE!H66+BG!H66+CY!H66+CZ!H66+DE!H66+DK!H66+EE!H66+EL!H66+ES!H66+FI!H66+FR!H66+HR!H66+HU!H66+IE!H66+IT!H66+LT!H66+LU!H66+LV!H66+MT!H66+NL!H66+PL!H66+PT!H66+RO!H66+SE!H66+SI!H66+SK!H66+IS!H66+NO!H66 -> 4235.5018 | I66: =AT!I66+BE!I66+BG!I66+CY!I66+CZ!I66+DE!I66+DK!I66+EE!I66+EL!I66+ES!I66+FI!I66+FR!I66+HR!I66+HU!I66+IE!I66+IT!I66+LT!I66+LU!I66+LV!I66+MT!I66+NL!I66+PL!I66+PT!I66+RO!I66+SE!I66+SI!I66+SK!I66+IS!I66+NO!I66 -> 4566.6428 | ... AG66: =AT!AG66+BE!AG66+BG!AG66+CY!AG66+CZ!AG66+DE!AG66+DK!AG66+EE!AG66+EL!AG66+ES!AG66+FI!AG66+FR!AG66+HR!AG66+HU!AG66+IE!AG66+IT!AG66+LT!AG66+LU!AG66+LV!AG66+MT!AG66+NL!AG66+PL!AG66+PT!AG66+RO!AG66+SE!AG66+SI!AG66+SK!AG66+IS!AG66+NO!AG66 -> 3012.1671
A67: * Based on the energy consumption figures reported in the Eurostat energy balances
A69: Emission intensity (kg of CO2 / 100 km) | B69: =IF(B64=0,0,100*B64/B11) -> 6982.9708 | C69: =IF(C64=0,0,100*C64/C11) -> 7577.7177 | D69: =IF(D64=0,0,100*D64/D11) -> 8044.8088 | E69: =IF(E64=0,0,100*E64/E11) -> 7991.2381 | F69: =IF(F64=0,0,100*F64/F11) -> 7747.213 | G69: =IF(G64=0,0,100*G64/G11) -> 7389.0444 | H69: =IF(H64=0,0,100*H64/H11) -> 8188.0521 | I69: =IF(I64=0,0,100*I64/I11) -> 7309.9584 | ... AG69: =IF(AG64=0,0,100*AG64/AG11) -> 7301.7556
A70: Domestic coastal shipping | B70: =IF(B65=0,0,100*B65/B12) -> 19870.876 | C70: =IF(C65=0,0,100*C65/C12) -> 21581.395 | D70: =IF(D65=0,0,100*D65/D12) -> 25153.179 | E70: =IF(E65=0,0,100*E65/E12) -> 24180.297 | F70: =IF(F65=0,0,100*F65/F12) -> 24931.56 | G70: =IF(G65=0,0,100*G65/G12) -> 24712.693 | H70: =IF(H65=0,0,100*H65/H12) -> 28363.624 | I70: =IF(I65=0,0,100*I65/I12) -> 23437.52 | ... AG70: =IF(AG65=0,0,100*AG65/AG12) -> 29669.301
A71: Inland waterways | B71: =IF(B66=0,0,100*B66/B13) -> 2600.1573 | C71: =IF(C66=0,0,100*C66/C13) -> 2828.9271 | D71: =IF(D66=0,0,100*D66/D13) -> 2905.6022 | E71: =IF(E66=0,0,100*E66/E13) -> 2642.1616 | F71: =IF(F66=0,0,100*F66/F13) -> 2487.0286 | G71: =IF(G66=0,0,100*G66/G13) -> 2165.4159 | H71: =IF(H66=0,0,100*H66/H13) -> 2269.6349 | I71: =IF(I66=0,0,100*I66/I13) -> 2271.4192 | ... AG71: =IF(AG66=0,0,100*AG66/AG13) -> 1697.2346
A73: Emission intensity over activity (kg of CO2 / thousand tkm) | B73: =IF(B64=0,0,1000*B64/B3) -> 80.681613 | C73: =IF(C64=0,0,1000*C64/C3) -> 84.970224 | D73: =IF(D64=0,0,1000*D64/D3) -> 93.524911 | E73: =IF(E64=0,0,1000*E64/E3) -> 89.82496 | F73: =IF(F64=0,0,1000*F64/F3) -> 88.46509 | G73: =IF(G64=0,0,1000*G64/G3) -> 84.689265 | H73: =IF(H64=0,0,1000*H64/H3) -> 95.146225 | I73: =IF(I64=0,0,1000*I64/I3) -> 83.249326 | ... AG73: =IF(AG64=0,0,1000*AG64/AG3) -> 69.552208
A74: Domestic coastal shipping | B74: =IF(B65=0,0,1000*B65/B4) -> 111.74965 | C74: =IF(C65=0,0,1000*C65/C4) -> 122.10768 | D74: =IF(D65=0,0,1000*D65/D4) -> 147.10511 | E74: =IF(E65=0,0,1000*E65/E4) -> 142.02468 | F74: =IF(F65=0,0,1000*F65/F4) -> 148.62089 | G74: =IF(G65=0,0,1000*G65/G4) -> 147.86496 | H74: =IF(H65=0,0,1000*H65/H4) -> 171.97953 | I74: =IF(I65=0,0,1000*I65/I4) -> 139.08456 | ... AG74: =IF(AG65=0,0,1000*AG65/AG4) -> 136.12067
A75: Inland waterways | B75: =IF(B66=0,0,1000*B66/B5) -> 46.839026 | C75: =IF(C66=0,0,1000*C66/C5) -> 47.554244 | D75: =IF(D66=0,0,1000*D66/D5) -> 48.031589 | E75: =IF(E66=0,0,1000*E66/E5) -> 42.543184 | F75: =IF(F66=0,0,1000*F66/F5) -> 39.457477 | G75: =IF(G66=0,0,1000*G66/G5) -> 34.283434 | H75: =IF(H66=0,0,1000*H66/H5) -> 36.070433 | I75: =IF(I66=0,0,1000*I66/I5) -> 36.287887 | ... AG75: =IF(AG66=0,0,1000*AG66/AG5) -> 22.135917
A77: Shares of CO2 emissions (%) | B77: =IF(B64=0,0,B64/B$64) -> 1 | C77: =IF(C64=0,0,C64/C$64) -> 1 | D77: =IF(D64=0,0,D64/D$64) -> 1 | E77: =IF(E64=0,0,E64/E$64) -> 1 | F77: =IF(F64=0,0,F64/F$64) -> 1 | G77: =IF(G64=0,0,G64/G$64) -> 1 | H77: =IF(H64=0,0,H64/H$64) -> 1 | I77: =IF(I64=0,0,I64/I$64) -> 1 | ... AG77: =IF(AG64=0,0,AG64/AG$64) -> 1
A78: Domestic coastal shipping | B78: =IF(B65=0,0,B65/B$64) -> 0.72213661 | C78: =IF(C65=0,0,C65/C$64) -> 0.72121654 | D78: =IF(D65=0,0,D65/D$64) -> 0.72225493 | E78: =IF(E65=0,0,E65/E$64) -> 0.75148145 | F78: =IF(F65=0,0,F65/F$64) -> 0.75421364 | G78: =IF(G65=0,0,G65/G$64) -> 0.77483634 | H78: =IF(H65=0,0,H65/H$64) -> 0.78568095 | I78: =IF(I65=0,0,I65/I$64) -> 0.76323897 | ... AG78: =IF(AG65=0,0,AG65/AG$64) -> 0.8141304
A79: Inland waterways | B79: =IF(B66=0,0,B66/B$64) -> 0.27786339 | C79: =IF(C66=0,0,C66/C$64) -> 0.27878346 | D79: =IF(D66=0,0,D66/D$64) -> 0.27774507 | E79: =IF(E66=0,0,E66/E$64) -> 0.24851855 | F79: =IF(F66=0,0,F66/F$64) -> 0.24578636 | G79: =IF(G66=0,0,G66/G$64) -> 0.22516366 | H79: =IF(H66=0,0,H66/H$64) -> 0.21431905 | I79: =IF(I66=0,0,I66/I$64) -> 0.23676103 | ... AG79: =IF(AG66=0,0,AG66/AG$64) -> 0.1858696
A81: CO2 emissions - MRV compliant (kt CO2) | AD81: =SUM(AD82:AD83) -> 9299.3809 | AE81: =SUM(AE82:AE83) -> 9452.5591 | AF81: =SUM(AF82:AF83) -> 8288.8364 | AG81: =SUM(AG82:AG83) -> 8795.7609
A82: Domestic coastal shipping | AD82: =AT!AD82+BE!AD82+BG!AD82+CY!AD82+CZ!AD82+DE!AD82+DK!AD82+EE!AD82+EL!AD82+ES!AD82+FI!AD82+FR!AD82+HR!AD82+HU!AD82+IE!AD82+IT!AD82+LT!AD82+LU!AD82+LV!AD82+MT!AD82+NL!AD82+PL!AD82+PT!AD82+RO!AD82+SE!AD82+SI!AD82+SK!AD82+IS!AD82+NO!AD82 -> 9299.3809 | AE82: =AT!AE82+BE!AE82+BG!AE82+CY!AE82+CZ!AE82+DE!AE82+DK!AE82+EE!AE82+EL!AE82+ES!AE82+FI!AE82+FR!AE82+HR!AE82+HU!AE82+IE!AE82+IT!AE82+LT!AE82+LU!AE82+LV!AE82+MT!AE82+NL!AE82+PL!AE82+PT!AE82+RO!AE82+SE!AE82+SI!AE82+SK!AE82+IS!AE82+NO!AE82 -> 9452.5591 | AF82: =AT!AF82+BE!AF82+BG!AF82+CY!AF82+CZ!AF82+DE!AF82+DK!AF82+EE!AF82+EL!AF82+ES!AF82+FI!AF82+FR!AF82+HR!AF82+HU!AF82+IE!AF82+IT!AF82+LT!AF82+LU!AF82+LV!AF82+MT!AF82+NL!AF82+PL!AF82+PT!AF82+RO!AF82+SE!AF82+SI!AF82+SK!AF82+IS!AF82+NO!AF82 -> 8288.8364 | AG82: =AT!AG82+BE!AG82+BG!AG82+CY!AG82+CZ!AG82+DE!AG82+DK!AG82+EE!AG82+EL!AG82+ES!AG82+FI!AG82+FR!AG82+HR!AG82+HU!AG82+IE!AG82+IT!AG82+LT!AG82+LU!AG82+LV!AG82+MT!AG82+NL!AG82+PL!AG82+PT!AG82+RO!AG82+SE!AG82+SI!AG82+SK!AG82+IS!AG82+NO!AG82 -> 8795.7609
A83: Inland waterways | AD83: =AT!AD83+BE!AD83+BG!AD83+CY!AD83+CZ!AD83+DE!AD83+DK!AD83+EE!AD83+EL!AD83+ES!AD83+FI!AD83+FR!AD83+HR!AD83+HU!AD83+IE!AD83+IT!AD83+LT!AD83+LU!AD83+LV!AD83+MT!AD83+NL!AD83+PL!AD83+PT!AD83+RO!AD83+SE!AD83+SI!AD83+SK!AD83+IS!AD83+NO!AD83 -> 0 | AE83: =AT!AE83+BE!AE83+BG!AE83+CY!AE83+CZ!AE83+DE!AE83+DK!AE83+EE!AE83+EL!AE83+ES!AE83+FI!AE83+FR!AE83+HR!AE83+HU!AE83+IE!AE83+IT!AE83+LT!AE83+LU!AE83+LV!AE83+MT!AE83+NL!AE83+PL!AE83+PT!AE83+RO!AE83+SE!AE83+SI!AE83+SK!AE83+IS!AE83+NO!AE83 -> 0 | AF83: =AT!AF83+BE!AF83+BG!AF83+CY!AF83+CZ!AF83+DE!AF83+DK!AF83+EE!AF83+EL!AF83+ES!AF83+FI!AF83+FR!AF83+HR!AF83+HU!AF83+IE!AF83+IT!AF83+LT!AF83+LU!AF83+LV!AF83+MT!AF83+NL!AF83+PL!AF83+PT!AF83+RO!AF83+SE!AF83+SI!AF83+SK!AF83+IS!AF83+NO!AF83 -> 0 | AG83: =AT!AG83+BE!AG83+BG!AG83+CY!AG83+CZ!AG83+DE!AG83+DK!AG83+EE!AG83+EL!AG83+ES!AG83+FI!AG83+FR!AG83+HR!AG83+HU!AG83+IE!AG83+IT!AG83+LT!AG83+LU!AG83+LV!AG83+MT!AG83+NL!AG83+PL!AG83+PT!AG83+RO!AG83+SE!AG83+SI!AG83+SK!AG83+IS!AG83+NO!AG83 -> 0
A85: UNFCCC emissions (kt CO2) | B85: =AT!B85+BE!B85+BG!B85+CY!B85+CZ!B85+DE!B85+DK!B85+EE!B85+EL!B85+ES!B85+FI!B85+FR!B85+HR!B85+HU!B85+IE!B85+IT!B85+LT!B85+LU!B85+LV!B85+MT!B85+NL!B85+PL!B85+PT!B85+RO!B85+SE!B85+SI!B85+SK!B85+IS!B85+NO!B85 -> 23083.971 | C85: =AT!C85+BE!C85+BG!C85+CY!C85+CZ!C85+DE!C85+DK!C85+EE!C85+EL!C85+ES!C85+FI!C85+FR!C85+HR!C85+HU!C85+IE!C85+IT!C85+LT!C85+LU!C85+LV!C85+MT!C85+NL!C85+PL!C85+PT!C85+RO!C85+SE!C85+SI!C85+SK!C85+IS!C85+NO!C85 -> 23655.608 | D85: =AT!D85+BE!D85+BG!D85+CY!D85+CZ!D85+DE!D85+DK!D85+EE!D85+EL!D85+ES!D85+FI!D85+FR!D85+HR!D85+HU!D85+IE!D85+IT!D85+LT!D85+LU!D85+LV!D85+MT!D85+NL!D85+PL!D85+PT!D85+RO!D85+SE!D85+SI!D85+SK!D85+IS!D85+NO!D85 -> 23635.658 | E85: =AT!E85+BE!E85+BG!E85+CY!E85+CZ!E85+DE!E85+DK!E85+EE!E85+EL!E85+ES!E85+FI!E85+FR!E85+HR!E85+HU!E85+IE!E85+IT!E85+LT!E85+LU!E85+LV!E85+MT!E85+NL!E85+PL!E85+PT!E85+RO!E85+SE!E85+SI!E85+SK!E85+IS!E85+NO!E85 -> 22620.766 | F85: =AT!F85+BE!F85+BG!F85+CY!F85+CZ!F85+DE!F85+DK!F85+EE!F85+EL!F85+ES!F85+FI!F85+FR!F85+HR!F85+HU!F85+IE!F85+IT!F85+LT!F85+LU!F85+LV!F85+MT!F85+NL!F85+PL!F85+PT!F85+RO!F85+SE!F85+SI!F85+SK!F85+IS!F85+NO!F85 -> 22767.482 | G85: =AT!G85+BE!G85+BG!G85+CY!G85+CZ!G85+DE!G85+DK!G85+EE!G85+EL!G85+ES!G85+FI!G85+FR!G85+HR!G85+HU!G85+IE!G85+IT!G85+LT!G85+LU!G85+LV!G85+MT!G85+NL!G85+PL!G85+PT!G85+RO!G85+SE!G85+SI!G85+SK!G85+IS!G85+NO!G85 -> 22542.047 | H85: =AT!H85+BE!H85+BG!H85+CY!H85+CZ!H85+DE!H85+DK!H85+EE!H85+EL!H85+ES!H85+FI!H85+FR!H85+HR!H85+HU!H85+IE!H85+IT!H85+LT!H85+LU!H85+LV!H85+MT!H85+NL!H85+PL!H85+PT!H85+RO!H85+SE!H85+SI!H85+SK!H85+IS!H85+NO!H85 -> 23625.789 | I85: =AT!I85+BE!I85+BG!I85+CY!I85+CZ!I85+DE!I85+DK!I85+EE!I85+EL!I85+ES!I85+FI!I85+FR!I85+HR!I85+HU!I85+IE!I85+IT!I85+LT!I85+LU!I85+LV!I85+MT!I85+NL!I85+PL!I85+PT!I85+RO!I85+SE!I85+SI!I85+SK!I85+IS!I85+NO!I85 -> 23382.423 | ... AG85: =AT!AG85+BE!AG85+BG!AG85+CY!AG85+CZ!AG85+DE!AG85+DK!AG85+EE!AG85+EL!AG85+ES!AG85+FI!AG85+FR!AG85+HR!AG85+HU!AG85+IE!AG85+IT!AG85+LT!AG85+LU!AG85+LV!AG85+MT!AG85+NL!AG85+PL!AG85+PT!AG85+RO!AG85+SE!AG85+SI!AG85+SK!AG85+IS!AG85+NO!AG85 -> 18341.696
A87: Residual CO2 emissions for UNFCCC calibration (kt CO2) | B87: =SUM(B88:B89) -> 3984.8474 | C87: =SUM(C88:C89) -> 4497.6224 | D87: =SUM(D88:D89) -> 4335.8395 | E87: =SUM(E88:E89) -> 4029.3103 | F87: =SUM(F88:F89) -> 3953.4524 | G87: =SUM(G88:G89) -> 4295.7619 | H87: =SUM(H88:H89) -> 3863.1881 | I87: =SUM(I88:I89) -> 4094.4396 | ... AG87: =SUM(AG88:AG89) -> 2135.8875
A88: Domestic coastal shipping | B88: =AT!B88+BE!B88+BG!B88+CY!B88+CZ!B88+DE!B88+DK!B88+EE!B88+EL!B88+ES!B88+FI!B88+FR!B88+HR!B88+HU!B88+IE!B88+IT!B88+LT!B88+LU!B88+LV!B88+MT!B88+NL!B88+PL!B88+PT!B88+RO!B88+SE!B88+SI!B88+SK!B88+IS!B88+NO!B88 -> 3391.4943 | C88: =AT!C88+BE!C88+BG!C88+CY!C88+CZ!C88+DE!C88+DK!C88+EE!C88+EL!C88+ES!C88+FI!C88+FR!C88+HR!C88+HU!C88+IE!C88+IT!C88+LT!C88+LU!C88+LV!C88+MT!C88+NL!C88+PL!C88+PT!C88+RO!C88+SE!C88+SI!C88+SK!C88+IS!C88+NO!C88 -> 4032.6782 | D88: =AT!D88+BE!D88+BG!D88+CY!D88+CZ!D88+DE!D88+DK!D88+EE!D88+EL!D88+ES!D88+FI!D88+FR!D88+HR!D88+HU!D88+IE!D88+IT!D88+LT!D88+LU!D88+LV!D88+MT!D88+NL!D88+PL!D88+PT!D88+RO!D88+SE!D88+SI!D88+SK!D88+IS!D88+NO!D88 -> 4111.4939 | E88: =AT!E88+BE!E88+BG!E88+CY!E88+CZ!E88+DE!E88+DK!E88+EE!E88+EL!E88+ES!E88+FI!E88+FR!E88+HR!E88+HU!E88+IE!E88+IT!E88+LT!E88+LU!E88+LV!E88+MT!E88+NL!E88+PL!E88+PT!E88+RO!E88+SE!E88+SI!E88+SK!E88+IS!E88+NO!E88 -> 3813.6661 | F88: =AT!F88+BE!F88+BG!F88+CY!F88+CZ!F88+DE!F88+DK!F88+EE!F88+EL!F88+ES!F88+FI!F88+FR!F88+HR!F88+HU!F88+IE!F88+IT!F88+LT!F88+LU!F88+LV!F88+MT!F88+NL!F88+PL!F88+PT!F88+RO!F88+SE!F88+SI!F88+SK!F88+IS!F88+NO!F88 -> 3806.6011 | G88: =AT!G88+BE!G88+BG!G88+CY!G88+CZ!G88+DE!G88+DK!G88+EE!G88+EL!G88+ES!G88+FI!G88+FR!G88+HR!G88+HU!G88+IE!G88+IT!G88+LT!G88+LU!G88+LV!G88+MT!G88+NL!G88+PL!G88+PT!G88+RO!G88+SE!G88+SI!G88+SK!G88+IS!G88+NO!G88 -> 4080.0676 | H88: =AT!H88+BE!H88+BG!H88+CY!H88+CZ!H88+DE!H88+DK!H88+EE!H88+EL!H88+ES!H88+FI!H88+FR!H88+HR!H88+HU!H88+IE!H88+IT!H88+LT!H88+LU!H88+LV!H88+MT!H88+NL!H88+PL!H88+PT!H88+RO!H88+SE!H88+SI!H88+SK!H88+IS!H88+NO!H88 -> 3719.8189 | I88: =AT!I88+BE!I88+BG!I88+CY!I88+CZ!I88+DE!I88+DK!I88+EE!I88+EL!I88+ES!I88+FI!I88+FR!I88+HR!I88+HU!I88+IE!I88+IT!I88+LT!I88+LU!I88+LV!I88+MT!I88+NL!I88+PL!I88+PT!I88+RO!I88+SE!I88+SI!I88+SK!I88+IS!I88+NO!I88 -> 4040.8556 | ... AG88: =AT!AG88+BE!AG88+BG!AG88+CY!AG88+CZ!AG88+DE!AG88+DK!AG88+EE!AG88+EL!AG88+ES!AG88+FI!AG88+FR!AG88+HR!AG88+HU!AG88+IE!AG88+IT!AG88+LT!AG88+LU!AG88+LV!AG88+MT!AG88+NL!AG88+PL!AG88+PT!AG88+RO!AG88+SE!AG88+SI!AG88+SK!AG88+IS!AG88+NO!AG88 -> 1902.3031
A89: Inland waterways | B89: =AT!B89+BE!B89+BG!B89+CY!B89+CZ!B89+DE!B89+DK!B89+EE!B89+EL!B89+ES!B89+FI!B89+FR!B89+HR!B89+HU!B89+IE!B89+IT!B89+LT!B89+LU!B89+LV!B89+MT!B89+NL!B89+PL!B89+PT!B89+RO!B89+SE!B89+SI!B89+SK!B89+IS!B89+NO!B89 -> 593.35307 | C89: =AT!C89+BE!C89+BG!C89+CY!C89+CZ!C89+DE!C89+DK!C89+EE!C89+EL!C89+ES!C89+FI!C89+FR!C89+HR!C89+HU!C89+IE!C89+IT!C89+LT!C89+LU!C89+LV!C89+MT!C89+NL!C89+PL!C89+PT!C89+RO!C89+SE!C89+SI!C89+SK!C89+IS!C89+NO!C89 -> 464.94419 | D89: =AT!D89+BE!D89+BG!D89+CY!D89+CZ!D89+DE!D89+DK!D89+EE!D89+EL!D89+ES!D89+FI!D89+FR!D89+HR!D89+HU!D89+IE!D89+IT!D89+LT!D89+LU!D89+LV!D89+MT!D89+NL!D89+PL!D89+PT!D89+RO!D89+SE!D89+SI!D89+SK!D89+IS!D89+NO!D89 -> 224.34562 | E89: =AT!E89+BE!E89+BG!E89+CY!E89+CZ!E89+DE!E89+DK!E89+EE!E89+EL!E89+ES!E89+FI!E89+FR!E89+HR!E89+HU!E89+IE!E89+IT!E89+LT!E89+LU!E89+LV!E89+MT!E89+NL!E89+PL!E89+PT!E89+RO!E89+SE!E89+SI!E89+SK!E89+IS!E89+NO!E89 -> 215.64414 | F89: =AT!F89+BE!F89+BG!F89+CY!F89+CZ!F89+DE!F89+DK!F89+EE!F89+EL!F89+ES!F89+FI!F89+FR!F89+HR!F89+HU!F89+IE!F89+IT!F89+LT!F89+LU!F89+LV!F89+MT!F89+NL!F89+PL!F89+PT!F89+RO!F89+SE!F89+SI!F89+SK!F89+IS!F89+NO!F89 -> 146.85124 | G89: =AT!G89+BE!G89+BG!G89+CY!G89+CZ!G89+DE!G89+DK!G89+EE!G89+EL!G89+ES!G89+FI!G89+FR!G89+HR!G89+HU!G89+IE!G89+IT!G89+LT!G89+LU!G89+LV!G89+MT!G89+NL!G89+PL!G89+PT!G89+RO!G89+SE!G89+SI!G89+SK!G89+IS!G89+NO!G89 -> 215.69435 | H89: =AT!H89+BE!H89+BG!H89+CY!H89+CZ!H89+DE!H89+DK!H89+EE!H89+EL!H89+ES!H89+FI!H89+FR!H89+HR!H89+HU!H89+IE!H89+IT!H89+LT!H89+LU!H89+LV!H89+MT!H89+NL!H89+PL!H89+PT!H89+RO!H89+SE!H89+SI!H89+SK!H89+IS!H89+NO!H89 -> 143.36926 | I89: =AT!I89+BE!I89+BG!I89+CY!I89+CZ!I89+DE!I89+DK!I89+EE!I89+EL!I89+ES!I89+FI!I89+FR!I89+HR!I89+HU!I89+IE!I89+IT!I89+LT!I89+LU!I89+LV!I89+MT!I89+NL!I89+PL!I89+PT!I89+RO!I89+SE!I89+SI!I89+SK!I89+IS!I89+NO!I89 -> 53.584039 | ... AG89: =AT!AG89+BE!AG89+BG!AG89+CY!AG89+CZ!AG89+DE!AG89+DK!AG89+EE!AG89+EL!AG89+ES!AG89+FI!AG89+FR!AG89+HR!AG89+HU!AG89+IE!AG89+IT!AG89+LT!AG89+LU!AG89+LV!AG89+MT!AG89+NL!AG89+PL!AG89+PT!AG89+RO!AG89+SE!AG89+SI!AG89+SK!AG89+IS!AG89+NO!AG89 -> 233.58441
A91: Annual mileage of a representative vessel
A92: Domestic coastal shipping | B92: 100000 | C92: 100000 | D92: 100000 | E92: 100000 | F92: 100000 | G92: 100000 | H92: 100000 | I92: 100000 | J92: 100000 | K92: 100000 | L92: 100000 | M92: 100000 | N92: 100000 | O92: 100000 | P92: 100000 | Q92: 100000 | R92: 100000 | S92: 100000 | T92: 100000 | U92: 100000 | V92: 100000 | W92: 100000 | X92: 100000 | Y92: 100000 | Z92: 100000 | AA92: 100000 | AB92: 100000 | AC92: 100000 | AD92: 100000 | AE92: 100000 | AF92: 100000 | AG92: 100000
A93: Inland waterways | B93: 70000 | C93: 70000 | D93: 70000 | E93: 70000 | F93: 70000 | G93: 70000 | H93: 70000 | I93: 70000 | J93: 70000 | K93: 70000 | L93: 70000 | M93: 70000 | N93: 70000 | O93: 70000 | P93: 70000 | Q93: 70000 | R93: 70000 | S93: 70000 | T93: 70000 | U93: 70000 | V93: 70000 | W93: 70000 | X93: 70000 | Y93: 70000 | Z93: 70000 | AA93: 70000 | AB93: 70000 | AC93: 70000 | AD93: 70000 | AE93: 70000 | AF93: 70000 | AG93: 70000
A95: Stock of representative vessels
A96: Domestic coastal shipping | B96: =AT!B96+BE!B96+BG!B96+CY!B96+CZ!B96+DE!B96+DK!B96+EE!B96+EL!B96+ES!B96+FI!B96+FR!B96+HR!B96+HU!B96+IE!B96+IT!B96+LT!B96+LU!B96+LV!B96+MT!B96+NL!B96+PL!B96+PT!B96+RO!B96+SE!B96+SI!B96+SK!B96+IS!B96+NO!B96 -> 694.09 | C96: =AT!C96+BE!C96+BG!C96+CY!C96+CZ!C96+DE!C96+DK!C96+EE!C96+EL!C96+ES!C96+FI!C96+FR!C96+HR!C96+HU!C96+IE!C96+IT!C96+LT!C96+LU!C96+LV!C96+MT!C96+NL!C96+PL!C96+PT!C96+RO!C96+SE!C96+SI!C96+SK!C96+IS!C96+NO!C96 -> 671.348 | D96: =AT!D96+BE!D96+BG!D96+CY!D96+CZ!D96+DE!D96+DK!D96+EE!D96+EL!D96+ES!D96+FI!D96+FR!D96+HR!D96+HU!D96+IE!D96+IT!D96+LT!D96+LU!D96+LV!D96+MT!D96+NL!D96+PL!D96+PT!D96+RO!D96+SE!D96+SI!D96+SK!D96+IS!D96+NO!D96 -> 657.9157 | E96: =AT!E96+BE!E96+BG!E96+CY!E96+CZ!E96+DE!E96+DK!E96+EE!E96+EL!E96+ES!E96+FI!E96+FR!E96+HR!E96+HU!E96+IE!E96+IT!E96+LT!E96+LU!E96+LV!E96+MT!E96+NL!E96+PL!E96+PT!E96+RO!E96+SE!E96+SI!E96+SK!E96+IS!E96+NO!E96 -> 644.89903 | F96: =AT!F96+BE!F96+BG!F96+CY!F96+CZ!F96+DE!F96+DK!F96+EE!F96+EL!F96+ES!F96+FI!F96+FR!F96+HR!F96+HU!F96+IE!F96+IT!F96+LT!F96+LU!F96+LV!F96+MT!F96+NL!F96+PL!F96+PT!F96+RO!F96+SE!F96+SI!F96+SK!F96+IS!F96+NO!F96 -> 641.61186 | G96: =AT!G96+BE!G96+BG!G96+CY!G96+CZ!G96+DE!G96+DK!G96+EE!G96+EL!G96+ES!G96+FI!G96+FR!G96+HR!G96+HU!G96+IE!G96+IT!G96+LT!G96+LU!G96+LV!G96+MT!G96+NL!G96+PL!G96+PT!G96+RO!G96+SE!G96+SI!G96+SK!G96+IS!G96+NO!G96 -> 650.18164 | H96: =AT!H96+BE!H96+BG!H96+CY!H96+CZ!H96+DE!H96+DK!H96+EE!H96+EL!H96+ES!H96+FI!H96+FR!H96+HR!H96+HU!H96+IE!H96+IT!H96+LT!H96+LU!H96+LV!H96+MT!H96+NL!H96+PL!H96+PT!H96+RO!H96+SE!H96+SI!H96+SK!H96+IS!H96+NO!H96 -> 625.54946 | I96: =AT!I96+BE!I96+BG!I96+CY!I96+CZ!I96+DE!I96+DK!I96+EE!I96+EL!I96+ES!I96+FI!I96+FR!I96+HR!I96+HU!I96+IE!I96+IT!I96+LT!I96+LU!I96+LV!I96+MT!I96+NL!I96+PL!I96+PT!I96+RO!I96+SE!I96+SI!I96+SK!I96+IS!I96+NO!I96 -> 705.80841 | ... AG96: =AT!AG96+BE!AG96+BG!AG96+CY!AG96+CZ!AG96+DE!AG96+DK!AG96+EE!AG96+EL!AG96+ES!AG96+FI!AG96+FR!AG96+HR!AG96+HU!AG96+IE!AG96+IT!AG96+LT!AG96+LU!AG96+LV!AG96+MT!AG96+NL!AG96+PL!AG96+PT!AG96+RO!AG96+SE!AG96+SI!AG96+SK!AG96+IS!AG96+NO!AG96 -> 453.82031
A97: Inland waterways | B97: =AT!B97+BE!B97+BG!B97+CY!B97+CZ!B97+DE!B97+DK!B97+EE!B97+EL!B97+ES!B97+FI!B97+FR!B97+HR!B97+HU!B97+IE!B97+IT!B97+LT!B97+LU!B97+LV!B97+MT!B97+NL!B97+PL!B97+PT!B97+RO!B97+SE!B97+SI!B97+SK!B97+IS!B97+NO!B97 -> 2915.7286 | C97: =AT!C97+BE!C97+BG!C97+CY!C97+CZ!C97+DE!C97+DK!C97+EE!C97+EL!C97+ES!C97+FI!C97+FR!C97+HR!C97+HU!C97+IE!C97+IT!C97+LT!C97+LU!C97+LV!C97+MT!C97+NL!C97+PL!C97+PT!C97+RO!C97+SE!C97+SI!C97+SK!C97+IS!C97+NO!C97 -> 2883.5743 | D97: =AT!D97+BE!D97+BG!D97+CY!D97+CZ!D97+DE!D97+DK!D97+EE!D97+EL!D97+ES!D97+FI!D97+FR!D97+HR!D97+HU!D97+IE!D97+IT!D97+LT!D97+LU!D97+LV!D97+MT!D97+NL!D97+PL!D97+PT!D97+RO!D97+SE!D97+SI!D97+SK!D97+IS!D97+NO!D97 -> 2839.1423 | E97: =AT!E97+BE!E97+BG!E97+CY!E97+CZ!E97+DE!E97+DK!E97+EE!E97+EL!E97+ES!E97+FI!E97+FR!E97+HR!E97+HU!E97+IE!E97+IT!E97+LT!E97+LU!E97+LV!E97+MT!E97+NL!E97+PL!E97+PT!E97+RO!E97+SE!E97+SI!E97+SK!E97+IS!E97+NO!E97 -> 2738.8959 | F97: =AT!F97+BE!F97+BG!F97+CY!F97+CZ!F97+DE!F97+DK!F97+EE!F97+EL!F97+ES!F97+FI!F97+FR!F97+HR!F97+HU!F97+IE!F97+IT!F97+LT!F97+LU!F97+LV!F97+MT!F97+NL!F97+PL!F97+PT!F97+RO!F97+SE!F97+SI!F97+SK!F97+IS!F97+NO!F97 -> 2879.9379 | G97: =AT!G97+BE!G97+BG!G97+CY!G97+CZ!G97+DE!G97+DK!G97+EE!G97+EL!G97+ES!G97+FI!G97+FR!G97+HR!G97+HU!G97+IE!G97+IT!G97+LT!G97+LU!G97+LV!G97+MT!G97+NL!G97+PL!G97+PT!G97+RO!G97+SE!G97+SI!G97+SK!G97+IS!G97+NO!G97 -> 2944.2356 | H97: =AT!H97+BE!H97+BG!H97+CY!H97+CZ!H97+DE!H97+DK!H97+EE!H97+EL!H97+ES!H97+FI!H97+FR!H97+HR!H97+HU!H97+IE!H97+IT!H97+LT!H97+LU!H97+LV!H97+MT!H97+NL!H97+PL!H97+PT!H97+RO!H97+SE!H97+SI!H97+SK!H97+IS!H97+NO!H97 -> 2867.9763 | I97: =AT!I97+BE!I97+BG!I97+CY!I97+CZ!I97+DE!I97+DK!I97+EE!I97+EL!I97+ES!I97+FI!I97+FR!I97+HR!I97+HU!I97+IE!I97+IT!I97+LT!I97+LU!I97+LV!I97+MT!I97+NL!I97+PL!I97+PT!I97+RO!I97+SE!I97+SI!I97+SK!I97+IS!I97+NO!I97 -> 3028.9829 | ... AG97: =AT!AG97+BE!AG97+BG!AG97+CY!AG97+CZ!AG97+DE!AG97+DK!AG97+EE!AG97+EL!AG97+ES!AG97+FI!AG97+FR!AG97+HR!AG97+HU!AG97+IE!AG97+IT!AG97+LT!AG97+LU!AG97+LV!AG97+MT!AG97+NL!AG97+PL!AG97+PT!AG97+RO!AG97+SE!AG97+SI!AG97+SK!AG97+IS!AG97+NO!AG97 -> 2537.7636
A99: New representative vessels (total)
A100: Domestic coastal shipping | B100: =AT!B100+BE!B100+BG!B100+CY!B100+CZ!B100+DE!B100+DK!B100+EE!B100+EL!B100+ES!B100+FI!B100+FR!B100+HR!B100+HU!B100+IE!B100+IT!B100+LT!B100+LU!B100+LV!B100+MT!B100+NL!B100+PL!B100+PT!B100+RO!B100+SE!B100+SI!B100+SK!B100+IS!B100+NO!B100 -> 0 | C100: =AT!C100+BE!C100+BG!C100+CY!C100+CZ!C100+DE!C100+DK!C100+EE!C100+EL!C100+ES!C100+FI!C100+FR!C100+HR!C100+HU!C100+IE!C100+IT!C100+LT!C100+LU!C100+LV!C100+MT!C100+NL!C100+PL!C100+PT!C100+RO!C100+SE!C100+SI!C100+SK!C100+IS!C100+NO!C100 -> 27.336005 | D100: =AT!D100+BE!D100+BG!D100+CY!D100+CZ!D100+DE!D100+DK!D100+EE!D100+EL!D100+ES!D100+FI!D100+FR!D100+HR!D100+HU!D100+IE!D100+IT!D100+LT!D100+LU!D100+LV!D100+MT!D100+NL!D100+PL!D100+PT!D100+RO!D100+SE!D100+SI!D100+SK!D100+IS!D100+NO!D100 -> 26.370005 | E100: =AT!E100+BE!E100+BG!E100+CY!E100+CZ!E100+DE!E100+DK!E100+EE!E100+EL!E100+ES!E100+FI!E100+FR!E100+HR!E100+HU!E100+IE!E100+IT!E100+LT!E100+LU!E100+LV!E100+MT!E100+NL!E100+PL!E100+PT!E100+RO!E100+SE!E100+SI!E100+SK!E100+IS!E100+NO!E100 -> 27.823738 | F100: =AT!F100+BE!F100+BG!F100+CY!F100+CZ!F100+DE!F100+DK!F100+EE!F100+EL!F100+ES!F100+FI!F100+FR!F100+HR!F100+HU!F100+IE!F100+IT!F100+LT!F100+LU!F100+LV!F100+MT!F100+NL!F100+PL!F100+PT!F100+RO!F100+SE!F100+SI!F100+SK!F100+IS!F100+NO!F100 -> 32.768931 | G100: =AT!G100+BE!G100+BG!G100+CY!G100+CZ!G100+DE!G100+DK!G100+EE!G100+EL!G100+ES!G100+FI!G100+FR!G100+HR!G100+HU!G100+IE!G100+IT!G100+LT!G100+LU!G100+LV!G100+MT!G100+NL!G100+PL!G100+PT!G100+RO!G100+SE!G100+SI!G100+SK!G100+IS!G100+NO!G100 -> 42.539297 | H100: =AT!H100+BE!H100+BG!H100+CY!H100+CZ!H100+DE!H100+DK!H100+EE!H100+EL!H100+ES!H100+FI!H100+FR!H100+HR!H100+HU!H100+IE!H100+IT!H100+LT!H100+LU!H100+LV!H100+MT!H100+NL!H100+PL!H100+PT!H100+RO!H100+SE!H100+SI!H100+SK!H100+IS!H100+NO!H100 -> 17.74887 | I100: =AT!I100+BE!I100+BG!I100+CY!I100+CZ!I100+DE!I100+DK!I100+EE!I100+EL!I100+ES!I100+FI!I100+FR!I100+HR!I100+HU!I100+IE!I100+IT!I100+LT!I100+LU!I100+LV!I100+MT!I100+NL!I100+PL!I100+PT!I100+RO!I100+SE!I100+SI!I100+SK!I100+IS!I100+NO!I100 -> 118.10334 | ... AG100: =AT!AG100+BE!AG100+BG!AG100+CY!AG100+CZ!AG100+DE!AG100+DK!AG100+EE!AG100+EL!AG100+ES!AG100+FI!AG100+FR!AG100+HR!AG100+HU!AG100+IE!AG100+IT!AG100+LT!AG100+LU!AG100+LV!AG100+MT!AG100+NL!AG100+PL!AG100+PT!AG100+RO!AG100+SE!AG100+SI!AG100+SK!AG100+IS!AG100+NO!AG100 -> 12.042295
A101: Inland waterways | B101: =AT!B101+BE!B101+BG!B101+CY!B101+CZ!B101+DE!B101+DK!B101+EE!B101+EL!B101+ES!B101+FI!B101+FR!B101+HR!B101+HU!B101+IE!B101+IT!B101+LT!B101+LU!B101+LV!B101+MT!B101+NL!B101+PL!B101+PT!B101+RO!B101+SE!B101+SI!B101+SK!B101+IS!B101+NO!B101 -> 0 | C101: =AT!C101+BE!C101+BG!C101+CY!C101+CZ!C101+DE!C101+DK!C101+EE!C101+EL!C101+ES!C101+FI!C101+FR!C101+HR!C101+HU!C101+IE!C101+IT!C101+LT!C101+LU!C101+LV!C101+MT!C101+NL!C101+PL!C101+PT!C101+RO!C101+SE!C101+SI!C101+SK!C101+IS!C101+NO!C101 -> 103.64143 | D101: =AT!D101+BE!D101+BG!D101+CY!D101+CZ!D101+DE!D101+DK!D101+EE!D101+EL!D101+ES!D101+FI!D101+FR!D101+HR!D101+HU!D101+IE!D101+IT!D101+LT!D101+LU!D101+LV!D101+MT!D101+NL!D101+PL!D101+PT!D101+RO!D101+SE!D101+SI!D101+SK!D101+IS!D101+NO!D101 -> 87.337146 | E101: =AT!E101+BE!E101+BG!E101+CY!E101+CZ!E101+DE!E101+DK!E101+EE!E101+EL!E101+ES!E101+FI!E101+FR!E101+HR!E101+HU!E101+IE!E101+IT!E101+LT!E101+LU!E101+LV!E101+MT!E101+NL!E101+PL!E101+PT!E101+RO!E101+SE!E101+SI!E101+SK!E101+IS!E101+NO!E101 -> 52.527953 | F101: =AT!F101+BE!F101+BG!F101+CY!F101+CZ!F101+DE!F101+DK!F101+EE!F101+EL!F101+ES!F101+FI!F101+FR!F101+HR!F101+HU!F101+IE!F101+IT!F101+LT!F101+LU!F101+LV!F101+MT!F101+NL!F101+PL!F101+PT!F101+RO!F101+SE!F101+SI!F101+SK!F101+IS!F101+NO!F101 -> 267.46794 | G101: =AT!G101+BE!G101+BG!G101+CY!G101+CZ!G101+DE!G101+DK!G101+EE!G101+EL!G101+ES!G101+FI!G101+FR!G101+HR!G101+HU!G101+IE!G101+IT!G101+LT!G101+LU!G101+LV!G101+MT!G101+NL!G101+PL!G101+PT!G101+RO!G101+SE!G101+SI!G101+SK!G101+IS!G101+NO!G101 -> 189.35334 | H101: =AT!H101+BE!H101+BG!H101+CY!H101+CZ!H101+DE!H101+DK!H101+EE!H101+EL!H101+ES!H101+FI!H101+FR!H101+HR!H101+HU!H101+IE!H101+IT!H101+LT!H101+LU!H101+LV!H101+MT!H101+NL!H101+PL!H101+PT!H101+RO!H101+SE!H101+SI!H101+SK!H101+IS!H101+NO!H101 -> 65.038575 | I101: =AT!I101+BE!I101+BG!I101+CY!I101+CZ!I101+DE!I101+DK!I101+EE!I101+EL!I101+ES!I101+FI!I101+FR!I101+HR!I101+HU!I101+IE!I101+IT!I101+LT!I101+LU!I101+LV!I101+MT!I101+NL!I101+PL!I101+PT!I101+RO!I101+SE!I101+SI!I101+SK!I101+IS!I101+NO!I101 -> 268.34572 | ... AG101: =AT!AG101+BE!AG101+BG!AG101+CY!AG101+CZ!AG101+DE!AG101+DK!AG101+EE!AG101+EL!AG101+ES!AG101+FI!AG101+FR!AG101+HR!AG101+HU!AG101+IE!AG101+IT!AG101+LT!AG101+LU!AG101+LV!AG101+MT!AG101+NL!AG101+PL!AG101+PT!AG101+RO!AG101+SE!AG101+SI!AG101+SK!AG101+IS!AG101+NO!AG101 -> 339.96354

Sheet EU27
A1: EU27 - European Union - 27 countries (from 2020) | B1: 1990 | C1: 1991 | D1: 1992 | E1: 1993 | F1: 1994 | G1: 1995 | H1: 1996 | I1: 1997 | J1: 1998 | K1: 1999 | L1: 2000 | M1: 2001 | N1: 2002 | O1: 2003 | P1: 2004 | Q1: 2005 | R1: 2006 | S1: 2007 | T1: 2008 | U1: 2009 | V1: 2010 | W1: 2011 | X1: 2012 | Y1: 2013 | Z1: 2014 | AA1: 2015 | AB1: 2016 | AC1: 2017 | AD1: 2018 | AE1: 2019 | AF1: 2020 | AG1: 2021
A3: Transport activity (Mtkm) | B3: =SUM(B4:B5) -> 216279.73 | C3: =SUM(C4:C5) -> 207331.9 | D3: =SUM(D4:D5) -> 187150.96 | E3: =SUM(E4:E5) -> 186069.86 | F3: =SUM(F4:F5) -> 192858.99 | G3: =SUM(G4:G5) -> 195012.71 | H3: =SUM(H4:H5) -> 187134.2 | I3: =SUM(I4:I5) -> 210029.56 | ... AG3: =SUM(AG4:AG5) -> 212982.87
A4: Domestic coastal shipping | B4: =AT!B4+BE!B4+BG!B4+CY!B4+CZ!B4+DE!B4+DK!B4+EE!B4+EL!B4+ES!B4+FI!B4+FR!B4+HR!B4+HU!B4+IE!B4+IT!B4+LT!B4+LU!B4+LV!B4+MT!B4+NL!B4+PL!B4+PT!B4+RO!B4+SE!B4+SI!B4+SK!B4 -> 102977.9 | C4: =AT!C4+BE!C4+BG!C4+CY!C4+CZ!C4+DE!C4+DK!C4+EE!C4+EL!C4+ES!C4+FI!C4+FR!C4+HR!C4+HU!C4+IE!C4+IT!C4+LT!C4+LU!C4+LV!C4+MT!C4+NL!C4+PL!C4+PT!C4+RO!C4+SE!C4+SI!C4+SK!C4 -> 95019.538 | D4: =AT!D4+BE!D4+BG!D4+CY!D4+CZ!D4+DE!D4+DK!D4+EE!D4+EL!D4+ES!D4+FI!D4+FR!D4+HR!D4+HU!D4+IE!D4+IT!D4+LT!D4+LU!D4+LV!D4+MT!D4+NL!D4+PL!D4+PT!D4+RO!D4+SE!D4+SI!D4+SK!D4 -> 75548.801 | E4: =AT!E4+BE!E4+BG!E4+CY!E4+CZ!E4+DE!E4+DK!E4+EE!E4+EL!E4+ES!E4+FI!E4+FR!E4+HR!E4+HU!E4+IE!E4+IT!E4+LT!E4+LU!E4+LV!E4+MT!E4+NL!E4+PL!E4+PT!E4+RO!E4+SE!E4+SI!E4+SK!E4 -> 77466.757 | F4: =AT!F4+BE!F4+BG!F4+CY!F4+CZ!F4+DE!F4+DK!F4+EE!F4+EL!F4+ES!F4+FI!F4+FR!F4+HR!F4+HU!F4+IE!F4+IT!F4+LT!F4+LU!F4+LV!F4+MT!F4+NL!F4+PL!F4+PT!F4+RO!F4+SE!F4+SI!F4+SK!F4 -> 75663.67 | G4: =AT!G4+BE!G4+BG!G4+CY!G4+CZ!G4+DE!G4+DK!G4+EE!G4+EL!G4+ES!G4+FI!G4+FR!G4+HR!G4+HU!G4+IE!G4+IT!G4+LT!G4+LU!G4+LV!G4+MT!G4+NL!G4+PL!G4+PT!G4+RO!G4+SE!G4+SI!G4+SK!G4 -> 75176.401 | H4: =AT!H4+BE!H4+BG!H4+CY!H4+CZ!H4+DE!H4+DK!H4+EE!H4+EL!H4+ES!H4+FI!H4+FR!H4+HR!H4+HU!H4+IE!H4+IT!H4+LT!H4+LU!H4+LV!H4+MT!H4+NL!H4+PL!H4+PT!H4+RO!H4+SE!H4+SI!H4+SK!H4 -> 69711.11 | I4: =AT!I4+BE!I4+BG!I4+CY!I4+CZ!I4+DE!I4+DK!I4+EE!I4+EL!I4+ES!I4+FI!I4+FR!I4+HR!I4+HU!I4+IE!I4+IT!I4+LT!I4+LU!I4+LV!I4+MT!I4+NL!I4+PL!I4+PT!I4+RO!I4+SE!I4+SI!I4+SK!I4 -> 84184.736 | ... AG4: =AT!AG4+BE!AG4+BG!AG4+CY!AG4+CZ!AG4+DE!AG4+DK!AG4+EE!AG4+EL!AG4+ES!AG4+FI!AG4+FR!AG4+HR!AG4+HU!AG4+IE!AG4+IT!AG4+LT!AG4+LU!AG4+LV!AG4+MT!AG4+NL!AG4+PL!AG4+PT!AG4+RO!AG4+SE!AG4+SI!AG4+SK!AG4 -> 76906.865
A5: Inland waterways | B5: =AT!B5+BE!B5+BG!B5+CY!B5+CZ!B5+DE!B5+DK!B5+EE!B5+EL!B5+ES!B5+FI!B5+FR!B5+HR!B5+HU!B5+IE!B5+IT!B5+LT!B5+LU!B5+LV!B5+MT!B5+NL!B5+PL!B5+PT!B5+RO!B5+SE!B5+SI!B5+SK!B5 -> 113301.83 | C5: =AT!C5+BE!C5+BG!C5+CY!C5+CZ!C5+DE!C5+DK!C5+EE!C5+EL!C5+ES!C5+FI!C5+FR!C5+HR!C5+HU!C5+IE!C5+IT!C5+LT!C5+LU!C5+LV!C5+MT!C5+NL!C5+PL!C5+PT!C5+RO!C5+SE!C5+SI!C5+SK!C5 -> 112312.36 | D5: =AT!D5+BE!D5+BG!D5+CY!D5+CZ!D5+DE!D5+DK!D5+EE!D5+EL!D5+ES!D5+FI!D5+FR!D5+HR!D5+HU!D5+IE!D5+IT!D5+LT!D5+LU!D5+LV!D5+MT!D5+NL!D5+PL!D5+PT!D5+RO!D5+SE!D5+SI!D5+SK!D5 -> 111602.16 | E5: =AT!E5+BE!E5+BG!E5+CY!E5+CZ!E5+DE!E5+DK!E5+EE!E5+EL!E5+ES!E5+FI!E5+FR!E5+HR!E5+HU!E5+IE!E5+IT!E5+LT!E5+LU!E5+LV!E5+MT!E5+NL!E5+PL!E5+PT!E5+RO!E5+SE!E5+SI!E5+SK!E5 -> 108603.1 | F5: =AT!F5+BE!F5+BG!F5+CY!F5+CZ!F5+DE!F5+DK!F5+EE!F5+EL!F5+ES!F5+FI!F5+FR!F5+HR!F5+HU!F5+IE!F5+IT!F5+LT!F5+LU!F5+LV!F5+MT!F5+NL!F5+PL!F5+PT!F5+RO!F5+SE!F5+SI!F5+SK!F5 -> 117195.32 | G5: =AT!G5+BE!G5+BG!G5+CY!G5+CZ!G5+DE!G5+DK!G5+EE!G5+EL!G5+ES!G5+FI!G5+FR!G5+HR!G5+HU!G5+IE!G5+IT!G5+LT!G5+LU!G5+LV!G5+MT!G5+NL!G5+PL!G5+PT!G5+RO!G5+SE!G5+SI!G5+SK!G5 -> 119836.31 | H5: =AT!H5+BE!H5+BG!H5+CY!H5+CZ!H5+DE!H5+DK!H5+EE!H5+EL!H5+ES!H5+FI!H5+FR!H5+HR!H5+HU!H5+IE!H5+IT!H5+LT!H5+LU!H5+LV!H5+MT!H5+NL!H5+PL!H5+PT!H5+RO!H5+SE!H5+SI!H5+SK!H5 -> 117423.09 | I5: =AT!I5+BE!I5+BG!I5+CY!I5+CZ!I5+DE!I5+DK!I5+EE!I5+EL!I5+ES!I5+FI!I5+FR!I5+HR!I5+HU!I5+IE!I5+IT!I5+LT!I5+LU!I5+LV!I5+MT!I5+NL!I5+PL!I5+PT!I5+RO!I5+SE!I5+SI!I5+SK!I5 -> 125844.83 | ... AG5: =AT!AG5+BE!AG5+BG!AG5+CY!AG5+CZ!AG5+DE!AG5+DK!AG5+EE!AG5+EL!AG5+ES!AG5+FI!AG5+FR!AG5+HR!AG5+HU!AG5+IE!AG5+IT!AG5+LT!AG5+LU!AG5+LV!AG5+MT!AG5+NL!AG5+PL!AG5+PT!AG5+RO!AG5+SE!AG5+SI!AG5+SK!AG5 -> 136076
A7: Market shares of activity (% of tkm) | B7: =IF(B3=0,0,B3/B$3) -> 1 | C7: =IF(C3=0,0,C3/C$3) -> 1 | D7: =IF(D3=0,0,D3/D$3) -> 1 | E7: =IF(E3=0,0,E3/E$3) -> 1 | F7: =IF(F3=0,0,F3/F$3) -> 1 | G7: =IF(G3=0,0,G3/G$3) -> 1 | H7: =IF(H3=0,0,H3/H$3) -> 1 | I7: =IF(I3=0,0,I3/I$3) -> 1 | ... AG7: =IF(AG3=0,0,AG3/AG$3) -> 1
A8: Domestic coastal shipping | B8: =IF(B4=0,0,B4/B$3) -> 0.47613293 | C8: =IF(C4=0,0,C4/C$3) -> 0.45829676 | D8: =IF(D4=0,0,D4/D$3) -> 0.4036784 | E8: =IF(E4=0,0,E4/E$3) -> 0.41633158 | F8: =IF(F4=0,0,F4/F$3) -> 0.39232637 | G8: =IF(G4=0,0,G4/G$3) -> 0.38549488 | H8: =IF(H4=0,0,H4/H$3) -> 0.37251934 | I8: =IF(I4=0,0,I4/I$3) -> 0.40082327 | ... AG8: =IF(AG4=0,0,AG4/AG$3) -> 0.36109414
A9: Inland waterways | B9: =IF(B5=0,0,B5/B$3) -> 0.52386707 | C9: =IF(C5=0,0,C5/C$3) -> 0.54170324 | D9: =IF(D5=0,0,D5/D$3) -> 0.5963216 | E9: =IF(E5=0,0,E5/E$3) -> 0.58366842 | F9: =IF(F5=0,0,F5/F$3) -> 0.60767363 | G9: =IF(G5=0,0,G5/G$3) -> 0.61450512 | H9: =IF(H5=0,0,H5/H$3) -> 0.62748066 | I9: =IF(I5=0,0,I5/I$3) -> 0.59917673 | ... AG9: =IF(AG5=0,0,AG5/AG$3) -> 0.63890586
A11: Vehicle-km (Mvkm) | B11: =SUM(B12:B13) -> 261.656 | C11: =SUM(C12:C13) -> 242.304 | D11: =SUM(D12:D13) -> 228.761 | E11: =SUM(E12:E13) -> 220.528 | F11: =SUM(F12:F13) -> 231.335 | G11: =SUM(G12:G13) -> 235.119 | H11: =SUM(H12:H13) -> 229.446 | I11: =SUM(I12:I13) -> 251.341 | ... AG11: =SUM(AG12:AG13) -> 213.349
A12: Domestic coastal shipping | B12: =AT!B12+BE!B12+BG!B12+CY!B12+CZ!B12+DE!B12+DK!B12+EE!B12+EL!B12+ES!B12+FI!B12+FR!B12+HR!B12+HU!B12+IE!B12+IT!B12+LT!B12+LU!B12+LV!B12+MT!B12+NL!B12+PL!B12+PT!B12+RO!B12+SE!B12+SI!B12+SK!B12 -> 57.555 | C12: =AT!C12+BE!C12+BG!C12+CY!C12+CZ!C12+DE!C12+DK!C12+EE!C12+EL!C12+ES!C12+FI!C12+FR!C12+HR!C12+HU!C12+IE!C12+IT!C12+LT!C12+LU!C12+LV!C12+MT!C12+NL!C12+PL!C12+PT!C12+RO!C12+SE!C12+SI!C12+SK!C12 -> 53.507 | D12: =AT!D12+BE!D12+BG!D12+CY!D12+CZ!D12+DE!D12+DK!D12+EE!D12+EL!D12+ES!D12+FI!D12+FR!D12+HR!D12+HU!D12+IE!D12+IT!D12+LT!D12+LU!D12+LV!D12+MT!D12+NL!D12+PL!D12+PT!D12+RO!D12+SE!D12+SI!D12+SK!D12 -> 44.275 | E12: =AT!E12+BE!E12+BG!E12+CY!E12+CZ!E12+DE!E12+DK!E12+EE!E12+EL!E12+ES!E12+FI!E12+FR!E12+HR!E12+HU!E12+IE!E12+IT!E12+LT!E12+LU!E12+LV!E12+MT!E12+NL!E12+PL!E12+PT!E12+RO!E12+SE!E12+SI!E12+SK!E12 -> 45.659 | F12: =AT!F12+BE!F12+BG!F12+CY!F12+CZ!F12+DE!F12+DK!F12+EE!F12+EL!F12+ES!F12+FI!F12+FR!F12+HR!F12+HU!F12+IE!F12+IT!F12+LT!F12+LU!F12+LV!F12+MT!F12+NL!F12+PL!F12+PT!F12+RO!F12+SE!F12+SI!F12+SK!F12 -> 45.401 | G12: =AT!G12+BE!G12+BG!G12+CY!G12+CZ!G12+DE!G12+DK!G12+EE!G12+EL!G12+ES!G12+FI!G12+FR!G12+HR!G12+HU!G12+IE!G12+IT!G12+LT!G12+LU!G12+LV!G12+MT!G12+NL!G12+PL!G12+PT!G12+RO!G12+SE!G12+SI!G12+SK!G12 -> 45.391 | H12: =AT!H12+BE!H12+BG!H12+CY!H12+CZ!H12+DE!H12+DK!H12+EE!H12+EL!H12+ES!H12+FI!H12+FR!H12+HR!H12+HU!H12+IE!H12+IT!H12+LT!H12+LU!H12+LV!H12+MT!H12+NL!H12+PL!H12+PT!H12+RO!H12+SE!H12+SI!H12+SK!H12 -> 42.83 | I12: =AT!I12+BE!I12+BG!I12+CY!I12+CZ!I12+DE!I12+DK!I12+EE!I12+EL!I12+ES!I12+FI!I12+FR!I12+HR!I12+HU!I12+IE!I12+IT!I12+LT!I12+LU!I12+LV!I12+MT!I12+NL!I12+PL!I12+PT!I12+RO!I12+SE!I12+SI!I12+SK!I12 -> 50.293 | ... AG12: =AT!AG12+BE!AG12+BG!AG12+CY!AG12+CZ!AG12+DE!AG12+DK!AG12+EE!AG12+EL!AG12+ES!AG12+FI!AG12+FR!AG12+HR!AG12+HU!AG12+IE!AG12+IT!AG12+LT!AG12+LU!AG12+LV!AG12+MT!AG12+NL!AG12+PL!AG12+PT!AG12+RO!AG12+SE!AG12+SI!AG12+SK!AG12 -> 35.874
A13: Inland waterways | B13: =AT!B13+BE!B13+BG!B13+CY!B13+CZ!B13+DE!B13+DK!B13+EE!B13+EL!B13+ES!B13+FI!B13+FR!B13+HR!B13+HU!B13+IE!B13+IT!B13+LT!B13+LU!B13+LV!B13+MT!B13+NL!B13+PL!B13+PT!B13+RO!B13+SE!B13+SI!B13+SK!B13 -> 204.101 | C13: =AT!C13+BE!C13+BG!C13+CY!C13+CZ!C13+DE!C13+DK!C13+EE!C13+EL!C13+ES!C13+FI!C13+FR!C13+HR!C13+HU!C13+IE!C13+IT!C13+LT!C13+LU!C13+LV!C13+MT!C13+NL!C13+PL!C13+PT!C13+RO!C13+SE!C13+SI!C13+SK!C13 -> 188.797 | D13: =AT!D13+BE!D13+BG!D13+CY!D13+CZ!D13+DE!D13+DK!D13+EE!D13+EL!D13+ES!D13+FI!D13+FR!D13+HR!D13+HU!D13+IE!D13+IT!D13+LT!D13+LU!D13+LV!D13+MT!D13+NL!D13+PL!D13+PT!D13+RO!D13+SE!D13+SI!D13+SK!D13 -> 184.486 | E13: =AT!E13+BE!E13+BG!E13+CY!E13+CZ!E13+DE!E13+DK!E13+EE!E13+EL!E13+ES!E13+FI!E13+FR!E13+HR!E13+HU!E13+IE!E13+IT!E13+LT!E13+LU!E13+LV!E13+MT!E13+NL!E13+PL!E13+PT!E13+RO!E13+SE!E13+SI!E13+SK!E13 -> 174.869 | F13: =AT!F13+BE!F13+BG!F13+CY!F13+CZ!F13+DE!F13+DK!F13+EE!F13+EL!F13+ES!F13+FI!F13+FR!F13+HR!F13+HU!F13+IE!F13+IT!F13+LT!F13+LU!F13+LV!F13+MT!F13+NL!F13+PL!F13+PT!F13+RO!F13+SE!F13+SI!F13+SK!F13 -> 185.934 | G13: =AT!G13+BE!G13+BG!G13+CY!G13+CZ!G13+DE!G13+DK!G13+EE!G13+EL!G13+ES!G13+FI!G13+FR!G13+HR!G13+HU!G13+IE!G13+IT!G13+LT!G13+LU!G13+LV!G13+MT!G13+NL!G13+PL!G13+PT!G13+RO!G13+SE!G13+SI!G13+SK!G13 -> 189.728 | H13: =AT!H13+BE!H13+BG!H13+CY!H13+CZ!H13+DE!H13+DK!H13+EE!H13+EL!H13+ES!H13+FI!H13+FR!H13+HR!H13+HU!H13+IE!H13+IT!H13+LT!H13+LU!H13+LV!H13+MT!H13+NL!H13+PL!H13+PT!H13+RO!H13+SE!H13+SI!H13+SK!H13 -> 186.616 | I13: =AT!I13+BE!I13+BG!I13+CY!I13+CZ!I13+DE!I13+DK!I13+EE!I13+EL!I13+ES!I13+FI!I13+FR!I13+HR!I13+HU!I13+IE!I13+IT!I13+LT!I13+LU!I13+LV!I13+MT!I13+NL!I13+PL!I13+PT!I13+RO!I13+SE!I13+SI!I13+SK!I13 -> 201.048 | ... AG13: =AT!AG13+BE!AG13+BG!AG13+CY!AG13+CZ!AG13+DE!AG13+DK!AG13+EE!AG13+EL!AG13+ES!AG13+FI!AG13+FR!AG13+HR!AG13+HU!AG13+IE!AG13+IT!AG13+LT!AG13+LU!AG13+LV!AG13+MT!AG13+NL!AG13+PL!AG13+PT!AG13+RO!AG13+SE!AG13+SI!AG13+SK!AG13 -> 177.475
A15: Market shares of vehicle km (% of km) | B15: =IF(B11=0,0,B11/B$11) -> 1 | C15: =IF(C11=0,0,C11/C$11) -> 1 | D15: =IF(D11=0,0,D11/D$11) -> 1 | E15: =IF(E11=0,0,E11/E$11) -> 1 | F15: =IF(F11=0,0,F11/F$11) -> 1 | G15: =IF(G11=0,0,G11/G$11) -> 1 | H15: =IF(H11=0,0,H11/H$11) -> 1 | I15: =IF(I11=0,0,I11/I$11) -> 1 | ... AG15: =IF(AG11=0,0,AG11/AG$11) -> 1
A16: Domestic coastal shipping | B16: =IF(B12=0,0,B12/B$11) -> 0.21996438 | C16: =IF(C12=0,0,C12/C$11) -> 0.2208259 | D16: =IF(D12=0,0,D12/D$11) -> 0.19354261 | E16: =IF(E12=0,0,E12/E$11) -> 0.207044 | F16: =IF(F12=0,0,F12/F$11) -> 0.19625651 | G16: =IF(G12=0,0,G12/G$11) -> 0.19305543 | H16: =IF(H12=0,0,H12/H$11) -> 0.18666702 | I16: =IF(I12=0,0,I12/I$11) -> 0.20009867 | ... AG16: =IF(AG12=0,0,AG12/AG$11) -> 0.16814703
A17: Inland waterways | B17: =IF(B13=0,0,B13/B$11) -> 0.78003562 | C17: =IF(C13=0,0,C13/C$11) -> 0.7791741 | D17: =IF(D13=0,0,D13/D$11) -> 0.80645739 | E17: =IF(E13=0,0,E13/E$11) -> 0.792956 | F17: =IF(F13=0,0,F13/F$11) -> 0.80374349 | G17: =IF(G13=0,0,G13/G$11) -> 0.80694457 | H17: =IF(H13=0,0,H13/H$11) -> 0.81333298 | I17: =IF(I13=0,0,I13/I$11) -> 0.79990133 | ... AG17: =IF(AG13=0,0,AG13/AG$11) -> 0.83185297
A19: Load factor of vessels (t/movement) | B19: =IF(B3=0,0,B3/B11) -> 826.58042 | C19: =IF(C3=0,0,C3/C11) -> 855.6685 | D19: =IF(D3=0,0,D3/D11) -> 818.10695 | E19: =IF(E3=0,0,E3/E11) -> 843.74708 | F19: =IF(F3=0,0,F3/F11) -> 833.67841 | G19: =IF(G3=0,0,G3/G11) -> 829.42131 | H19: =IF(H3=0,0,H3/H11) -> 815.59148 | I19: =IF(I3=0,0,I3/I11) -> 835.6359 | ... AG19: =IF(AG3=0,0,AG3/AG11) -> 998.28387
A20: Domestic coastal shipping | B20: =IF(B4=0,0,B4/B12) -> 1789.2086 | C20: =IF(C4=0,0,C4/C12) -> 1775.8338 | D20: =IF(D4=0,0,D4/D12) -> 1706.3535 | E20: =IF(E4=0,0,E4/E12) -> 1696.6372 | F20: =IF(F4=0,0,F4/F12) -> 1666.5639 | G20: =IF(G4=0,0,G4/G12) -> 1656.1962 | H20: =IF(H4=0,0,H4/H12) -> 1627.6234 | I20: =IF(I4=0,0,I4/I12) -> 1673.8858 | ... AG20: =IF(AG4=0,0,AG4/AG12) -> 2143.8051
A21: Inland waterways | B21: =IF(B5=0,0,B5/B13) -> 555.12626 | C21: =IF(C5=0,0,C5/C13) -> 594.88425 | D21: =IF(D5=0,0,D5/D13) -> 604.93567 | E21: =IF(E5=0,0,E5/E13) -> 621.05404 | F21: =IF(F5=0,0,F5/F13) -> 630.30605 | G21: =IF(G5=0,0,G5/G13) -> 631.62163 | H21: =IF(H5=0,0,H5/H13) -> 629.22307 | I21: =IF(I5=0,0,I5/I13) -> 625.94419 | ... AG21: =IF(AG5=0,0,AG5/AG13) -> 766.73334
A23: Total energy consumption (ktoe) | B23: =SUM(B24,B30) -> 5449.9476 | C23: =SUM(C24,C30) -> 5551.9704 | D23: =SUM(D24,D30) -> 5566.034 | E23: =SUM(E24,E30) -> 5289.7617 | F23: =SUM(F24,F30) -> 5394.4594 | G23: =SUM(G24,G30) -> 5199.3071 | H23: =SUM(H24,H30) -> 5666.8156 | I23: =SUM(I24,I30) -> 5472.5433 | ... AG23: =SUM(AG24,AG30) -> 3978.0524
A24: Domestic coastal shipping | B24: =SUM(B25:B29) -> 3754.0805 | C24: =SUM(C25:C29) -> 3850.5166 | D24: =SUM(D25:D29) -> 3851.6816 | E24: =SUM(E25:E29) -> 3806.3511 | F24: =SUM(F25:F29) -> 3911.0875 | G24: =SUM(G25:G29) -> 3882.1215 | H24: =SUM(H25:H29) -> 4310.7622 | I24: =SUM(I25:I29) -> 4016.6247 | ... AG24: =SUM(AG25:AG29) -> 2999.9797
A25: Gas oil and diesel oil (excluding biofuel portion) | B25: =AT!B25+BE!B25+BG!B25+CY!B25+CZ!B25+DE!B25+DK!B25+EE!B25+EL!B25+ES!B25+FI!B25+FR!B25+HR!B25+HU!B25+IE!B25+IT!B25+LT!B25+LU!B25+LV!B25+MT!B25+NL!B25+PL!B25+PT!B25+RO!B25+SE!B25+SI!B25+SK!B25 -> 2242.2454 | C25: =AT!C25+BE!C25+BG!C25+CY!C25+CZ!C25+DE!C25+DK!C25+EE!C25+EL!C25+ES!C25+FI!C25+FR!C25+HR!C25+HU!C25+IE!C25+IT!C25+LT!C25+LU!C25+LV!C25+MT!C25+NL!C25+PL!C25+PT!C25+RO!C25+SE!C25+SI!C25+SK!C25 -> 2344.061 | D25: =AT!D25+BE!D25+BG!D25+CY!D25+CZ!D25+DE!D25+DK!D25+EE!D25+EL!D25+ES!D25+FI!D25+FR!D25+HR!D25+HU!D25+IE!D25+IT!D25+LT!D25+LU!D25+LV!D25+MT!D25+NL!D25+PL!D25+PT!D25+RO!D25+SE!D25+SI!D25+SK!D25 -> 2382.3603 | E25: =AT!E25+BE!E25+BG!E25+CY!E25+CZ!E25+DE!E25+DK!E25+EE!E25+EL!E25+ES!E25+FI!E25+FR!E25+HR!E25+HU!E25+IE!E25+IT!E25+LT!E25+LU!E25+LV!E25+MT!E25+NL!E25+PL!E25+PT!E25+RO!E25+SE!E25+SI!E25+SK!E25 -> 2414.2312 | F25: =AT!F25+BE!F25+BG!F25+CY!F25+CZ!F25+DE!F25+DK!F25+EE!F25+EL!F25+ES!F25+FI!F25+FR!F25+HR!F25+HU!F25+IE!F25+IT!F25+LT!F25+LU!F25+LV!F25+MT!F25+NL!F25+PL!F25+PT!F25+RO!F25+SE!F25+SI!F25+SK!F25 -> 2444.3603 | G25: =AT!G25+BE!G25+BG!G25+CY!G25+CZ!G25+DE!G25+DK!G25+EE!G25+EL!G25+ES!G25+FI!G25+FR!G25+HR!G25+HU!G25+IE!G25+IT!G25+LT!G25+LU!G25+LV!G25+MT!G25+NL!G25+PL!G25+PT!G25+RO!G25+SE!G25+SI!G25+SK!G25 -> 2473.3737 | H25: =AT!H25+BE!H25+BG!H25+CY!H25+CZ!H25+DE!H25+DK!H25+EE!H25+EL!H25+ES!H25+FI!H25+FR!H25+HR!H25+HU!H25+IE!H25+IT!H25+LT!H25+LU!H25+LV!H25+MT!H25+NL!H25+PL!H25+PT!H25+RO!H25+SE!H25+SI!H25+SK!H25 -> 2578.6374 | I25: =AT!I25+BE!I25+BG!I25+CY!I25+CZ!I25+DE!I25+DK!I25+EE!I25+EL!I25+ES!I25+FI!I25+FR!I25+HR!I25+HU!I25+IE!I25+IT!I25+LT!I25+LU!I25+LV!I25+MT!I25+NL!I25+PL!I25+PT!I25+RO!I25+SE!I25+SI!I25+SK!I25 -> 2367.7262 | ... AG25: =AT!AG25+BE!AG25+BG!AG25+CY!AG25+CZ!AG25+DE!AG25+DK!AG25+EE!AG25+EL!AG25+ES!AG25+FI!AG25+FR!AG25+HR!AG25+HU!AG25+IE!AG25+IT!AG25+LT!AG25+LU!AG25+LV!AG25+MT!AG25+NL!AG25+PL!AG25+PT!AG25+RO!AG25+SE!AG25+SI!AG25+SK!AG25 -> 1560.7057
A26: Fuel oil and Other oil products | B26: =AT!B26+BE!B26+BG!B26+CY!B26+CZ!B26+DE!B26+DK!B26+EE!B26+EL!B26+ES!B26+FI!B26+FR!B26+HR!B26+HU!B26+IE!B26+IT!B26+LT!B26+LU!B26+LV!B26+MT!B26+NL!B26+PL!B26+PT!B26+RO!B26+SE!B26+SI!B26+SK!B26 -> 1511.8351 | C26: =AT!C26+BE!C26+BG!C26+CY!C26+CZ!C26+DE!C26+DK!C26+EE!C26+EL!C26+ES!C26+FI!C26+FR!C26+HR!C26+HU!C26+IE!C26+IT!C26+LT!C26+LU!C26+LV!C26+MT!C26+NL!C26+PL!C26+PT!C26+RO!C26+SE!C26+SI!C26+SK!C26 -> 1506.4556 | D26: =AT!D26+BE!D26+BG!D26+CY!D26+CZ!D26+DE!D26+DK!D26+EE!D26+EL!D26+ES!D26+FI!D26+FR!D26+HR!D26+HU!D26+IE!D26+IT!D26+LT!D26+LU!D26+LV!D26+MT!D26+NL!D26+PL!D26+PT!D26+RO!D26+SE!D26+SI!D26+SK!D26 -> 1469.3212 | E26: =AT!E26+BE!E26+BG!E26+CY!E26+CZ!E26+DE!E26+DK!E26+EE!E26+EL!E26+ES!E26+FI!E26+FR!E26+HR!E26+HU!E26+IE!E26+IT!E26+LT!E26+LU!E26+LV!E26+MT!E26+NL!E26+PL!E26+PT!E26+RO!E26+SE!E26+SI!E26+SK!E26 -> 1392.1199 | F26: =AT!F26+BE!F26+BG!F26+CY!F26+CZ!F26+DE!F26+DK!F26+EE!F26+EL!F26+ES!F26+FI!F26+FR!F26+HR!F26+HU!F26+IE!F26+IT!F26+LT!F26+LU!F26+LV!F26+MT!F26+NL!F26+PL!F26+PT!F26+RO!F26+SE!F26+SI!F26+SK!F26 -> 1466.7272 | G26: =AT!G26+BE!G26+BG!G26+CY!G26+CZ!G26+DE!G26+DK!G26+EE!G26+EL!G26+ES!G26+FI!G26+FR!G26+HR!G26+HU!G26+IE!G26+IT!G26+LT!G26+LU!G26+LV!G26+MT!G26+NL!G26+PL!G26+PT!G26+RO!G26+SE!G26+SI!G26+SK!G26 -> 1408.7478 | H26: =AT!H26+BE!H26+BG!H26+CY!H26+CZ!H26+DE!H26+DK!H26+EE!H26+EL!H26+ES!H26+FI!H26+FR!H26+HR!H26+HU!H26+IE!H26+IT!H26+LT!H26+LU!H26+LV!H26+MT!H26+NL!H26+PL!H26+PT!H26+RO!H26+SE!H26+SI!H26+SK!H26 -> 1732.1248 | I26: =AT!I26+BE!I26+BG!I26+CY!I26+CZ!I26+DE!I26+DK!I26+EE!I26+EL!I26+ES!I26+FI!I26+FR!I26+HR!I26+HU!I26+IE!I26+IT!I26+LT!I26+LU!I26+LV!I26+MT!I26+NL!I26+PL!I26+PT!I26+RO!I26+SE!I26+SI!I26+SK!I26 -> 1648.8985 | ... AG26: =AT!AG26+BE!AG26+BG!AG26+CY!AG26+CZ!AG26+DE!AG26+DK!AG26+EE!AG26+EL!AG26+ES!AG26+FI!AG26+FR!AG26+HR!AG26+HU!AG26+IE!AG26+IT!AG26+LT!AG26+LU!AG26+LV!AG26+MT!AG26+NL!AG26+PL!AG26+PT!AG26+RO!AG26+SE!AG26+SI!AG26+SK!AG26 -> 1420.059
A27: Blended biofuels | B27: =AT!B27+BE!B27+BG!B27+CY!B27+CZ!B27+DE!B27+DK!B27+EE!B27+EL!B27+ES!B27+FI!B27+FR!B27+HR!B27+HU!B27+IE!B27+IT!B27+LT!B27+LU!B27+LV!B27+MT!B27+NL!B27+PL!B27+PT!B27+RO!B27+SE!B27+SI!B27+SK!B27 -> 0 | C27: =AT!C27+BE!C27+BG!C27+CY!C27+CZ!C27+DE!C27+DK!C27+EE!C27+EL!C27+ES!C27+FI!C27+FR!C27+HR!C27+HU!C27+IE!C27+IT!C27+LT!C27+LU!C27+LV!C27+MT!C27+NL!C27+PL!C27+PT!C27+RO!C27+SE!C27+SI!C27+SK!C27 -> 0 | D27: =AT!D27+BE!D27+BG!D27+CY!D27+CZ!D27+DE!D27+DK!D27+EE!D27+EL!D27+ES!D27+FI!D27+FR!D27+HR!D27+HU!D27+IE!D27+IT!D27+LT!D27+LU!D27+LV!D27+MT!D27+NL!D27+PL!D27+PT!D27+RO!D27+SE!D27+SI!D27+SK!D27 -> 0 | E27: =AT!E27+BE!E27+BG!E27+CY!E27+CZ!E27+DE!E27+DK!E27+EE!E27+EL!E27+ES!E27+FI!E27+FR!E27+HR!E27+HU!E27+IE!E27+IT!E27+LT!E27+LU!E27+LV!E27+MT!E27+NL!E27+PL!E27+PT!E27+RO!E27+SE!E27+SI!E27+SK!E27 -> 0 | F27: =AT!F27+BE!F27+BG!F27+CY!F27+CZ!F27+DE!F27+DK!F27+EE!F27+EL!F27+ES!F27+FI!F27+FR!F27+HR!F27+HU!F27+IE!F27+IT!F27+LT!F27+LU!F27+LV!F27+MT!F27+NL!F27+PL!F27+PT!F27+RO!F27+SE!F27+SI!F27+SK!F27 -> 0 | G27: =AT!G27+BE!G27+BG!G27+CY!G27+CZ!G27+DE!G27+DK!G27+EE!G27+EL!G27+ES!G27+FI!G27+FR!G27+HR!G27+HU!G27+IE!G27+IT!G27+LT!G27+LU!G27+LV!G27+MT!G27+NL!G27+PL!G27+PT!G27+RO!G27+SE!G27+SI!G27+SK!G27 -> 0 | H27: =AT!H27+BE!H27+BG!H27+CY!H27+CZ!H27+DE!H27+DK!H27+EE!H27+EL!H27+ES!H27+FI!H27+FR!H27+HR!H27+HU!H27+IE!H27+IT!H27+LT!H27+LU!H27+LV!H27+MT!H27+NL!H27+PL!H27+PT!H27+RO!H27+SE!H27+SI!H27+SK!H27 -> 0 | I27: =AT!I27+BE!I27+BG!I27+CY!I27+CZ!I27+DE!I27+DK!I27+EE!I27+EL!I27+ES!I27+FI!I27+FR!I27+HR!I27+HU!I27+IE!I27+IT!I27+LT!I27+LU!I27+LV!I27+MT!I27+NL!I27+PL!I27+PT!I27+RO!I27+SE!I27+SI!I27+SK!I27 -> 0 | ... AG27: =AT!AG27+BE!AG27+BG!AG27+CY!AG27+CZ!AG27+DE!AG27+DK!AG27+EE!AG27+EL!AG27+ES!AG27+FI!AG27+FR!AG27+HR!AG27+HU!AG27+IE!AG27+IT!AG27+LT!AG27+LU!AG27+LV!AG27+MT!AG27+NL!AG27+PL!AG27+PT!AG27+RO!AG27+SE!AG27+SI!AG27+SK!AG27 -> 19.215084
A28: Natural gas | B28: =AT!B28+BE!B28+BG!B28+CY!B28+CZ!B28+DE!B28+DK!B28+EE!B28+EL!B28+ES!B28+FI!B28+FR!B28+HR!B28+HU!B28+IE!B28+IT!B28+LT!B28+LU!B28+LV!B28+MT!B28+NL!B28+PL!B28+PT!B28+RO!B28+SE!B28+SI!B28+SK!B28 -> 0 | C28: =AT!C28+BE!C28+BG!C28+CY!C28+CZ!C28+DE!C28+DK!C28+EE!C28+EL!C28+ES!C28+FI!C28+FR!C28+HR!C28+HU!C28+IE!C28+IT!C28+LT!C28+LU!C28+LV!C28+MT!C28+NL!C28+PL!C28+PT!C28+RO!C28+SE!C28+SI!C28+SK!C28 -> 0 | D28: =AT!D28+BE!D28+BG!D28+CY!D28+CZ!D28+DE!D28+DK!D28+EE!D28+EL!D28+ES!D28+FI!D28+FR!D28+HR!D28+HU!D28+IE!D28+IT!D28+LT!D28+LU!D28+LV!D28+MT!D28+NL!D28+PL!D28+PT!D28+RO!D28+SE!D28+SI!D28+SK!D28 -> 0 | E28: =AT!E28+BE!E28+BG!E28+CY!E28+CZ!E28+DE!E28+DK!E28+EE!E28+EL!E28+ES!E28+FI!E28+FR!E28+HR!E28+HU!E28+IE!E28+IT!E28+LT!E28+LU!E28+LV!E28+MT!E28+NL!E28+PL!E28+PT!E28+RO!E28+SE!E28+SI!E28+SK!E28 -> 0 | F28: =AT!F28+BE!F28+BG!F28+CY!F28+CZ!F28+DE!F28+DK!F28+EE!F28+EL!F28+ES!F28+FI!F28+FR!F28+HR!F28+HU!F28+IE!F28+IT!F28+LT!F28+LU!F28+LV!F28+MT!F28+NL!F28+PL!F28+PT!F28+RO!F28+SE!F28+SI!F28+SK!F28 -> 0 | G28: =AT!G28+BE!G28+BG!G28+CY!G28+CZ!G28+DE!G28+DK!G28+EE!G28+EL!G28+ES!G28+FI!G28+FR!G28+HR!G28+HU!G28+IE!G28+IT!G28+LT!G28+LU!G28+LV!G28+MT!G28+NL!G28+PL!G28+PT!G28+RO!G28+SE!G28+SI!G28+SK!G28 -> 0 | H28: =AT!H28+BE!H28+BG!H28+CY!H28+CZ!H28+DE!H28+DK!H28+EE!H28+EL!H28+ES!H28+FI!H28+FR!H28+HR!H28+HU!H28+IE!H28+IT!H28+LT!H28+LU!H28+LV!H28+MT!H28+NL!H28+PL!H28+PT!H28+RO!H28+SE!H28+SI!H28+SK!H28 -> 0 | I28: =AT!I28+BE!I28+BG!I28+CY!I28+CZ!I28+DE!I28+DK!I28+EE!I28+EL!I28+ES!I28+FI!I28+FR!I28+HR!I28+HU!I28+IE!I28+IT!I28+LT!I28+LU!I28+LV!I28+MT!I28+NL!I28+PL!I28+PT!I28+RO!I28+SE!I28+SI!I28+SK!I28 -> 0 | ... AG28: =AT!AG28+BE!AG28+BG!AG28+CY!AG28+CZ!AG28+DE!AG28+DK!AG28+EE!AG28+EL!AG28+ES!AG28+FI!AG28+FR!AG28+HR!AG28+HU!AG28+IE!AG28+IT!AG28+LT!AG28+LU!AG28+LV!AG28+MT!AG28+NL!AG28+PL!AG28+PT!AG28+RO!AG28+SE!AG28+SI!AG28+SK!AG28 -> 0
A29: Biogases | B29: =AT!B29+BE!B29+BG!B29+CY!B29+CZ!B29+DE!B29+DK!B29+EE!B29+EL!B29+ES!B29+FI!B29+FR!B29+HR!B29+HU!B29+IE!B29+IT!B29+LT!B29+LU!B29+LV!B29+MT!B29+NL!B29+PL!B29+PT!B29+RO!B29+SE!B29+SI!B29+SK!B29 -> 0 | C29: =AT!C29+BE!C29+BG!C29+CY!C29+CZ!C29+DE!C29+DK!C29+EE!C29+EL!C29+ES!C29+FI!C29+FR!C29+HR!C29+HU!C29+IE!C29+IT!C29+LT!C29+LU!C29+LV!C29+MT!C29+NL!C29+PL!C29+PT!C29+RO!C29+SE!C29+SI!C29+SK!C29 -> 0 | D29: =AT!D29+BE!D29+BG!D29+CY!D29+CZ!D29+DE!D29+DK!D29+EE!D29+EL!D29+ES!D29+FI!D29+FR!D29+HR!D29+HU!D29+IE!D29+IT!D29+LT!D29+LU!D29+LV!D29+MT!D29+NL!D29+PL!D29+PT!D29+RO!D29+SE!D29+SI!D29+SK!D29 -> 0 | E29: =AT!E29+BE!E29+BG!E29+CY!E29+CZ!E29+DE!E29+DK!E29+EE!E29+EL!E29+ES!E29+FI!E29+FR!E29+HR!E29+HU!E29+IE!E29+IT!E29+LT!E29+LU!E29+LV!E29+MT!E29+NL!E29+PL!E29+PT!E29+RO!E29+SE!E29+SI!E29+SK!E29 -> 0 | F29: =AT!F29+BE!F29+BG!F29+CY!F29+CZ!F29+DE!F29+DK!F29+EE!F29+EL!F29+ES!F29+FI!F29+FR!F29+HR!F29+HU!F29+IE!F29+IT!F29+LT!F29+LU!F29+LV!F29+MT!F29+NL!F29+PL!F29+PT!F29+RO!F29+SE!F29+SI!F29+SK!F29 -> 0 | G29: =AT!G29+BE!G29+BG!G29+CY!G29+CZ!G29+DE!G29+DK!G29+EE!G29+EL!G29+ES!G29+FI!G29+FR!G29+HR!G29+HU!G29+IE!G29+IT!G29+LT!G29+LU!G29+LV!G29+MT!G29+NL!G29+PL!G29+PT!G29+RO!G29+SE!G29+SI!G29+SK!G29 -> 0 | H29: =AT!H29+BE!H29+BG!H29+CY!H29+CZ!H29+DE!H29+DK!H29+EE!H29+EL!H29+ES!H29+FI!H29+FR!H29+HR!H29+HU!H29+IE!H29+IT!H29+LT!H29+LU!H29+LV!H29+MT!H29+NL!H29+PL!H29+PT!H29+RO!H29+SE!H29+SI!H29+SK!H29 -> 0 | I29: =AT!I29+BE!I29+BG!I29+CY!I29+CZ!I29+DE!I29+DK!I29+EE!I29+EL!I29+ES!I29+FI!I29+FR!I29+HR!I29+HU!I29+IE!I29+IT!I29+LT!I29+LU!I29+LV!I29+MT!I29+NL!I29+PL!I29+PT!I29+RO!I29+SE!I29+SI!I29+SK!I29 -> 0 | ... AG29: =AT!AG29+BE!AG29+BG!AG29+CY!AG29+CZ!AG29+DE!AG29+DK!AG29+EE!AG29+EL!AG29+ES!AG29+FI!AG29+FR!AG29+HR!AG29+HU!AG29+IE!AG29+IT!AG29+LT!AG29+LU!AG29+LV!AG29+MT!AG29+NL!AG29+PL!AG29+PT!AG29+RO!AG29+SE!AG29+SI!AG29+SK!AG29 -> 0
A30: Inland waterways | B30: =SUM(B31:B35) -> 1695.8671 | C30: =SUM(C31:C35) -> 1701.4538 | D30: =SUM(D31:D35) -> 1714.3524 | E30: =SUM(E31:E35) -> 1483.4105 | F30: =SUM(F31:F35) -> 1483.3719 | G30: =SUM(G31:G35) -> 1317.1855 | H30: =SUM(H31:H35) -> 1356.0534 | I30: =SUM(I31:I35) -> 1455.9186 | ... AG30: =SUM(AG31:AG35) -> 978.07263
A31: Gas oil and diesel oil (excluding biofuel portion) | B31: =AT!B31+BE!B31+BG!B31+CY!B31+CZ!B31+DE!B31+DK!B31+EE!B31+EL!B31+ES!B31+FI!B31+FR!B31+HR!B31+HU!B31+IE!B31+IT!B31+LT!B31+LU!B31+LV!B31+MT!B31+NL!B31+PL!B31+PT!B31+RO!B31+SE!B31+SI!B31+SK!B31 -> 1127.2051 | C31: =AT!C31+BE!C31+BG!C31+CY!C31+CZ!C31+DE!C31+DK!C31+EE!C31+EL!C31+ES!C31+FI!C31+FR!C31+HR!C31+HU!C31+IE!C31+IT!C31+LT!C31+LU!C31+LV!C31+MT!C31+NL!C31+PL!C31+PT!C31+RO!C31+SE!C31+SI!C31+SK!C31 -> 1116.6358 | D31: =AT!D31+BE!D31+BG!D31+CY!D31+CZ!D31+DE!D31+DK!D31+EE!D31+EL!D31+ES!D31+FI!D31+FR!D31+HR!D31+HU!D31+IE!D31+IT!D31+LT!D31+LU!D31+LV!D31+MT!D31+NL!D31+PL!D31+PT!D31+RO!D31+SE!D31+SI!D31+SK!D31 -> 1280.1286 | E31: =AT!E31+BE!E31+BG!E31+CY!E31+CZ!E31+DE!E31+DK!E31+EE!E31+EL!E31+ES!E31+FI!E31+FR!E31+HR!E31+HU!E31+IE!E31+IT!E31+LT!E31+LU!E31+LV!E31+MT!E31+NL!E31+PL!E31+PT!E31+RO!E31+SE!E31+SI!E31+SK!E31 -> 1219.9289 | F31: =AT!F31+BE!F31+BG!F31+CY!F31+CZ!F31+DE!F31+DK!F31+EE!F31+EL!F31+ES!F31+FI!F31+FR!F31+HR!F31+HU!F31+IE!F31+IT!F31+LT!F31+LU!F31+LV!F31+MT!F31+NL!F31+PL!F31+PT!F31+RO!F31+SE!F31+SI!F31+SK!F31 -> 1191.1307 | G31: =AT!G31+BE!G31+BG!G31+CY!G31+CZ!G31+DE!G31+DK!G31+EE!G31+EL!G31+ES!G31+FI!G31+FR!G31+HR!G31+HU!G31+IE!G31+IT!G31+LT!G31+LU!G31+LV!G31+MT!G31+NL!G31+PL!G31+PT!G31+RO!G31+SE!G31+SI!G31+SK!G31 -> 1031.2601 | H31: =AT!H31+BE!H31+BG!H31+CY!H31+CZ!H31+DE!H31+DK!H31+EE!H31+EL!H31+ES!H31+FI!H31+FR!H31+HR!H31+HU!H31+IE!H31+IT!H31+LT!H31+LU!H31+LV!H31+MT!H31+NL!H31+PL!H31+PT!H31+RO!H31+SE!H31+SI!H31+SK!H31 -> 1017.5952 | I31: =AT!I31+BE!I31+BG!I31+CY!I31+CZ!I31+DE!I31+DK!I31+EE!I31+EL!I31+ES!I31+FI!I31+FR!I31+HR!I31+HU!I31+IE!I31+IT!I31+LT!I31+LU!I31+LV!I31+MT!I31+NL!I31+PL!I31+PT!I31+RO!I31+SE!I31+SI!I31+SK!I31 -> 960.71738 | ... AG31: =AT!AG31+BE!AG31+BG!AG31+CY!AG31+CZ!AG31+DE!AG31+DK!AG31+EE!AG31+EL!AG31+ES!AG31+FI!AG31+FR!AG31+HR!AG31+HU!AG31+IE!AG31+IT!AG31+LT!AG31+LU!AG31+LV!AG31+MT!AG31+NL!AG31+PL!AG31+PT!AG31+RO!AG31+SE!AG31+SI!AG31+SK!AG31 -> 900.36166
A32: Fuel oil and Other oil products | B32: =AT!B32+BE!B32+BG!B32+CY!B32+CZ!B32+DE!B32+DK!B32+EE!B32+EL!B32+ES!B32+FI!B32+FR!B32+HR!B32+HU!B32+IE!B32+IT!B32+LT!B32+LU!B32+LV!B32+MT!B32+NL!B32+PL!B32+PT!B32+RO!B32+SE!B32+SI!B32+SK!B32 -> 568.66205 | C32: =AT!C32+BE!C32+BG!C32+CY!C32+CZ!C32+DE!C32+DK!C32+EE!C32+EL!C32+ES!C32+FI!C32+FR!C32+HR!C32+HU!C32+IE!C32+IT!C32+LT!C32+LU!C32+LV!C32+MT!C32+NL!C32+PL!C32+PT!C32+RO!C32+SE!C32+SI!C32+SK!C32 -> 584.818 | D32: =AT!D32+BE!D32+BG!D32+CY!D32+CZ!D32+DE!D32+DK!D32+EE!D32+EL!D32+ES!D32+FI!D32+FR!D32+HR!D32+HU!D32+IE!D32+IT!D32+LT!D32+LU!D32+LV!D32+MT!D32+NL!D32+PL!D32+PT!D32+RO!D32+SE!D32+SI!D32+SK!D32 -> 434.22384 | E32: =AT!E32+BE!E32+BG!E32+CY!E32+CZ!E32+DE!E32+DK!E32+EE!E32+EL!E32+ES!E32+FI!E32+FR!E32+HR!E32+HU!E32+IE!E32+IT!E32+LT!E32+LU!E32+LV!E32+MT!E32+NL!E32+PL!E32+PT!E32+RO!E32+SE!E32+SI!E32+SK!E32 -> 263.48159 | F32: =AT!F32+BE!F32+BG!F32+CY!F32+CZ!F32+DE!F32+DK!F32+EE!F32+EL!F32+ES!F32+FI!F32+FR!F32+HR!F32+HU!F32+IE!F32+IT!F32+LT!F32+LU!F32+LV!F32+MT!F32+NL!F32+PL!F32+PT!F32+RO!F32+SE!F32+SI!F32+SK!F32 -> 292.24125 | G32: =AT!G32+BE!G32+BG!G32+CY!G32+CZ!G32+DE!G32+DK!G32+EE!G32+EL!G32+ES!G32+FI!G32+FR!G32+HR!G32+HU!G32+IE!G32+IT!G32+LT!G32+LU!G32+LV!G32+MT!G32+NL!G32+PL!G32+PT!G32+RO!G32+SE!G32+SI!G32+SK!G32 -> 285.92546 | H32: =AT!H32+BE!H32+BG!H32+CY!H32+CZ!H32+DE!H32+DK!H32+EE!H32+EL!H32+ES!H32+FI!H32+FR!H32+HR!H32+HU!H32+IE!H32+IT!H32+LT!H32+LU!H32+LV!H32+MT!H32+NL!H32+PL!H32+PT!H32+RO!H32+SE!H32+SI!H32+SK!H32 -> 338.4582 | I32: =AT!I32+BE!I32+BG!I32+CY!I32+CZ!I32+DE!I32+DK!I32+EE!I32+EL!I32+ES!I32+FI!I32+FR!I32+HR!I32+HU!I32+IE!I32+IT!I32+LT!I32+LU!I32+LV!I32+MT!I32+NL!I32+PL!I32+PT!I32+RO!I32+SE!I32+SI!I32+SK!I32 -> 495.20126 | ... AG32: =AT!AG32+BE!AG32+BG!AG32+CY!AG32+CZ!AG32+DE!AG32+DK!AG32+EE!AG32+EL!AG32+ES!AG32+FI!AG32+FR!AG32+HR!AG32+HU!AG32+IE!AG32+IT!AG32+LT!AG32+LU!AG32+LV!AG32+MT!AG32+NL!AG32+PL!AG32+PT!AG32+RO!AG32+SE!AG32+SI!AG32+SK!AG32 -> 74.903873
A33: Blended biofuels | B33: =AT!B33+BE!B33+BG!B33+CY!B33+CZ!B33+DE!B33+DK!B33+EE!B33+EL!B33+ES!B33+FI!B33+FR!B33+HR!B33+HU!B33+IE!B33+IT!B33+LT!B33+LU!B33+LV!B33+MT!B33+NL!B33+PL!B33+PT!B33+RO!B33+SE!B33+SI!B33+SK!B33 -> 0 | C33: =AT!C33+BE!C33+BG!C33+CY!C33+CZ!C33+DE!C33+DK!C33+EE!C33+EL!C33+ES!C33+FI!C33+FR!C33+HR!C33+HU!C33+IE!C33+IT!C33+LT!C33+LU!C33+LV!C33+MT!C33+NL!C33+PL!C33+PT!C33+RO!C33+SE!C33+SI!C33+SK!C33 -> 0 | D33: =AT!D33+BE!D33+BG!D33+CY!D33+CZ!D33+DE!D33+DK!D33+EE!D33+EL!D33+ES!D33+FI!D33+FR!D33+HR!D33+HU!D33+IE!D33+IT!D33+LT!D33+LU!D33+LV!D33+MT!D33+NL!D33+PL!D33+PT!D33+RO!D33+SE!D33+SI!D33+SK!D33 -> 0 | E33: =AT!E33+BE!E33+BG!E33+CY!E33+CZ!E33+DE!E33+DK!E33+EE!E33+EL!E33+ES!E33+FI!E33+FR!E33+HR!E33+HU!E33+IE!E33+IT!E33+LT!E33+LU!E33+LV!E33+MT!E33+NL!E33+PL!E33+PT!E33+RO!E33+SE!E33+SI!E33+SK!E33 -> 0 | F33: =AT!F33+BE!F33+BG!F33+CY!F33+CZ!F33+DE!F33+DK!F33+EE!F33+EL!F33+ES!F33+FI!F33+FR!F33+HR!F33+HU!F33+IE!F33+IT!F33+LT!F33+LU!F33+LV!F33+MT!F33+NL!F33+PL!F33+PT!F33+RO!F33+SE!F33+SI!F33+SK!F33 -> 0 | G33: =AT!G33+BE!G33+BG!G33+CY!G33+CZ!G33+DE!G33+DK!G33+EE!G33+EL!G33+ES!G33+FI!G33+FR!G33+HR!G33+HU!G33+IE!G33+IT!G33+LT!G33+LU!G33+LV!G33+MT!G33+NL!G33+PL!G33+PT!G33+RO!G33+SE!G33+SI!G33+SK!G33 -> 0 | H33: =AT!H33+BE!H33+BG!H33+CY!H33+CZ!H33+DE!H33+DK!H33+EE!H33+EL!H33+ES!H33+FI!H33+FR!H33+HR!H33+HU!H33+IE!H33+IT!H33+LT!H33+LU!H33+LV!H33+MT!H33+NL!H33+PL!H33+PT!H33+RO!H33+SE!H33+SI!H33+SK!H33 -> 0 | I33: =AT!I33+BE!I33+BG!I33+CY!I33+CZ!I33+DE!I33+DK!I33+EE!I33+EL!I33+ES!I33+FI!I33+FR!I33+HR!I33+HU!I33+IE!I33+IT!I33+LT!I33+LU!I33+LV!I33+MT!I33+NL!I33+PL!I33+PT!I33+RO!I33+SE!I33+SI!I33+SK!I33 -> 0 | ... AG33: =AT!AG33+BE!AG33+BG!AG33+CY!AG33+CZ!AG33+DE!AG33+DK!AG33+EE!AG33+EL!AG33+ES!AG33+FI!AG33+FR!AG33+HR!AG33+HU!AG33+IE!AG33+IT!AG33+LT!AG33+LU!AG33+LV!AG33+MT!AG33+NL!AG33+PL!AG33+PT!AG33+RO!AG33+SE!AG33+SI!AG33+SK!AG33 -> 2.8071001
A34: Natural gas | B34: =AT!B34+BE!B34+BG!B34+CY!B34+CZ!B34+DE!B34+DK!B34+EE!B34+EL!B34+ES!B34+FI!B34+FR!B34+HR!B34+HU!B34+IE!B34+IT!B34+LT!B34+LU!B34+LV!B34+MT!B34+NL!B34+PL!B34+PT!B34+RO!B34+SE!B34+SI!B34+SK!B34 -> 0 | C34: =AT!C34+BE!C34+BG!C34+CY!C34+CZ!C34+DE!C34+DK!C34+EE!C34+EL!C34+ES!C34+FI!C34+FR!C34+HR!C34+HU!C34+IE!C34+IT!C34+LT!C34+LU!C34+LV!C34+MT!C34+NL!C34+PL!C34+PT!C34+RO!C34+SE!C34+SI!C34+SK!C34 -> 0 | D34: =AT!D34+BE!D34+BG!D34+CY!D34+CZ!D34+DE!D34+DK!D34+EE!D34+EL!D34+ES!D34+FI!D34+FR!D34+HR!D34+HU!D34+IE!D34+IT!D34+LT!D34+LU!D34+LV!D34+MT!D34+NL!D34+PL!D34+PT!D34+RO!D34+SE!D34+SI!D34+SK!D34 -> 0 | E34: =AT!E34+BE!E34+BG!E34+CY!E34+CZ!E34+DE!E34+DK!E34+EE!E34+EL!E34+ES!E34+FI!E34+FR!E34+HR!E34+HU!E34+IE!E34+IT!E34+LT!E34+LU!E34+LV!E34+MT!E34+NL!E34+PL!E34+PT!E34+RO!E34+SE!E34+SI!E34+SK!E34 -> 0 | F34: =AT!F34+BE!F34+BG!F34+CY!F34+CZ!F34+DE!F34+DK!F34+EE!F34+EL!F34+ES!F34+FI!F34+FR!F34+HR!F34+HU!F34+IE!F34+IT!F34+LT!F34+LU!F34+LV!F34+MT!F34+NL!F34+PL!F34+PT!F34+RO!F34+SE!F34+SI!F34+SK!F34 -> 0 | G34: =AT!G34+BE!G34+BG!G34+CY!G34+CZ!G34+DE!G34+DK!G34+EE!G34+EL!G34+ES!G34+FI!G34+FR!G34+HR!G34+HU!G34+IE!G34+IT!G34+LT!G34+LU!G34+LV!G34+MT!G34+NL!G34+PL!G34+PT!G34+RO!G34+SE!G34+SI!G34+SK!G34 -> 0 | H34: =AT!H34+BE!H34+BG!H34+CY!H34+CZ!H34+DE!H34+DK!H34+EE!H34+EL!H34+ES!H34+FI!H34+FR!H34+HR!H34+HU!H34+IE!H34+IT!H34+LT!H34+LU!H34+LV!H34+MT!H34+NL!H34+PL!H34+PT!H34+RO!H34+SE!H34+SI!H34+SK!H34 -> 0 | I34: =AT!I34+BE!I34+BG!I34+CY!I34+CZ!I34+DE!I34+DK!I34+EE!I34+EL!I34+ES!I34+FI!I34+FR!I34+HR!I34+HU!I34+IE!I34+IT!I34+LT!I34+LU!I34+LV!I34+MT!I34+NL!I34+PL!I34+PT!I34+RO!I34+SE!I34+SI!I34+SK!I34 -> 0 | ... AG34: =AT!AG34+BE!AG34+BG!AG34+CY!AG34+CZ!AG34+DE!AG34+DK!AG34+EE!AG34+EL!AG34+ES!AG34+FI!AG34+FR!AG34+HR!AG34+HU!AG34+IE!AG34+IT!AG34+LT!AG34+LU!AG34+LV!AG34+MT!AG34+NL!AG34+PL!AG34+PT!AG34+RO!AG34+SE!AG34+SI!AG34+SK!AG34 -> 0
A35: Biogases | B35: =AT!B35+BE!B35+BG!B35+CY!B35+CZ!B35+DE!B35+DK!B35+EE!B35+EL!B35+ES!B35+FI!B35+FR!B35+HR!B35+HU!B35+IE!B35+IT!B35+LT!B35+LU!B35+LV!B35+MT!B35+NL!B35+PL!B35+PT!B35+RO!B35+SE!B35+SI!B35+SK!B35 -> 0 | C35: =AT!C35+BE!C35+BG!C35+CY!C35+CZ!C35+DE!C35+DK!C35+EE!C35+EL!C35+ES!C35+FI!C35+FR!C35+HR!C35+HU!C35+IE!C35+IT!C35+LT!C35+LU!C35+LV!C35+MT!C35+NL!C35+PL!C35+PT!C35+RO!C35+SE!C35+SI!C35+SK!C35 -> 0 | D35: =AT!D35+BE!D35+BG!D35+CY!D35+CZ!D35+DE!D35+DK!D35+EE!D35+EL!D35+ES!D35+FI!D35+FR!D35+HR!D35+HU!D35+IE!D35+IT!D35+LT!D35+LU!D35+LV!D35+MT!D35+NL!D35+PL!D35+PT!D35+RO!D35+SE!D35+SI!D35+SK!D35 -> 0 | E35: =AT!E35+BE!E35+BG!E35+CY!E35+CZ!E35+DE!E35+DK!E35+EE!E35+EL!E35+ES!E35+FI!E35+FR!E35+HR!E35+HU!E35+IE!E35+IT!E35+LT!E35+LU!E35+LV!E35+MT!E35+NL!E35+PL!E35+PT!E35+RO!E35+SE!E35+SI!E35+SK!E35 -> 0 | F35: =AT!F35+BE!F35+BG!F35+CY!F35+CZ!F35+DE!F35+DK!F35+EE!F35+EL!F35+ES!F35+FI!F35+FR!F35+HR!F35+HU!F35+IE!F35+IT!F35+LT!F35+LU!F35+LV!F35+MT!F35+NL!F35+PL!F35+PT!F35+RO!F35+SE!F35+SI!F35+SK!F35 -> 0 | G35: =AT!G35+BE!G35+BG!G35+CY!G35+CZ!G35+DE!G35+DK!G35+EE!G35+EL!G35+ES!G35+FI!G35+FR!G35+HR!G35+HU!G35+IE!G35+IT!G35+LT!G35+LU!G35+LV!G35+MT!G35+NL!G35+PL!G35+PT!G35+RO!G35+SE!G35+SI!G35+SK!G35 -> 0 | H35: =AT!H35+BE!H35+BG!H35+CY!H35+CZ!H35+DE!H35+DK!H35+EE!H35+EL!H35+ES!H35+FI!H35+FR!H35+HR!H35+HU!H35+IE!H35+IT!H35+LT!H35+LU!H35+LV!H35+MT!H35+NL!H35+PL!H35+PT!H35+RO!H35+SE!H35+SI!H35+SK!H35 -> 0 | I35: =AT!I35+BE!I35+BG!I35+CY!I35+CZ!I35+DE!I35+DK!I35+EE!I35+EL!I35+ES!I35+FI!I35+FR!I35+HR!I35+HU!I35+IE!I35+IT!I35+LT!I35+LU!I35+LV!I35+MT!I35+NL!I35+PL!I35+PT!I35+RO!I35+SE!I35+SI!I35+SK!I35 -> 0 | ... AG35: =AT!AG35+BE!AG35+BG!AG35+CY!AG35+CZ!AG35+DE!AG35+DK!AG35+EE!AG35+EL!AG35+ES!AG35+FI!AG35+FR!AG35+HR!AG35+HU!AG35+IE!AG35+IT!AG35+LT!AG35+LU!AG35+LV!AG35+MT!AG35+NL!AG35+PL!AG35+PT!AG35+RO!AG35+SE!AG35+SI!AG35+SK!AG35 -> 0
A36: * As reported in the Eurostat energy balances
A38: Energy intensity over activity (kgoe / 000 tkm) | B38: =IF(B23=0,0,B23/(B3/1000)) -> 25.198606 | C38: =IF(C23=0,0,C23/(C3/1000)) -> 26.778178 | D38: =IF(D23=0,0,D23/(D3/1000)) -> 29.740878 | E38: =IF(E23=0,0,E23/(E3/1000)) -> 28.428902 | F38: =IF(F23=0,0,F23/(F3/1000)) -> 27.971003 | G38: =IF(G23=0,0,G23/(G3/1000)) -> 26.661375 | H38: =IF(H23=0,0,H23/(H3/1000)) -> 30.282094 | I38: =IF(I23=0,0,I23/(I3/1000)) -> 26.056062 | ... AG38: =IF(AG23=0,0,AG23/(AG3/1000)) -> 18.677805
A39: Domestic coastal shipping | B39: =IF(B24=0,0,B24/(B4/1000)) -> 36.455205 | C39: =IF(C24=0,0,C24/(C4/1000)) -> 40.52342 | D39: =IF(D24=0,0,D24/(D4/1000)) -> 50.982696 | E39: =IF(E24=0,0,E24/(E4/1000)) -> 49.135284 | F39: =IF(F24=0,0,F24/(F4/1000)) -> 51.690428 | G39: =IF(G24=0,0,G24/(G4/1000)) -> 51.640162 | H39: =IF(H24=0,0,H24/(H4/1000)) -> 61.83752 | I39: =IF(I24=0,0,I24/(I4/1000)) -> 47.71203 | ... AG39: =IF(AG24=0,0,AG24/(AG4/1000)) -> 39.007958
A40: Inland waterways | B40: =IF(B30=0,0,B30/(B5/1000)) -> 14.967695 | C40: =IF(C30=0,0,C30/(C5/1000)) -> 15.149301 | D40: =IF(D30=0,0,D30/(D5/1000)) -> 15.361283 | E40: =IF(E30=0,0,E30/(E5/1000)) -> 13.659007 | F40: =IF(F30=0,0,F30/(F5/1000)) -> 12.657262 | G40: =IF(G30=0,0,G30/(G5/1000)) -> 10.99154 | H40: =IF(H30=0,0,H30/(H5/1000)) -> 11.548439 | I40: =IF(I30=0,0,I30/(I5/1000)) -> 11.569158 | ... AG40: =IF(AG30=0,0,AG30/(AG5/1000)) -> 7.1876939
A42: Shares of total energy consumption (%) | B42: =IF(B23=0,0,B23/B$23) -> 1 | C42: =IF(C23=0,0,C23/C$23) -> 1 | D42: =IF(D23=0,0,D23/D$23) -> 1 | E42: =IF(E23=0,0,E23/E$23) -> 1 | F42: =IF(F23=0,0,F23/F$23) -> 1 | G42: =IF(G23=0,0,G23/G$23) -> 1 | H42: =IF(H23=0,0,H23/H$23) -> 1 | I42: =IF(I23=0,0,I23/I$23) -> 1 | ... AG42: =IF(AG23=0,0,AG23/AG$23) -> 1
A43: Domestic coastal shipping | B43: =IF(B24=0,0,B24/B$23) -> 0.68882873 | C43: =IF(C24=0,0,C24/C$23) -> 0.69354055 | D43: =IF(D24=0,0,D24/D$23) -> 0.69199749 | E43: =IF(E24=0,0,E24/E$23) -> 0.7195695 | F43: =IF(F24=0,0,F24/F$23) -> 0.72501936 | G43: =IF(G24=0,0,G24/G$23) -> 0.74666133 | H43: =IF(H24=0,0,H24/H$23) -> 0.76070274 | I43: =IF(I24=0,0,I24/I$23) -> 0.73395941 | ... AG43: =IF(AG24=0,0,AG24/AG$23) -> 0.75413279
A44: Inland waterways | B44: =IF(B30=0,0,B30/B$23) -> 0.31117127 | C44: =IF(C30=0,0,C30/C$23) -> 0.30645945 | D44: =IF(D30=0,0,D30/D$23) -> 0.30800251 | E44: =IF(E30=0,0,E30/E$23) -> 0.2804305 | F44: =IF(F30=0,0,F30/F$23) -> 0.27498064 | G44: =IF(G30=0,0,G30/G$23) -> 0.25333867 | H44: =IF(H30=0,0,H30/H$23) -> 0.23929726 | I44: =IF(I30=0,0,I30/I$23) -> 0.26604059 | ... AG44: =IF(AG30=0,0,AG30/AG$23) -> 0.24586721
A46: Vehicle-efficiency - effective (kgoe/100 km) | B46: =IF(B23=0,0,100*B23/B11) -> 2082.8674 | C46: =IF(C23=0,0,100*C23/C11) -> 2291.3243 | D46: =IF(D23=0,0,100*D23/D11) -> 2433.1219 | E46: =IF(E23=0,0,100*E23/E11) -> 2398.6803 | F46: =IF(F23=0,0,100*F23/F11) -> 2331.8821 | G46: =IF(G23=0,0,100*G23/G11) -> 2211.3513 | H46: =IF(H23=0,0,100*H23/H11) -> 2469.7818 | I46: =IF(I23=0,0,100*I23/I11) -> 2177.3381 | ... AG46: =IF(AG23=0,0,100*AG23/AG11) -> 1864.5751
A47: Domestic coastal shipping | B47: =IF(B24=0,0,100*B24/B12) -> 6522.5966 | C47: =IF(C24=0,0,100*C24/C12) -> 7196.2858 | D47: =IF(D24=0,0,100*D24/D12) -> 8699.4501 | E47: =IF(E24=0,0,100*E24/E12) -> 8336.475 | F47: =IF(F24=0,0,100*F24/F12) -> 8614.5404 | G47: =IF(G24=0,0,100*G24/G12) -> 8552.6239 | H47: =IF(H24=0,0,100*H24/H12) -> 10064.819 | I47: =IF(I24=0,0,100*I24/I12) -> 7986.4488 | ... AG47: =IF(AG24=0,0,100*AG24/AG12) -> 8362.5459
A48: Inland waterways | B48: =IF(B30=0,0,100*B30/B13) -> 830.89605 | C48: =IF(C30=0,0,100*C30/C13) -> 901.20807 | D48: =IF(D30=0,0,100*D30/D13) -> 929.25881 | E48: =IF(E30=0,0,100*E30/E13) -> 848.29817 | F48: =IF(F30=0,0,100*F30/F13) -> 797.79488 | G48: =IF(G30=0,0,100*G30/G13) -> 694.24941 | H48: =IF(H30=0,0,100*H30/H13) -> 726.65442 | I48: =IF(I30=0,0,100*I30/I13) -> 724.1647 | ... AG48: =IF(AG30=0,0,100*AG30/AG13) -> 551.10445
A49: * Based on the energy consumption figures reported in the Eurostat energy balances
A51: Vehicle-efficiency - theoretical (kgoe/100 km) | B51: 2064.554 | C51: 2276.2336 | D51: 2416.9549 | E51: 2384.4504 | F51: 2318.3413 | G51: 2198.9766 | H51: 2454.9386 | I51: 2166.0417 | J51: 2127.799 | K51: 2339.4539 | L51: 2045.1824 | M51: 2229.5452 | N51: 2352.3532 | O51: 2397.2804 | P51: 2263.1992 | Q51: 2149.3331 | R51: 2328.2845 | S51: 2152.0989 | T51: 2144.7546 | U51: 2337.7549 | V51: 2255.7321 | W51: 1836.5865 | X51: 1778.6692 | Y51: 1657.646 | Z51: 1588.0167 | AA51: 1735.6914 | AB51: 1891.6977 | AC51: 2073.6718 | AD51: 2072.0758 | AE51: 2032.8018 | AF51: 1885.6109 | AG51: 1854.4079
A52: Domestic coastal shipping | B52: 6955.1245 | C52: 7592.6993 | D52: 8662.6678 | E52: 8163.7575 | F52: 8156.6815 | G52: 7798.6848 | H52: 8837.0769 | I52: 7546.7781 | J52: 7275.7598 | K52: 7999.6087 | L52: 7655.6366 | M52: 8951.2498 | N52: 9450.3251 | O52: 9494.2611 | P52: 9291.1646 | Q52: 8918.0083 | R52: 8535.251 | S52: 8503.2338 | T52: 8933.5611 | U52: 9027.8959 | V52: 8778.5242 | W52: 7600.8074 | X52: 7502.2249 | Y52: 7085.2284 | Z52: 6417.1722 | AA52: 6658.6237 | AB52: 7304.9905 | AC52: 8326.3026 | AD52: 7774.1747 | AE52: 7589.779 | AF52: 6916.3203 | AG52: 7369.9871
A53: Inland waterways | B53: 685.44861 | C53: 769.49289 | D53: 918.03935 | E53: 875.44999 | F53: 892.74686 | G53: 859.28845 | H53: 990.18216 | I53: 820.02792 | J53: 791.00372 | K53: 872.95787 | L53: 830.8083 | M53: 978.88141 | N53: 981.21638 | O53: 1000.5576 | P53: 987.062 | Q53: 913.05403 | R53: 895.89559 | S53: 890.6086 | T53: 874.80235 | U53: 932.9739 | V53: 884.28311 | W53: 727.18644 | X53: 748.15346 | Y53: 734.95124 | Z53: 650.54332 | AA53: 701.8022 | AB53: 734.51451 | AC53: 771.37682 | AD53: 735.87796 | AE53: 737.54523 | AF53: 715.20667 | AG53: 739.51353
A54: * Based on the total mileage
A56: Discrepancy between effective and theoretical efficiencies (ratio) | B56: =IF(B46=0,0,B46/B51) -> 1.0088704 | C56: =IF(C46=0,0,C46/C51) -> 1.0066297 | D56: =IF(D46=0,0,D46/D51) -> 1.006689 | E56: =IF(E46=0,0,E46/E51) -> 1.0059678 | F56: =IF(F46=0,0,F46/F51) -> 1.0058407 | G56: =IF(G46=0,0,G46/G51) -> 1.0056275 | H56: =IF(H46=0,0,H46/H51) -> 1.0060463 | I56: =IF(I46=0,0,I46/I51) -> 1.0052152 | ... AG56: =IF(AG46=0,0,AG46/AG51) -> 1.0054827
A57: Domestic coastal shipping | B57: =IF(B47=0,0,B47/B52) -> 0.93781162 | C57: =IF(C47=0,0,C47/C52) -> 0.94779017 | D57: =IF(D47=0,0,D47/D52) -> 1.0042461 | E57: =IF(E47=0,0,E47/E52) -> 1.0211566 | F57: =IF(F47=0,0,F47/F52) -> 1.056133 | G57: =IF(G47=0,0,G47/G52) -> 1.0966752 | H57: =IF(H47=0,0,H47/H52) -> 1.1389308 | I57: =IF(I47=0,0,I47/I52) -> 1.0582594 | ... AG57: =IF(AG47=0,0,AG47/AG52) -> 1.1346758
A58: Inland waterways | B58: =IF(B48=0,0,B48/B53) -> 1.2121931 | C58: =IF(C48=0,0,C48/C53) -> 1.1711714 | D58: =IF(D48=0,0,D48/D53) -> 1.0122211 | E58: =IF(E48=0,0,E48/E53) -> 0.96898531 | F58: =IF(F48=0,0,F48/F53) -> 0.89364065 | G58: =IF(G48=0,0,G48/G53) -> 0.80793522 | H58: =IF(H48=0,0,H48/H53) -> 0.73385934 | I58: =IF(I48=0,0,I48/I53) -> 0.88309761 | ... AG58: =IF(AG48=0,0,AG48/AG53) -> 0.74522566
A60: Emission factors (kt CO2 / ktoe) | B60: =IF(B64=0,0,B64/B23) -> 3.1235079 | C60: =IF(C64=0,0,C64/C23) -> 3.1246043 | D60: =IF(D64=0,0,D64/D23) -> 3.1208931 | E60: =IF(E64=0,0,E64/E23) -> 3.1148737 | F60: =IF(F64=0,0,F64/F23) -> 3.1169425 | G60: =IF(G64=0,0,G64/G23) -> 3.1142747 | H60: =IF(H64=0,0,H64/H23) -> 3.1215642 | I60: =IF(I64=0,0,I64/I23) -> 3.1241949 | ... AG60: =IF(AG64=0,0,AG64/AG23) -> 3.106066
A61: Domestic coastal shipping | B61: =IF(B65=0,0,B65/B24) -> 3.1208727 | C61: =IF(C65=0,0,C65/C24) -> 3.118226 | D61: =IF(D65=0,0,D65/D24) -> 3.118266 | E61: =IF(E65=0,0,E65/E24) -> 3.1149563 | F61: =IF(F65=0,0,F65/F24) -> 3.1167771 | G61: =IF(G65=0,0,G65/G24) -> 3.1126461 | H61: =IF(H65=0,0,H65/H24) -> 3.1209856 | I61: =IF(I65=0,0,I65/I24) -> 3.1196963 | ... AG61: =IF(AG65=0,0,AG65/AG24) -> 3.1146631
A62: Inland waterways | B62: =IF(B66=0,0,B66/B30) -> 3.1293413 | C62: =IF(C66=0,0,C66/C30) -> 3.1390388 | D62: =IF(D66=0,0,D66/D30) -> 3.1267954 | E62: =IF(E66=0,0,E66/E30) -> 3.1146615 | F62: =IF(F66=0,0,F66/F30) -> 3.1173785 | G62: =IF(G66=0,0,G66/G30) -> 3.1190748 | H62: =IF(H66=0,0,H66/H30) -> 3.1234034 | I62: =IF(I66=0,0,I66/I30) -> 3.1366058 | ... AG62: =IF(AG66=0,0,AG66/AG30) -> 3.0796967
A64: CO2 emissions (kt CO2) | B64: =SUM(B65:B66) -> 17022.955 | C64: =SUM(C65:C66) -> 17347.711 | D64: =SUM(D65:D66) -> 17370.997 | E64: =SUM(E65:E66) -> 16476.939 | F64: =SUM(F65:F66) -> 16814.22 | G64: =SUM(G65:G66) -> 16192.071 | H64: =SUM(H65:H66) -> 17689.328 | I64: =SUM(I65:I66) -> 17097.292 | ... AG64: =SUM(AG65:AG66) -> 12356.093
A65: Domestic coastal shipping | B65: =AT!B65+BE!B65+BG!B65+CY!B65+CZ!B65+DE!B65+DK!B65+EE!B65+EL!B65+ES!B65+FI!B65+FR!B65+HR!B65+HU!B65+IE!B65+IT!B65+LT!B65+LU!B65+LV!B65+MT!B65+NL!B65+PL!B65+PT!B65+RO!B65+SE!B65+SI!B65+SK!B65 -> 11716.007 | C65: =AT!C65+BE!C65+BG!C65+CY!C65+CZ!C65+DE!C65+DK!C65+EE!C65+EL!C65+ES!C65+FI!C65+FR!C65+HR!C65+HU!C65+IE!C65+IT!C65+LT!C65+LU!C65+LV!C65+MT!C65+NL!C65+PL!C65+PT!C65+RO!C65+SE!C65+SI!C65+SK!C65 -> 12006.781 | D65: =AT!D65+BE!D65+BG!D65+CY!D65+CZ!D65+DE!D65+DK!D65+EE!D65+EL!D65+ES!D65+FI!D65+FR!D65+HR!D65+HU!D65+IE!D65+IT!D65+LT!D65+LU!D65+LV!D65+MT!D65+NL!D65+PL!D65+PT!D65+RO!D65+SE!D65+SI!D65+SK!D65 -> 12010.568 | E65: =AT!E65+BE!E65+BG!E65+CY!E65+CZ!E65+DE!E65+DK!E65+EE!E65+EL!E65+ES!E65+FI!E65+FR!E65+HR!E65+HU!E65+IE!E65+IT!E65+LT!E65+LU!E65+LV!E65+MT!E65+NL!E65+PL!E65+PT!E65+RO!E65+SE!E65+SI!E65+SK!E65 -> 11856.618 | F65: =AT!F65+BE!F65+BG!F65+CY!F65+CZ!F65+DE!F65+DK!F65+EE!F65+EL!F65+ES!F65+FI!F65+FR!F65+HR!F65+HU!F65+IE!F65+IT!F65+LT!F65+LU!F65+LV!F65+MT!F65+NL!F65+PL!F65+PT!F65+RO!F65+SE!F65+SI!F65+SK!F65 -> 12189.988 | G65: =AT!G65+BE!G65+BG!G65+CY!G65+CZ!G65+DE!G65+DK!G65+EE!G65+EL!G65+ES!G65+FI!G65+FR!G65+HR!G65+HU!G65+IE!G65+IT!G65+LT!G65+LU!G65+LV!G65+MT!G65+NL!G65+PL!G65+PT!G65+RO!G65+SE!G65+SI!G65+SK!G65 -> 12083.67 | H65: =AT!H65+BE!H65+BG!H65+CY!H65+CZ!H65+DE!H65+DK!H65+EE!H65+EL!H65+ES!H65+FI!H65+FR!H65+HR!H65+HU!H65+IE!H65+IT!H65+LT!H65+LU!H65+LV!H65+MT!H65+NL!H65+PL!H65+PT!H65+RO!H65+SE!H65+SI!H65+SK!H65 -> 13453.827 | I65: =AT!I65+BE!I65+BG!I65+CY!I65+CZ!I65+DE!I65+DK!I65+EE!I65+EL!I65+ES!I65+FI!I65+FR!I65+HR!I65+HU!I65+IE!I65+IT!I65+LT!I65+LU!I65+LV!I65+MT!I65+NL!I65+PL!I65+PT!I65+RO!I65+SE!I65+SI!I65+SK!I65 -> 12530.649 | ... AG65: =AT!AG65+BE!AG65+BG!AG65+CY!AG65+CZ!AG65+DE!AG65+DK!AG65+EE!AG65+EL!AG65+ES!AG65+FI!AG65+FR!AG65+HR!AG65+HU!AG65+IE!AG65+IT!AG65+LT!AG65+LU!AG65+LV!AG65+MT!AG65+NL!AG65+PL!AG65+PT!AG65+RO!AG65+SE!AG65+SI!AG65+SK!AG65 -> 9343.9261
A66: Inland waterways | B66: =AT!B66+BE!B66+BG!B66+CY!B66+CZ!B66+DE!B66+DK!B66+EE!B66+EL!B66+ES!B66+FI!B66+FR!B66+HR!B66+HU!B66+IE!B66+IT!B66+LT!B66+LU!B66+LV!B66+MT!B66+NL!B66+PL!B66+PT!B66+RO!B66+SE!B66+SI!B66+SK!B66 -> 5306.9471 | C66: =AT!C66+BE!C66+BG!C66+CY!C66+CZ!C66+DE!C66+DK!C66+EE!C66+EL!C66+ES!C66+FI!C66+FR!C66+HR!C66+HU!C66+IE!C66+IT!C66+LT!C66+LU!C66+LV!C66+MT!C66+NL!C66+PL!C66+PT!C66+RO!C66+SE!C66+SI!C66+SK!C66 -> 5340.9295 | D66: =AT!D66+BE!D66+BG!D66+CY!D66+CZ!D66+DE!D66+DK!D66+EE!D66+EL!D66+ES!D66+FI!D66+FR!D66+HR!D66+HU!D66+IE!D66+IT!D66+LT!D66+LU!D66+LV!D66+MT!D66+NL!D66+PL!D66+PT!D66+RO!D66+SE!D66+SI!D66+SK!D66 -> 5360.4292 | E66: =AT!E66+BE!E66+BG!E66+CY!E66+CZ!E66+DE!E66+DK!E66+EE!E66+EL!E66+ES!E66+FI!E66+FR!E66+HR!E66+HU!E66+IE!E66+IT!E66+LT!E66+LU!E66+LV!E66+MT!E66+NL!E66+PL!E66+PT!E66+RO!E66+SE!E66+SI!E66+SK!E66 -> 4620.3216 | F66: =AT!F66+BE!F66+BG!F66+CY!F66+CZ!F66+DE!F66+DK!F66+EE!F66+EL!F66+ES!F66+FI!F66+FR!F66+HR!F66+HU!F66+IE!F66+IT!F66+LT!F66+LU!F66+LV!F66+MT!F66+NL!F66+PL!F66+PT!F66+RO!F66+SE!F66+SI!F66+SK!F66 -> 4624.2318 | G66: =AT!G66+BE!G66+BG!G66+CY!G66+CZ!G66+DE!G66+DK!G66+EE!G66+EL!G66+ES!G66+FI!G66+FR!G66+HR!G66+HU!G66+IE!G66+IT!G66+LT!G66+LU!G66+LV!G66+MT!G66+NL!G66+PL!G66+PT!G66+RO!G66+SE!G66+SI!G66+SK!G66 -> 4108.4002 | H66: =AT!H66+BE!H66+BG!H66+CY!H66+CZ!H66+DE!H66+DK!H66+EE!H66+EL!H66+ES!H66+FI!H66+FR!H66+HR!H66+HU!H66+IE!H66+IT!H66+LT!H66+LU!H66+LV!H66+MT!H66+NL!H66+PL!H66+PT!H66+RO!H66+SE!H66+SI!H66+SK!H66 -> 4235.5018 | I66: =AT!I66+BE!I66+BG!I66+CY!I66+CZ!I66+DE!I66+DK!I66+EE!I66+EL!I66+ES!I66+FI!I66+FR!I66+HR!I66+HU!I66+IE!I66+IT!I66+LT!I66+LU!I66+LV!I66+MT!I66+NL!I66+PL!I66+PT!I66+RO!I66+SE!I66+SI!I66+SK!I66 -> 4566.6428 | ... AG66: =AT!AG66+BE!AG66+BG!AG66+CY!AG66+CZ!AG66+DE!AG66+DK!AG66+EE!AG66+EL!AG66+ES!AG66+FI!AG66+FR!AG66+HR!AG66+HU!AG66+IE!AG66+IT!AG66+LT!AG66+LU!AG66+LV!AG66+MT!AG66+NL!AG66+PL!AG66+PT!AG66+RO!AG66+SE!AG66+SI!AG66+SK!AG66 -> 3012.1671
A67: * Based on the energy consumption figures reported in the Eurostat energy balances
A69: Emission intensity (kg of CO2 / 100 km) | B69: =IF(B64=0,0,100*B64/B11) -> 6505.853 | C69: =IF(C64=0,0,100*C64/C11) -> 7159.4817 | D69: =IF(D64=0,0,100*D64/D11) -> 7593.5133 | E69: =IF(E64=0,0,100*E64/E11) -> 7471.586 | F69: =IF(F64=0,0,100*F64/F11) -> 7268.3424 | G69: =IF(G64=0,0,100*G64/G11) -> 6886.7555 | H69: =IF(H64=0,0,100*H64/H11) -> 7709.5824 | I69: =IF(I64=0,0,100*I64/I11) -> 6802.4286 | ... AG69: =IF(AG64=0,0,100*AG64/AG11) -> 5791.4934
A70: Domestic coastal shipping | B70: =IF(B65=0,0,100*B65/B12) -> 20356.194 | C70: =IF(C65=0,0,100*C65/C12) -> 22439.646 | D70: =IF(D65=0,0,100*D65/D12) -> 27127.2 | E70: =IF(E65=0,0,100*E65/E12) -> 25967.756 | F70: =IF(F65=0,0,100*F65/F12) -> 26849.602 | G70: =IF(G65=0,0,100*G65/G12) -> 26621.291 | H70: =IF(H65=0,0,100*H65/H12) -> 31412.156 | I70: =IF(I65=0,0,100*I65/I12) -> 24915.295 | ... AG70: =IF(AG65=0,0,100*AG65/AG12) -> 26046.513
A71: Inland waterways | B71: =IF(B66=0,0,100*B66/B13) -> 2600.1573 | C71: =IF(C66=0,0,100*C66/C13) -> 2828.9271 | D71: =IF(D66=0,0,100*D66/D13) -> 2905.6022 | E71: =IF(E66=0,0,100*E66/E13) -> 2642.1616 | F71: =IF(F66=0,0,100*F66/F13) -> 2487.0286 | G71: =IF(G66=0,0,100*G66/G13) -> 2165.4159 | H71: =IF(H66=0,0,100*H66/H13) -> 2269.6349 | I71: =IF(I66=0,0,100*I66/I13) -> 2271.4192 | ... AG71: =IF(AG66=0,0,100*AG66/AG13) -> 1697.2346
A73: Emission intensity over activity (kg of CO2 / thousand tkm) | B73: =IF(B64=0,0,1000*B64/B3) -> 78.708046 | C73: =IF(C64=0,0,1000*C64/C3) -> 83.671209 | D73: =IF(D64=0,0,1000*D64/D3) -> 92.818101 | E73: =IF(E64=0,0,1000*E64/E3) -> 88.552437 | F73: =IF(F64=0,0,1000*F64/F3) -> 87.184007 | G73: =IF(G64=0,0,1000*G64/G3) -> 83.030848 | H73: =IF(H64=0,0,1000*H64/H3) -> 94.5275 | I73: =IF(I64=0,0,1000*I64/I3) -> 81.404217 | ... AG73: =IF(AG64=0,0,1000*AG64/AG3) -> 58.014494
A74: Domestic coastal shipping | B74: =IF(B65=0,0,1000*B65/B4) -> 113.77206 | C74: =IF(C65=0,0,1000*C65/C4) -> 126.36118 | D74: =IF(D65=0,0,1000*D65/D4) -> 158.97761 | E74: =IF(E65=0,0,1000*E65/E4) -> 153.05427 | F74: =IF(F65=0,0,1000*F65/F4) -> 161.10754 | G74: =IF(G65=0,0,1000*G65/G4) -> 160.73755 | H74: =IF(H65=0,0,1000*H65/H4) -> 192.99401 | I74: =IF(I65=0,0,1000*I65/I4) -> 148.84705 | ... AG74: =IF(AG65=0,0,1000*AG65/AG4) -> 121.49665
A75: Inland waterways | B75: =IF(B66=0,0,1000*B66/B5) -> 46.839026 | C75: =IF(C66=0,0,1000*C66/C5) -> 47.554244 | D75: =IF(D66=0,0,1000*D66/D5) -> 48.031589 | E75: =IF(E66=0,0,1000*E66/E5) -> 42.543184 | F75: =IF(F66=0,0,1000*F66/F5) -> 39.457477 | G75: =IF(G66=0,0,1000*G66/G5) -> 34.283434 | H75: =IF(H66=0,0,1000*H66/H5) -> 36.070433 | I75: =IF(I66=0,0,1000*I66/I5) -> 36.287887 | ... AG75: =IF(AG66=0,0,1000*AG66/AG5) -> 22.135917
A77: Shares of CO2 emissions (%) | B77: =IF(B64=0,0,B64/B$64) -> 1 | C77: =IF(C64=0,0,C64/C$64) -> 1 | D77: =IF(D64=0,0,D64/D$64) -> 1 | E77: =IF(E64=0,0,E64/E$64) -> 1 | F77: =IF(F64=0,0,F64/F$64) -> 1 | G77: =IF(G64=0,0,G64/G$64) -> 1 | H77: =IF(H64=0,0,H64/H$64) -> 1 | I77: =IF(I64=0,0,I64/I$64) -> 1 | ... AG77: =IF(AG64=0,0,AG64/AG$64) -> 1
A78: Domestic coastal shipping | B78: =IF(B65=0,0,B65/B$64) -> 0.68824759 | C78: =IF(C65=0,0,C65/C$64) -> 0.69212482 | D78: =IF(D65=0,0,D65/D$64) -> 0.69141499 | E78: =IF(E65=0,0,E65/E$64) -> 0.7195886 | F78: =IF(F65=0,0,F65/F$64) -> 0.72498089 | G78: =IF(G65=0,0,G65/G$64) -> 0.74627086 | H78: =IF(H65=0,0,H65/H$64) -> 0.76056175 | I78: =IF(I65=0,0,I65/I$64) -> 0.73290257 | ... AG78: =IF(AG65=0,0,AG65/AG$64) -> 0.75622011
A79: Inland waterways | B79: =IF(B66=0,0,B66/B$64) -> 0.31175241 | C79: =IF(C66=0,0,C66/C$64) -> 0.30787518 | D79: =IF(D66=0,0,D66/D$64) -> 0.30858501 | E79: =IF(E66=0,0,E66/E$64) -> 0.2804114 | F79: =IF(F66=0,0,F66/F$64) -> 0.27501911 | G79: =IF(G66=0,0,G66/G$64) -> 0.25372914 | H79: =IF(H66=0,0,H66/H$64) -> 0.23943825 | I79: =IF(I66=0,0,I66/I$64) -> 0.26709743 | ... AG79: =IF(AG66=0,0,AG66/AG$64) -> 0.24377989
A81: CO2 emissions - MRV compliant (kt CO2) | AD81: =SUM(AD82:AD83) -> 6758.575 | AE81: =SUM(AE82:AE83) -> 6859.3173 | AF81: =SUM(AF82:AF83) -> 5770.4934 | AG81: =SUM(AG82:AG83) -> 6229.2841
A82: Domestic coastal shipping | AD82: =AT!AD82+BE!AD82+BG!AD82+CY!AD82+CZ!AD82+DE!AD82+DK!AD82+EE!AD82+EL!AD82+ES!AD82+FI!AD82+FR!AD82+HR!AD82+HU!AD82+IE!AD82+IT!AD82+LT!AD82+LU!AD82+LV!AD82+MT!AD82+NL!AD82+PL!AD82+PT!AD82+RO!AD82+SE!AD82+SI!AD82+SK!AD82 -> 6758.575 | AE82: =AT!AE82+BE!AE82+BG!AE82+CY!AE82+CZ!AE82+DE!AE82+DK!AE82+EE!AE82+EL!AE82+ES!AE82+FI!AE82+FR!AE82+HR!AE82+HU!AE82+IE!AE82+IT!AE82+LT!AE82+LU!AE82+LV!AE82+MT!AE82+NL!AE82+PL!AE82+PT!AE82+RO!AE82+SE!AE82+SI!AE82+SK!AE82 -> 6859.3173 | AF82: =AT!AF82+BE!AF82+BG!AF82+CY!AF82+CZ!AF82+DE!AF82+DK!AF82+EE!AF82+EL!AF82+ES!AF82+FI!AF82+FR!AF82+HR!AF82+HU!AF82+IE!AF82+IT!AF82+LT!AF82+LU!AF82+LV!AF82+MT!AF82+NL!AF82+PL!AF82+PT!AF82+RO!AF82+SE!AF82+SI!AF82+SK!AF82 -> 5770.4934 | AG82: =AT!AG82+BE!AG82+BG!AG82+CY!AG82+CZ!AG82+DE!AG82+DK!AG82+EE!AG82+EL!AG82+ES!AG82+FI!AG82+FR!AG82+HR!AG82+HU!AG82+IE!AG82+IT!AG82+LT!AG82+LU!AG82+LV!AG82+MT!AG82+NL!AG82+PL!AG82+PT!AG82+RO!AG82+SE!AG82+SI!AG82+SK!AG82 -> 6229.2841
A83: Inland waterways | AD83: =AT!AD83+BE!AD83+BG!AD83+CY!AD83+CZ!AD83+DE!AD83+DK!AD83+EE!AD83+EL!AD83+ES!AD83+FI!AD83+FR!AD83+HR!AD83+HU!AD83+IE!AD83+IT!AD83+LT!AD83+LU!AD83+LV!AD83+MT!AD83+NL!AD83+PL!AD83+PT!AD83+RO!AD83+SE!AD83+SI!AD83+SK!AD83 -> 0 | AE83: =AT!AE83+BE!AE83+BG!AE83+CY!AE83+CZ!AE83+DE!AE83+DK!AE83+EE!AE83+EL!AE83+ES!AE83+FI!AE83+FR!AE83+HR!AE83+HU!AE83+IE!AE83+IT!AE83+LT!AE83+LU!AE83+LV!AE83+MT!AE83+NL!AE83+PL!AE83+PT!AE83+RO!AE83+SE!AE83+SI!AE83+SK!AE83 -> 0 | AF83: =AT!AF83+BE!AF83+BG!AF83+CY!AF83+CZ!AF83+DE!AF83+DK!AF83+EE!AF83+EL!AF83+ES!AF83+FI!AF83+FR!AF83+HR!AF83+HU!AF83+IE!AF83+IT!AF83+LT!AF83+LU!AF83+LV!AF83+MT!AF83+NL!AF83+PL!AF83+PT!AF83+RO!AF83+SE!AF83+SI!AF83+SK!AF83 -> 0 | AG83: =AT!AG83+BE!AG83+BG!AG83+CY!AG83+CZ!AG83+DE!AG83+DK!AG83+EE!AG83+EL!AG83+ES!AG83+FI!AG83+FR!AG83+HR!AG83+HU!AG83+IE!AG83+IT!AG83+LT!AG83+LU!AG83+LV!AG83+MT!AG83+NL!AG83+PL!AG83+PT!AG83+RO!AG83+SE!AG83+SI!AG83+SK!AG83 -> 0
A85: UNFCCC emissions (kt CO2) | B85: =AT!B85+BE!B85+BG!B85+CY!B85+CZ!B85+DE!B85+DK!B85+EE!B85+EL!B85+ES!B85+FI!B85+FR!B85+HR!B85+HU!B85+IE!B85+IT!B85+LT!B85+LU!B85+LV!B85+MT!B85+NL!B85+PL!B85+PT!B85+RO!B85+SE!B85+SI!B85+SK!B85 -> 21383.812 | C85: =AT!C85+BE!C85+BG!C85+CY!C85+CZ!C85+DE!C85+DK!C85+EE!C85+EL!C85+ES!C85+FI!C85+FR!C85+HR!C85+HU!C85+IE!C85+IT!C85+LT!C85+LU!C85+LV!C85+MT!C85+NL!C85+PL!C85+PT!C85+RO!C85+SE!C85+SI!C85+SK!C85 -> 22117.9 | D85: =AT!D85+BE!D85+BG!D85+CY!D85+CZ!D85+DE!D85+DK!D85+EE!D85+EL!D85+ES!D85+FI!D85+FR!D85+HR!D85+HU!D85+IE!D85+IT!D85+LT!D85+LU!D85+LV!D85+MT!D85+NL!D85+PL!D85+PT!D85+RO!D85+SE!D85+SI!D85+SK!D85 -> 21938.542 | E85: =AT!E85+BE!E85+BG!E85+CY!E85+CZ!E85+DE!E85+DK!E85+EE!E85+EL!E85+ES!E85+FI!E85+FR!E85+HR!E85+HU!E85+IE!E85+IT!E85+LT!E85+LU!E85+LV!E85+MT!E85+NL!E85+PL!E85+PT!E85+RO!E85+SE!E85+SI!E85+SK!E85 -> 20824.493 | F85: =AT!F85+BE!F85+BG!F85+CY!F85+CZ!F85+DE!F85+DK!F85+EE!F85+EL!F85+ES!F85+FI!F85+FR!F85+HR!F85+HU!F85+IE!F85+IT!F85+LT!F85+LU!F85+LV!F85+MT!F85+NL!F85+PL!F85+PT!F85+RO!F85+SE!F85+SI!F85+SK!F85 -> 20996.878 | G85: =AT!G85+BE!G85+BG!G85+CY!G85+CZ!G85+DE!G85+DK!G85+EE!G85+EL!G85+ES!G85+FI!G85+FR!G85+HR!G85+HU!G85+IE!G85+IT!G85+LT!G85+LU!G85+LV!G85+MT!G85+NL!G85+PL!G85+PT!G85+RO!G85+SE!G85+SI!G85+SK!G85 -> 20140.713 | H85: =AT!H85+BE!H85+BG!H85+CY!H85+CZ!H85+DE!H85+DK!H85+EE!H85+EL!H85+ES!H85+FI!H85+FR!H85+HR!H85+HU!H85+IE!H85+IT!H85+LT!H85+LU!H85+LV!H85+MT!H85+NL!H85+PL!H85+PT!H85+RO!H85+SE!H85+SI!H85+SK!H85 -> 21132.429 | I85: =AT!I85+BE!I85+BG!I85+CY!I85+CZ!I85+DE!I85+DK!I85+EE!I85+EL!I85+ES!I85+FI!I85+FR!I85+HR!I85+HU!I85+IE!I85+IT!I85+LT!I85+LU!I85+LV!I85+MT!I85+NL!I85+PL!I85+PT!I85+RO!I85+SE!I85+SI!I85+SK!I85 -> 20675.119 | ... AG85: =AT!AG85+BE!AG85+BG!AG85+CY!AG85+CZ!AG85+DE!AG85+DK!AG85+EE!AG85+EL!AG85+ES!AG85+FI!AG85+FR!AG85+HR!AG85+HU!AG85+IE!AG85+IT!AG85+LT!AG85+LU!AG85+LV!AG85+MT!AG85+NL!AG85+PL!AG85+PT!AG85+RO!AG85+SE!AG85+SI!AG85+SK!AG85 -> 15674.707
A87: Residual CO2 emissions for UNFCCC calibration (kt CO2) | B87: =SUM(B88:B89) -> 4360.8575 | C87: =SUM(C88:C89) -> 4770.1897 | D87: =SUM(D88:D89) -> 4567.5454 | E87: =SUM(E88:E89) -> 4347.5535 | F87: =SUM(F88:F89) -> 4182.6585 | G87: =SUM(G88:G89) -> 3948.6426 | H87: =SUM(H88:H89) -> 3443.1004 | I87: =SUM(I88:I89) -> 3577.827 | ... AG87: =SUM(AG88:AG89) -> 3318.6134
A88: Domestic coastal shipping | B88: =AT!B88+BE!B88+BG!B88+CY!B88+CZ!B88+DE!B88+DK!B88+EE!B88+EL!B88+ES!B88+FI!B88+FR!B88+HR!B88+HU!B88+IE!B88+IT!B88+LT!B88+LU!B88+LV!B88+MT!B88+NL!B88+PL!B88+PT!B88+RO!B88+SE!B88+SI!B88+SK!B88 -> 3767.5045 | C88: =AT!C88+BE!C88+BG!C88+CY!C88+CZ!C88+DE!C88+DK!C88+EE!C88+EL!C88+ES!C88+FI!C88+FR!C88+HR!C88+HU!C88+IE!C88+IT!C88+LT!C88+LU!C88+LV!C88+MT!C88+NL!C88+PL!C88+PT!C88+RO!C88+SE!C88+SI!C88+SK!C88 -> 4305.2455 | D88: =AT!D88+BE!D88+BG!D88+CY!D88+CZ!D88+DE!D88+DK!D88+EE!D88+EL!D88+ES!D88+FI!D88+FR!D88+HR!D88+HU!D88+IE!D88+IT!D88+LT!D88+LU!D88+LV!D88+MT!D88+NL!D88+PL!D88+PT!D88+RO!D88+SE!D88+SI!D88+SK!D88 -> 4343.1998 | E88: =AT!E88+BE!E88+BG!E88+CY!E88+CZ!E88+DE!E88+DK!E88+EE!E88+EL!E88+ES!E88+FI!E88+FR!E88+HR!E88+HU!E88+IE!E88+IT!E88+LT!E88+LU!E88+LV!E88+MT!E88+NL!E88+PL!E88+PT!E88+RO!E88+SE!E88+SI!E88+SK!E88 -> 4131.9094 | F88: =AT!F88+BE!F88+BG!F88+CY!F88+CZ!F88+DE!F88+DK!F88+EE!F88+EL!F88+ES!F88+FI!F88+FR!F88+HR!F88+HU!F88+IE!F88+IT!F88+LT!F88+LU!F88+LV!F88+MT!F88+NL!F88+PL!F88+PT!F88+RO!F88+SE!F88+SI!F88+SK!F88 -> 4035.8072 | G88: =AT!G88+BE!G88+BG!G88+CY!G88+CZ!G88+DE!G88+DK!G88+EE!G88+EL!G88+ES!G88+FI!G88+FR!G88+HR!G88+HU!G88+IE!G88+IT!G88+LT!G88+LU!G88+LV!G88+MT!G88+NL!G88+PL!G88+PT!G88+RO!G88+SE!G88+SI!G88+SK!G88 -> 3732.9483 | H88: =AT!H88+BE!H88+BG!H88+CY!H88+CZ!H88+DE!H88+DK!H88+EE!H88+EL!H88+ES!H88+FI!H88+FR!H88+HR!H88+HU!H88+IE!H88+IT!H88+LT!H88+LU!H88+LV!H88+MT!H88+NL!H88+PL!H88+PT!H88+RO!H88+SE!H88+SI!H88+SK!H88 -> 3299.7311 | I88: =AT!I88+BE!I88+BG!I88+CY!I88+CZ!I88+DE!I88+DK!I88+EE!I88+EL!I88+ES!I88+FI!I88+FR!I88+HR!I88+HU!I88+IE!I88+IT!I88+LT!I88+LU!I88+LV!I88+MT!I88+NL!I88+PL!I88+PT!I88+RO!I88+SE!I88+SI!I88+SK!I88 -> 3524.243 | ... AG88: =AT!AG88+BE!AG88+BG!AG88+CY!AG88+CZ!AG88+DE!AG88+DK!AG88+EE!AG88+EL!AG88+ES!AG88+FI!AG88+FR!AG88+HR!AG88+HU!AG88+IE!AG88+IT!AG88+LT!AG88+LU!AG88+LV!AG88+MT!AG88+NL!AG88+PL!AG88+PT!AG88+RO!AG88+SE!AG88+SI!AG88+SK!AG88 -> 3085.029
A89: Inland waterways | B89: =AT!B89+BE!B89+BG!B89+CY!B89+CZ!B89+DE!B89+DK!B89+EE!B89+EL!B89+ES!B89+FI!B89+FR!B89+HR!B89+HU!B89+IE!B89+IT!B89+LT!B89+LU!B89+LV!B89+MT!B89+NL!B89+PL!B89+PT!B89+RO!B89+SE!B89+SI!B89+SK!B89 -> 593.35307 | C89: =AT!C89+BE!C89+BG!C89+CY!C89+CZ!C89+DE!C89+DK!C89+EE!C89+EL!C89+ES!C89+FI!C89+FR!C89+HR!C89+HU!C89+IE!C89+IT!C89+LT!C89+LU!C89+LV!C89+MT!C89+NL!C89+PL!C89+PT!C89+RO!C89+SE!C89+SI!C89+SK!C89 -> 464.94419 | D89: =AT!D89+BE!D89+BG!D89+CY!D89+CZ!D89+DE!D89+DK!D89+EE!D89+EL!D89+ES!D89+FI!D89+FR!D89+HR!D89+HU!D89+IE!D89+IT!D89+LT!D89+LU!D89+LV!D89+MT!D89+NL!D89+PL!D89+PT!D89+RO!D89+SE!D89+SI!D89+SK!D89 -> 224.34562 | E89: =AT!E89+BE!E89+BG!E89+CY!E89+CZ!E89+DE!E89+DK!E89+EE!E89+EL!E89+ES!E89+FI!E89+FR!E89+HR!E89+HU!E89+IE!E89+IT!E89+LT!E89+LU!E89+LV!E89+MT!E89+NL!E89+PL!E89+PT!E89+RO!E89+SE!E89+SI!E89+SK!E89 -> 215.64414 | F89: =AT!F89+BE!F89+BG!F89+CY!F89+CZ!F89+DE!F89+DK!F89+EE!F89+EL!F89+ES!F89+FI!F89+FR!F89+HR!F89+HU!F89+IE!F89+IT!F89+LT!F89+LU!F89+LV!F89+MT!F89+NL!F89+PL!F89+PT!F89+RO!F89+SE!F89+SI!F89+SK!F89 -> 146.85124 | G89: =AT!G89+BE!G89+BG!G89+CY!G89+CZ!G89+DE!G89+DK!G89+EE!G89+EL!G89+ES!G89+FI!G89+FR!G89+HR!G89+HU!G89+IE!G89+IT!G89+LT!G89+LU!G89+LV!G89+MT!G89+NL!G89+PL!G89+PT!G89+RO!G89+SE!G89+SI!G89+SK!G89 -> 215.69435 | H89: =AT!H89+BE!H89+BG!H89+CY!H89+CZ!H89+DE!H89+DK!H89+EE!H89+EL!H89+ES!H89+FI!H89+FR!H89+HR!H89+HU!H89+IE!H89+IT!H89+LT!H89+LU!H89+LV!H89+MT!H89+NL!H89+PL!H89+PT!H89+RO!H89+SE!H89+SI!H89+SK!H89 -> 143.36926 | I89: =AT!I89+BE!I89+BG!I89+CY!I89+CZ!I89+DE!I89+DK!I89+EE!I89+EL!I89+ES!I89+FI!I89+FR!I89+HR!I89+HU!I89+IE!I89+IT!I89+LT!I89+LU!I89+LV!I89+MT!I89+NL!I89+PL!I89+PT!I89+RO!I89+SE!I89+SI!I89+SK!I89 -> 53.584039 | ... AG89: =AT!AG89+BE!AG89+BG!AG89+CY!AG89+CZ!AG89+DE!AG89+DK!AG89+EE!AG89+EL!AG89+ES!AG89+FI!AG89+FR!AG89+HR!AG89+HU!AG89+IE!AG89+IT!AG89+LT!AG89+LU!AG89+LV!AG89+MT!AG89+NL!AG89+PL!AG89+PT!AG89+RO!AG89+SE!AG89+SI!AG89+SK!AG89 -> 233.58441
A91: Annual mileage of a representative vessel
A92: Domestic coastal shipping | B92: 100000 | C92: 100000 | D92: 100000 | E92: 100000 | F92: 100000 | G92: 100000 | H92: 100000 | I92: 100000 | J92: 100000 | K92: 100000 | L92: 100000 | M92: 100000 | N92: 100000 | O92: 100000 | P92: 100000 | Q92: 100000 | R92: 100000 | S92: 100000 | T92: 100000 | U92: 100000 | V92: 100000 | W92: 100000 | X92: 100000 | Y92: 100000 | Z92: 100000 | AA92: 100000 | AB92: 100000 | AC92: 100000 | AD92: 100000 | AE92: 100000 | AF92: 100000 | AG92: 100000
A93: Inland waterways | B93: 70000 | C93: 70000 | D93: 70000 | E93: 70000 | F93: 70000 | G93: 70000 | H93: 70000 | I93: 70000 | J93: 70000 | K93: 70000 | L93: 70000 | M93: 70000 | N93: 70000 | O93: 70000 | P93: 70000 | Q93: 70000 | R93: 70000 | S93: 70000 | T93: 70000 | U93: 70000 | V93: 70000 | W93: 70000 | X93: 70000 | Y93: 70000 | Z93: 70000 | AA93: 70000 | AB93: 70000 | AC93: 70000 | AD93: 70000 | AE93: 70000 | AF93: 70000 | AG93: 70000
A95: Stock of representative vessels
A96: Domestic coastal shipping | B96: =AT!B96+BE!B96+BG!B96+CY!B96+CZ!B96+DE!B96+DK!B96+EE!B96+EL!B96+ES!B96+FI!B96+FR!B96+HR!B96+HU!B96+IE!B96+IT!B96+LT!B96+LU!B96+LV!B96+MT!B96+NL!B96+PL!B96+PT!B96+RO!B96+SE!B96+SI!B96+SK!B96 -> 575.55 | C96: =AT!C96+BE!C96+BG!C96+CY!C96+CZ!C96+DE!C96+DK!C96+EE!C96+EL!C96+ES!C96+FI!C96+FR!C96+HR!C96+HU!C96+IE!C96+IT!C96+LT!C96+LU!C96+LV!C96+MT!C96+NL!C96+PL!C96+PT!C96+RO!C96+SE!C96+SI!C96+SK!C96 -> 564.662 | D96: =AT!D96+BE!D96+BG!D96+CY!D96+CZ!D96+DE!D96+DK!D96+EE!D96+EL!D96+ES!D96+FI!D96+FR!D96+HR!D96+HU!D96+IE!D96+IT!D96+LT!D96+LU!D96+LV!D96+MT!D96+NL!D96+PL!D96+PT!D96+RO!D96+SE!D96+SI!D96+SK!D96 -> 546.4857 | E96: =AT!E96+BE!E96+BG!E96+CY!E96+CZ!E96+DE!E96+DK!E96+EE!E96+EL!E96+ES!E96+FI!E96+FR!E96+HR!E96+HU!E96+IE!E96+IT!E96+LT!E96+LU!E96+LV!E96+MT!E96+NL!E96+PL!E96+PT!E96+RO!E96+SE!E96+SI!E96+SK!E96 -> 523.69903 | F96: =AT!F96+BE!F96+BG!F96+CY!F96+CZ!F96+DE!F96+DK!F96+EE!F96+EL!F96+ES!F96+FI!F96+FR!F96+HR!F96+HU!F96+IE!F96+IT!F96+LT!F96+LU!F96+LV!F96+MT!F96+NL!F96+PL!F96+PT!F96+RO!F96+SE!F96+SI!F96+SK!F96 -> 526.47186 | G96: =AT!G96+BE!G96+BG!G96+CY!G96+CZ!G96+DE!G96+DK!G96+EE!G96+EL!G96+ES!G96+FI!G96+FR!G96+HR!G96+HU!G96+IE!G96+IT!G96+LT!G96+LU!G96+LV!G96+MT!G96+NL!G96+PL!G96+PT!G96+RO!G96+SE!G96+SI!G96+SK!G96 -> 530.33664 | H96: =AT!H96+BE!H96+BG!H96+CY!H96+CZ!H96+DE!H96+DK!H96+EE!H96+EL!H96+ES!H96+FI!H96+FR!H96+HR!H96+HU!H96+IE!H96+IT!H96+LT!H96+LU!H96+LV!H96+MT!H96+NL!H96+PL!H96+PT!H96+RO!H96+SE!H96+SI!H96+SK!H96 -> 505.71996 | I96: =AT!I96+BE!I96+BG!I96+CY!I96+CZ!I96+DE!I96+DK!I96+EE!I96+EL!I96+ES!I96+FI!I96+FR!I96+HR!I96+HU!I96+IE!I96+IT!I96+LT!I96+LU!I96+LV!I96+MT!I96+NL!I96+PL!I96+PT!I96+RO!I96+SE!I96+SI!I96+SK!I96 -> 579.47886 | ... AG96: =AT!AG96+BE!AG96+BG!AG96+CY!AG96+CZ!AG96+DE!AG96+DK!AG96+EE!AG96+EL!AG96+ES!AG96+FI!AG96+FR!AG96+HR!AG96+HU!AG96+IE!AG96+IT!AG96+LT!AG96+LU!AG96+LV!AG96+MT!AG96+NL!AG96+PL!AG96+PT!AG96+RO!AG96+SE!AG96+SI!AG96+SK!AG96 -> 366.54281
A97: Inland waterways | B97: =AT!B97+BE!B97+BG!B97+CY!B97+CZ!B97+DE!B97+DK!B97+EE!B97+EL!B97+ES!B97+FI!B97+FR!B97+HR!B97+HU!B97+IE!B97+IT!B97+LT!B97+LU!B97+LV!B97+MT!B97+NL!B97+PL!B97+PT!B97+RO!B97+SE!B97+SI!B97+SK!B97 -> 2915.7286 | C97: =AT!C97+BE!C97+BG!C97+CY!C97+CZ!C97+DE!C97+DK!C97+EE!C97+EL!C97+ES!C97+FI!C97+FR!C97+HR!C97+HU!C97+IE!C97+IT!C97+LT!C97+LU!C97+LV!C97+MT!C97+NL!C97+PL!C97+PT!C97+RO!C97+SE!C97+SI!C97+SK!C97 -> 2883.5743 | D97: =AT!D97+BE!D97+BG!D97+CY!D97+CZ!D97+DE!D97+DK!D97+EE!D97+EL!D97+ES!D97+FI!D97+FR!D97+HR!D97+HU!D97+IE!D97+IT!D97+LT!D97+LU!D97+LV!D97+MT!D97+NL!D97+PL!D97+PT!D97+RO!D97+SE!D97+SI!D97+SK!D97 -> 2839.1423 | E97: =AT!E97+BE!E97+BG!E97+CY!E97+CZ!E97+DE!E97+DK!E97+EE!E97+EL!E97+ES!E97+FI!E97+FR!E97+HR!E97+HU!E97+IE!E97+IT!E97+LT!E97+LU!E97+LV!E97+MT!E97+NL!E97+PL!E97+PT!E97+RO!E97+SE!E97+SI!E97+SK!E97 -> 2738.8959 | F97: =AT!F97+BE!F97+BG!F97+CY!F97+CZ!F97+DE!F97+DK!F97+EE!F97+EL!F97+ES!F97+FI!F97+FR!F97+HR!F97+HU!F97+IE!F97+IT!F97+LT!F97+LU!F97+LV!F97+MT!F97+NL!F97+PL!F97+PT!F97+RO!F97+SE!F97+SI!F97+SK!F97 -> 2879.9379 | G97: =AT!G97+BE!G97+BG!G97+CY!G97+CZ!G97+DE!G97+DK!G97+EE!G97+EL!G97+ES!G97+FI!G97+FR!G97+HR!G97+HU!G97+IE!G97+IT!G97+LT!G97+LU!G97+LV!G97+MT!G97+NL!G97+PL!G97+PT!G97+RO!G97+SE!G97+SI!G97+SK!G97 -> 2944.2356 | H97: =AT!H97+BE!H97+BG!H97+CY!H97+CZ!H97+DE!H97+DK!H97+EE!H97+EL!H97+ES!H97+FI!H97+FR!H97+HR!H97+HU!H97+IE!H97+IT!H97+LT!H97+LU!H97+LV!H97+MT!H97+NL!H97+PL!H97+PT!H97+RO!H97+SE!H97+SI!H97+SK!H97 -> 2867.9763 | I97: =AT!I97+BE!I97+BG!I97+CY!I97+CZ!I97+DE!I97+DK!I97+EE!I97+EL!I97+ES!I97+FI!I97+FR!I97+HR!I97+HU!I97+IE!I97+IT!I97+LT!I97+LU!I97+LV!I97+MT!I97+NL!I97+PL!I97+PT!I97+RO!I97+SE!I97+SI!I97+SK!I97 -> 3028.9829 | ... AG97: =AT!AG97+BE!AG97+BG!AG97+CY!AG97+CZ!AG97+DE!AG97+DK!AG97+EE!AG97+EL!AG97+ES!AG97+FI!AG97+FR!AG97+HR!AG97+HU!AG97+IE!AG97+IT!AG97+LT!AG97+LU!AG97+LV!AG97+MT!AG97+NL!AG97+PL!AG97+PT!AG97+RO!AG97+SE!AG97+SI!AG97+SK!AG97 -> 2537.7636
A99: New representative vessels (total)
A100: Domestic coastal shipping | B100: =AT!B100+BE!B100+BG!B100+CY!B100+CZ!B100+DE!B100+DK!B100+EE!B100+EL!B100+ES!B100+FI!B100+FR!B100+HR!B100+HU!B100+IE!B100+IT!B100+LT!B100+LU!B100+LV!B100+MT!B100+NL!B100+PL!B100+PT!B100+RO!B100+SE!B100+SI!B100+SK!B100 -> 0 | C100: =AT!C100+BE!C100+BG!C100+CY!C100+CZ!C100+DE!C100+DK!C100+EE!C100+EL!C100+ES!C100+FI!C100+FR!C100+HR!C100+HU!C100+IE!C100+IT!C100+LT!C100+LU!C100+LV!C100+MT!C100+NL!C100+PL!C100+PT!C100+RO!C100+SE!C100+SI!C100+SK!C100 -> 27.336005 | D100: =AT!D100+BE!D100+BG!D100+CY!D100+CZ!D100+DE!D100+DK!D100+EE!D100+EL!D100+ES!D100+FI!D100+FR!D100+HR!D100+HU!D100+IE!D100+IT!D100+LT!D100+LU!D100+LV!D100+MT!D100+NL!D100+PL!D100+PT!D100+RO!D100+SE!D100+SI!D100+SK!D100 -> 17.674671 | E100: =AT!E100+BE!E100+BG!E100+CY!E100+CZ!E100+DE!E100+DK!E100+EE!E100+EL!E100+ES!E100+FI!E100+FR!E100+HR!E100+HU!E100+IE!E100+IT!E100+LT!E100+LU!E100+LV!E100+MT!E100+NL!E100+PL!E100+PT!E100+RO!E100+SE!E100+SI!E100+SK!E100 -> 14.102404 | F100: =AT!F100+BE!F100+BG!F100+CY!F100+CZ!F100+DE!F100+DK!F100+EE!F100+EL!F100+ES!F100+FI!F100+FR!F100+HR!F100+HU!F100+IE!F100+IT!F100+LT!F100+LU!F100+LV!F100+MT!F100+NL!F100+PL!F100+PT!F100+RO!F100+SE!F100+SI!F100+SK!F100 -> 31.815597 | G100: =AT!G100+BE!G100+BG!G100+CY!G100+CZ!G100+DE!G100+DK!G100+EE!G100+EL!G100+ES!G100+FI!G100+FR!G100+HR!G100+HU!G100+IE!G100+IT!G100+LT!G100+LU!G100+LV!G100+MT!G100+NL!G100+PL!G100+PT!G100+RO!G100+SE!G100+SI!G100+SK!G100 -> 33.591297 | H100: =AT!H100+BE!H100+BG!H100+CY!H100+CZ!H100+DE!H100+DK!H100+EE!H100+EL!H100+ES!H100+FI!H100+FR!H100+HR!H100+HU!H100+IE!H100+IT!H100+LT!H100+LU!H100+LV!H100+MT!H100+NL!H100+PL!H100+PT!H100+RO!H100+SE!H100+SI!H100+SK!H100 -> 13.56087 | I100: =AT!I100+BE!I100+BG!I100+CY!I100+CZ!I100+DE!I100+DK!I100+EE!I100+EL!I100+ES!I100+FI!I100+FR!I100+HR!I100+HU!I100+IE!I100+IT!I100+LT!I100+LU!I100+LV!I100+MT!I100+NL!I100+PL!I100+PT!I100+RO!I100+SE!I100+SI!I100+SK!I100 -> 107.43534 | ... AG100: =AT!AG100+BE!AG100+BG!AG100+CY!AG100+CZ!AG100+DE!AG100+DK!AG100+EE!AG100+EL!AG100+ES!AG100+FI!AG100+FR!AG100+HR!AG100+HU!AG100+IE!AG100+IT!AG100+LT!AG100+LU!AG100+LV!AG100+MT!AG100+NL!AG100+PL!AG100+PT!AG100+RO!AG100+SE!AG100+SI!AG100+SK!AG100 -> 12.042295
A101: Inland waterways | B101: =AT!B101+BE!B101+BG!B101+CY!B101+CZ!B101+DE!B101+DK!B101+EE!B101+EL!B101+ES!B101+FI!B101+FR!B101+HR!B101+HU!B101+IE!B101+IT!B101+LT!B101+LU!B101+LV!B101+MT!B101+NL!B101+PL!B101+PT!B101+RO!B101+SE!B101+SI!B101+SK!B101 -> 0 | C101: =AT!C101+BE!C101+BG!C101+CY!C101+CZ!C101+DE!C101+DK!C101+EE!C101+EL!C101+ES!C101+FI!C101+FR!C101+HR!C101+HU!C101+IE!C101+IT!C101+LT!C101+LU!C101+LV!C101+MT!C101+NL!C101+PL!C101+PT!C101+RO!C101+SE!C101+SI!C101+SK!C101 -> 103.64143 | D101: =AT!D101+BE!D101+BG!D101+CY!D101+CZ!D101+DE!D101+DK!D101+EE!D101+EL!D101+ES!D101+FI!D101+FR!D101+HR!D101+HU!D101+IE!D101+IT!D101+LT!D101+LU!D101+LV!D101+MT!D101+NL!D101+PL!D101+PT!D101+RO!D101+SE!D101+SI!D101+SK!D101 -> 87.337146 | E101: =AT!E101+BE!E101+BG!E101+CY!E101+CZ!E101+DE!E101+DK!E101+EE!E101+EL!E101+ES!E101+FI!E101+FR!E101+HR!E101+HU!E101+IE!E101+IT!E101+LT!E101+LU!E101+LV!E101+MT!E101+NL!E101+PL!E101+PT!E101+RO!E101+SE!E101+SI!E101+SK!E101 -> 52.527953 | F101: =AT!F101+BE!F101+BG!F101+CY!F101+CZ!F101+DE!F101+DK!F101+EE!F101+EL!F101+ES!F101+FI!F101+FR!F101+HR!F101+HU!F101+IE!F101+IT!F101+LT!F101+LU!F101+LV!F101+MT!F101+NL!F101+PL!F101+PT!F101+RO!F101+SE!F101+SI!F101+SK!F101 -> 267.46794 | G101: =AT!G101+BE!G101+BG!G101+CY!G101+CZ!G101+DE!G101+DK!G101+EE!G101+EL!G101+ES!G101+FI!G101+FR!G101+HR!G101+HU!G101+IE!G101+IT!G101+LT!G101+LU!G101+LV!G101+MT!G101+NL!G101+PL!G101+PT!G101+RO!G101+SE!G101+SI!G101+SK!G101 -> 189.35334 | H101: =AT!H101+BE!H101+BG!H101+CY!H101+CZ!H101+DE!H101+DK!H101+EE!H101+EL!H101+ES!H101+FI!H101+FR!H101+HR!H101+HU!H101+IE!H101+IT!H101+LT!H101+LU!H101+LV!H101+MT!H101+NL!H101+PL!H101+PT!H101+RO!H101+SE!H101+SI!H101+SK!H101 -> 65.038575 | I101: =AT!I101+BE!I101+BG!I101+CY!I101+CZ!I101+DE!I101+DK!I101+EE!I101+EL!I101+ES!I101+FI!I101+FR!I101+HR!I101+HU!I101+IE!I101+IT!I101+LT!I101+LU!I101+LV!I101+MT!I101+NL!I101+PL!I101+PT!I101+RO!I101+SE!I101+SI!I101+SK!I101 -> 268.34572 | ... AG101: =AT!AG101+BE!AG101+BG!AG101+CY!AG101+CZ!AG101+DE!AG101+DK!AG101+EE!AG101+EL!AG101+ES!AG101+FI!AG101+FR!AG101+HR!AG101+HU!AG101+IE!AG101+IT!AG101+LT!AG101+LU!AG101+LV!AG101+MT!AG101+NL!AG101+PL!AG101+PT!AG101+RO!AG101+SE!AG101+SI!AG101+SK!AG101 -> 339.96354

Sheet AT
A1: AT - Austria | B1: 1990 | C1: 1991 | D1: 1992 | E1: 1993 | F1: 1994 | G1: 1995 | H1: 1996 | I1: 1997 | J1: 1998 | K1: 1999 | L1: 2000 | M1: 2001 | N1: 2002 | O1: 2003 | P1: 2004 | Q1: 2005 | R1: 2006 | S1: 2007 | T1: 2008 | U1: 2009 | V1: 2010 | W1: 2011 | X1: 2012 | Y1: 2013 | Z1: 2014 | AA1: 2015 | AB1: 2016 | AC1: 2017 | AD1: 2018 | AE1: 2019 | AF1: 2020 | AG1: 2021
A3: Transport activity (Mtkm) | B3: =SUM(B4:B5) -> 1663 | C3: =SUM(C4:C5) -> 1480 | D3: =SUM(D4:D5) -> 1437 | E3: =SUM(E4:E5) -> 1454 | F3: =SUM(F4:F5) -> 1820 | G3: =SUM(G4:G5) -> 2046 | H3: =SUM(H4:H5) -> 2101 | I3: =SUM(I4:I5) -> 2087 | ... AG3: =SUM(AG4:AG5) -> 1506
A4: Domestic coastal shipping | B4: 0 | C4: 0 | D4: 0 | E4: 0 | F4: 0 | G4: 0 | H4: 0 | I4: 0 | J4: 0 | K4: 0 | L4: 0 | M4: 0 | N4: 0 | O4: 0 | P4: 0 | Q4: 0 | R4: 0 | S4: 0 | T4: 0 | U4: 0 | V4: 0 | W4: 0 | X4: 0 | Y4: 0 | Z4: 0 | AA4: 0 | AB4: 0 | AC4: 0 | AD4: 0 | AE4: 0 | AF4: 0 | AG4: 0
A5: Inland waterways | B5: 1663 | C5: 1480 | D5: 1437 | E5: 1454 | F5: 1820 | G5: 2046 | H5: 2101 | I5: 2087 | J5: 2280 | K5: 2231 | L5: 2444 | M5: 2557 | N5: 2846 | O5: 2276 | P5: 1747 | Q5: 1753 | R5: 1837 | S5: 2597 | T5: 2359 | U5: 2003 | V5: 2375 | W5: 2123 | X5: 2191 | Y5: 2353 | Z5: 2177 | AA5: 1806 | AB5: 1962 | AC5: 2022 | AD5: 1489 | AE5: 1715 | AF5: 1606 | AG5: 1506
A7: Market shares of activity (% of tkm) | B7: =IF(B3=0,0,B3/B$3) -> 1 | C7: =IF(C3=0,0,C3/C$3) -> 1 | D7: =IF(D3=0,0,D3/D$3) -> 1 | E7: =IF(E3=0,0,E3/E$3) -> 1 | F7: =IF(F3=0,0,F3/F$3) -> 1 | G7: =IF(G3=0,0,G3/G$3) -> 1 | H7: =IF(H3=0,0,H3/H$3) -> 1 | I7: =IF(I3=0,0,I3/I$3) -> 1 | ... AG7: =IF(AG3=0,0,AG3/AG$3) -> 1
A8: Domestic coastal shipping | B8: =IF(B4=0,0,B4/B$3) -> 0 | C8: =IF(C4=0,0,C4/C$3) -> 0 | D8: =IF(D4=0,0,D4/D$3) -> 0 | E8: =IF(E4=0,0,E4/E$3) -> 0 | F8: =IF(F4=0,0,F4/F$3) -> 0 | G8: =IF(G4=0,0,G4/G$3) -> 0 | H8: =IF(H4=0,0,H4/H$3) -> 0 | I8: =IF(I4=0,0,I4/I$3) -> 0 | ... AG8: =IF(AG4=0,0,AG4/AG$3) -> 0
A9: Inland waterways | B9: =IF(B5=0,0,B5/B$3) -> 1 | C9: =IF(C5=0,0,C5/C$3) -> 1 | D9: =IF(D5=0,0,D5/D$3) -> 1 | E9: =IF(E5=0,0,E5/E$3) -> 1 | F9: =IF(F5=0,0,F5/F$3) -> 1 | G9: =IF(G5=0,0,G5/G$3) -> 1 | H9: =IF(H5=0,0,H5/H$3) -> 1 | I9: =IF(I5=0,0,I5/I$3) -> 1 | ... AG9: =IF(AG5=0,0,AG5/AG$3) -> 1
A11: Vehicle-km (Mvkm) | B11: =SUM(B12:B13) -> 1.325 | C11: =SUM(C12:C13) -> 1.197 | D11: =SUM(D12:D13) -> 1.179 | E11: =SUM(E12:E13) -> 1.214 | F11: =SUM(F12:F13) -> 1.445 | G11: =SUM(G12:G13) -> 1.647 | H11: =SUM(H12:H13) -> 1.697 | I11: =SUM(I12:I13) -> 1.664 | ... AG11: =SUM(AG12:AG13) -> 1.454
A12: Domestic coastal shipping | B12: 0 | C12: 0 | D12: 0 | E12: 0 | F12: 0 | G12: 0 | H12: 0 | I12: 0 | J12: 0 | K12: 0 | L12: 0 | M12: 0 | N12: 0 | O12: 0 | P12: 0 | Q12: 0 | R12: 0 | S12: 0 | T12: 0 | U12: 0 | V12: 0 | W12: 0 | X12: 0 | Y12: 0 | Z12: 0 | AA12: 0 | AB12: 0 | AC12: 0 | AD12: 0 | AE12: 0 | AF12: 0 | AG12: 0
A13: Inland waterways | B13: 1.325 | C13: 1.197 | D13: 1.179 | E13: 1.214 | F13: 1.445 | G13: 1.647 | H13: 1.697 | I13: 1.664 | J13: 1.796 | K13: 1.779 | L13: 1.919 | M13: 2.02 | N13: 2.189 | O13: 1.852 | P13: 1.782 | Q13: 1.777 | R13: 1.772 | S13: 2.137 | T13: 1.982 | U13: 1.763 | V13: 2.019 | W13: 1.874 | X13: 1.872 | Y13: 2.001 | Z13: 1.94 | AA13: 1.704 | AB13: 1.827 | AC13: 1.877 | AD13: 1.576 | AE13: 1.631 | AF13: 1.572 | AG13: 1.454
A15: Market shares of vehicle km (% of km) | B15: =IF(B11=0,0,B11/B$11) -> 1 | C15: =IF(C11=0,0,C11/C$11) -> 1 | D15: =IF(D11=0,0,D11/D$11) -> 1 | E15: =IF(E11=0,0,E11/E$11) -> 1 | F15: =IF(F11=0,0,F11/F$11) -> 1 | G15: =IF(G11=0,0,G11/G$11) -> 1 | H15: =IF(H11=0,0,H11/H$11) -> 1 | I15: =IF(I11=0,0,I11/I$11) -> 1 | ... AG15: =IF(AG11=0,0,AG11/AG$11) -> 1
A16: Domestic coastal shipping | B16: =IF(B12=0,0,B12/B$11) -> 0 | C16: =IF(C12=0,0,C12/C$11) -> 0 | D16: =IF(D12=0,0,D12/D$11) -> 0 | E16: =IF(E12=0,0,E12/E$11) -> 0 | F16: =IF(F12=0,0,F12/F$11) -> 0 | G16: =IF(G12=0,0,G12/G$11) -> 0 | H16: =IF(H12=0,0,H12/H$11) -> 0 | I16: =IF(I12=0,0,I12/I$11) -> 0 | ... AG16: =IF(AG12=0,0,AG12/AG$11) -> 0
A17: Inland waterways | B17: =IF(B13=0,0,B13/B$11) -> 1 | C17: =IF(C13=0,0,C13/C$11) -> 1 | D17: =IF(D13=0,0,D13/D$11) -> 1 | E17: =IF(E13=0,0,E13/E$11) -> 1 | F17: =IF(F13=0,0,F13/F$11) -> 1 | G17: =IF(G13=0,0,G13/G$11) -> 1 | H17: =IF(H13=0,0,H13/H$11) -> 1 | I17: =IF(I13=0,0,I13/I$11) -> 1 | ... AG17: =IF(AG13=0,0,AG13/AG$11) -> 1
A19: Load factor of vessels (t/movement) | B19: =IF(B3=0,0,B3/B11) -> 1255.0943 | C19: =IF(C3=0,0,C3/C11) -> 1236.4244 | D19: =IF(D3=0,0,D3/D11) -> 1218.8295 | E19: =IF(E3=0,0,E3/E11) -> 1197.6936 | F19: =IF(F3=0,0,F3/F11) -> 1259.5156 | G19: =IF(G3=0,0,G3/G11) -> 1242.2587 | H19: =IF(H3=0,0,H3/H11) -> 1238.0672 | I19: =IF(I3=0,0,I3/I11) -> 1254.2067 | ... AG19: =IF(AG3=0,0,AG3/AG11) -> 1035.7634
A20: Domestic coastal shipping | B20: =IF(B4=0,0,B4/B12) -> 0 | C20: =IF(C4=0,0,C4/C12) -> 0 | D20: =IF(D4=0,0,D4/D12) -> 0 | E20: =IF(E4=0,0,E4/E12) -> 0 | F20: =IF(F4=0,0,F4/F12) -> 0 | G20: =IF(G4=0,0,G4/G12) -> 0 | H20: =IF(H4=0,0,H4/H12) -> 0 | I20: =IF(I4=0,0,I4/I12) -> 0 | ... AG20: =IF(AG4=0,0,AG4/AG12) -> 0
A21: Inland waterways | B21: =IF(B5=0,0,B5/B13) -> 1255.0943 | C21: =IF(C5=0,0,C5/C13) -> 1236.4244 | D21: =IF(D5=0,0,D5/D13) -> 1218.8295 | E21: =IF(E5=0,0,E5/E13) -> 1197.6936 | F21: =IF(F5=0,0,F5/F13) -> 1259.5156 | G21: =IF(G5=0,0,G5/G13) -> 1242.2587 | H21: =IF(H5=0,0,H5/H13) -> 1238.0672 | I21: =IF(I5=0,0,I5/I13) -> 1254.2067 | ... AG21: =IF(AG5=0,0,AG5/AG13) -> 1035.7634
A23: Total energy consumption (ktoe) | B23: =SUM(B24,B30) -> 24.347979 | C23: =SUM(C24,C30) -> 22.312984 | D23: =SUM(D24,D30) -> 22.312984 | E23: =SUM(E24,E30) -> 23.394927 | F23: =SUM(F24,F30) -> 26.447377 | G23: =SUM(G24,G30) -> 30.581857 | H23: =SUM(H24,H30) -> 31.60172 | I23: =SUM(I24,I30) -> 30.581857 | ... AG23: =SUM(AG24,AG30) -> 31.722958
A24: Domestic coastal shipping | B24: =SUM(B25:B29) -> 0 | C24: =SUM(C25:C29) -> 0 | D24: =SUM(D25:D29) -> 0 | E24: =SUM(E25:E29) -> 0 | F24: =SUM(F25:F29) -> 0 | G24: =SUM(G25:G29) -> 0 | H24: =SUM(H25:H29) -> 0 | I24: =SUM(I25:I29) -> 0 | ... AG24: =SUM(AG25:AG29) -> 0
A25: Gas oil and diesel oil (excluding biofuel portion) | B25: 0 | C25: 0 | D25: 0 | E25: 0 | F25: 0 | G25: 0 | H25: 0 | I25: 0 | J25: 0 | K25: 0 | L25: 0 | M25: 0 | N25: 0 | O25: 0 | P25: 0 | Q25: 0 | R25: 0 | S25: 0 | T25: 0 | U25: 0 | V25: 0 | W25: 0 | X25: 0 | Y25: 0 | Z25: 0 | AA25: 0 | AB25: 0 | AC25: 0 | AD25: 0 | AE25: 0 | AF25: 0 | AG25: 0
A26: Fuel oil and Other oil products | B26: 0 | C26: 0 | D26: 0 | E26: 0 | F26: 0 | G26: 0 | H26: 0 | I26: 0 | J26: 0 | K26: 0 | L26: 0 | M26: 0 | N26: 0 | O26: 0 | P26: 0 | Q26: 0 | R26: 0 | S26: 0 | T26: 0 | U26: 0 | V26: 0 | W26: 0 | X26: 0 | Y26: 0 | Z26: 0 | AA26: 0 | AB26: 0 | AC26: 0 | AD26: 0 | AE26: 0 | AF26: 0 | AG26: 0
A27: Blended biofuels | B27: 0 | C27: 0 | D27: 0 | E27: 0 | F27: 0 | G27: 0 | H27: 0 | I27: 0 | J27: 0 | K27: 0 | L27: 0 | M27: 0 | N27: 0 | O27: 0 | P27: 0 | Q27: 0 | R27: 0 | S27: 0 | T27: 0 | U27: 0 | V27: 0 | W27: 0 | X27: 0 | Y27: 0 | Z27: 0 | AA27: 0 | AB27: 0 | AC27: 0 | AD27: 0 | AE27: 0 | AF27: 0 | AG27: 0
A28: Natural gas | B28: 0 | C28: 0 | D28: 0 | E28: 0 | F28: 0 | G28: 0 | H28: 0 | I28: 0 | J28: 0 | K28: 0 | L28: 0 | M28: 0 | N28: 0 | O28: 0 | P28: 0 | Q28: 0 | R28: 0 | S28: 0 | T28: 0 | U28: 0 | V28: 0 | W28: 0 | X28: 0 | Y28: 0 | Z28: 0 | AA28: 0 | AB28: 0 | AC28: 0 | AD28: 0 | AE28: 0 | AF28: 0 | AG28: 0
A29: Biogases | B29: 0 | C29: 0 | D29: 0 | E29: 0 | F29: 0 | G29: 0 | H29: 0 | I29: 0 | J29: 0 | K29: 0 | L29: 0 | M29: 0 | N29: 0 | O29: 0 | P29: 0 | Q29: 0 | R29: 0 | S29: 0 | T29: 0 | U29: 0 | V29: 0 | W29: 0 | X29: 0 | Y29: 0 | Z29: 0 | AA29: 0 | AB29: 0 | AC29: 0 | AD29: 0 | AE29: 0 | AF29: 0 | AG29: 0
A30: Inland waterways | B30: =SUM(B31:B35) -> 24.347979 | C30: =SUM(C31:C35) -> 22.312984 | D30: =SUM(D31:D35) -> 22.312984 | E30: =SUM(E31:E35) -> 23.394927 | F30: =SUM(F31:F35) -> 26.447377 | G30: =SUM(G31:G35) -> 30.581857 | H30: =SUM(H31:H35) -> 31.60172 | I30: =SUM(I31:I35) -> 30.581857 | ... AG30: =SUM(AG31:AG35) -> 31.722958
A31: Gas oil and diesel oil (excluding biofuel portion) | B31: 21.367154 | C31: 19.332158 | D31: 19.332158 | E31: 20.349613 | F31: 23.402064 | G31: 27.536543 | H31: 28.556406 | I31: 27.536543 | J31: 29.576268 | K31: 29.645572 | L31: 31.690112 | M31: 33.734566 | N31: 35.779106 | O31: 31.690112 | P31: 38.84583 | Q31: 38.807309 | R31: 36.679708 | S31: 37.864488 | T31: 35.7454 | U31: 33.224506 | V31: 37.040585 | W31: 35.682201 | X31: 34.492433 | Y31: 36.886328 | Z31: 37.520034 | AA31: 34.775064 | AB31: 36.983147 | AC31: 38.671625 | AD31: 35.998108 | AE31: 40.866294 | AF31: 19.33534 | AG31: 29.497248
A32: Fuel oil and Other oil products | B32: 2.9808255 | C32: 2.9808255 | D32: 2.9808255 | E32: 3.0453138 | F32: 3.0453138 | G32: 3.0453138 | H32: 3.0453138 | I32: 3.0453138 | J32: 3.0453138 | K32: 3.0524506 | L32: 3.0524506 | M32: 3.0524506 | N32: 3.0524506 | O32: 3.0524506 | P32: 3.0524506 | Q32: 2.7352537 | R32: 2.7404127 | S32: 2.6989682 | T32: 2.6539123 | U32: 2.5495271 | V32: 2.5237317 | W32: 2.4860705 | X32: 2.3912296 | Y32: 2.3599312 | Z32: 2.344196 | AA32: 2.3163371 | AB32: 2.2635426 | AC32: 2.2409286 | AD32: 2.2865004 | AE32: 2.2656062 | AF32: 2.2456578 | AG32: 2.2257094
A33: Blended biofuels | B33: 0 | C33: 0 | D33: 0 | E33: 0 | F33: 0 | G33: 0 | H33: 0 | I33: 0 | J33: 0 | K33: 0 | L33: 0 | M33: 0 | N33: 0 | O33: 0 | P33: 0 | Q33: 0 | R33: 0 | S33: 0 | T33: 0 | U33: 0 | V33: 0 | W33: 0 | X33: 0 | Y33: 0 | Z33: 0 | AA33: 0 | AB33: 0 | AC33: 0 | AD33: 0 | AE33: 0 | AF33: 0 | AG33: 0
A34: Natural gas | B34: 0 | C34: 0 | D34: 0 | E34: 0 | F34: 0 | G34: 0 | H34: 0 | I34: 0 | J34: 0 | K34: 0 | L34: 0 | M34: 0 | N34: 0 | O34: 0 | P34: 0 | Q34: 0 | R34: 0 | S34: 0 | T34: 0 | U34: 0 | V34: 0 | W34: 0 | X34: 0 | Y34: 0 | Z34: 0 | AA34: 0 | AB34: 0 | AC34: 0 | AD34: 0 | AE34: 0 | AF34: 0 | AG34: 0
A35: Biogases | B35: 0 | C35: 0 | D35: 0 | E35: 0 | F35: 0 | G35: 0 | H35: 0 | I35: 0 | J35: 0 | K35: 0 | L35: 0 | M35: 0 | N35: 0 | O35: 0 | P35: 0 | Q35: 0 | R35: 0 | S35: 0 | T35: 0 | U35: 0 | V35: 0 | W35: 0 | X35: 0 | Y35: 0 | Z35: 0 | AA35: 0 | AB35: 0 | AC35: 0 | AD35: 0 | AE35: 0 | AF35: 0 | AG35: 0
A36: * As reported in the Eurostat energy balances
A38: Energy intensity over activity (kgoe / 000 tkm) | B38: =IF(B23=0,0,B23/(B3/1000)) -> 14.640998 | C38: =IF(C23=0,0,C23/(C3/1000)) -> 15.07634 | D38: =IF(D23=0,0,D23/(D3/1000)) -> 15.527476 | E38: =IF(E23=0,0,E23/(E3/1000)) -> 16.090046 | F38: =IF(F23=0,0,F23/(F3/1000)) -> 14.531526 | G38: =IF(G23=0,0,G23/(G3/1000)) -> 14.947144 | H38: =IF(H23=0,0,H23/(H3/1000)) -> 15.041275 | I38: =IF(I23=0,0,I23/(I3/1000)) -> 14.653501 | ... AG38: =IF(AG23=0,0,AG23/(AG3/1000)) -> 21.064381
A39: Domestic coastal shipping | B39: =IF(B24=0,0,B24/(B4/1000)) -> 0 | C39: =IF(C24=0,0,C24/(C4/1000)) -> 0 | D39: =IF(D24=0,0,D24/(D4/1000)) -> 0 | E39: =IF(E24=0,0,E24/(E4/1000)) -> 0 | F39: =IF(F24=0,0,F24/(F4/1000)) -> 0 | G39: =IF(G24=0,0,G24/(G4/1000)) -> 0 | H39: =IF(H24=0,0,H24/(H4/1000)) -> 0 | I39: =IF(I24=0,0,I24/(I4/1000)) -> 0 | ... AG39: =IF(AG24=0,0,AG24/(AG4/1000)) -> 0
A40: Inland waterways | B40: =IF(B30=0,0,B30/(B5/1000)) -> 14.640998 | C40: =IF(C30=0,0,C30/(C5/1000)) -> 15.07634 | D40: =IF(D30=0,0,D30/(D5/1000)) -> 15.527476 | E40: =IF(E30=0,0,E30/(E5/1000)) -> 16.090046 | F40: =IF(F30=0,0,F30/(F5/1000)) -> 14.531526 | G40: =IF(G30=0,0,G30/(G5/1000)) -> 14.947144 | H40: =IF(H30=0,0,H30/(H5/1000)) -> 15.041275 | I40: =IF(I30=0,0,I30/(I5/1000)) -> 14.653501 | ... AG40: =IF(AG30=0,0,AG30/(AG5/1000)) -> 21.064381
A42: Shares of total energy consumption (%) | B42: =IF(B23=0,0,B23/B$23) -> 1 | C42: =IF(C23=0,0,C23/C$23) -> 1 | D42: =IF(D23=0,0,D23/D$23) -> 1 | E42: =IF(E23=0,0,E23/E$23) -> 1 | F42: =IF(F23=0,0,F23/F$23) -> 1 | G42: =IF(G23=0,0,G23/G$23) -> 1 | H42: =IF(H23=0,0,H23/H$23) -> 1 | I42: =IF(I23=0,0,I23/I$23) -> 1 | ... AG42: =IF(AG23=0,0,AG23/AG$23) -> 1
A43: Domestic coastal shipping | B43: =IF(B24=0,0,B24/B$23) -> 0 | C43: =IF(C24=0,0,C24/C$23) -> 0 | D43: =IF(D24=0,0,D24/D$23) -> 0 | E43: =IF(E24=0,0,E24/E$23) -> 0 | F43: =IF(F24=0,0,F24/F$23) -> 0 | G43: =IF(G24=0,0,G24/G$23) -> 0 | H43: =IF(H24=0,0,H24/H$23) -> 0 | I43: =IF(I24=0,0,I24/I$23) -> 0 | ... AG43: =IF(AG24=0,0,AG24/AG$23) -> 0
A44: Inland waterways | B44: =IF(B30=0,0,B30/B$23) -> 1 | C44: =IF(C30=0,0,C30/C$23) -> 1 | D44: =IF(D30=0,0,D30/D$23) -> 1 | E44: =IF(E30=0,0,E30/E$23) -> 1 | F44: =IF(F30=0,0,F30/F$23) -> 1 | G44: =IF(G30=0,0,G30/G$23) -> 1 | H44: =IF(H30=0,0,H30/H$23) -> 1 | I44: =IF(I30=0,0,I30/I$23) -> 1 | ... AG44: =IF(AG30=0,0,AG30/AG$23) -> 1
A46: Vehicle-efficiency - effective (kgoe/100 km) | B46: =IF(B23=0,0,100*B23/B11) -> 1837.5833 | C46: =IF(C23=0,0,100*C23/C11) -> 1864.0755 | D46: =IF(D23=0,0,100*D23/D11) -> 1892.5347 | E46: =IF(E23=0,0,100*E23/E11) -> 1927.0945 | F46: =IF(F23=0,0,100*F23/F11) -> 1830.2683 | G46: =IF(G23=0,0,100*G23/G11) -> 1856.8219 | H46: =IF(H23=0,0,100*H23/H11) -> 1862.2109 | I46: =IF(I23=0,0,100*I23/I11) -> 1837.852 | ... AG46: =IF(AG23=0,0,100*AG23/AG11) -> 2181.7715
A47: Domestic coastal shipping | B47: =IF(B24=0,0,100*B24/B12) -> 0 | C47: =IF(C24=0,0,100*C24/C12) -> 0 | D47: =IF(D24=0,0,100*D24/D12) -> 0 | E47: =IF(E24=0,0,100*E24/E12) -> 0 | F47: =IF(F24=0,0,100*F24/F12) -> 0 | G47: =IF(G24=0,0,100*G24/G12) -> 0 | H47: =IF(H24=0,0,100*H24/H12) -> 0 | I47: =IF(I24=0,0,100*I24/I12) -> 0 | ... AG47: =IF(AG24=0,0,100*AG24/AG12) -> 0
A48: Inland waterways | B48: =IF(B30=0,0,100*B30/B13) -> 1837.5833 | C48: =IF(C30=0,0,100*C30/C13) -> 1864.0755 | D48: =IF(D30=0,0,100*D30/D13) -> 1892.5347 | E48: =IF(E30=0,0,100*E30/E13) -> 1927.0945 | F48: =IF(F30=0,0,100*F30/F13) -> 1830.2683 | G48: =IF(G30=0,0,100*G30/G13) -> 1856.8219 | H48: =IF(H30=0,0,100*H30/H13) -> 1862.2109 | I48: =IF(I30=0,0,100*I30/I13) -> 1837.852 | ... AG48: =IF(AG30=0,0,100*AG30/AG13) -> 2181.7715
A49: * Based on the energy consumption figures reported in the Eurostat energy balances
A51: Vehicle-efficiency - theoretical (kgoe/100 km) | B51: 791.30113 | C51: 868.71918 | D51: 1029.7578 | E51: 973.43302 | F51: 997.57675 | G51: 957.60524 | H51: 1104.0155 | I51: 917.29871 | J51: 885.49693 | K51: 973.47336 | L51: 928.81813 | M51: 1088.875 | N51: 1084.1468 | O51: 1112.7993 | P51: 1057.4248 | Q51: 980.47648 | R51: 954.05051 | S51: 975.91339 | T51: 955.0248 | U51: 1006.5093 | V51: 935.45221 | W51: 788.40503 | X51: 810.46314 | Y51: 792.75387 | Z51: 693.1955 | AA51: 737.45343 | AB51: 768.34673 | AC51: 802.96765 | AD51: 758.04885 | AE51: 769.10567 | AF51: 740.57351 | AG51: 777.90439
A52: Domestic coastal shipping | B52: 0 | C52: 0 | D52: 0 | E52: 0 | F52: 0 | G52: 0 | H52: 0 | I52: 0 | J52: 0 | K52: 0 | L52: 0 | M52: 0 | N52: 0 | O52: 0 | P52: 0 | Q52: 0 | R52: 0 | S52: 0 | T52: 0 | U52: 0 | V52: 0 | W52: 0 | X52: 0 | Y52: 0 | Z52: 0 | AA52: 0 | AB52: 0 | AC52: 0 | AD52: 0 | AE52: 0 | AF52: 0 | AG52: 0
A53: Inland waterways | B53: 791.30113 | C53: 868.71918 | D53: 1029.7578 | E53: 973.43302 | F53: 997.57675 | G53: 957.60524 | H53: 1104.0155 | I53: 917.29871 | J53: 885.49693 | K53: 973.47336 | L53: 928.81813 | M53: 1088.875 | N53: 1084.1468 | O53: 1112.7993 | P53: 1057.4248 | Q53: 980.47648 | R53: 954.05051 | S53: 975.91339 | T53: 955.0248 | U53: 1006.5093 | V53: 935.45221 | W53: 788.40503 | X53: 810.46314 | Y53: 792.75387 | Z53: 693.1955 | AA53: 737.45343 | AB53: 768.34673 | AC53: 802.96765 | AD53: 758.04885 | AE53: 769.10567 | AF53: 740.57351 | AG53: 777.90439
A54: * Based on the total mileage
A56: Discrepancy between effective and theoretical efficiencies (ratio) | B56: =IF(B46=0,0,B46/B51) -> 2.3222301 | C56: =IF(C46=0,0,C46/C51) -> 2.1457745 | D56: =IF(D46=0,0,D46/D51) -> 1.8378445 | E56: =IF(E46=0,0,E46/E51) -> 1.9796888 | F56: =IF(F46=0,0,F46/F51) -> 1.8347143 | G56: =IF(G46=0,0,G46/G51) -> 1.9390265 | H56: =IF(H46=0,0,H46/H51) -> 1.6867616 | I56: =IF(I46=0,0,I46/I51) -> 2.003548 | ... AG56: =IF(AG46=0,0,AG46/AG51) -> 2.8046782
A57: Domestic coastal shipping | B57: =IF(B47=0,0,B47/B52) -> 0 | C57: =IF(C47=0,0,C47/C52) -> 0 | D57: =IF(D47=0,0,D47/D52) -> 0 | E57: =IF(E47=0,0,E47/E52) -> 0 | F57: =IF(F47=0,0,F47/F52) -> 0 | G57: =IF(G47=0,0,G47/G52) -> 0 | H57: =IF(H47=0,0,H47/H52) -> 0 | I57: =IF(I47=0,0,I47/I52) -> 0 | ... AG57: =IF(AG47=0,0,AG47/AG52) -> 0
A58: Inland waterways | B58: =IF(B48=0,0,B48/B53) -> 2.3222301 | C58: =IF(C48=0,0,C48/C53) -> 2.1457745 | D58: =IF(D48=0,0,D48/D53) -> 1.8378445 | E58: =IF(E48=0,0,E48/E53) -> 1.9796888 | F58: =IF(F48=0,0,F48/F53) -> 1.8347143 | G58: =IF(G48=0,0,G48/G53) -> 1.9390265 | H58: =IF(H48=0,0,H48/H53) -> 1.6867616 | I58: =IF(I48=0,0,I48/I53) -> 2.003548 | ... AG58: =IF(AG48=0,0,AG48/AG53) -> 2.8046782
A60: Emission factors (kt CO2 / ktoe) | B60: =IF(B64=0,0,B64/B23) -> 3.0778153 | C60: =IF(C64=0,0,C64/C23) -> 3.0755714 | D60: =IF(D64=0,0,D64/D23) -> 3.0755714 | E60: =IF(E64=0,0,E64/E23) -> 3.076259 | F60: =IF(F64=0,0,F64/F23) -> 3.0792783 | G60: =IF(G64=0,0,G64/G23) -> 3.0824067 | H60: =IF(H64=0,0,H64/H23) -> 3.0830526 | I60: =IF(I64=0,0,I64/I23) -> 3.0824067 | ... AG60: =IF(AG64=0,0,AG64/AG23) -> 3.0883188
A61: Domestic coastal shipping | B61: =IF(B65=0,0,B65/B24) -> 0 | C61: =IF(C65=0,0,C65/C24) -> 0 | D61: =IF(D65=0,0,D65/D24) -> 0 | E61: =IF(E65=0,0,E65/E24) -> 0 | F61: =IF(F65=0,0,F65/F24) -> 0 | G61: =IF(G65=0,0,G65/G24) -> 0 | H61: =IF(H65=0,0,H65/H24) -> 0 | I61: =IF(I65=0,0,I65/I24) -> 0 | ... AG61: =IF(AG65=0,0,AG65/AG24) -> 0
A62: Inland waterways | B62: =IF(B66=0,0,B66/B30) -> 3.0778153 | C62: =IF(C66=0,0,C66/C30) -> 3.0755714 | D62: =IF(D66=0,0,D66/D30) -> 3.0755714 | E62: =IF(E66=0,0,E66/E30) -> 3.076259 | F62: =IF(F66=0,0,F66/F30) -> 3.0792783 | G62: =IF(G66=0,0,G66/G30) -> 3.0824067 | H62: =IF(H66=0,0,H66/H30) -> 3.0830526 | I62: =IF(I66=0,0,I66/I30) -> 3.0824067 | ... AG62: =IF(AG66=0,0,AG66/AG30) -> 3.0883188
A64: CO2 emissions (kt CO2) | B64: =SUM(B65:B66) -> 74.938583 | C64: =SUM(C65:C66) -> 68.625174 | D64: =SUM(D65:D66) -> 68.625174 | E64: =SUM(E65:E66) -> 71.968855 | F64: =SUM(F65:F66) -> 81.438835 | G64: =SUM(G65:G66) -> 94.265723 | H64: =SUM(H65:H66) -> 97.429764 | I64: =SUM(I65:I66) -> 94.265723 | ... AG64: =SUM(AG65:AG66) -> 97.970608
A65: Domestic coastal shipping | B65: 0 | C65: 0 | D65: 0 | E65: 0 | F65: 0 | G65: 0 | H65: 0 | I65: 0 | J65: 0 | K65: 0 | L65: 0 | M65: 0 | N65: 0 | O65: 0 | P65: 0 | Q65: 0 | R65: 0 | S65: 0 | T65: 0 | U65: 0 | V65: 0 | W65: 0 | X65: 0 | Y65: 0 | Z65: 0 | AA65: 0 | AB65: 0 | AC65: 0 | AD65: 0 | AE65: 0 | AF65: 0 | AG65: 0
A66: Inland waterways | B66: 74.938583 | C66: 68.625174 | D66: 68.625174 | E66: 71.968855 | F66: 81.438835 | G66: 94.265723 | H66: 97.429764 | I66: 94.265723 | J66: 100.5938 | K66: 100.82952 | L66: 107.17254 | M66: 113.51529 | N66: 119.85831 | O66: 107.17254 | P66: 129.37257 | Q66: 128.33273 | R66: 121.74699 | S66: 125.30243 | T66: 118.5974 | U66: 110.47366 | V66: 122.23789 | W66: 117.91435 | X66: 113.94801 | Y66: 121.28407 | Z66: 123.20443 | AA66: 114.60756 | AB66: 121.30477 | AC66: 126.47752 | AD66: 118.31538 | AE66: 133.35791 | AF66: 66.50199 | AG66: 97.970608
A67: * Based on the energy consumption figures reported in the Eurostat energy balances
A69: Emission intensity (kg of CO2 / 100 km) | B69: =IF(B64=0,0,100*B64/B11) -> 5655.7421 | C69: =IF(C64=0,0,100*C64/C11) -> 5733.0973 | D69: =IF(D64=0,0,100*D64/D11) -> 5820.6255 | E69: =IF(E64=0,0,100*E64/E11) -> 5928.2418 | F69: =IF(F64=0,0,100*F64/F11) -> 5635.9056 | G69: =IF(G64=0,0,100*G64/G11) -> 5723.4805 | H69: =IF(H64=0,0,100*H64/H11) -> 5741.2943 | I69: =IF(I64=0,0,100*I64/I11) -> 5665.0074 | ... AG69: =IF(AG64=0,0,100*AG64/AG11) -> 6738.0061
A70: Domestic coastal shipping | B70: =IF(B65=0,0,100*B65/B12) -> 0 | C70: =IF(C65=0,0,100*C65/C12) -> 0 | D70: =IF(D65=0,0,100*D65/D12) -> 0 | E70: =IF(E65=0,0,100*E65/E12) -> 0 | F70: =IF(F65=0,0,100*F65/F12) -> 0 | G70: =IF(G65=0,0,100*G65/G12) -> 0 | H70: =IF(H65=0,0,100*H65/H12) -> 0 | I70: =IF(I65=0,0,100*I65/I12) -> 0 | ... AG70: =IF(AG65=0,0,100*AG65/AG12) -> 0
A71: Inland waterways | B71: =IF(B66=0,0,100*B66/B13) -> 5655.7421 | C71: =IF(C66=0,0,100*C66/C13) -> 5733.0973 | D71: =IF(D66=0,0,100*D66/D13) -> 5820.6255 | E71: =IF(E66=0,0,100*E66/E13) -> 5928.2418 | F71: =IF(F66=0,0,100*F66/F13) -> 5635.9056 | G71: =IF(G66=0,0,100*G66/G13) -> 5723.4805 | H71: =IF(H66=0,0,100*H66/H13) -> 5741.2943 | I71: =IF(I66=0,0,100*I66/I13) -> 5665.0074 | ... AG71: =IF(AG66=0,0,100*AG66/AG13) -> 6738.0061
A73: Emission intensity over activity (kg of CO2 / thousand tkm) | B73: =IF(B64=0,0,1000*B64/B3) -> 45.062287 | C73: =IF(C64=0,0,1000*C64/C3) -> 46.368361 | D73: =IF(D64=0,0,1000*D64/D3) -> 47.755862 | E73: =IF(E64=0,0,1000*E64/E3) -> 49.497149 | F73: =IF(F64=0,0,1000*F64/F3) -> 44.746613 | G73: =IF(G64=0,0,1000*G64/G3) -> 46.073178 | H73: =IF(H64=0,0,1000*H64/H3) -> 46.373043 | I73: =IF(I64=0,0,1000*I64/I3) -> 45.168051 | ... AG73: =IF(AG64=0,0,1000*AG64/AG3) -> 65.053525
A74: Domestic coastal shipping | B74: =IF(B65=0,0,1000*B65/B4) -> 0 | C74: =IF(C65=0,0,1000*C65/C4) -> 0 | D74: =IF(D65=0,0,1000*D65/D4) -> 0 | E74: =IF(E65=0,0,1000*E65/E4) -> 0 | F74: =IF(F65=0,0,1000*F65/F4) -> 0 | G74: =IF(G65=0,0,1000*G65/G4) -> 0 | H74: =IF(H65=0,0,1000*H65/H4) -> 0 | I74: =IF(I65=0,0,1000*I65/I4) -> 0 | ... AG74: =IF(AG65=0,0,1000*AG65/AG4) -> 0
A75: Inland waterways | B75: =IF(B66=0,0,1000*B66/B5) -> 45.062287 | C75: =IF(C66=0,0,1000*C66/C5) -> 46.368361 | D75: =IF(D66=0,0,1000*D66/D5) -> 47.755862 | E75: =IF(E66=0,0,1000*E66/E5) -> 49.497149 | F75: =IF(F66=0,0,1000*F66/F5) -> 44.746613 | G75: =IF(G66=0,0,1000*G66/G5) -> 46.073178 | H75: =IF(H66=0,0,1000*H66/H5) -> 46.373043 | I75: =IF(I66=0,0,1000*I66/I5) -> 45.168051 | ... AG75: =IF(AG66=0,0,1000*AG66/AG5) -> 65.053525
A77: Shares of CO2 emissions (%) | B77: =IF(B64=0,0,B64/B$64) -> 1 | C77: =IF(C64=0,0,C64/C$64) -> 1 | D77: =IF(D64=0,0,D64/D$64) -> 1 | E77: =IF(E64=0,0,E64/E$64) -> 1 | F77: =IF(F64=0,0,F64/F$64) -> 1 | G77: =IF(G64=0,0,G64/G$64) -> 1 | H77: =IF(H64=0,0,H64/H$64) -> 1 | I77: =IF(I64=0,0,I64/I$64) -> 1 | ... AG77: =IF(AG64=0,0,AG64/AG$64) -> 1
A78: Domestic coastal shipping | B78: =IF(B65=0,0,B65/B$64) -> 0 | C78: =IF(C65=0,0,C65/C$64) -> 0 | D78: =IF(D65=0,0,D65/D$64) -> 0 | E78: =IF(E65=0,0,E65/E$64) -> 0 | F78: =IF(F65=0,0,F65/F$64) -> 0 | G78: =IF(G65=0,0,G65/G$64) -> 0 | H78: =IF(H65=0,0,H65/H$64) -> 0 | I78: =IF(I65=0,0,I65/I$64) -> 0 | ... AG78: =IF(AG65=0,0,AG65/AG$64) -> 0
A79: Inland waterways | B79: =IF(B66=0,0,B66/B$64) -> 1 | C79: =IF(C66=0,0,C66/C$64) -> 1 | D79: =IF(D66=0,0,D66/D$64) -> 1 | E79: =IF(E66=0,0,E66/E$64) -> 1 | F79: =IF(F66=0,0,F66/F$64) -> 1 | G79: =IF(G66=0,0,G66/G$64) -> 1 | H79: =IF(H66=0,0,H66/H$64) -> 1 | I79: =IF(I66=0,0,I66/I$64) -> 1 | ... AG79: =IF(AG66=0,0,AG66/AG$64) -> 1
A81: CO2 emissions - MRV compliant (kt CO2) | AD81: =SUM(AD82:AD83) -> 0 | AE81: =SUM(AE82:AE83) -> 0 | AF81: =SUM(AF82:AF83) -> 0 | AG81: =SUM(AG82:AG83) -> 0
A82: Domestic coastal shipping | AD82: 0 | AE82: 0 | AF82: 0 | AG82: 0
A83: Inland waterways | AD83: 0 | AE83: 0 | AF83: 0 | AG83: 0
A85: UNFCCC emissions (kt CO2) | B85: 27.99352 | C85: 29.62904 | D85: 30.9427 | E85: 31.68647 | F85: 32.8002 | G85: 34.27768 | H85: 35.70943 | I85: 37.99 | J85: 39.56315 | K85: 40.12607 | L85: 42.07557 | M85: 42.7764 | N85: 43.42357 | O85: 44.43375 | P85: 52.40087 | Q85: 54.85085 | R85: 56.1094 | S85: 54.75092 | T85: 52.99095 | U85: 53.62485 | V85: 54.99902 | W85: 58.91764 | X85: 53.85627 | Y85: 57.34512 | Z85: 63.82118 | AA85: 65.33424 | AB85: 68.47465 | AC85: 72.42967 | AD85: 74.83224 | AE85: 83.62916 | AF85: 23.25254 | AG85: 35.39986
A87: Residual CO2 emissions for UNFCCC calibration (kt CO2) | B87: =B85-B$64 -> -46.945063 | C87: =C85-C$64 -> -38.996134 | D87: =D85-D$64 -> -37.682474 | E87: =E85-E$64 -> -40.282385 | F87: =F85-F$64 -> -48.638635 | G87: =G85-G$64 -> -59.988043 | H87: =H85-H$64 -> -61.720334 | I87: =I85-I$64 -> -56.275723 | ... AG87: =AG85-AG$64 -> -62.570748
A88: Domestic coastal shipping | B88: =IF(B$64=0,50%,B$65/B$64)*B87 -> 0 | C88: =IF(C$64=0,50%,C$65/C$64)*C87 -> 0 | D88: =IF(D$64=0,50%,D$65/D$64)*D87 -> 0 | E88: =IF(E$64=0,50%,E$65/E$64)*E87 -> 0 | F88: =IF(F$64=0,50%,F$65/F$64)*F87 -> 0 | G88: =IF(G$64=0,50%,G$65/G$64)*G87 -> 0 | H88: =IF(H$64=0,50%,H$65/H$64)*H87 -> 0 | I88: =IF(I$64=0,50%,I$65/I$64)*I87 -> 0 | ... AG88: =IF(AG$64=0,50%,AG$65/AG$64)*AG87 -> 0
A89: Inland waterways | B89: =B87-B88 -> -46.945063 | C89: =C87-C88 -> -38.996134 | D89: =D87-D88 -> -37.682474 | E89: =E87-E88 -> -40.282385 | F89: =F87-F88 -> -48.638635 | G89: =G87-G88 -> -59.988043 | H89: =H87-H88 -> -61.720334 | I89: =I87-I88 -> -56.275723 | ... AG89: =AG87-AG88 -> -62.570748
A91: Annual mileage of a representative vessel
A92: Domestic coastal shipping | B92: 100000 | C92: 100000 | D92: 100000 | E92: 100000 | F92: 100000 | G92: 100000 | H92: 100000 | I92: 100000 | J92: 100000 | K92: 100000 | L92: 100000 | M92: 100000 | N92: 100000 | O92: 100000 | P92: 100000 | Q92: 100000 | R92: 100000 | S92: 100000 | T92: 100000 | U92: 100000 | V92: 100000 | W92: 100000 | X92: 100000 | Y92: 100000 | Z92: 100000 | AA92: 100000 | AB92: 100000 | AC92: 100000 | AD92: 100000 | AE92: 100000 | AF92: 100000 | AG92: 100000
A93: Inland waterways | B93: 70000 | C93: 70000 | D93: 70000 | E93: 70000 | F93: 70000 | G93: 70000 | H93: 70000 | I93: 70000 | J93: 70000 | K93: 70000 | L93: 70000 | M93: 70000 | N93: 70000 | O93: 70000 | P93: 70000 | Q93: 70000 | R93: 70000 | S93: 70000 | T93: 70000 | U93: 70000 | V93: 70000 | W93: 70000 | X93: 70000 | Y93: 70000 | Z93: 70000 | AA93: 70000 | AB93: 70000 | AC93: 70000 | AD93: 70000 | AE93: 70000 | AF93: 70000 | AG93: 70000
A95: Stock of representative vessels
A96: Domestic coastal shipping | B96: 0 | C96: 0 | D96: 0 | E96: 0 | F96: 0 | G96: 0 | H96: 0 | I96: 0 | J96: 0 | K96: 0 | L96: 0 | M96: 0 | N96: 0 | O96: 0 | P96: 0 | Q96: 0 | R96: 0 | S96: 0 | T96: 0 | U96: 0 | V96: 0 | W96: 0 | X96: 0 | Y96: 0 | Z96: 0 | AA96: 0 | AB96: 0 | AC96: 0 | AD96: 0 | AE96: 0 | AF96: 0 | AG96: 0
A97: Inland waterways | B97: 18.928572 | C97: 17.1 | D97: 16.842858 | E97: 17.342858 | F97: 20.642858 | G97: 23.528572 | H97: 24.242858 | I97: 23.771429 | J97: 25.657143 | K97: 25.414286 | L97: 27.414286 | M97: 28.857143 | N97: 31.271429 | O97: 28.144287 | P97: 25.457143 | Q97: 25.385715 | R97: 25.314286 | S97: 30.528572 | T97: 28.314286 | U97: 25.482858 | V97: 28.842858 | W97: 26.771429 | X97: 26.742858 | Y97: 28.585715 | Z97: 27.714286 | AA97: 24.942858 | AB97: 26.1 | AC97: 26.814286 | AD97: 24.132858 | AE97: 23.3 | AF97: 22.457143 | AG97: 20.771429
A99: New representative vessels (total)
A100: Domestic coastal shipping | B100: 0 | C100: 0 | D100: 0 | E100: 0 | F100: 0 | G100: 0 | H100: 0 | I100: 0 | J100: 0 | K100: 0 | L100: 0 | M100: 0 | N100: 0 | O100: 0 | P100: 0 | Q100: 0 | R100: 0 | S100: 0 | T100: 0 | U100: 0 | V100: 0 | W100: 0 | X100: 0 | Y100: 0 | Z100: 0 | AA100: 0 | AB100: 0 | AC100: 0 | AD100: 0 | AE100: 0 | AF100: 0 | AG100: 0
A101: Inland waterways | B101: 0 | C101: 0 | D101: 0.373811 | E101: 1.130953 | F101: 3.930953 | G101: 3.516667 | H101: 1.345239 | I101: 0.159524 | J101: 2.516667 | K101: 0.388096 | L101: 2.630953 | M101: 2.07381 | N101: 3.045239 | O101: 0 | P101: 0 | Q101: 0.559525 | R101: 0.559524 | S101: 5.845239 | T101: 0 | U101: 0 | V101: 3.990953 | W101: 0 | X101: 0.602382 | Y101: 2.47381 | Z101: 0 | AA101: 0 | AB101: 1.788095 | AC101: 1.345239 | AD101: 0 | AE101: 0 | AF101: 0 | AG101: 0

Sheet BE
A1: BE - Belgium | B1: 1990 | C1: 1991 | D1: 1992 | E1: 1993 | F1: 1994 | G1: 1995 | H1: 1996 | I1: 1997 | J1: 1998 | K1: 1999 | L1: 2000 | M1: 2001 | N1: 2002 | O1: 2003 | P1: 2004 | Q1: 2005 | R1: 2006 | S1: 2007 | T1: 2008 | U1: 2009 | V1: 2010 | W1: 2011 | X1: 2012 | Y1: 2013 | Z1: 2014 | AA1: 2015 | AB1: 2016 | AC1: 2017 | AD1: 2018 | AE1: 2019 | AF1: 2020 | AG1: 2021
A3: Transport activity (Mtkm) | B3: =SUM(B4:B5) -> 5602.8832 | C3: =SUM(C4:C5) -> 5382.5796 | D3: =SUM(D4:D5) -> 5217.1168 | E3: =SUM(E4:E5) -> 5127.5052 | F3: =SUM(F4:F5) -> 5708.2746 | G3: =SUM(G4:G5) -> 5958.5715 | H3: =SUM(H4:H5) -> 5941.9362 | I3: =SUM(I4:I5) -> 6060.463 | ... AG3: =SUM(AG4:AG5) -> 8442.188
A4: Domestic coastal shipping | B4: 213.98698 | C4: 205.57308 | D4: 199.25367 | E4: 195.8312 | F4: 218.01211 | G4: 227.57153 | H4: 226.93619 | I4: 231.463 | J4: 222.184 | K4: 250.576 | L4: 281.8 | M4: 250.853 | N4: 214.628 | O4: 203.405 | P4: 151.068 | Q4: 275.078 | R4: 330.471 | S4: 387.087 | T4: 380.364 | U4: 237.13 | V4: 257.854 | W4: 203.683 | X4: 205.572 | Y4: 195.071 | Z4: 190.515 | AA4: 186.959 | AB4: 217.573 | AC4: 165.18 | AD4: 164.346 | AE4: 192.738 | AF4: 207.239 | AG4: 262.188
A5: Inland waterways | B5: 5388.8962 | C5: 5177.0065 | D5: 5017.8631 | E5: 4931.674 | F5: 5490.2624 | G5: 5731 | H5: 5715 | I5: 5829 | J5: 6015 | K5: 6362 | L5: 7215 | M5: 7655 | N5: 8073 | O5: 8230 | P5: 8392 | Q5: 8566 | R5: 8908 | S5: 9006 | T5: 8746 | U5: 7087 | V5: 9070 | W5: 9251 | X5: 10420 | Y5: 10365 | Z5: 10451 | AA5: 10426 | AB5: 10331 | AC5: 11098 | AD5: 7986 | AE5: 7767 | AF5: 7388 | AG5: 8180
A7: Market shares of activity (% of tkm) | B7: =IF(B3=0,0,B3/B$3) -> 1 | C7: =IF(C3=0,0,C3/C$3) -> 1 | D7: =IF(D3=0,0,D3/D$3) -> 1 | E7: =IF(E3=0,0,E3/E$3) -> 1 | F7: =IF(F3=0,0,F3/F$3) -> 1 | G7: =IF(G3=0,0,G3/G$3) -> 1 | H7: =IF(H3=0,0,H3/H$3) -> 1 | I7: =IF(I3=0,0,I3/I$3) -> 1 | ... AG7: =IF(AG3=0,0,AG3/AG$3) -> 1
A8: Domestic coastal shipping | B8: =IF(B4=0,0,B4/B$3) -> 0.038192297 | C8: =IF(C4=0,0,C4/C$3) -> 0.038192297 | D8: =IF(D4=0,0,D4/D$3) -> 0.038192297 | E8: =IF(E4=0,0,E4/E$3) -> 0.038192297 | F8: =IF(F4=0,0,F4/F$3) -> 0.038192297 | G8: =IF(G4=0,0,G4/G$3) -> 0.038192297 | H8: =IF(H4=0,0,H4/H$3) -> 0.038192297 | I8: =IF(I4=0,0,I4/I$3) -> 0.038192297 | ... AG8: =IF(AG4=0,0,AG4/AG$3) -> 0.031056878
A9: Inland waterways | B9: =IF(B5=0,0,B5/B$3) -> 0.9618077 | C9: =IF(C5=0,0,C5/C$3) -> 0.9618077 | D9: =IF(D5=0,0,D5/D$3) -> 0.9618077 | E9: =IF(E5=0,0,E5/E$3) -> 0.9618077 | F9: =IF(F5=0,0,F5/F$3) -> 0.9618077 | G9: =IF(G5=0,0,G5/G$3) -> 0.9618077 | H9: =IF(H5=0,0,H5/H$3) -> 0.9618077 | I9: =IF(I5=0,0,I5/I$3) -> 0.9618077 | ... AG9: =IF(AG5=0,0,AG5/AG$3) -> 0.96894312
A11: Vehicle-km (Mvkm) | B11: =SUM(B12:B13) -> 15.16 | C11: =SUM(C12:C13) -> 14.564 | D11: =SUM(D12:D13) -> 14.116 | E11: =SUM(E12:E13) -> 13.874 | F11: =SUM(F12:F13) -> 15.446 | G11: =SUM(G12:G13) -> 16.123 | H11: =SUM(H12:H13) -> 16.078 | I11: =SUM(I12:I13) -> 16.399 | ... AG11: =SUM(AG12:AG13) -> 12.389
A12: Domestic coastal shipping | B12: 0.089 | C12: 0.086 | D12: 0.083 | E12: 0.082 | F12: 0.091 | G12: 0.095 | H12: 0.095 | I12: 0.097 | J12: 0.093 | K12: 0.105 | L12: 0.118 | M12: 0.1 | N12: 0.08 | O12: 0.075 | P12: 0.053 | Q12: 0.098 | R12: 0.115 | S12: 0.13 | T12: 0.127 | U12: 0.078 | V12: 0.085 | W12: 0.072 | X12: 0.072 | Y12: 0.067 | Z12: 0.065 | AA12: 0.059 | AB12: 0.067 | AC12: 0.05 | AD12: 0.051 | AE12: 0.062 | AF12: 0.062 | AG12: 0.078
A13: Inland waterways | B13: 15.071 | C13: 14.478 | D13: 14.033 | E13: 13.792 | F13: 15.355 | G13: 16.028 | H13: 15.983 | I13: 16.302 | J13: 16.822 | K13: 17.793 | L13: 20.178 | M13: 20.325 | N13: 19.824 | O13: 21.125 | P13: 20.133 | Q13: 19.635 | R13: 16.206 | S13: 16.646 | T13: 15.586 | U13: 14.123 | V13: 19.218 | W13: 17.928 | X13: 19.11 | Y13: 16.951 | Z13: 16.636 | AA13: 16.612 | AB13: 16.477 | AC13: 17.236 | AD13: 13.19 | AE13: 12.582 | AF13: 11.675 | AG13: 12.311
A15: Market shares of vehicle km (% of km) | B15: =IF(B11=0,0,B11/B$11) -> 1 | C15: =IF(C11=0,0,C11/C$11) -> 1 | D15: =IF(D11=0,0,D11/D$11) -> 1 | E15: =IF(E11=0,0,E11/E$11) -> 1 | F15: =IF(F11=0,0,F11/F$11) -> 1 | G15: =IF(G11=0,0,G11/G$11) -> 1 | H15: =IF(H11=0,0,H11/H$11) -> 1 | I15: =IF(I11=0,0,I11/I$11) -> 1 | ... AG15: =IF(AG11=0,0,AG11/AG$11) -> 1
A16: Domestic coastal shipping | B16: =IF(B12=0,0,B12/B$11) -> 0.0058707124 | C16: =IF(C12=0,0,C12/C$11) -> 0.0059049712 | D16: =IF(D12=0,0,D12/D$11) -> 0.0058798526 | E16: =IF(E12=0,0,E12/E$11) -> 0.0059103359 | F16: =IF(F12=0,0,F12/F$11) -> 0.0058914929 | G16: =IF(G12=0,0,G12/G$11) -> 0.0058922037 | H16: =IF(H12=0,0,H12/H$11) -> 0.0059086951 | I16: =IF(I12=0,0,I12/I$11) -> 0.0059149948 | ... AG16: =IF(AG12=0,0,AG12/AG$11) -> 0.0062959077
A17: Inland waterways | B17: =IF(B13=0,0,B13/B$11) -> 0.99412929 | C17: =IF(C13=0,0,C13/C$11) -> 0.99409503 | D17: =IF(D13=0,0,D13/D$11) -> 0.99412015 | E17: =IF(E13=0,0,E13/E$11) -> 0.99408966 | F17: =IF(F13=0,0,F13/F$11) -> 0.99410851 | G17: =IF(G13=0,0,G13/G$11) -> 0.9941078 | H17: =IF(H13=0,0,H13/H$11) -> 0.9940913 | I17: =IF(I13=0,0,I13/I$11) -> 0.99408501 | ... AG17: =IF(AG13=0,0,AG13/AG$11) -> 0.99370409
A19: Load factor of vessels (t/movement) | B19: =IF(B3=0,0,B3/B11) -> 369.58332 | C19: =IF(C3=0,0,C3/C11) -> 369.58113 | D19: =IF(D3=0,0,D3/D11) -> 369.58889 | E19: =IF(E3=0,0,E3/E11) -> 369.57656 | F19: =IF(F3=0,0,F3/F11) -> 369.56329 | G19: =IF(G3=0,0,G3/G11) -> 369.56965 | H19: =IF(H3=0,0,H3/H11) -> 369.56936 | I19: =IF(I3=0,0,I3/I11) -> 369.56296 | ... AG19: =IF(AG3=0,0,AG3/AG11) -> 681.4261
A20: Domestic coastal shipping | B20: =IF(B4=0,0,B4/B12) -> 2404.3481 | C20: =IF(C4=0,0,C4/C12) -> 2390.3846 | D20: =IF(D4=0,0,D4/D12) -> 2400.6466 | E20: =IF(E4=0,0,E4/E12) -> 2388.1853 | F20: =IF(F4=0,0,F4/F12) -> 2395.7375 | G20: =IF(G4=0,0,G4/G12) -> 2395.4898 | H20: =IF(H4=0,0,H4/H12) -> 2388.802 | I20: =IF(I4=0,0,I4/I12) -> 2386.2165 | ... AG20: =IF(AG4=0,0,AG4/AG12) -> 3361.3846
A21: Inland waterways | B21: =IF(B5=0,0,B5/B13) -> 357.56726 | C21: =IF(C5=0,0,C5/C13) -> 357.57746 | D21: =IF(D5=0,0,D5/D13) -> 357.57594 | E21: =IF(E5=0,0,E5/E13) -> 357.57497 | F21: =IF(F5=0,0,F5/F13) -> 357.55535 | G21: =IF(G5=0,0,G5/G13) -> 357.56177 | H21: =IF(H5=0,0,H5/H13) -> 357.56742 | I21: =IF(I5=0,0,I5/I13) -> 357.56349 | ... AG21: =IF(AG5=0,0,AG5/AG13) -> 664.44643
A23: Total energy consumption (ktoe) | B23: =SUM(B24,B30) -> 195.57799 | C23: =SUM(C24,C30) -> 195.79871 | D23: =SUM(D24,D30) -> 221.04041 | E23: =SUM(E24,E30) -> 232.54463 | F23: =SUM(F24,F30) -> 263.02046 | G23: =SUM(G24,G30) -> 289.18839 | H23: =SUM(H24,H30) -> 301.48951 | I23: =SUM(I24,I30) -> 326.63224 | ... AG23: =SUM(AG24,AG30) -> 124.86956
A24: Domestic coastal shipping | B24: =SUM(B25:B29) -> 12.073735 | C24: =SUM(C25:C29) -> 12.071461 | D24: =SUM(D25:D29) -> 13.15509 | E24: =SUM(E25:E29) -> 13.834128 | F24: =SUM(F25:F29) -> 15.385326 | G24: =SUM(G25:G29) -> 16.833365 | H24: =SUM(H25:H29) -> 17.345535 | I24: =SUM(I25:I29) -> 19.234952 | ... AG24: =SUM(AG25:AG29) -> 8.0612721
A25: Gas oil and diesel oil (excluding biofuel portion) | B25: 7.355392 | C25: 7.1826218 | D25: 6.673152 | E25: 6.6159607 | F25: 6.7790428 | G25: 7.1012821 | H25: 7.1768432 | I25: 7.7534256 | J25: 7.1462858 | K25: 7.9252609 | L25: 8.679737 | M25: 7.4880636 | N25: 6.6438348 | O25: 5.9540073 | P25: 4.5977818 | Q25: 8.4947213 | R25: 9.715765 | S25: 11.388445 | T25: 12.46248 | U25: 7.0637452 | V25: 7.1988949 | W25: 6.3327826 | X25: 5.6117195 | Y25: 5.7877658 | Z25: 5.6325187 | AA25: 4.9310433 | AB25: 5.6844305 | AC25: 4.4886135 | AD25: 5.7219384 | AE25: 6.6130067 | AF25: 6.6946682 | AG25: 7.9563592
A26: Fuel oil and Other oil products | B26: 4.7183426 | C26: 4.8888396 | D26: 6.4819382 | E26: 7.2181673 | F26: 8.6062832 | G26: 9.7320834 | H26: 10.168692 | I26: 11.481527 | J26: 11.498574 | K26: 10.368017 | L26: 8.0875315 | M26: 6.0951417 | N26: 4.0062747 | O26: 4.3799121 | P26: 2.2526638 | Q26: 3.5505626 | R26: 0.89983145 | S26: 0.77172409 | T26: 0.66798607 | U26: 0.51431313 | V26: 0.44372342 | W26: 0.31485335 | X26: 0.24501182 | Y26: 0.20413201 | Z26: 0.12222719 | AA26: 0.11015694 | AB26: 0.13104521 | AC26: 0.079807539 | AD26: 0.082442004 | AE26: 0.090563279 | AF26: 0.088276227 | AG26: 0.10491295
A27: Blended biofuels | B27: 0 | C27: 0 | D27: 0 | E27: 0 | F27: 0 | G27: 0 | H27: 0 | I27: 0 | J27: 0 | K27: 0 | L27: 0 | M27: 0 | N27: 0 | O27: 0 | P27: 0 | Q27: 0 | R27: 0 | S27: 0 | T27: 0 | U27: 0 | V27: 0 | W27: 0 | X27: 0 | Y27: 0 | Z27: 0 | AA27: 0 | AB27: 0 | AC27: 0 | AD27: 0 | AE27: 0 | AF27: 0 | AG27: 0
A28: Natural gas | B28: 0 | C28: 0 | D28: 0 | E28: 0 | F28: 0 | G28: 0 | H28: 0 | I28: 0 | J28: 0 | K28: 0 | L28: 0 | M28: 0 | N28: 0 | O28: 0 | P28: 0 | Q28: 0 | R28: 0 | S28: 0 | T28: 0 | U28: 0 | V28: 0 | W28: 0 | X28: 0 | Y28: 0 | Z28: 0 | AA28: 0 | AB28: 0 | AC28: 0 | AD28: 0 | AE28: 0 | AF28: 0 | AG28: 0
A29: Biogases | B29: 0 | C29: 0 | D29: 0 | E29: 0 | F29: 0 | G29: 0 | H29: 0 | I29: 0 | J29: 0 | K29: 0 | L29: 0 | M29: 0 | N29: 0 | O29: 0 | P29: 0 | Q29: 0 | R29: 0 | S29: 0 | T29: 0 | U29: 0 | V29: 0 | W29: 0 | X29: 0 | Y29: 0 | Z29: 0 | AA29: 0 | AB29: 0 | AC29: 0 | AD29: 0 | AE29: 0 | AF29: 0 | AG29: 0
A30: Inland waterways | B30: =SUM(B31:B35) -> 183.50425 | C30: =SUM(C31:C35) -> 183.72725 | D30: =SUM(D31:D35) -> 207.88532 | E30: =SUM(E31:E35) -> 218.7105 | F30: =SUM(F31:F35) -> 247.63514 | G30: =SUM(G31:G35) -> 272.35503 | H30: =SUM(H31:H35) -> 284.14397 | I30: =SUM(I31:I35) -> 307.39729 | ... AG30: =SUM(AG31:AG35) -> 116.80829
A31: Gas oil and diesel oil (excluding biofuel portion) | B31: 111.7919 | C31: 109.31927 | D31: 105.4535 | E31: 104.59496 | F31: 109.11236 | G31: 114.89502 | H31: 117.56666 | I31: 123.90891 | J31: 122.88811 | K31: 127.90879 | L31: 140.68682 | M31: 144.62569 | N31: 148.62418 | O31: 153.79088 | P31: 161.15028 | Q31: 153.79393 | R31: 128.255 | S31: 135.9432 | T31: 135.47965 | U31: 115.95001 | V31: 140.43799 | W31: 136.82715 | X31: 133.88527 | Y31: 137.77913 | Z31: 133.05046 | AA31: 129.78375 | AB31: 124.85873 | AC31: 128.90348 | AD31: 125.73696 | AE31: 117.21477 | AF31: 116.54979 | AG31: 115.28809
A32: Fuel oil and Other oil products | B32: 71.712354 | C32: 74.407979 | D32: 102.43182 | E32: 114.11554 | F32: 138.52278 | G32: 157.46001 | H32: 166.57731 | I32: 183.48838 | J32: 197.7304 | K32: 167.33336 | L32: 131.08796 | M32: 117.72257 | N32: 89.621326 | O32: 113.1323 | P32: 78.954903 | Q32: 64.281682 | R32: 11.878414 | S32: 9.2120248 | T32: 7.2616786 | U32: 8.4423507 | V32: 8.6562766 | W32: 6.8027735 | X32: 5.8455299 | Y32: 4.8594106 | Z32: 2.8872311 | AA32: 2.8993014 | AB32: 2.8784131 | AC32: 2.2919036 | AD32: 1.8116251 | AE32: 1.6052235 | AF32: 1.5368313 | AG32: 1.5201945
A33: Blended biofuels | B33: 0 | C33: 0 | D33: 0 | E33: 0 | F33: 0 | G33: 0 | H33: 0 | I33: 0 | J33: 0 | K33: 0 | L33: 0 | M33: 0 | N33: 0 | O33: 0 | P33: 0 | Q33: 0 | R33: 0 | S33: 0 | T33: 0 | U33: 0 | V33: 0 | W33: 0 | X33: 0 | Y33: 0 | Z33: 0 | AA33: 0 | AB33: 0 | AC33: 0 | AD33: 0 | AE33: 0 | AF33: 0 | AG33: 0
A34: Natural gas | B34: 0 | C34: 0 | D34: 0 | E34: 0 | F34: 0 | G34: 0 | H34: 0 | I34: 0 | J34: 0 | K34: 0 | L34: 0 | M34: 0 | N34: 0 | O34: 0 | P34: 0 | Q34: 0 | R34: 0 | S34: 0 | T34: 0 | U34: 0 | V34: 0 | W34: 0 | X34: 0 | Y34: 0 | Z34: 0 | AA34: 0 | AB34: 0 | AC34: 0 | AD34: 0 | AE34: 0 | AF34: 0 | AG34: 0
A35: Biogases | B35: 0 | C35: 0 | D35: 0 | E35: 0 | F35: 0 | G35: 0 | H35: 0 | I35: 0 | J35: 0 | K35: 0 | L35: 0 | M35: 0 | N35: 0 | O35: 0 | P35: 0 | Q35: 0 | R35: 0 | S35: 0 | T35: 0 | U35: 0 | V35: 0 | W35: 0 | X35: 0 | Y35: 0 | Z35: 0 | AA35: 0 | AB35: 0 | AC35: 0 | AD35: 0 | AE35: 0 | AF35: 0 | AG35: 0
A36: * As reported in the Eurostat energy balances
A38: Energy intensity over activity (kgoe / 000 tkm) | B38: =IF(B23=0,0,B23/(B3/1000)) -> 34.906669 | C38: =IF(C23=0,0,C23/(C3/1000)) -> 36.376371 | D38: =IF(D23=0,0,D23/(D3/1000)) -> 42.368308 | E38: =IF(E23=0,0,E23/(E3/1000)) -> 45.352392 | F38: =IF(F23=0,0,F23/(F3/1000)) -> 46.077052 | G38: =IF(G23=0,0,G23/(G3/1000)) -> 48.533175 | H38: =IF(H23=0,0,H23/(H3/1000)) -> 50.739271 | I38: =IF(I23=0,0,I23/(I3/1000)) -> 53.895592 | ... AG38: =IF(AG23=0,0,AG23/(AG3/1000)) -> 14.791137
A39: Domestic coastal shipping | B39: =IF(B24=0,0,B24/(B4/1000)) -> 56.422754 | C39: =IF(C24=0,0,C24/(C4/1000)) -> 58.721023 | D39: =IF(D24=0,0,D24/(D4/1000)) -> 66.021821 | E39: =IF(E24=0,0,E24/(E4/1000)) -> 70.643126 | F39: =IF(F24=0,0,F24/(F4/1000)) -> 70.570968 | G39: =IF(G24=0,0,G24/(G4/1000)) -> 73.969558 | H39: =IF(H24=0,0,H24/(H4/1000)) -> 76.433536 | I39: =IF(I24=0,0,I24/(I4/1000)) -> 83.101628 | ... AG39: =IF(AG24=0,0,AG24/(AG4/1000)) -> 30.746152
A40: Inland waterways | B40: =IF(B30=0,0,B30/(B5/1000)) -> 34.052289 | C40: =IF(C30=0,0,C30/(C5/1000)) -> 35.48909 | D40: =IF(D30=0,0,D30/(D5/1000)) -> 41.429054 | E40: =IF(E30=0,0,E30/(E5/1000)) -> 44.348126 | F40: =IF(F30=0,0,F30/(F5/1000)) -> 45.104426 | G40: =IF(G30=0,0,G30/(G5/1000)) -> 47.523125 | H40: =IF(H30=0,0,H30/(H5/1000)) -> 49.718981 | I40: =IF(I30=0,0,I30/(I5/1000)) -> 52.735854 | ... AG40: =IF(AG30=0,0,AG30/(AG5/1000)) -> 14.279742
A42: Shares of total energy consumption (%) | B42: =IF(B23=0,0,B23/B$23) -> 1 | C42: =IF(C23=0,0,C23/C$23) -> 1 | D42: =IF(D23=0,0,D23/D$23) -> 1 | E42: =IF(E23=0,0,E23/E$23) -> 1 | F42: =IF(F23=0,0,F23/F$23) -> 1 | G42: =IF(G23=0,0,G23/G$23) -> 1 | H42: =IF(H23=0,0,H23/H$23) -> 1 | I42: =IF(I23=0,0,I23/I$23) -> 1 | ... AG42: =IF(AG23=0,0,AG23/AG$23) -> 1
A43: Domestic coastal shipping | B43: =IF(B24=0,0,B24/B$23) -> 0.061733607 | C43: =IF(C24=0,0,C24/C$23) -> 0.061652405 | D43: =IF(D24=0,0,D24/D$23) -> 0.059514412 | E43: =IF(E24=0,0,E24/E$23) -> 0.059490207 | F43: =IF(F24=0,0,F24/F$23) -> 0.058494787 | G43: =IF(G24=0,0,G24/G$23) -> 0.058208994 | H43: =IF(H24=0,0,H24/H$23) -> 0.057532799 | I43: =IF(I24=0,0,I24/I$23) -> 0.058888712 | ... AG43: =IF(AG24=0,0,AG24/AG$23) -> 0.064557543
A44: Inland waterways | B44: =IF(B30=0,0,B30/B$23) -> 0.93826639 | C44: =IF(C30=0,0,C30/C$23) -> 0.9383476 | D44: =IF(D30=0,0,D30/D$23) -> 0.94048559 | E44: =IF(E30=0,0,E30/E$23) -> 0.94050979 | F44: =IF(F30=0,0,F30/F$23) -> 0.94150521 | G44: =IF(G30=0,0,G30/G$23) -> 0.94179101 | H44: =IF(H30=0,0,H30/H$23) -> 0.9424672 | I44: =IF(I30=0,0,I30/I$23) -> 0.94111129 | ... AG44: =IF(AG30=0,0,AG30/AG$23) -> 0.93544246
A46: Vehicle-efficiency - effective (kgoe/100 km) | B46: =IF(B23=0,0,100*B23/B11) -> 1290.0923 | C46: =IF(C23=0,0,100*C23/C11) -> 1344.402 | D46: =IF(D23=0,0,100*D23/D11) -> 1565.8856 | E46: =IF(E23=0,0,100*E23/E11) -> 1676.1181 | F46: =IF(F23=0,0,100*F23/F11) -> 1702.8387 | G46: =IF(G23=0,0,100*G23/G11) -> 1793.6389 | H46: =IF(H23=0,0,100*H23/H11) -> 1875.168 | I46: =IF(I23=0,0,100*I23/I11) -> 1991.7815 | ... AG46: =IF(AG23=0,0,100*AG23/AG11) -> 1007.9067
A47: Domestic coastal shipping | B47: =IF(B24=0,0,100*B24/B12) -> 13565.994 | C47: =IF(C24=0,0,100*C24/C12) -> 14036.583 | D47: =IF(D24=0,0,100*D24/D12) -> 15849.506 | E47: =IF(E24=0,0,100*E24/E12) -> 16870.888 | F47: =IF(F24=0,0,100*F24/F12) -> 16906.952 | G47: =IF(G24=0,0,100*G24/G12) -> 17719.332 | H47: =IF(H24=0,0,100*H24/H12) -> 18258.458 | I47: =IF(I24=0,0,100*I24/I12) -> 19829.848 | ... AG47: =IF(AG24=0,0,100*AG24/AG12) -> 10334.964
A48: Inland waterways | B48: =IF(B30=0,0,100*B30/B13) -> 1217.5984 | C48: =IF(C30=0,0,100*C30/C13) -> 1269.0099 | D48: =IF(D30=0,0,100*D30/D13) -> 1481.4033 | E48: =IF(E30=0,0,100*E30/E13) -> 1585.778 | F48: =IF(F30=0,0,100*F30/F13) -> 1612.7329 | G48: =IF(G30=0,0,100*G30/G13) -> 1699.2452 | H48: =IF(H30=0,0,100*H30/H13) -> 1777.7887 | I48: =IF(I30=0,0,100*I30/I13) -> 1885.6416 | ... AG48: =IF(AG30=0,0,100*AG30/AG13) -> 948.81236
A49: * Based on the energy consumption figures reported in the Eurostat energy balances
A51: Vehicle-efficiency - theoretical (kgoe/100 km) | B51: 694.48153 | C51: 764.05382 | D51: 905.59831 | E51: 858.26523 | F51: 872.02381 | G51: 838.56419 | H51: 966.55652 | I51: 802.6772 | J51: 770.54941 | K51: 851.39313 | L51: 810.30423 | M51: 950.16683 | N51: 947.78477 | O51: 969.47105 | P51: 954.13729 | Q51: 910.90236 | R51: 926.57813 | S51: 929.51091 | T51: 924.11408 | U51: 939.45227 | V51: 853.73094 | W51: 730.1791 | X51: 750.19244 | Y51: 745.9263 | Z51: 659.74604 | AA51: 705.11018 | AB51: 738.03276 | AC51: 766.97141 | AD51: 738.5164 | AE51: 746.43323 | AF51: 724.97063 | AG51: 773.11862
A52: Domestic coastal shipping | B52: 7302.836 | C52: 7977.3049 | D52: 9166.2418 | E52: 8638.8282 | F52: 8658.0511 | G52: 8284.1634 | H52: 9411.3339 | I52: 7991.3218 | J52: 7702.145 | K52: 8467.4036 | L52: 8098.9695 | M52: 9553.5099 | N52: 10090.134 | O52: 10213.906 | P52: 10080.572 | Q52: 9600.6327 | R52: 9260.2114 | S52: 9271.8835 | T52: 9631.4919 | U52: 9821.5581 | V52: 9453.6139 | W52: 8074.9995 | X52: 8040.1692 | Y52: 7638.1164 | Z52: 6884.706 | AA52: 7292.7305 | AB52: 7935.498 | AC52: 8922.4848 | AD52: 8345.7225 | AE52: 8129.5155 | AF52: 7454.9975 | AG52: 7927.4732
A53: Inland waterways | B53: 655.45668 | C53: 721.20677 | D53: 856.73967 | E53: 812.00608 | F53: 825.88063 | G53: 794.43317 | H53: 916.36232 | I53: 759.9034 | J53: 732.22826 | K53: 806.44955 | L53: 767.68046 | M53: 907.83796 | N53: 910.8907 | O53: 936.65057 | P53: 930.11201 | Q53: 867.53116 | R53: 867.44153 | S53: 864.35962 | T53: 853.16342 | U53: 890.39724 | V53: 815.6942 | W53: 700.68183 | X53: 722.72628 | Y53: 718.68444 | Z53: 635.42394 | AA53: 681.71327 | AB53: 708.76589 | AC53: 743.31304 | AD53: 709.10264 | AE53: 710.0518 | AF53: 689.23087 | AG53: 727.79008
A54: * Based on the total mileage
A56: Discrepancy between effective and theoretical efficiencies (ratio) | B56: =IF(B46=0,0,B46/B51) -> 1.8576337 | C56: =IF(C46=0,0,C46/C51) -> 1.7595645 | D56: =IF(D46=0,0,D46/D51) -> 1.7291172 | E56: =IF(E46=0,0,E46/E51) -> 1.9529139 | F56: =IF(F46=0,0,F46/F51) -> 1.9527434 | G56: =IF(G46=0,0,G46/G51) -> 2.1389404 | H56: =IF(H46=0,0,H46/H51) -> 1.94005 | I56: =IF(I46=0,0,I46/I51) -> 2.4814228 | ... AG56: =IF(AG46=0,0,AG46/AG51) -> 1.3036896
A57: Domestic coastal shipping | B57: =IF(B47=0,0,B47/B52) -> 1.8576337 | C57: =IF(C47=0,0,C47/C52) -> 1.7595645 | D57: =IF(D47=0,0,D47/D52) -> 1.7291172 | E57: =IF(E47=0,0,E47/E52) -> 1.9529139 | F57: =IF(F47=0,0,F47/F52) -> 1.9527434 | G57: =IF(G47=0,0,G47/G52) -> 2.1389404 | H57: =IF(H47=0,0,H47/H52) -> 1.94005 | I57: =IF(I47=0,0,I47/I52) -> 2.4814228 | ... AG57: =IF(AG47=0,0,AG47/AG52) -> 1.3036896
A58: Inland waterways | B58: =IF(B48=0,0,B48/B53) -> 1.8576337 | C58: =IF(C48=0,0,C48/C53) -> 1.7595645 | D58: =IF(D48=0,0,D48/D53) -> 1.7291172 | E58: =IF(E48=0,0,E48/E53) -> 1.9529139 | F58: =IF(F48=0,0,F48/F53) -> 1.9527434 | G58: =IF(G48=0,0,G48/G53) -> 2.1389404 | H58: =IF(H48=0,0,H48/H53) -> 1.94005 | I58: =IF(I48=0,0,I48/I53) -> 2.4814228 | ... AG58: =IF(AG48=0,0,AG48/AG53) -> 1.3036896
A60: Emission factors (kt CO2 / ktoe) | B60: =IF(B64=0,0,B64/B23) -> 3.1564126 | C60: =IF(C64=0,0,C64/C23) -> 3.1583742 | D60: =IF(D64=0,0,D64/D23) -> 3.1704969 | E60: =IF(E64=0,0,E64/E23) -> 3.1745082 | F60: =IF(F64=0,0,F64/F23) -> 3.1797056 | G60: =IF(G64=0,0,G64/G23) -> 3.1822975 | H60: =IF(H64=0,0,H64/H23) -> 3.1834167 | I60: =IF(I64=0,0,I64/I23) -> 3.1841664 | ... AG60: =IF(AG64=0,0,AG64/AG23) -> 3.1022877
A61: Domestic coastal shipping | B61: =IF(B65=0,0,B65/B24) -> 3.1564126 | C61: =IF(C65=0,0,C65/C24) -> 3.1583742 | D61: =IF(D65=0,0,D65/D24) -> 3.1704969 | E61: =IF(E65=0,0,E65/E24) -> 3.1745082 | F61: =IF(F65=0,0,F65/F24) -> 3.1797056 | G61: =IF(G65=0,0,G65/G24) -> 3.1822975 | H61: =IF(H65=0,0,H65/H24) -> 3.1834167 | I61: =IF(I65=0,0,I65/I24) -> 3.1841664 | ... AG61: =IF(AG65=0,0,AG65/AG24) -> 3.1022877
A62: Inland waterways | B62: =IF(B66=0,0,B66/B30) -> 3.1564126 | C62: =IF(C66=0,0,C66/C30) -> 3.1583742 | D62: =IF(D66=0,0,D66/D30) -> 3.1704969 | E62: =IF(E66=0,0,E66/E30) -> 3.1745082 | F62: =IF(F66=0,0,F66/F30) -> 3.1797056 | G62: =IF(G66=0,0,G66/G30) -> 3.1822975 | H62: =IF(H66=0,0,H66/H30) -> 3.1834167 | I62: =IF(I66=0,0,I66/I30) -> 3.1841664 | ... AG62: =IF(AG66=0,0,AG66/AG30) -> 3.1022877
A64: CO2 emissions (kt CO2) | B64: =SUM(B65:B66) -> 617.32483 | C64: =SUM(C65:C66) -> 618.4056 | D64: =SUM(D65:D66) -> 700.80794 | E64: =SUM(E65:E66) -> 738.21482 | F64: =SUM(F65:F66) -> 836.32763 | G64: =SUM(G65:G66) -> 920.2835 | H64: =SUM(H65:H66) -> 959.76673 | I64: =SUM(I65:I66) -> 1040.0514 | ... AG64: =SUM(AG65:AG66) -> 387.3813
A65: Domestic coastal shipping | B65: 38.109688 | C65: 38.126192 | D65: 41.708172 | E65: 43.916552 | F65: 48.920807 | G65: 53.568777 | H65: 55.218067 | I65: 61.247289 | J65: 59.432857 | K65: 58.185901 | L65: 53.01281 | M65: 42.889785 | N65: 33.594624 | O65: 32.665294 | P65: 21.564189 | Q65: 37.860076 | R65: 32.975081 | S65: 37.722876 | T65: 40.748805 | U65: 23.513469 | V65: 23.691186 | W65: 20.604481 | X65: 18.156316 | Y65: 18.579443 | Z65: 17.851308 | AA65: 15.637821 | AB65: 18.03955 | AC65: 14.175428 | AD65: 18.007686 | AE65: 20.797164 | AF65: 21.042645 | AG65: 25.008385
A66: Inland waterways | B66: 579.21514 | C66: 580.2794 | D66: 659.09976 | E66: 694.29827 | F66: 787.40683 | G66: 866.71472 | H66: 904.54866 | I66: 978.80414 | J66: 1022.0122 | K66: 939.0843 | L66: 859.26606 | M66: 828.38039 | N66: 751.51981 | O66: 843.73833 | P66: 755.8156 | Q66: 685.44331 | R66: 435.29449 | S66: 450.29574 | T66: 442.98038 | U66: 385.96904 | V66: 462.17408 | W66: 445.18384 | X66: 433.17618 | Y66: 442.28802 | Z66: 421.68076 | AA66: 411.58327 | AB66: 396.23941 | AC66: 407.08827 | AD66: 395.7106 | AE66: 368.62729 | AF66: 366.33866 | AG66: 362.37292
A67: * Based on the energy consumption figures reported in the Eurostat energy balances
A69: Emission intensity (kg of CO2 / 100 km) | B69: =IF(B64=0,0,100*B64/B11) -> 4072.0635 | C69: =IF(C64=0,0,100*C64/C11) -> 4246.1247 | D69: =IF(D64=0,0,100*D64/D11) -> 4964.6354 | E69: =IF(E64=0,0,100*E64/E11) -> 5320.8506 | F69: =IF(F64=0,0,100*F64/F11) -> 5414.5257 | G69: =IF(G64=0,0,100*G64/G11) -> 5707.8924 | H69: =IF(H64=0,0,100*H64/H11) -> 5969.441 | I69: =IF(I64=0,0,100*I64/I11) -> 6342.1637 | ... AG69: =IF(AG64=0,0,100*AG64/AG11) -> 3126.8165
A70: Domestic coastal shipping | B70: =IF(B65=0,0,100*B65/B12) -> 42819.874 | C70: =IF(C65=0,0,100*C65/C12) -> 44332.782 | D70: =IF(D65=0,0,100*D65/D12) -> 50250.81 | E70: =IF(E65=0,0,100*E65/E12) -> 53556.771 | F70: =IF(F65=0,0,100*F65/F12) -> 53759.128 | G70: =IF(G65=0,0,100*G65/G12) -> 56388.186 | H70: =IF(H65=0,0,100*H65/H12) -> 58124.281 | I70: =IF(I65=0,0,100*I65/I12) -> 63141.535 | ... AG70: =IF(AG65=0,0,100*AG65/AG12) -> 32062.032
A71: Inland waterways | B71: =IF(B66=0,0,100*B66/B13) -> 3843.2429 | C71: =IF(C66=0,0,100*C66/C13) -> 4008.008 | D71: =IF(D66=0,0,100*D66/D13) -> 4696.7845 | E71: =IF(E66=0,0,100*E66/E13) -> 5034.0652 | F71: =IF(F66=0,0,100*F66/F13) -> 5128.0158 | G71: =IF(G66=0,0,100*G66/G13) -> 5407.5039 | H71: =IF(H66=0,0,100*H66/H13) -> 5659.4423 | I71: =IF(I66=0,0,100*I66/I13) -> 6004.1966 | ... AG71: =IF(AG66=0,0,100*AG66/AG13) -> 2943.4889
A73: Emission intensity over activity (kg of CO2 / thousand tkm) | B73: =IF(B64=0,0,1000*B64/B3) -> 110.17985 | C73: =IF(C64=0,0,1000*C64/C3) -> 114.89019 | D73: =IF(D64=0,0,1000*D64/D3) -> 134.32859 | E73: =IF(E64=0,0,1000*E64/E3) -> 143.97154 | F73: =IF(F64=0,0,1000*F64/F3) -> 146.51146 | G73: =IF(G64=0,0,1000*G64/G3) -> 154.447 | H73: =IF(H64=0,0,1000*H64/H3) -> 161.52424 | I73: =IF(I64=0,0,1000*I64/I3) -> 171.61254 | ... AG73: =IF(AG64=0,0,1000*AG64/AG3) -> 45.886363
A74: Domestic coastal shipping | B74: =IF(B65=0,0,1000*B65/B4) -> 178.09349 | C74: =IF(C65=0,0,1000*C65/C4) -> 185.46297 | D74: =IF(D65=0,0,1000*D65/D4) -> 209.32198 | E74: =IF(E65=0,0,1000*E65/E4) -> 224.25718 | F74: =IF(F65=0,0,1000*F65/F4) -> 224.3949 | G74: =IF(G65=0,0,1000*G65/G4) -> 235.39314 | H74: =IF(H65=0,0,1000*H65/H4) -> 243.31979 | I74: =IF(I65=0,0,1000*I65/I4) -> 264.60941 | ... AG74: =IF(AG65=0,0,1000*AG65/AG4) -> 95.383409
A75: Inland waterways | B75: =IF(B66=0,0,1000*B66/B5) -> 107.48308 | C75: =IF(C66=0,0,1000*C66/C5) -> 112.08783 | D75: =IF(D66=0,0,1000*D66/D5) -> 131.35069 | E75: =IF(E66=0,0,1000*E66/E5) -> 140.78349 | F75: =IF(F66=0,0,1000*F66/F5) -> 143.4188 | G75: =IF(G66=0,0,1000*G66/G5) -> 151.23272 | H75: =IF(H66=0,0,1000*H66/H5) -> 158.27623 | I75: =IF(I66=0,0,1000*I66/I5) -> 167.91973 | ... AG75: =IF(AG66=0,0,1000*AG66/AG5) -> 44.299867
A77: Shares of CO2 emissions (%) | B77: =IF(B64=0,0,B64/B$64) -> 1 | C77: =IF(C64=0,0,C64/C$64) -> 1 | D77: =IF(D64=0,0,D64/D$64) -> 1 | E77: =IF(E64=0,0,E64/E$64) -> 1 | F77: =IF(F64=0,0,F64/F$64) -> 1 | G77: =IF(G64=0,0,G64/G$64) -> 1 | H77: =IF(H64=0,0,H64/H$64) -> 1 | I77: =IF(I64=0,0,I64/I$64) -> 1 | ... AG77: =IF(AG64=0,0,AG64/AG$64) -> 1
A78: Domestic coastal shipping | B78: =IF(B65=0,0,B65/B$64) -> 0.061733607 | C78: =IF(C65=0,0,C65/C$64) -> 0.061652405 | D78: =IF(D65=0,0,D65/D$64) -> 0.059514412 | E78: =IF(E65=0,0,E65/E$64) -> 0.059490207 | F78: =IF(F65=0,0,F65/F$64) -> 0.058494787 | G78: =IF(G65=0,0,G65/G$64) -> 0.058208994 | H78: =IF(H65=0,0,H65/H$64) -> 0.057532799 | I78: =IF(I65=0,0,I65/I$64) -> 0.058888712 | ... AG78: =IF(AG65=0,0,AG65/AG$64) -> 0.064557543
A79: Inland waterways | B79: =IF(B66=0,0,B66/B$64) -> 0.93826639 | C79: =IF(C66=0,0,C66/C$64) -> 0.9383476 | D79: =IF(D66=0,0,D66/D$64) -> 0.94048559 | E79: =IF(E66=0,0,E66/E$64) -> 0.94050979 | F79: =IF(F66=0,0,F66/F$64) -> 0.94150521 | G79: =IF(G66=0,0,G66/G$64) -> 0.94179101 | H79: =IF(H66=0,0,H66/H$64) -> 0.9424672 | I79: =IF(I66=0,0,I66/I$64) -> 0.94111129 | ... AG79: =IF(AG66=0,0,AG66/AG$64) -> 0.93544246
A81: CO2 emissions - MRV compliant (kt CO2) | AD81: =SUM(AD82:AD83) -> 12.005124 | AE81: =SUM(AE82:AE83) -> 13.864776 | AF81: =SUM(AF82:AF83) -> 14.02843 | AG81: =SUM(AG82:AG83) -> 16.672257
A82: Domestic coastal shipping | AD82: 12.005124 | AE82: 13.864776 | AF82: 14.02843 | AG82: 16.672257
A83: Inland waterways | AD83: 0 | AE83: 0 | AF83: 0 | AG83: 0
A85: UNFCCC emissions (kt CO2) | B85: 361.87378 | C85: 351.48003 | D85: 339.08814 | E85: 336.32749 | F85: 351.55465 | G85: 370.22591 | H85: 378.52795 | I85: 399.38407 | J85: 394.84224 | K85: 412.44311 | L85: 453.20108 | M85: 461.6059 | N85: 471.25579 | O85: 484.96513 | P85: 503.38634 | Q85: 493.12003 | R85: 416.07944 | S85: 444.80748 | T85: 446.53746 | U85: 372.33591 | V85: 446.67708 | W85: 432.85854 | X85: 421.83678 | Y85: 434.08317 | Z85: 418.71184 | AA85: 406.54433 | AB85: 394.08247 | AC85: 402.74288 | AD85: 397.01673 | AE85: 372.60254 | AF85: 368.50257 | AG85: 389.25202
A87: Residual CO2 emissions for UNFCCC calibration (kt CO2) | B87: =B85-B$64 -> -255.45105 | C87: =C85-C$64 -> -266.92557 | D87: =D85-D$64 -> -361.7198 | E87: =E85-E$64 -> -401.88733 | F87: =F85-F$64 -> -484.77298 | G87: =G85-G$64 -> -550.05759 | H87: =H85-H$64 -> -581.23878 | I87: =I85-I$64 -> -640.66735 | ... AG87: =AG85-AG$64 -> 1.8707195
A88: Domestic coastal shipping | B88: =IF(B$64=0,50%,B$65/B$64)*B87 -> -15.769915 | C88: =IF(C$64=0,50%,C$65/C$64)*C87 -> -16.456603 | D88: =IF(D$64=0,50%,D$65/D$64)*D87 -> -21.527541 | E88: =IF(E$64=0,50%,E$65/E$64)*E87 -> -23.90836 | F88: =IF(F$64=0,50%,F$65/F$64)*F87 -> -28.356692 | G88: =IF(G$64=0,50%,G$65/G$64)*G87 -> -32.018299 | H88: =IF(H$64=0,50%,H$65/H$64)*H87 -> -33.440294 | I88: =IF(I$64=0,50%,I$65/I$64)*I87 -> -37.728075 | ... AG88: =IF(AG$64=0,50%,AG$65/AG$64)*AG87 -> 0.12076906
A89: Inland waterways | B89: =B87-B88 -> -239.68113 | C89: =C87-C88 -> -250.46896 | D89: =D87-D88 -> -340.19225 | E89: =E87-E88 -> -377.97897 | F89: =F87-F88 -> -456.41629 | G89: =G87-G88 -> -518.03929 | H89: =H87-H88 -> -547.79848 | I89: =I87-I88 -> -602.93928 | ... AG89: =AG87-AG88 -> 1.7499505
A91: Annual mileage of a representative vessel
A92: Domestic coastal shipping | B92: 100000 | C92: 100000 | D92: 100000 | E92: 100000 | F92: 100000 | G92: 100000 | H92: 100000 | I92: 100000 | J92: 100000 | K92: 100000 | L92: 100000 | M92: 100000 | N92: 100000 | O92: 100000 | P92: 100000 | Q92: 100000 | R92: 100000 | S92: 100000 | T92: 100000 | U92: 100000 | V92: 100000 | W92: 100000 | X92: 100000 | Y92: 100000 | Z92: 100000 | AA92: 100000 | AB92: 100000 | AC92: 100000 | AD92: 100000 | AE92: 100000 | AF92: 100000 | AG92: 100000
A93: Inland waterways | B93: 70000 | C93: 70000 | D93: 70000 | E93: 70000 | F93: 70000 | G93: 70000 | H93: 70000 | I93: 70000 | J93: 70000 | K93: 70000 | L93: 70000 | M93: 70000 | N93: 70000 | O93: 70000 | P93: 70000 | Q93: 70000 | R93: 70000 | S93: 70000 | T93: 70000 | U93: 70000 | V93: 70000 | W93: 70000 | X93: 70000 | Y93: 70000 | Z93: 70000 | AA93: 70000 | AB93: 70000 | AC93: 70000 | AD93: 70000 | AE93: 70000 | AF93: 70000 | AG93: 70000
A95: Stock of representative vessels
A96: Domestic coastal shipping | B96: 0.89 | C96: 0.86 | D96: 0.83 | E96: 0.82 | F96: 0.91 | G96: 0.95 | H96: 0.95 | I96: 0.97 | J96: 0.93 | K96: 1.05 | L96: 1.18 | M96: 1.062 | N96: 0.9558 | O96: 0.86022 | P96: 0.774198 | Q96: 0.98 | R96: 1.15 | S96: 1.3 | T96: 1.27 | U96: 1.143 | V96: 1.0287 | W96: 0.92583 | X96: 0.833247 | Y96: 0.749923 | Z96: 0.674931 | AA96: 0.607438 | AB96: 0.67 | AC96: 0.603 | AD96: 0.5427 | AE96: 0.62 | AF96: 0.62 | AG96: 0.78
A97: Inland waterways | B97: 215.3 | C97: 206.82857 | D97: 200.47143 | E97: 197.02857 | F97: 219.35714 | G97: 228.97143 | H97: 228.32857 | I97: 232.88572 | J97: 240.31429 | K97: 254.18571 | L97: 288.25714 | M97: 290.35714 | N97: 283.2 | O97: 301.78571 | P97: 287.61429 | Q97: 280.5 | R97: 252.45 | S97: 237.8 | T97: 222.65714 | U97: 201.75714 | V97: 274.54286 | W97: 256.11429 | X97: 273 | Y97: 245.7 | Z97: 237.65714 | AA97: 237.31429 | AB97: 235.38572 | AC97: 246.22857 | AD97: 221.60572 | AE97: 199.44514 | AF97: 179.50063 | AG97: 175.87143
A99: New representative vessels (total)
A100: Domestic coastal shipping | B100: 0 | C100: 0 | D100: 0 | E100: 0.019667 | F100: 0.119667 | G100: 0.069667 | H100: 0.029667 | I100: 0.049667 | J100: 0 | K100: 0.149667 | L100: 0.159667 | M100: 0 | N100: 0 | O100: 0 | P100: 0 | Q100: 0.235469 | R100: 0.199667 | S100: 0.179667 | T100: 0 | U100: 0 | V100: 0 | W100: 0 | X100: 0 | Y100: 0 | Z100: 0 | AA100: 0 | AB100: 0.092229 | AC100: 0 | AD100: 0 | AE100: 0.106967 | AF100: 0.029667 | AG100: 0.189667
A101: Inland waterways | B101: 0 | C101: 0 | D101: 0.819524 | E101: 3.73381 | F101: 29.505238 | G101: 16.790953 | H101: 6.53381 | I101: 11.73381 | J101: 14.605238 | K101: 21.048096 | L101: 41.248095 | M101: 9.276667 | N101: 0.019524 | O101: 25.762382 | P101: 0 | Q101: 0.062381 | R101: 0 | S101: 0 | T101: 0 | U101: 0 | V101: 79.962382 | W101: 0 | X101: 24.062381 | Y101: 0 | Z101: 0 | AA101: 6.83381 | AB101: 5.248096 | AC101: 18.019524 | AD101: 0 | AE101: 0 | AF101: 0 | AG101: 3.547466

Sheet BG
A1: BG - Bulgaria | B1: 1990 | C1: 1991 | D1: 1992 | E1: 1993 | F1: 1994 | G1: 1995 | H1: 1996 | I1: 1997 | J1: 1998 | K1: 1999 | L1: 2000 | M1: 2001 | N1: 2002 | O1: 2003 | P1: 2004 | Q1: 2005 | R1: 2006 | S1: 2007 | T1: 2008 | U1: 2009 | V1: 2010 | W1: 2011 | X1: 2012 | Y1: 2013 | Z1: 2014 | AA1: 2015 | AB1: 2016 | AC1: 2017 | AD1: 2018 | AE1: 2019 | AF1: 2020 | AG1: 2021
A3: Transport activity (Mtkm) | B3: =SUM(B4:B5) -> 1610 | C3: =SUM(C4:C5) -> 1024 | D3: =SUM(D4:D5) -> 837 | E3: =SUM(E4:E5) -> 460 | F3: =SUM(F4:F5) -> 360 | G3: =SUM(G4:G5) -> 526 | H3: =SUM(H4:H5) -> 505 | I3: =SUM(I4:I5) -> 600 | ... AG3: =SUM(AG4:AG5) -> 5792
A4: Domestic coastal shipping | B4: 0 | C4: 0 | D4: 0 | E4: 0 | F4: 0 | G4: 0 | H4: 0 | I4: 0 | J4: 0 | K4: 0 | L4: 0 | M4: 0 | N4: 0 | O4: 0 | P4: 0 | Q4: 0 | R4: 0 | S4: 0 | T4: 0 | U4: 0 | V4: 0 | W4: 0 | X4: 0 | Y4: 0 | Z4: 0 | AA4: 0 | AB4: 0 | AC4: 0 | AD4: 0 | AE4: 0 | AF4: 0 | AG4: 0
A5: Inland waterways | B5: 1610 | C5: 1024 | D5: 837 | E5: 460 | F5: 360 | G5: 526 | H5: 505 | I5: 600 | J5: 563 | K5: 187 | L5: 313 | M5: 418 | N5: 561 | O5: 613 | P5: 697 | Q5: 757 | R5: 785 | S5: 1011 | T5: 2890 | U5: 5436 | V5: 6048 | W5: 4310 | X5: 5349 | Y5: 5374 | Z5: 5074 | AA5: 5595 | AB5: 5477 | AC5: 5279 | AD5: 4858 | AE5: 5867 | AF5: 6256 | AG5: 5792
A7: Market shares of activity (% of tkm) | B7: =IF(B3=0,0,B3/B$3) -> 1 | C7: =IF(C3=0,0,C3/C$3) -> 1 | D7: =IF(D3=0,0,D3/D$3) -> 1 | E7: =IF(E3=0,0,E3/E$3) -> 1 | F7: =IF(F3=0,0,F3/F$3) -> 1 | G7: =IF(G3=0,0,G3/G$3) -> 1 | H7: =IF(H3=0,0,H3/H$3) -> 1 | I7: =IF(I3=0,0,I3/I$3) -> 1 | ... AG7: =IF(AG3=0,0,AG3/AG$3) -> 1
A8: Domestic coastal shipping | B8: =IF(B4=0,0,B4/B$3) -> 0 | C8: =IF(C4=0,0,C4/C$3) -> 0 | D8: =IF(D4=0,0,D4/D$3) -> 0 | E8: =IF(E4=0,0,E4/E$3) -> 0 | F8: =IF(F4=0,0,F4/F$3) -> 0 | G8: =IF(G4=0,0,G4/G$3) -> 0 | H8: =IF(H4=0,0,H4/H$3) -> 0 | I8: =IF(I4=0,0,I4/I$3) -> 0 | ... AG8: =IF(AG4=0,0,AG4/AG$3) -> 0
A9: Inland waterways | B9: =IF(B5=0,0,B5/B$3) -> 1 | C9: =IF(C5=0,0,C5/C$3) -> 1 | D9: =IF(D5=0,0,D5/D$3) -> 1 | E9: =IF(E5=0,0,E5/E$3) -> 1 | F9: =IF(F5=0,0,F5/F$3) -> 1 | G9: =IF(G5=0,0,G5/G$3) -> 1 | H9: =IF(H5=0,0,H5/H$3) -> 1 | I9: =IF(I5=0,0,I5/I$3) -> 1 | ... AG9: =IF(AG5=0,0,AG5/AG$3) -> 1
A11: Vehicle-km (Mvkm) | B11: =SUM(B12:B13) -> 6.125 | C11: =SUM(C12:C13) -> 3.896 | D11: =SUM(D12:D13) -> 3.184 | E11: =SUM(E12:E13) -> 1.75 | F11: =SUM(F12:F13) -> 1.37 | G11: =SUM(G12:G13) -> 2.001 | H11: =SUM(H12:H13) -> 1.921 | I11: =SUM(I12:I13) -> 2.283 | ... AG11: =SUM(AG12:AG13) -> 7.945
A12: Domestic coastal shipping | B12: 0 | C12: 0 | D12: 0 | E12: 0 | F12: 0 | G12: 0 | H12: 0 | I12: 0 | J12: 0 | K12: 0 | L12: 0 | M12: 0 | N12: 0 | O12: 0 | P12: 0 | Q12: 0 | R12: 0 | S12: 0 | T12: 0 | U12: 0 | V12: 0 | W12: 0 | X12: 0 | Y12: 0 | Z12: 0 | AA12: 0 | AB12: 0 | AC12: 0 | AD12: 0 | AE12: 0 | AF12: 0 | AG12: 0
A13: Inland waterways | B13: 6.125 | C13: 3.896 | D13: 3.184 | E13: 1.75 | F13: 1.37 | G13: 2.001 | H13: 1.921 | I13: 2.283 | J13: 2.142 | K13: 0.711 | L13: 1.191 | M13: 1.46 | N13: 1.701 | O13: 1.501 | P13: 0.875 | Q13: 0.858 | R13: 0.899 | S13: 1.755 | T13: 4.64 | U13: 6.062 | V13: 6.319 | W13: 4.734 | X13: 5.386 | Y13: 5.086 | Z13: 4.331 | AA13: 5.249 | AB13: 5.096 | AC13: 4.225 | AD13: 4.432 | AE13: 5.206 | AF13: 5.495 | AG13: 7.945
A15: Market shares of vehicle km (% of km) | B15: =IF(B11=0,0,B11/B$11) -> 1 | C15: =IF(C11=0,0,C11/C$11) -> 1 | D15: =IF(D11=0,0,D11/D$11) -> 1 | E15: =IF(E11=0,0,E11/E$11) -> 1 | F15: =IF(F11=0,0,F11/F$11) -> 1 | G15: =IF(G11=0,0,G11/G$11) -> 1 | H15: =IF(H11=0,0,H11/H$11) -> 1 | I15: =IF(I11=0,0,I11/I$11) -> 1 | ... AG15: =IF(AG11=0,0,AG11/AG$11) -> 1
A16: Domestic coastal shipping | B16: =IF(B12=0,0,B12/B$11) -> 0 | C16: =IF(C12=0,0,C12/C$11) -> 0 | D16: =IF(D12=0,0,D12/D$11) -> 0 | E16: =IF(E12=0,0,E12/E$11) -> 0 | F16: =IF(F12=0,0,F12/F$11) -> 0 | G16: =IF(G12=0,0,G12/G$11) -> 0 | H16: =IF(H12=0,0,H12/H$11) -> 0 | I16: =IF(I12=0,0,I12/I$11) -> 0 | ... AG16: =IF(AG12=0,0,AG12/AG$11) -> 0
A17: Inland waterways | B17: =IF(B13=0,0,B13/B$11) -> 1 | C17: =IF(C13=0,0,C13/C$11) -> 1 | D17: =IF(D13=0,0,D13/D$11) -> 1 | E17: =IF(E13=0,0,E13/E$11) -> 1 | F17: =IF(F13=0,0,F13/F$11) -> 1 | G17: =IF(G13=0,0,G13/G$11) -> 1 | H17: =IF(H13=0,0,H13/H$11) -> 1 | I17: =IF(I13=0,0,I13/I$11) -> 1 | ... AG17: =IF(AG13=0,0,AG13/AG$11) -> 1
A19: Load factor of vessels (t/movement) | B19: =IF(B3=0,0,B3/B11) -> 262.85714 | C19: =IF(C3=0,0,C3/C11) -> 262.83368 | D19: =IF(D3=0,0,D3/D11) -> 262.87688 | E19: =IF(E3=0,0,E3/E11) -> 262.85714 | F19: =IF(F3=0,0,F3/F11) -> 262.77372 | G19: =IF(G3=0,0,G3/G11) -> 262.86857 | H19: =IF(H3=0,0,H3/H11) -> 262.88391 | I19: =IF(I3=0,0,I3/I11) -> 262.81209 | ... AG19: =IF(AG3=0,0,AG3/AG11) -> 729.01196
A20: Domestic coastal shipping | B20: =IF(B4=0,0,B4/B12) -> 0 | C20: =IF(C4=0,0,C4/C12) -> 0 | D20: =IF(D4=0,0,D4/D12) -> 0 | E20: =IF(E4=0,0,E4/E12) -> 0 | F20: =IF(F4=0,0,F4/F12) -> 0 | G20: =IF(G4=0,0,G4/G12) -> 0 | H20: =IF(H4=0,0,H4/H12) -> 0 | I20: =IF(I4=0,0,I4/I12) -> 0 | ... AG20: =IF(AG4=0,0,AG4/AG12) -> 0
A21: Inland waterways | B21: =IF(B5=0,0,B5/B13) -> 262.85714 | C21: =IF(C5=0,0,C5/C13) -> 262.83368 | D21: =IF(D5=0,0,D5/D13) -> 262.87688 | E21: =IF(E5=0,0,E5/E13) -> 262.85714 | F21: =IF(F5=0,0,F5/F13) -> 262.77372 | G21: =IF(G5=0,0,G5/G13) -> 262.86857 | H21: =IF(H5=0,0,H5/H13) -> 262.88391 | I21: =IF(I5=0,0,I5/I13) -> 262.81209 | ... AG21: =IF(AG5=0,0,AG5/AG13) -> 729.01196
A23: Total energy consumption (ktoe) | B23: =SUM(B24,B30) -> 18.486672 | C23: =SUM(C24,C30) -> 1.0269991 | D23: =SUM(D24,D30) -> 2.0540843 | E23: =SUM(E24,E30) -> 3.0190026 | F23: =SUM(F24,F30) -> 4.0460017 | G23: =SUM(G24,G30) -> 4.0460017 | H23: =SUM(H24,H30) -> 6.1622528 | I23: =SUM(I24,I30) -> 2.0540843 | ... AG23: =SUM(AG24,AG30) -> 0.11926053
A24: Domestic coastal shipping | B24: =SUM(B25:B29) -> 0 | C24: =SUM(C25:C29) -> 0 | D24: =SUM(D25:D29) -> 0 | E24: =SUM(E25:E29) -> 0 | F24: =SUM(F25:F29) -> 0 | G24: =SUM(G25:G29) -> 0 | H24: =SUM(H25:H29) -> 0 | I24: =SUM(I25:I29) -> 0 | ... AG24: =SUM(AG25:AG29) -> 0
