Workbook

Sheet cover
B6: JRC-IDEES-2021 - Integrated Database of the European Energy System
C15: CO2 Emissions - comparison to UNFCC submissions
L28: Prepared by JRC C.6
L30: 45432.79
L31: v2021-1.00
B33: Legal Notice
B35: The information made available is property of the Joint Research Centre of the European Commission.
B36: Neither the European Commission nor any person acting on behalf of the Commission is responsible for the use which might be made of this information.
B38: Use conditions
B39: This work is licensed under
B40: CC BY 4.0

Sheet summary
B1: 2000 | C1: 2001 | D1: 2002 | E1: 2003 | F1: 2004 | G1: 2005 | H1: 2006 | I1: 2007 | J1: 2008 | K1: 2009 | L1: 2010 | M1: 2011 | N1: 2012 | O1: 2013 | P1: 2014 | Q1: 2015 | R1: 2016 | S1: 2017 | T1: 2018 | U1: 2019 | V1: 2020 | W1: 2021
A3: Total UNFCCC CO2 emissions without LULUCF, with international transport (kt CO2)
A4: EU27 | B4: ='EU27'!B$3 -> 3818849.5 | C4: ='EU27'!C$3 -> 3879795.6 | D4: ='EU27'!D$3 -> 3884306.2 | E4: ='EU27'!E$3 -> 3975076.2 | F4: ='EU27'!F$3 -> 3999434.8 | G4: ='EU27'!G$3 -> 3990337.6 | H4: ='EU27'!H$3 -> 4015844.6 | I4: ='EU27'!I$3 -> 3991636.3 | ... W4: ='EU27'!W$3 -> 3010556
A5: AT | B5: =AT!B$3 -> 67934.449 | C5: =AT!C$3 -> 71893.566 | D5: =AT!D$3 -> 73595.615 | E5: =AT!E$3 -> 78918.516 | F5: =AT!F$3 -> 79500.133 | G5: =AT!G$3 -> 81131.778 | H5: =AT!H$3 -> 78931.534 | I5: =AT!I$3 -> 76363.568 | ... W5: =AT!W$3 -> 67307.935
A6: BE | B6: =BE!B$3 -> 147612.69 | C6: =BE!C$3 -> 146621.39 | D6: =BE!D$3 -> 153270.44 | E6: =BE!E$3 -> 155306 | F6: =BE!F$3 -> 157022.12 | G6: =BE!G$3 -> 154416.39 | H6: =BE!H$3 -> 155159.33 | I6: =BE!I$3 -> 155226.91 | ... W6: =BE!W$3 -> 125769.29
A7: BG | B7: =BG!B$3 -> 45853.872 | C7: =BG!C$3 -> 49533.248 | D7: =BG!D$3 -> 46800.484 | E7: =BG!E$3 -> 51379.639 | F7: =BG!F$3 -> 50345.613 | G7: =BG!G$3 -> 51507.165 | H7: =BG!H$3 -> 52705.024 | I7: =BG!I$3 -> 56390.897 | ... W7: =BG!W$3 -> 43036.969
A8: CY | B8: =CY!B$3 -> 8538.365 | C8: =CY!C$3 -> 8552.3483 | D8: =CY!D$3 -> 8537.825 | E8: =CY!E$3 -> 8950.8842 | F8: =CY!F$3 -> 8875.0423 | G8: =CY!G$3 -> 9707.4696 | H8: =CY!H$3 -> 9956.7225 | I8: =CY!I$3 -> 10196.831 | ... W8: =CY!W$3 -> 8384.7133
A9: CZ | B9: =CZ!B$3 -> 127730.34 | C9: =CZ!C$3 -> 127642.07 | D9: =CZ!D$3 -> 124483.41 | E9: =CZ!E$3 -> 128192.25 | F9: =CZ!F$3 -> 129179.93 | G9: =CZ!G$3 -> 126660.94 | H9: =CZ!H$3 -> 127578.89 | I9: =CZ!I$3 -> 129434.19 | ... W9: =CZ!W$3 -> 97040.075
A10: DE | B10: =DE!B$3 -> 924582.21 | C10: =DE!C$3 -> 940443.55 | D10: =DE!D$3 -> 924421.9 | E10: =DE!E$3 -> 926537.28 | F10: =DE!F$3 -> 913249.91 | G10: =DE!G$3 -> 895781.46 | H10: =DE!H$3 -> 909305.65 | I10: =DE!I$3 -> 884175.35 | ... W10: =DE!W$3 -> 700694.53
A11: DK | B11: =DK!B$3 -> 60667.303 | C11: =DK!C$3 -> 61572.37 | D11: =DK!D$3 -> 60295.003 | E11: =DK!E$3 -> 65627.738 | F11: =DK!F$3 -> 59834.246 | G11: =DK!G$3 -> 56441.854 | H11: =DK!H$3 -> 65204.133 | I11: =DK!I$3 -> 60631.107 | ... W11: =DK!W$3 -> 32236.313
A12: EE | B12: =EE!B$3 -> 15877.256 | C12: =EE!C$3 -> 16249.795 | D12: =EE!D$3 -> 15796.6 | E12: =EE!E$3 -> 17679.633 | F12: =EE!F$3 -> 17894.238 | G12: =EE!G$3 -> 17611.679 | H12: =EE!H$3 -> 17261.658 | I12: =EE!I$3 -> 20898.793 | ... W12: =EE!W$3 -> 11490.192
A13: EL | B13: =EL!B$3 -> 116991.65 | C13: =EL!C$3 -> 118875.52 | D13: =EL!D$3 -> 117342.51 | E13: =EL!E$3 -> 122370.92 | F13: =EL!F$3 -> 122959.47 | G13: =EL!G$3 -> 125704.06 | H13: =EL!H$3 -> 125147.08 | I13: =EL!I$3 -> 127649.49 | ... W13: =EL!W$3 -> 65992.727
A14: ES | B14: =ES!B$3 -> 338961.34 | C14: =ES!C$3 -> 343129.04 | D14: =ES!D$3 -> 363547.47 | E14: =ES!E$3 -> 368946.55 | F14: =ES!F$3 -> 387394.77 | G14: =ES!G$3 -> 405764.91 | H14: =ES!H$3 -> 398739.53 | I14: =ES!I$3 -> 407995.95 | ... W14: =ES!W$3 -> 262028.52
A15: FI | B15: =FI!B$3 -> 60120.079 | C15: =FI!C$3 -> 65436.534 | D15: =FI!D$3 -> 68187.71 | E15: =FI!E$3 -> 75822.257 | F15: =FI!F$3 -> 71870.122 | G15: =FI!G$3 -> 59951.644 | H15: =FI!H$3 -> 71593.135 | I15: =FI!I$3 -> 69873.979 | ... W15: =FI!W$3 -> 39648.637
A16: FR | B16: =FR!B$3 -> 436441.4 | C16: =FR!C$3 -> 440004.25 | D16: =FR!D$3 -> 435400.01 | E16: =FR!E$3 -> 442459.86 | F16: =FR!F$3 -> 446382.02 | G16: =FR!G$3 -> 448664.07 | H16: =FR!H$3 -> 440135.94 | I16: =FR!I$3 -> 431239.85 | ... W16: =FR!W$3 -> 327335.69
A17: HR | B17: =HR!B$3 -> 19918.792 | C17: =HR!C$3 -> 21073.766 | D17: =HR!D$3 -> 22149.895 | E17: =HR!E$3 -> 23464.823 | F17: =HR!F$3 -> 23169.285 | G17: =HR!G$3 -> 23677.585 | H17: =HR!H$3 -> 23872.415 | I17: =HR!I$3 -> 25212.768 | ... W17: =HR!W$3 -> 17783.391
A18: HU | B18: =HU!B$3 -> 59225.129 | C18: =HU!C$3 -> 60784.063 | D18: =HU!D$3 -> 59723.257 | E18: =HU!E$3 -> 62485.346 | F18: =HU!F$3 -> 60964.719 | G18: =HU!G$3 -> 61224.369 | H18: =HU!H$3 -> 60542.896 | I18: =HU!I$3 -> 59496.027 | ... W18: =HU!W$3 -> 48938.606
A19: IE | B19: =IE!B$3 -> 47541.923 | C19: =IE!C$3 -> 50310.753 | D19: =IE!D$3 -> 48868.754 | E19: =IE!E$3 -> 48501.046 | F19: =IE!F$3 -> 48798.252 | G19: =IE!G$3 -> 50973.536 | H19: =IE!H$3 -> 50875.443 | I19: =IE!I$3 -> 51060.295 | ... W19: =IE!W$3 -> 39390.795
A20: IT | B20: =IT!B$3 -> 482332.02 | C20: =IT!C$3 -> 482957.43 | D20: =IT!D$3 -> 490043.75 | E20: =IT!E$3 -> 510071.8 | F20: =IT!F$3 -> 516137.46 | G20: =IT!G$3 -> 517483.29 | H20: =IT!H$3 -> 513319.95 | I20: =IT!I$3 -> 507961.79 | ... W20: =IT!W$3 -> 347824.34
A21: LT | B21: =LT!B$3 -> 12205.868 | C21: =LT!C$3 -> 13002.168 | D21: =LT!D$3 -> 13098.396 | E21: =LT!E$3 -> 13101.079 | F21: =LT!F$3 -> 13718.609 | G21: =LT!G$3 -> 14458.342 | H21: =LT!H$3 -> 14791.761 | I21: =LT!I$3 -> 16053.883 | ... W21: =LT!W$3 -> 14608.331
A22: LU | B22: =LU!B$3 -> 9664.2588 | C22: =LU!C$3 -> 10244.492 | D22: =LU!D$3 -> 11106.327 | E22: =LU!E$3 -> 11625.22 | F22: =LU!F$3 -> 13097.707 | G22: =LU!G$3 -> 13376.085 | H22: =LU!H$3 -> 13124.323 | I22: =LU!I$3 -> 12611.082 | ... W22: =LU!W$3 -> 10296.676
A23: LV | B23: =LV!B$3 -> 7188.9669 | C23: =LV!C$3 -> 8200.8489 | D23: =LV!D$3 -> 8261.9435 | E23: =LV!E$3 -> 8448.0039 | F23: =LV!F$3 -> 8526.3033 | G23: =LV!G$3 -> 8823.0946 | H23: =LV!H$3 -> 9142.1979 | I23: =LV!I$3 -> 9454.1002 | ... W23: =LV!W$3 -> 8151.6953
A24: MT | B24: =MT!B$3 -> 5035.633 | C24: =MT!C$3 -> 5333.5164 | D24: =MT!D$3 -> 5774.0719 | E24: =MT!E$3 -> 6164.1687 | F24: =MT!F$3 -> 6263.2992 | G24: =MT!G$3 -> 5035.747 | H24: =MT!H$3 -> 5339.2139 | I24: =MT!I$3 -> 5709.9936 | ... W24: =MT!W$3 -> 8085.0211
A25: NL | B25: =NL!B$3 -> 224229.48 | C25: =NL!C$3 -> 233079.15 | D25: =NL!D$3 -> 232436.09 | E25: =NL!E$3 -> 232898.59 | F25: =NL!F$3 -> 239368.85 | G25: =NL!G$3 -> 239108.51 | H25: =NL!H$3 -> 237752.97 | I25: =NL!I$3 -> 238867.68 | ... W25: =NL!W$3 -> 182892.34
A26: PL | B26: =PL!B$3 -> 319162.25 | C26: =PL!C$3 -> 315119.19 | D26: =PL!D$3 -> 307755.92 | E26: =PL!E$3 -> 320692.45 | F26: =PL!F$3 -> 325421.48 | G26: =PL!G$3 -> 324712.31 | H26: =PL!H$3 -> 338748.22 | I26: =PL!I$3 -> 338003.53 | ... W26: =PL!W$3 -> 333929.12
A27: PT | B27: =PT!B$3 -> 69280.689 | C27: =PT!C$3 -> 68264.794 | D27: =PT!D$3 -> 72643.925 | E27: =PT!E$3 -> 68012.121 | F27: =PT!F$3 -> 71271.317 | G27: =PT!G$3 -> 73467.331 | H27: =PT!H$3 -> 68948.954 | I27: =PT!I$3 -> 66681.714 | ... W27: =PT!W$3 -> 44081.38
A28: RO | B28: =RO!B$3 -> 93762.838 | C28: =RO!C$3 -> 99371.169 | D28: =RO!D$3 -> 99625.083 | E28: =RO!E$3 -> 104215.02 | F28: =RO!F$3 -> 103740.04 | G28: =RO!G$3 -> 102215.12 | H28: =RO!H$3 -> 104761.87 | I28: =RO!I$3 -> 109497.75 | ... W28: =RO!W$3 -> 77541.035
A29: SE | B29: =SE!B$3 -> 61681.945 | C29: =SE!C$3 -> 62425.071 | D29: =SE!D$3 -> 62442.02 | E29: =SE!E$3 -> 64471.845 | F29: =SE!F$3 -> 64805.103 | G29: =SE!G$3 -> 62438.85 | H29: =SE!H$3 -> 62803.924 | I29: =SE!I$3 -> 62179.06 | ... W29: =SE!W$3 -> 47451.806
A30: SI | B30: =SI!B$3 -> 15122.617 | C30: =SI!C$3 -> 16380.623 | D30: =SI!D$3 -> 16644.965 | E30: =SI!E$3 -> 16348.076 | F30: =SI!F$3 -> 16761.83 | G30: =SI!G$3 -> 17061.387 | H30: =SI!H$3 -> 17342.174 | I30: =SI!I$3 -> 17592.823 | ... W30: =SI!W$3 -> 13366.748
A31: SK | B31: =SK!B$3 -> 41186.122 | C31: =SK!C$3 -> 43294.924 | D31: =SK!D$3 -> 42052.835 | E31: =SK!E$3 -> 42385.041 | F31: =SK!F$3 -> 42882.92 | G31: =SK!G$3 -> 42938.612 | H31: =SK!H$3 -> 42759.616 | I31: =SK!I$3 -> 41176.86 | ... W31: =SK!W$3 -> 35249.083
A33: JRC-IDEES CO2 emissions (kt CO2)
A34: EU27 | B34: ='EU27'!B$49 -> 3830190.7 | C34: ='EU27'!C$49 -> 3876518.2 | D34: ='EU27'!D$49 -> 3883906.4 | E34: ='EU27'!E$49 -> 3980671.1 | F34: ='EU27'!F$49 -> 4009444.9 | G34: ='EU27'!G$49 -> 3995248.7 | H34: ='EU27'!H$49 -> 4027680.7 | I34: ='EU27'!I$49 -> 3988873.8 | ... W34: ='EU27'!W$49 -> 3046101.8
A35: AT | B35: =AT!B$49 -> 75246.493 | C35: =AT!C$49 -> 79148.28 | D35: =AT!D$49 -> 81671.073 | E35: =AT!E$49 -> 86619.891 | F35: =AT!F$49 -> 88330.07 | G35: =AT!G$49 -> 89651.708 | H35: =AT!H$49 -> 87974.234 | I35: =AT!I$49 -> 85765.481 | ... W35: =AT!W$49 -> 75938.367
A36: BE | B36: =BE!B$49 -> 153654.66 | C36: =BE!C$49 -> 151701.21 | D36: =BE!D$49 -> 154033.01 | E36: =BE!E$49 -> 161399.54 | F36: =BE!F$49 -> 161114.27 | G36: =BE!G$49 -> 156948.04 | H36: =BE!H$49 -> 156388.81 | I36: =BE!I$49 -> 154309.97 | ... W36: =BE!W$49 -> 130315.22
A37: BG | B37: =BG!B$49 -> 50509.056 | C37: =BG!C$49 -> 53681.436 | D37: =BG!D$49 -> 50455.541 | E37: =BG!E$49 -> 55609.026 | F37: =BG!F$49 -> 54566.511 | G37: =BG!G$49 -> 55653.125 | H37: =BG!H$49 -> 56669.477 | I37: =BG!I$49 -> 60185.286 | ... W37: =BG!W$49 -> 44467.913
A38: CY | B38: =CY!B$49 -> 8655.6797 | C38: =CY!C$49 -> 8663.2133 | D38: =CY!D$49 -> 8643.6248 | E38: =CY!E$49 -> 9350.9415 | F38: =CY!F$49 -> 8994.7771 | G38: =CY!G$49 -> 9842.5698 | H38: =CY!H$49 -> 9988.3523 | I38: =CY!I$49 -> 10189.464 | ... W38: =CY!W$49 -> 8244.4589
A39: CZ | B39: =CZ!B$49 -> 132571.12 | C39: =CZ!C$49 -> 132263.29 | D39: =CZ!D$49 -> 129168.09 | E39: =CZ!E$49 -> 133238.58 | F39: =CZ!F$49 -> 134803.35 | G39: =CZ!G$49 -> 131998.74 | H39: =CZ!H$49 -> 134221.58 | I39: =CZ!I$49 -> 135315.96 | ... W39: =CZ!W$49 -> 103989.07
A40: DE | B40: =DE!B$49 -> 921257.86 | C40: =DE!C$49 -> 934337.97 | D40: =DE!D$49 -> 919728.74 | E40: =DE!E$49 -> 923319.33 | F40: =DE!F$49 -> 910227.58 | G40: =DE!G$49 -> 889545.15 | H40: =DE!H$49 -> 904059.58 | I40: =DE!I$49 -> 873393.14 | ... W40: =DE!W$49 -> 700515.2
A41: DK | B41: =DK!B$49 -> 61528.509 | C41: =DK!C$49 -> 62262.082 | D41: =DK!D$49 -> 60725.998 | E41: =DK!E$49 -> 65313.563 | F41: =DK!F$49 -> 59651.312 | G41: =DK!G$49 -> 56328.65 | H41: =DK!H$49 -> 64939.123 | I41: =DK!I$49 -> 60425.543 | ... W41: =DK!W$49 -> 32708.291
A42: EE | B42: =EE!B$49 -> 15248.944 | C42: =EE!C$49 -> 15515.297 | D42: =EE!D$49 -> 14980.283 | E42: =EE!E$49 -> 16811.768 | F42: =EE!F$49 -> 17086.968 | G42: =EE!G$49 -> 16970.022 | H42: =EE!H$49 -> 16561.172 | I42: =EE!I$49 -> 20112.336 | ... W42: =EE!W$49 -> 9380.1263
A43: EL | B43: =EL!B$49 -> 117608.23 | C43: =EL!C$49 -> 119707.12 | D43: =EL!D$49 -> 118572.29 | E43: =EL!E$49 -> 122473.42 | F43: =EL!F$49 -> 122726.68 | G43: =EL!G$49 -> 124240.49 | H43: =EL!H$49 -> 123928.71 | I43: =EL!I$49 -> 128226.13 | ... W43: =EL!W$49 -> 64361.801
A44: ES | B44: =ES!B$49 -> 338270.47 | C44: =ES!C$49 -> 341817.14 | D44: =ES!D$49 -> 361043.77 | E44: =ES!E$49 -> 366757.9 | F44: =ES!F$49 -> 385413.92 | G44: =ES!G$49 -> 403688.7 | H44: =ES!H$49 -> 399438.98 | I44: =ES!I$49 -> 409328.88 | ... W44: =ES!W$49 -> 263320.85
A45: FI | B45: =FI!B$49 -> 62945.905 | C45: =FI!C$49 -> 68726.793 | D45: =FI!D$49 -> 71355.094 | E45: =FI!E$49 -> 79537.851 | F45: =FI!F$49 -> 75235.592 | G45: =FI!G$49 -> 63021.049 | H45: =FI!H$49 -> 74841.356 | I45: =FI!I$49 -> 73372.687 | ... W45: =FI!W$49 -> 42314.668
A46: FR | B46: =FR!B$49 -> 437795.03 | C46: =FR!C$49 -> 438829.51 | D46: =FR!D$49 -> 433724.07 | E46: =FR!E$49 -> 436543.16 | F46: =FR!F$49 -> 441466.89 | G46: =FR!G$49 -> 443020.15 | H46: =FR!H$49 -> 436074.62 | I46: =FR!I$49 -> 428479.59 | ... W46: =FR!W$49 -> 334286.21
A47: HR | B47: =HR!B$49 -> 20037.693 | C47: =HR!C$49 -> 21276.398 | D47: =HR!D$49 -> 22284.017 | E47: =HR!E$49 -> 23601.23 | F47: =HR!F$49 -> 23266.116 | G47: =HR!G$49 -> 23723.328 | H47: =HR!H$49 -> 23903.68 | I47: =HR!I$49 -> 25214.437 | ... W47: =HR!W$49 -> 17677.054
A48: HU | B48: =HU!B$49 -> 60503.628 | C48: =HU!C$49 -> 61841.123 | D48: =HU!D$49 -> 61017.965 | E48: =HU!E$49 -> 63489.036 | F48: =HU!F$49 -> 61965.995 | G48: =HU!G$49 -> 62227.316 | H48: =HU!H$49 -> 61809.808 | I48: =HU!I$49 -> 60001.943 | ... W48: =HU!W$49 -> 50870.047
A49: IE | B49: =IE!B$49 -> 47170.913 | C49: =IE!C$49 -> 50061.703 | D49: =IE!D$49 -> 48856.045 | E49: =IE!E$49 -> 48311.441 | F49: =IE!F$49 -> 48624.608 | G49: =IE!G$49 -> 50814.625 | H49: =IE!H$49 -> 51525.38 | I49: =IE!I$49 -> 51324.391 | ... W49: =IE!W$49 -> 39326.358
A50: IT | B50: =IT!B$49 -> 462826.7 | C50: =IT!C$49 -> 459580.82 | D50: =IT!D$49 -> 468271.45 | E50: =IT!E$49 -> 488617.66 | F50: =IT!F$49 -> 498783.85 | G50: =IT!G$49 -> 502208.54 | H50: =IT!H$49 -> 496987.92 | I50: =IT!I$49 -> 490381.04 | ... W50: =IT!W$49 -> 340493.54
A51: LT | B51: =LT!B$49 -> 12187.67 | C51: =LT!C$49 -> 13006.331 | D51: =LT!D$49 -> 13142.066 | E51: =LT!E$49 -> 13100.118 | F51: =LT!F$49 -> 13785.378 | G51: =LT!G$49 -> 14596.587 | H51: =LT!H$49 -> 14881.195 | I51: =LT!I$49 -> 16143.275 | ... W51: =LT!W$49 -> 14717.66
A52: LU | B52: =LU!B$49 -> 9713.7346 | C52: =LU!C$49 -> 10373.87 | D52: =LU!D$49 -> 11155.334 | E52: =LU!E$49 -> 11616.307 | F52: =LU!F$49 -> 13154.436 | G52: =LU!G$49 -> 13410.735 | H52: =LU!H$49 -> 13189.241 | I52: =LU!I$49 -> 12675.612 | ... W52: =LU!W$49 -> 10220.07
A53: LV | B53: =LV!B$49 -> 7073.5651 | C53: =LV!C$49 -> 8186.9299 | D53: =LV!D$49 -> 8246.1299 | E53: =LV!E$49 -> 8470.1342 | F53: =LV!F$49 -> 8552.4723 | G53: =LV!G$49 -> 8830.1751 | H53: =LV!H$49 -> 9144.6679 | I53: =LV!I$49 -> 9452.4208 | ... W53: =LV!W$49 -> 8165.3239
A54: MT | B54: =MT!B$49 -> 4651.1255 | C54: =MT!C$49 -> 5137.7908 | D54: =MT!D$49 -> 5010.8726 | E54: =MT!E$49 -> 5831.4309 | F54: =MT!F$49 -> 6096.3089 | G54: =MT!G$49 -> 5005.5349 | H54: =MT!H$49 -> 5333.7052 | I54: =MT!I$49 -> 5701.0106 | ... W54: =MT!W$49 -> 8081.6015
A55: NL | B55: =NL!B$49 -> 219387.19 | C55: =NL!C$49 -> 227580.6 | D55: =NL!D$49 -> 228436.6 | E55: =NL!E$49 -> 228025.85 | F55: =NL!F$49 -> 235048.85 | G55: =NL!G$49 -> 235107.31 | H55: =NL!H$49 -> 234872.55 | I55: =NL!I$49 -> 236479.48 | ... W55: =NL!W$49 -> 182973.11
A56: PL | B56: =PL!B$49 -> 318766.6 | C56: =PL!C$49 -> 314710.94 | D56: =PL!D$49 -> 307560.15 | E56: =PL!E$49 -> 320553.51 | F56: =PL!F$49 -> 325334.65 | G56: =PL!G$49 -> 324810.52 | H56: =PL!H$49 -> 338846.14 | I56: =PL!I$49 -> 337907.41 | ... W56: =PL!W$49 -> 333535.11
A57: PT | B57: =PT!B$49 -> 70374.509 | C57: =PT!C$49 -> 69008.002 | D57: =PT!D$49 -> 73102.487 | E57: =PT!E$49 -> 68687.269 | F57: =PT!F$49 -> 70997.534 | G57: =PT!G$49 -> 74062.989 | H57: =PT!H$49 -> 68884.65 | I57: =PT!I$49 -> 66637.75 | ... W57: =PT!W$49 -> 44240.075
A58: RO | B58: =RO!B$49 -> 101483.6 | C58: =RO!C$49 -> 105821.71 | D58: =RO!D$49 -> 108271.58 | E58: =RO!E$49 -> 116120.84 | F58: =RO!F$49 -> 116544.2 | G58: =RO!G$49 -> 112851.81 | H58: =RO!H$49 -> 116108.48 | I58: =RO!I$49 -> 114263.88 | ... W58: =RO!W$49 -> 83430.806
A59: SE | B59: =SE!B$49 -> 61272.998 | C59: =SE!C$49 -> 61609.989 | D59: =SE!D$49 -> 61748.154 | E59: =SE!E$49 -> 65256.294 | F59: =SE!F$49 -> 65320.638 | G59: =SE!G$49 -> 63274.21 | H59: =SE!H$49 -> 63668.04 | I59: =SE!I$49 -> 61658.198 | ... W59: =SE!W$49 -> 50106.555
A60: SI | B60: =SI!B$49 -> 15196.857 | C60: =SI!C$49 -> 16155.038 | D60: =SI!D$49 -> 16611.603 | E60: =SI!E$49 -> 16480.484 | F60: =SI!F$49 -> 16746.811 | G60: =SI!G$49 -> 17152.905 | H60: =SI!H$49 -> 17428.426 | I60: =SI!I$49 -> 17618.972 | ... W60: =SI!W$49 -> 13534.704
A61: SK | B61: =SK!B$49 -> 44251.955 | C61: =SK!C$49 -> 45513.629 | D61: =SK!D$49 -> 46090.364 | E61: =SK!E$49 -> 45534.504 | F61: =SK!F$49 -> 45605.161 | G61: =SK!G$49 -> 46263.719 | H61: =SK!H$49 -> 46010.831 | I61: =SK!I$49 -> 44309.584 | ... W61: =SK!W$49 -> 38887.6
A63: JRC-IDEES CO2 emissions (diff to UNFCCC)
A64: EU27 | B64: =B34/B4-1 -> 0.0029697952 | C64: =C34/C4-1 -> -0.00084474367 | D64: =D34/D4-1 -> -0.00010292663 | E64: =E34/E4-1 -> 0.0014075025 | F64: =F34/F4-1 -> 0.0025028882 | G64: =G34/G4-1 -> 0.0012307521 | H64: =H34/H4-1 -> 0.0029473581 | I64: =I34/I4-1 -> -0.00069204847 | ... W64: =W34/W4-1 -> 0.01180706
A65: AT | B65: =B35/B5-1 -> 0.10763383 | C65: =C35/C5-1 -> 0.10090907 | D65: =D35/D5-1 -> 0.10972743 | E65: =E35/E5-1 -> 0.097586409 | F65: =F35/F5-1 -> 0.1110682 | G65: =G35/G5-1 -> 0.10501348 | H65: =H35/H5-1 -> 0.11456385 | I65: =I35/I5-1 -> 0.12312039 | ... W65: =W35/W5-1 -> 0.12822311
A66: BE | B66: =B36/B6-1 -> 0.040931198 | C66: =C36/C6-1 -> 0.034645842 | D66: =D36/D6-1 -> 0.0049753201 | E66: =E36/E6-1 -> 0.039235687 | F66: =F36/F6-1 -> 0.026060964 | G66: =G36/G6-1 -> 0.01639496 | H66: =H36/H6-1 -> 0.0079239868 | I66: =I36/I6-1 -> -0.005907098 | ... W66: =W36/W6-1 -> 0.036145042
A67: BG | B67: =B37/B7-1 -> 0.10152215 | C67: =C37/C7-1 -> 0.083745531 | D67: =D37/D7-1 -> 0.078098696 | E67: =E37/E7-1 -> 0.082316401 | F67: =F37/F7-1 -> 0.083838438 | G67: =G37/G7-1 -> 0.080492898 | H67: =H37/H7-1 -> 0.075219646 | I67: =I37/I7-1 -> 0.067287265 | ... W67: =W37/W7-1 -> 0.033249189
A68: CY | B68: =B38/B8-1 -> 0.013739715 | C68: =C38/C8-1 -> 0.012963103 | D68: =D38/D8-1 -> 0.012391897 | E68: =E38/E8-1 -> 0.044694732 | F68: =F38/F8-1 -> 0.013491181 | G68: =G38/G8-1 -> 0.013917141 | H68: =H38/H8-1 -> 0.0031767229 | I68: =I38/I8-1 -> -0.00072247845 | ... W68: =W38/W8-1 -> -0.016727398
A69: CZ | B69: =B39/B9-1 -> 0.037898443 | C69: =C39/C9-1 -> 0.036204534 | D69: =D39/D9-1 -> 0.03763293 | E69: =E39/E9-1 -> 0.03936535 | F69: =F39/F9-1 -> 0.043531677 | G69: =G39/G9-1 -> 0.042142427 | H69: =H39/H9-1 -> 0.052067305 | I69: =I39/I9-1 -> 0.045442152 | ... W69: =W39/W9-1 -> 0.0716095
A70: DE | B70: =B40/B10-1 -> -0.0035955173 | C70: =C40/C10-1 -> -0.0064922322 | D70: =D40/D10-1 -> -0.0050768549 | E70: =E40/E10-1 -> -0.0034730928 | F70: =F40/F10-1 -> -0.0033094268 | G70: =G40/G10-1 -> -0.0069618622 | H70: =H40/H10-1 -> -0.005769319 | I70: =I40/I10-1 -> -0.012194656 | ... W70: =W40/W10-1 -> -0.00025593118
A71: DK | B71: =B41/B11-1 -> 0.014195558 | C71: =C41/C11-1 -> 0.011201656 | D71: =D41/D11-1 -> 0.0071481014 | E71: =E41/E11-1 -> -0.0047872152 | F71: =F41/F11-1 -> -0.0030573478 | G71: =G41/G11-1 -> -0.0020056855 | H71: =H41/H11-1 -> -0.004064311 | I71: =I41/I11-1 -> -0.0033904199 | ... W71: =W41/W11-1 -> 0.014641184
A72: EE | B72: =B42/B12-1 -> -0.0395731 | C72: =C42/C12-1 -> -0.045200428 | D72: =D42/D12-1 -> -0.051676767 | E72: =E42/E12-1 -> -0.049088366 | F72: =F42/F12-1 -> -0.045113407 | G72: =G42/G12-1 -> -0.036433596 | H72: =H42/H12-1 -> -0.040580449 | I72: =I42/I12-1 -> -0.037631731 | ... W72: =W42/W12-1 -> -0.1836406
A73: EL | B73: =B43/B13-1 -> 0.0052703147 | C73: =C43/C13-1 -> 0.0069955891 | D73: =D43/D13-1 -> 0.010480265 | E73: =E43/E13-1 -> 0.00083758555 | F73: =F43/F13-1 -> -0.0018932149 | G73: =G43/G13-1 -> -0.011642984 | H73: =H43/H13-1 -> -0.009735523 | I73: =I43/I13-1 -> 0.0045173631 | ... W73: =W43/W13-1 -> -0.02471373
A74: ES | B74: =B44/B14-1 -> -0.0020382118 | C74: =C44/C14-1 -> -0.0038233454 | D74: =D44/D14-1 -> -0.0068868564 | E74: =E44/E14-1 -> -0.0059321362 | F74: =F44/F14-1 -> -0.005113243 | G74: =G44/G14-1 -> -0.0051167896 | H74: =H44/H14-1 -> 0.0017541455 | I74: =I44/I14-1 -> 0.0032670174 | ... W74: =W44/W14-1 -> 0.0049320149
A75: FI | B75: =B45/B15-1 -> 0.047003031 | C75: =C45/C15-1 -> 0.050281678 | D75: =D45/D15-1 -> 0.046450946 | E75: =E45/E15-1 -> 0.049004014 | F75: =F45/F15-1 -> 0.046827098 | G75: =G45/G15-1 -> 0.051198009 | H75: =H45/H15-1 -> 0.045370565 | I75: =I45/I15-1 -> 0.050071693 | ... W75: =W45/W15-1 -> 0.067241422
... A91: SK | B91: =B61/B31-1 -> 0.074438497 | C91: =C61/C31-1 -> 0.051246303 | D91: =D61/D31-1 -> 0.096010864 | E91: =E61/E31-1 -> 0.074306012 | F91: =F61/F31-1 -> 0.063480767 | G91: =G61/G31-1 -> 0.07743862 | H91: =H61/H31-1 -> 0.076034705 | I91: =I61/I31-1 -> 0.076079728 | ... W91: =W61/W31-1 -> 0.10322304

Sheet EU27
A1: EU27 - European Union - 27 countries (from 2020) | B1: 2000 | C1: 2001 | D1: 2002 | E1: 2003 | F1: 2004 | G1: 2005 | H1: 2006 | I1: 2007 | J1: 2008 | K1: 2009 | L1: 2010 | M1: 2011 | N1: 2012 | O1: 2013 | P1: 2014 | Q1: 2015 | R1: 2016 | S1: 2017 | T1: 2018 | U1: 2019 | V1: 2020 | W1: 2021
A3: Total UNFCCC CO2 emissions without LULUCF, with international transport (kt CO2) | B3: =SUM(AT!B3,BE!B3,BG!B3,CY!B3,CZ!B3,DE!B3,DK!B3,EE!B3,EL!B3,ES!B3,FI!B3,FR!B3,HR!B3,HU!B3,IE!B3,IT!B3,LT!B3,LU!B3,LV!B3,MT!B3,NL!B3,PL!B3,PT!B3,RO!B3,SE!B3,SI!B3,SK!B3) -> 3818849.5 | C3: =SUM(AT!C3,BE!C3,BG!C3,CY!C3,CZ!C3,DE!C3,DK!C3,EE!C3,EL!C3,ES!C3,FI!C3,FR!C3,HR!C3,HU!C3,IE!C3,IT!C3,LT!C3,LU!C3,LV!C3,MT!C3,NL!C3,PL!C3,PT!C3,RO!C3,SE!C3,SI!C3,SK!C3) -> 3879795.6 | D3: =SUM(AT!D3,BE!D3,BG!D3,CY!D3,CZ!D3,DE!D3,DK!D3,EE!D3,EL!D3,ES!D3,FI!D3,FR!D3,HR!D3,HU!D3,IE!D3,IT!D3,LT!D3,LU!D3,LV!D3,MT!D3,NL!D3,PL!D3,PT!D3,RO!D3,SE!D3,SI!D3,SK!D3) -> 3884306.2 | E3: =SUM(AT!E3,BE!E3,BG!E3,CY!E3,CZ!E3,DE!E3,DK!E3,EE!E3,EL!E3,ES!E3,FI!E3,FR!E3,HR!E3,HU!E3,IE!E3,IT!E3,LT!E3,LU!E3,LV!E3,MT!E3,NL!E3,PL!E3,PT!E3,RO!E3,SE!E3,SI!E3,SK!E3) -> 3975076.2 | F3: =SUM(AT!F3,BE!F3,BG!F3,CY!F3,CZ!F3,DE!F3,DK!F3,EE!F3,EL!F3,ES!F3,FI!F3,FR!F3,HR!F3,HU!F3,IE!F3,IT!F3,LT!F3,LU!F3,LV!F3,MT!F3,NL!F3,PL!F3,PT!F3,RO!F3,SE!F3,SI!F3,SK!F3) -> 3999434.8 | G3: =SUM(AT!G3,BE!G3,BG!G3,CY!G3,CZ!G3,DE!G3,DK!G3,EE!G3,EL!G3,ES!G3,FI!G3,FR!G3,HR!G3,HU!G3,IE!G3,IT!G3,LT!G3,LU!G3,LV!G3,MT!G3,NL!G3,PL!G3,PT!G3,RO!G3,SE!G3,SI!G3,SK!G3) -> 3990337.6 | H3: =SUM(AT!H3,BE!H3,BG!H3,CY!H3,CZ!H3,DE!H3,DK!H3,EE!H3,EL!H3,ES!H3,FI!H3,FR!H3,HR!H3,HU!H3,IE!H3,IT!H3,LT!H3,LU!H3,LV!H3,MT!H3,NL!H3,PL!H3,PT!H3,RO!H3,SE!H3,SI!H3,SK!H3) -> 4015844.6 | I3: =SUM(AT!I3,BE!I3,BG!I3,CY!I3,CZ!I3,DE!I3,DK!I3,EE!I3,EL!I3,ES!I3,FI!I3,FR!I3,HR!I3,HU!I3,IE!I3,IT!I3,LT!I3,LU!I3,LV!I3,MT!I3,NL!I3,PL!I3,PT!I3,RO!I3,SE!I3,SI!I3,SK!I3) -> 3991636.3 | ... W3: =SUM(AT!W3,BE!W3,BG!W3,CY!W3,CZ!W3,DE!W3,DK!W3,EE!W3,EL!W3,ES!W3,FI!W3,FR!W3,HR!W3,HU!W3,IE!W3,IT!W3,LT!W3,LU!W3,LV!W3,MT!W3,NL!W3,PL!W3,PT!W3,RO!W3,SE!W3,SI!W3,SK!W3) -> 3010556
A4: 1 - Energy | B4: =SUM(B5,B31,B32) -> 3305876.6 | C4: =SUM(C5,C31,C32) -> 3373780.3 | D4: =SUM(D5,D31,D32) -> 3374186.6 | E4: =SUM(E5,E31,E32) -> 3450622 | F4: =SUM(F5,F31,F32) -> 3450680.8 | G4: =SUM(G5,G31,G32) -> 3434388.5 | H4: =SUM(H5,H31,H32) -> 3438638.1 | I4: =SUM(I5,I31,I32) -> 3399036.2 | ... W4: =SUM(W5,W31,W32) -> 2570164.5
A5: 1.AA - Fuel Combustion - Sectoral approach | B5: =SUM(B6,B10,B18,B24,B28) -> 3285063.7 | C5: =SUM(C6,C10,C18,C24,C28) -> 3354098.7 | D5: =SUM(D6,D10,D18,D24,D28) -> 3353845.9 | E5: =SUM(E6,E10,E18,E24,E28) -> 3429279.6 | F5: =SUM(F6,F10,F18,F24,F28) -> 3430595.2 | G5: =SUM(G6,G10,G18,G24,G28) -> 3413454.3 | H5: =SUM(H6,H10,H18,H24,H28) -> 3415759.8 | I5: =SUM(I6,I10,I18,I24,I28) -> 3376363.4 | ... W5: =SUM(W6,W10,W18,W24,W28) -> 2552388.8
A6: 1.A.1 - Energy Industries | B6: =SUM(B7:B9) -> 1297000.4 | C6: =SUM(C7:C9) -> 1321798.5 | D6: =SUM(D7:D9) -> 1344197.2 | E6: =SUM(E7:E9) -> 1390946.1 | F6: =SUM(F7:F9) -> 1383689.6 | G6: =SUM(G7:G9) -> 1375062.9 | H6: =SUM(H7:H9) -> 1382279 | I6: =SUM(I7:I9) -> 1396148.3 | ... W6: =SUM(W7:W9) -> 831627.87
A7: 1.A.1.a - Public Electricity and Heat Production | B7: =SUM(AT!B7,BE!B7,BG!B7,CY!B7,CZ!B7,DE!B7,DK!B7,EE!B7,EL!B7,ES!B7,FI!B7,FR!B7,HR!B7,HU!B7,IE!B7,IT!B7,LT!B7,LU!B7,LV!B7,MT!B7,NL!B7,PL!B7,PT!B7,RO!B7,SE!B7,SI!B7,SK!B7) -> 1119458.5 | C7: =SUM(AT!C7,BE!C7,BG!C7,CY!C7,CZ!C7,DE!C7,DK!C7,EE!C7,EL!C7,ES!C7,FI!C7,FR!C7,HR!C7,HU!C7,IE!C7,IT!C7,LT!C7,LU!C7,LV!C7,MT!C7,NL!C7,PL!C7,PT!C7,RO!C7,SE!C7,SI!C7,SK!C7) -> 1146425.6 | D7: =SUM(AT!D7,BE!D7,BG!D7,CY!D7,CZ!D7,DE!D7,DK!D7,EE!D7,EL!D7,ES!D7,FI!D7,FR!D7,HR!D7,HU!D7,IE!D7,IT!D7,LT!D7,LU!D7,LV!D7,MT!D7,NL!D7,PL!D7,PT!D7,RO!D7,SE!D7,SI!D7,SK!D7) -> 1168163.6 | E7: =SUM(AT!E7,BE!E7,BG!E7,CY!E7,CZ!E7,DE!E7,DK!E7,EE!E7,EL!E7,ES!E7,FI!E7,FR!E7,HR!E7,HU!E7,IE!E7,IT!E7,LT!E7,LU!E7,LV!E7,MT!E7,NL!E7,PL!E7,PT!E7,RO!E7,SE!E7,SI!E7,SK!E7) -> 1214807.2 | F7: =SUM(AT!F7,BE!F7,BG!F7,CY!F7,CZ!F7,DE!F7,DK!F7,EE!F7,EL!F7,ES!F7,FI!F7,FR!F7,HR!F7,HU!F7,IE!F7,IT!F7,LT!F7,LU!F7,LV!F7,MT!F7,NL!F7,PL!F7,PT!F7,RO!F7,SE!F7,SI!F7,SK!F7) -> 1201244.3 | G7: =SUM(AT!G7,BE!G7,BG!G7,CY!G7,CZ!G7,DE!G7,DK!G7,EE!G7,EL!G7,ES!G7,FI!G7,FR!G7,HR!G7,HU!G7,IE!G7,IT!G7,LT!G7,LU!G7,LV!G7,MT!G7,NL!G7,PL!G7,PT!G7,RO!G7,SE!G7,SI!G7,SK!G7) -> 1188922.5 | H7: =SUM(AT!H7,BE!H7,BG!H7,CY!H7,CZ!H7,DE!H7,DK!H7,EE!H7,EL!H7,ES!H7,FI!H7,FR!H7,HR!H7,HU!H7,IE!H7,IT!H7,LT!H7,LU!H7,LV!H7,MT!H7,NL!H7,PL!H7,PT!H7,RO!H7,SE!H7,SI!H7,SK!H7) -> 1194306.9 | I7: =SUM(AT!I7,BE!I7,BG!I7,CY!I7,CZ!I7,DE!I7,DK!I7,EE!I7,EL!I7,ES!I7,FI!I7,FR!I7,HR!I7,HU!I7,IE!I7,IT!I7,LT!I7,LU!I7,LV!I7,MT!I7,NL!I7,PL!I7,PT!I7,RO!I7,SE!I7,SI!I7,SK!I7) -> 1208732.7 | ... W7: =SUM(AT!W7,BE!W7,BG!W7,CY!W7,CZ!W7,DE!W7,DK!W7,EE!W7,EL!W7,ES!W7,FI!W7,FR!W7,HR!W7,HU!W7,IE!W7,IT!W7,LT!W7,LU!W7,LV!W7,MT!W7,NL!W7,PL!W7,PT!W7,RO!W7,SE!W7,SI!W7,SK!W7) -> 708860.71
A8: 1.A.1.b - Petroleum Refining | B8: =SUM(AT!B8,BE!B8,BG!B8,CY!B8,CZ!B8,DE!B8,DK!B8,EE!B8,EL!B8,ES!B8,FI!B8,FR!B8,HR!B8,HU!B8,IE!B8,IT!B8,LT!B8,LU!B8,LV!B8,MT!B8,NL!B8,PL!B8,PT!B8,RO!B8,SE!B8,SI!B8,SK!B8) -> 116262.77 | C8: =SUM(AT!C8,BE!C8,BG!C8,CY!C8,CZ!C8,DE!C8,DK!C8,EE!C8,EL!C8,ES!C8,FI!C8,FR!C8,HR!C8,HU!C8,IE!C8,IT!C8,LT!C8,LU!C8,LV!C8,MT!C8,NL!C8,PL!C8,PT!C8,RO!C8,SE!C8,SI!C8,SK!C8) -> 116824.2 | D8: =SUM(AT!D8,BE!D8,BG!D8,CY!D8,CZ!D8,DE!D8,DK!D8,EE!D8,EL!D8,ES!D8,FI!D8,FR!D8,HR!D8,HU!D8,IE!D8,IT!D8,LT!D8,LU!D8,LV!D8,MT!D8,NL!D8,PL!D8,PT!D8,RO!D8,SE!D8,SI!D8,SK!D8) -> 117090.54 | E8: =SUM(AT!E8,BE!E8,BG!E8,CY!E8,CZ!E8,DE!E8,DK!E8,EE!E8,EL!E8,ES!E8,FI!E8,FR!E8,HR!E8,HU!E8,IE!E8,IT!E8,LT!E8,LU!E8,LV!E8,MT!E8,NL!E8,PL!E8,PT!E8,RO!E8,SE!E8,SI!E8,SK!E8) -> 116593.55 | F8: =SUM(AT!F8,BE!F8,BG!F8,CY!F8,CZ!F8,DE!F8,DK!F8,EE!F8,EL!F8,ES!F8,FI!F8,FR!F8,HR!F8,HU!F8,IE!F8,IT!F8,LT!F8,LU!F8,LV!F8,MT!F8,NL!F8,PL!F8,PT!F8,RO!F8,SE!F8,SI!F8,SK!F8) -> 121558.15 | G8: =SUM(AT!G8,BE!G8,BG!G8,CY!G8,CZ!G8,DE!G8,DK!G8,EE!G8,EL!G8,ES!G8,FI!G8,FR!G8,HR!G8,HU!G8,IE!G8,IT!G8,LT!G8,LU!G8,LV!G8,MT!G8,NL!G8,PL!G8,PT!G8,RO!G8,SE!G8,SI!G8,SK!G8) -> 123493.71 | H8: =SUM(AT!H8,BE!H8,BG!H8,CY!H8,CZ!H8,DE!H8,DK!H8,EE!H8,EL!H8,ES!H8,FI!H8,FR!H8,HR!H8,HU!H8,IE!H8,IT!H8,LT!H8,LU!H8,LV!H8,MT!H8,NL!H8,PL!H8,PT!H8,RO!H8,SE!H8,SI!H8,SK!H8) -> 123658.1 | I8: =SUM(AT!I8,BE!I8,BG!I8,CY!I8,CZ!I8,DE!I8,DK!I8,EE!I8,EL!I8,ES!I8,FI!I8,FR!I8,HR!I8,HU!I8,IE!I8,IT!I8,LT!I8,LU!I8,LV!I8,MT!I8,NL!I8,PL!I8,PT!I8,RO!I8,SE!I8,SI!I8,SK!I8) -> 125544.3 | ... W8: =SUM(AT!W8,BE!W8,BG!W8,CY!W8,CZ!W8,DE!W8,DK!W8,EE!W8,EL!W8,ES!W8,FI!W8,FR!W8,HR!W8,HU!W8,IE!W8,IT!W8,LT!W8,LU!W8,LV!W8,MT!W8,NL!W8,PL!W8,PT!W8,RO!W8,SE!W8,SI!W8,SK!W8) -> 92505.062
A9: 1.A.1.c - Manufacture of Solid Fuels and Other Energy Industries | B9: =SUM(AT!B9,BE!B9,BG!B9,CY!B9,CZ!B9,DE!B9,DK!B9,EE!B9,EL!B9,ES!B9,FI!B9,FR!B9,HR!B9,HU!B9,IE!B9,IT!B9,LT!B9,LU!B9,LV!B9,MT!B9,NL!B9,PL!B9,PT!B9,RO!B9,SE!B9,SI!B9,SK!B9) -> 61279.129 | C9: =SUM(AT!C9,BE!C9,BG!C9,CY!C9,CZ!C9,DE!C9,DK!C9,EE!C9,EL!C9,ES!C9,FI!C9,FR!C9,HR!C9,HU!C9,IE!C9,IT!C9,LT!C9,LU!C9,LV!C9,MT!C9,NL!C9,PL!C9,PT!C9,RO!C9,SE!C9,SI!C9,SK!C9) -> 58548.703 | D9: =SUM(AT!D9,BE!D9,BG!D9,CY!D9,CZ!D9,DE!D9,DK!D9,EE!D9,EL!D9,ES!D9,FI!D9,FR!D9,HR!D9,HU!D9,IE!D9,IT!D9,LT!D9,LU!D9,LV!D9,MT!D9,NL!D9,PL!D9,PT!D9,RO!D9,SE!D9,SI!D9,SK!D9) -> 58943.04 | E9: =SUM(AT!E9,BE!E9,BG!E9,CY!E9,CZ!E9,DE!E9,DK!E9,EE!E9,EL!E9,ES!E9,FI!E9,FR!E9,HR!E9,HU!E9,IE!E9,IT!E9,LT!E9,LU!E9,LV!E9,MT!E9,NL!E9,PL!E9,PT!E9,RO!E9,SE!E9,SI!E9,SK!E9) -> 59545.327 | F9: =SUM(AT!F9,BE!F9,BG!F9,CY!F9,CZ!F9,DE!F9,DK!F9,EE!F9,EL!F9,ES!F9,FI!F9,FR!F9,HR!F9,HU!F9,IE!F9,IT!F9,LT!F9,LU!F9,LV!F9,MT!F9,NL!F9,PL!F9,PT!F9,RO!F9,SE!F9,SI!F9,SK!F9) -> 60887.199 | G9: =SUM(AT!G9,BE!G9,BG!G9,CY!G9,CZ!G9,DE!G9,DK!G9,EE!G9,EL!G9,ES!G9,FI!G9,FR!G9,HR!G9,HU!G9,IE!G9,IT!G9,LT!G9,LU!G9,LV!G9,MT!G9,NL!G9,PL!G9,PT!G9,RO!G9,SE!G9,SI!G9,SK!G9) -> 62646.708 | H9: =SUM(AT!H9,BE!H9,BG!H9,CY!H9,CZ!H9,DE!H9,DK!H9,EE!H9,EL!H9,ES!H9,FI!H9,FR!H9,HR!H9,HU!H9,IE!H9,IT!H9,LT!H9,LU!H9,LV!H9,MT!H9,NL!H9,PL!H9,PT!H9,RO!H9,SE!H9,SI!H9,SK!H9) -> 64313.941 | I9: =SUM(AT!I9,BE!I9,BG!I9,CY!I9,CZ!I9,DE!I9,DK!I9,EE!I9,EL!I9,ES!I9,FI!I9,FR!I9,HR!I9,HU!I9,IE!I9,IT!I9,LT!I9,LU!I9,LV!I9,MT!I9,NL!I9,PL!I9,PT!I9,RO!I9,SE!I9,SI!I9,SK!I9) -> 61871.272 | ... W9: =SUM(AT!W9,BE!W9,BG!W9,CY!W9,CZ!W9,DE!W9,DK!W9,EE!W9,EL!W9,ES!W9,FI!W9,FR!W9,HR!W9,HU!W9,IE!W9,IT!W9,LT!W9,LU!W9,LV!W9,MT!W9,NL!W9,PL!W9,PT!W9,RO!W9,SE!W9,SI!W9,SK!W9) -> 30262.099
A10: 1.A.2 - Manufacturing Industries and Construction | B10: =SUM(B11:B17) -> 581139.27 | C10: =SUM(C11:C17) -> 569512.48 | D10: =SUM(D11:D17) -> 559883.6 | E10: =SUM(E11:E17) -> 565458.74 | F10: =SUM(F11:F17) -> 558342.64 | G10: =SUM(G11:G17) -> 550116.01 | H10: =SUM(H11:H17) -> 540008.08 | I10: =SUM(I11:I17) -> 552705.2 | ... W10: =SUM(W11:W17) -> 433739.78
A11: 1.A.2.a - Iron and Steel | B11: =SUM(AT!B11,BE!B11,BG!B11,CY!B11,CZ!B11,DE!B11,DK!B11,EE!B11,EL!B11,ES!B11,FI!B11,FR!B11,HR!B11,HU!B11,IE!B11,IT!B11,LT!B11,LU!B11,LV!B11,MT!B11,NL!B11,PL!B11,PT!B11,RO!B11,SE!B11,SI!B11,SK!B11) -> 116386.27 | C11: =SUM(AT!C11,BE!C11,BG!C11,CY!C11,CZ!C11,DE!C11,DK!C11,EE!C11,EL!C11,ES!C11,FI!C11,FR!C11,HR!C11,HU!C11,IE!C11,IT!C11,LT!C11,LU!C11,LV!C11,MT!C11,NL!C11,PL!C11,PT!C11,RO!C11,SE!C11,SI!C11,SK!C11) -> 108405.81 | D11: =SUM(AT!D11,BE!D11,BG!D11,CY!D11,CZ!D11,DE!D11,DK!D11,EE!D11,EL!D11,ES!D11,FI!D11,FR!D11,HR!D11,HU!D11,IE!D11,IT!D11,LT!D11,LU!D11,LV!D11,MT!D11,NL!D11,PL!D11,PT!D11,RO!D11,SE!D11,SI!D11,SK!D11) -> 104965.93 | E11: =SUM(AT!E11,BE!E11,BG!E11,CY!E11,CZ!E11,DE!E11,DK!E11,EE!E11,EL!E11,ES!E11,FI!E11,FR!E11,HR!E11,HU!E11,IE!E11,IT!E11,LT!E11,LU!E11,LV!E11,MT!E11,NL!E11,PL!E11,PT!E11,RO!E11,SE!E11,SI!E11,SK!E11) -> 103887.98 | F11: =SUM(AT!F11,BE!F11,BG!F11,CY!F11,CZ!F11,DE!F11,DK!F11,EE!F11,EL!F11,ES!F11,FI!F11,FR!F11,HR!F11,HU!F11,IE!F11,IT!F11,LT!F11,LU!F11,LV!F11,MT!F11,NL!F11,PL!F11,PT!F11,RO!F11,SE!F11,SI!F11,SK!F11) -> 105831.47 | G11: =SUM(AT!G11,BE!G11,BG!G11,CY!G11,CZ!G11,DE!G11,DK!G11,EE!G11,EL!G11,ES!G11,FI!G11,FR!G11,HR!G11,HU!G11,IE!G11,IT!G11,LT!G11,LU!G11,LV!G11,MT!G11,NL!G11,PL!G11,PT!G11,RO!G11,SE!G11,SI!G11,SK!G11) -> 104614.36 | H11: =SUM(AT!H11,BE!H11,BG!H11,CY!H11,CZ!H11,DE!H11,DK!H11,EE!H11,EL!H11,ES!H11,FI!H11,FR!H11,HR!H11,HU!H11,IE!H11,IT!H11,LT!H11,LU!H11,LV!H11,MT!H11,NL!H11,PL!H11,PT!H11,RO!H11,SE!H11,SI!H11,SK!H11) -> 105242.37 | I11: =SUM(AT!I11,BE!I11,BG!I11,CY!I11,CZ!I11,DE!I11,DK!I11,EE!I11,EL!I11,ES!I11,FI!I11,FR!I11,HR!I11,HU!I11,IE!I11,IT!I11,LT!I11,LU!I11,LV!I11,MT!I11,NL!I11,PL!I11,PT!I11,RO!I11,SE!I11,SI!I11,SK!I11) -> 112561.17 | ... W11: =SUM(AT!W11,BE!W11,BG!W11,CY!W11,CZ!W11,DE!W11,DK!W11,EE!W11,EL!W11,ES!W11,FI!W11,FR!W11,HR!W11,HU!W11,IE!W11,IT!W11,LT!W11,LU!W11,LV!W11,MT!W11,NL!W11,PL!W11,PT!W11,RO!W11,SE!W11,SI!W11,SK!W11) -> 79248.097
A12: 1.A.2.b - Non-Ferrous Metals | B12: =SUM(AT!B12,BE!B12,BG!B12,CY!B12,CZ!B12,DE!B12,DK!B12,EE!B12,EL!B12,ES!B12,FI!B12,FR!B12,HR!B12,HU!B12,IE!B12,IT!B12,LT!B12,LU!B12,LV!B12,MT!B12,NL!B12,PL!B12,PT!B12,RO!B12,SE!B12,SI!B12,SK!B12) -> 12830.711 | C12: =SUM(AT!C12,BE!C12,BG!C12,CY!C12,CZ!C12,DE!C12,DK!C12,EE!C12,EL!C12,ES!C12,FI!C12,FR!C12,HR!C12,HU!C12,IE!C12,IT!C12,LT!C12,LU!C12,LV!C12,MT!C12,NL!C12,PL!C12,PT!C12,RO!C12,SE!C12,SI!C12,SK!C12) -> 13376.353 | D12: =SUM(AT!D12,BE!D12,BG!D12,CY!D12,CZ!D12,DE!D12,DK!D12,EE!D12,EL!D12,ES!D12,FI!D12,FR!D12,HR!D12,HU!D12,IE!D12,IT!D12,LT!D12,LU!D12,LV!D12,MT!D12,NL!D12,PL!D12,PT!D12,RO!D12,SE!D12,SI!D12,SK!D12) -> 13036.4 | E12: =SUM(AT!E12,BE!E12,BG!E12,CY!E12,CZ!E12,DE!E12,DK!E12,EE!E12,EL!E12,ES!E12,FI!E12,FR!E12,HR!E12,HU!E12,IE!E12,IT!E12,LT!E12,LU!E12,LV!E12,MT!E12,NL!E12,PL!E12,PT!E12,RO!E12,SE!E12,SI!E12,SK!E12) -> 12672.084 | F12: =SUM(AT!F12,BE!F12,BG!F12,CY!F12,CZ!F12,DE!F12,DK!F12,EE!F12,EL!F12,ES!F12,FI!F12,FR!F12,HR!F12,HU!F12,IE!F12,IT!F12,LT!F12,LU!F12,LV!F12,MT!F12,NL!F12,PL!F12,PT!F12,RO!F12,SE!F12,SI!F12,SK!F12) -> 12516.94 | G12: =SUM(AT!G12,BE!G12,BG!G12,CY!G12,CZ!G12,DE!G12,DK!G12,EE!G12,EL!G12,ES!G12,FI!G12,FR!G12,HR!G12,HU!G12,IE!G12,IT!G12,LT!G12,LU!G12,LV!G12,MT!G12,NL!G12,PL!G12,PT!G12,RO!G12,SE!G12,SI!G12,SK!G12) -> 11435.789 | H12: =SUM(AT!H12,BE!H12,BG!H12,CY!H12,CZ!H12,DE!H12,DK!H12,EE!H12,EL!H12,ES!H12,FI!H12,FR!H12,HR!H12,HU!H12,IE!H12,IT!H12,LT!H12,LU!H12,LV!H12,MT!H12,NL!H12,PL!H12,PT!H12,RO!H12,SE!H12,SI!H12,SK!H12) -> 11465.068 | I12: =SUM(AT!I12,BE!I12,BG!I12,CY!I12,CZ!I12,DE!I12,DK!I12,EE!I12,EL!I12,ES!I12,FI!I12,FR!I12,HR!I12,HU!I12,IE!I12,IT!I12,LT!I12,LU!I12,LV!I12,MT!I12,NL!I12,PL!I12,PT!I12,RO!I12,SE!I12,SI!I12,SK!I12) -> 11548.033 | ... W12: =SUM(AT!W12,BE!W12,BG!W12,CY!W12,CZ!W12,DE!W12,DK!W12,EE!W12,EL!W12,ES!W12,FI!W12,FR!W12,HR!W12,HU!W12,IE!W12,IT!W12,LT!W12,LU!W12,LV!W12,MT!W12,NL!W12,PL!W12,PT!W12,RO!W12,SE!W12,SI!W12,SK!W12) -> 9430.6799
A13: 1.A.2.c - Chemicals | B13: =SUM(AT!B13,BE!B13,BG!B13,CY!B13,CZ!B13,DE!B13,DK!B13,EE!B13,EL!B13,ES!B13,FI!B13,FR!B13,HR!B13,HU!B13,IE!B13,IT!B13,LT!B13,LU!B13,LV!B13,MT!B13,NL!B13,PL!B13,PT!B13,RO!B13,SE!B13,SI!B13,SK!B13) -> 86687.901 | C13: =SUM(AT!C13,BE!C13,BG!C13,CY!C13,CZ!C13,DE!C13,DK!C13,EE!C13,EL!C13,ES!C13,FI!C13,FR!C13,HR!C13,HU!C13,IE!C13,IT!C13,LT!C13,LU!C13,LV!C13,MT!C13,NL!C13,PL!C13,PT!C13,RO!C13,SE!C13,SI!C13,SK!C13) -> 85124.619 | D13: =SUM(AT!D13,BE!D13,BG!D13,CY!D13,CZ!D13,DE!D13,DK!D13,EE!D13,EL!D13,ES!D13,FI!D13,FR!D13,HR!D13,HU!D13,IE!D13,IT!D13,LT!D13,LU!D13,LV!D13,MT!D13,NL!D13,PL!D13,PT!D13,RO!D13,SE!D13,SI!D13,SK!D13) -> 81493.9 | E13: =SUM(AT!E13,BE!E13,BG!E13,CY!E13,CZ!E13,DE!E13,DK!E13,EE!E13,EL!E13,ES!E13,FI!E13,FR!E13,HR!E13,HU!E13,IE!E13,IT!E13,LT!E13,LU!E13,LV!E13,MT!E13,NL!E13,PL!E13,PT!E13,RO!E13,SE!E13,SI!E13,SK!E13) -> 83488.909 | F13: =SUM(AT!F13,BE!F13,BG!F13,CY!F13,CZ!F13,DE!F13,DK!F13,EE!F13,EL!F13,ES!F13,FI!F13,FR!F13,HR!F13,HU!F13,IE!F13,IT!F13,LT!F13,LU!F13,LV!F13,MT!F13,NL!F13,PL!F13,PT!F13,RO!F13,SE!F13,SI!F13,SK!F13) -> 84428.329 | G13: =SUM(AT!G13,BE!G13,BG!G13,CY!G13,CZ!G13,DE!G13,DK!G13,EE!G13,EL!G13,ES!G13,FI!G13,FR!G13,HR!G13,HU!G13,IE!G13,IT!G13,LT!G13,LU!G13,LV!G13,MT!G13,NL!G13,PL!G13,PT!G13,RO!G13,SE!G13,SI!G13,SK!G13) -> 83964.828 | H13: =SUM(AT!H13,BE!H13,BG!H13,CY!H13,CZ!H13,DE!H13,DK!H13,EE!H13,EL!H13,ES!H13,FI!H13,FR!H13,HR!H13,HU!H13,IE!H13,IT!H13,LT!H13,LU!H13,LV!H13,MT!H13,NL!H13,PL!H13,PT!H13,RO!H13,SE!H13,SI!H13,SK!H13) -> 82632.253 | I13: =SUM(AT!I13,BE!I13,BG!I13,CY!I13,CZ!I13,DE!I13,DK!I13,EE!I13,EL!I13,ES!I13,FI!I13,FR!I13,HR!I13,HU!I13,IE!I13,IT!I13,LT!I13,LU!I13,LV!I13,MT!I13,NL!I13,PL!I13,PT!I13,RO!I13,SE!I13,SI!I13,SK!I13) -> 83320.484 | ... W13: =SUM(AT!W13,BE!W13,BG!W13,CY!W13,CZ!W13,DE!W13,DK!W13,EE!W13,EL!W13,ES!W13,FI!W13,FR!W13,HR!W13,HU!W13,IE!W13,IT!W13,LT!W13,LU!W13,LV!W13,MT!W13,NL!W13,PL!W13,PT!W13,RO!W13,SE!W13,SI!W13,SK!W13) -> 71147.489
A14: 1.A.2.d - Pulp, Paper and Print | B14: =SUM(AT!B14,BE!B14,BG!B14,CY!B14,CZ!B14,DE!B14,DK!B14,EE!B14,EL!B14,ES!B14,FI!B14,FR!B14,HR!B14,HU!B14,IE!B14,IT!B14,LT!B14,LU!B14,LV!B14,MT!B14,NL!B14,PL!B14,PT!B14,RO!B14,SE!B14,SI!B14,SK!B14) -> 31780.77 | C14: =SUM(AT!C14,BE!C14,BG!C14,CY!C14,CZ!C14,DE!C14,DK!C14,EE!C14,EL!C14,ES!C14,FI!C14,FR!C14,HR!C14,HU!C14,IE!C14,IT!C14,LT!C14,LU!C14,LV!C14,MT!C14,NL!C14,PL!C14,PT!C14,RO!C14,SE!C14,SI!C14,SK!C14) -> 30538.414 | D14: =SUM(AT!D14,BE!D14,BG!D14,CY!D14,CZ!D14,DE!D14,DK!D14,EE!D14,EL!D14,ES!D14,FI!D14,FR!D14,HR!D14,HU!D14,IE!D14,IT!D14,LT!D14,LU!D14,LV!D14,MT!D14,NL!D14,PL!D14,PT!D14,RO!D14,SE!D14,SI!D14,SK!D14) -> 30844.345 | E14: =SUM(AT!E14,BE!E14,BG!E14,CY!E14,CZ!E14,DE!E14,DK!E14,EE!E14,EL!E14,ES!E14,FI!E14,FR!E14,HR!E14,HU!E14,IE!E14,IT!E14,LT!E14,LU!E14,LV!E14,MT!E14,NL!E14,PL!E14,PT!E14,RO!E14,SE!E14,SI!E14,SK!E14) -> 31052.622 | F14: =SUM(AT!F14,BE!F14,BG!F14,CY!F14,CZ!F14,DE!F14,DK!F14,EE!F14,EL!F14,ES!F14,FI!F14,FR!F14,HR!F14,HU!F14,IE!F14,IT!F14,LT!F14,LU!F14,LV!F14,MT!F14,NL!F14,PL!F14,PT!F14,RO!F14,SE!F14,SI!F14,SK!F14) -> 30126.769 | G14: =SUM(AT!G14,BE!G14,BG!G14,CY!G14,CZ!G14,DE!G14,DK!G14,EE!G14,EL!G14,ES!G14,FI!G14,FR!G14,HR!G14,HU!G14,IE!G14,IT!G14,LT!G14,LU!G14,LV!G14,MT!G14,NL!G14,PL!G14,PT!G14,RO!G14,SE!G14,SI!G14,SK!G14) -> 30217.191 | H14: =SUM(AT!H14,BE!H14,BG!H14,CY!H14,CZ!H14,DE!H14,DK!H14,EE!H14,EL!H14,ES!H14,FI!H14,FR!H14,HR!H14,HU!H14,IE!H14,IT!H14,LT!H14,LU!H14,LV!H14,MT!H14,NL!H14,PL!H14,PT!H14,RO!H14,SE!H14,SI!H14,SK!H14) -> 29802.082 | I14: =SUM(AT!I14,BE!I14,BG!I14,CY!I14,CZ!I14,DE!I14,DK!I14,EE!I14,EL!I14,ES!I14,FI!I14,FR!I14,HR!I14,HU!I14,IE!I14,IT!I14,LT!I14,LU!I14,LV!I14,MT!I14,NL!I14,PL!I14,PT!I14,RO!I14,SE!I14,SI!I14,SK!I14) -> 28918.085 | ... W14: =SUM(AT!W14,BE!W14,BG!W14,CY!W14,CZ!W14,DE!W14,DK!W14,EE!W14,EL!W14,ES!W14,FI!W14,FR!W14,HR!W14,HU!W14,IE!W14,IT!W14,LT!W14,LU!W14,LV!W14,MT!W14,NL!W14,PL!W14,PT!W14,RO!W14,SE!W14,SI!W14,SK!W14) -> 23096.235
A15: 1.A.2.e - Food Processing, Beverages and Tobacco | B15: =SUM(AT!B15,BE!B15,BG!B15,CY!B15,CZ!B15,DE!B15,DK!B15,EE!B15,EL!B15,ES!B15,FI!B15,FR!B15,HR!B15,HU!B15,IE!B15,IT!B15,LT!B15,LU!B15,LV!B15,MT!B15,NL!B15,PL!B15,PT!B15,RO!B15,SE!B15,SI!B15,SK!B15) -> 48556.125 | C15: =SUM(AT!C15,BE!C15,BG!C15,CY!C15,CZ!C15,DE!C15,DK!C15,EE!C15,EL!C15,ES!C15,FI!C15,FR!C15,HR!C15,HU!C15,IE!C15,IT!C15,LT!C15,LU!C15,LV!C15,MT!C15,NL!C15,PL!C15,PT!C15,RO!C15,SE!C15,SI!C15,SK!C15) -> 49224.728 | D15: =SUM(AT!D15,BE!D15,BG!D15,CY!D15,CZ!D15,DE!D15,DK!D15,EE!D15,EL!D15,ES!D15,FI!D15,FR!D15,HR!D15,HU!D15,IE!D15,IT!D15,LT!D15,LU!D15,LV!D15,MT!D15,NL!D15,PL!D15,PT!D15,RO!D15,SE!D15,SI!D15,SK!D15) -> 49640.805 | E15: =SUM(AT!E15,BE!E15,BG!E15,CY!E15,CZ!E15,DE!E15,DK!E15,EE!E15,EL!E15,ES!E15,FI!E15,FR!E15,HR!E15,HU!E15,IE!E15,IT!E15,LT!E15,LU!E15,LV!E15,MT!E15,NL!E15,PL!E15,PT!E15,RO!E15,SE!E15,SI!E15,SK!E15) -> 48724.218 | F15: =SUM(AT!F15,BE!F15,BG!F15,CY!F15,CZ!F15,DE!F15,DK!F15,EE!F15,EL!F15,ES!F15,FI!F15,FR!F15,HR!F15,HU!F15,IE!F15,IT!F15,LT!F15,LU!F15,LV!F15,MT!F15,NL!F15,PL!F15,PT!F15,RO!F15,SE!F15,SI!F15,SK!F15) -> 45934.37 | G15: =SUM(AT!G15,BE!G15,BG!G15,CY!G15,CZ!G15,DE!G15,DK!G15,EE!G15,EL!G15,ES!G15,FI!G15,FR!G15,HR!G15,HU!G15,IE!G15,IT!G15,LT!G15,LU!G15,LV!G15,MT!G15,NL!G15,PL!G15,PT!G15,RO!G15,SE!G15,SI!G15,SK!G15) -> 44988.368 | H15: =SUM(AT!H15,BE!H15,BG!H15,CY!H15,CZ!H15,DE!H15,DK!H15,EE!H15,EL!H15,ES!H15,FI!H15,FR!H15,HR!H15,HU!H15,IE!H15,IT!H15,LT!H15,LU!H15,LV!H15,MT!H15,NL!H15,PL!H15,PT!H15,RO!H15,SE!H15,SI!H15,SK!H15) -> 40850.271 | I15: =SUM(AT!I15,BE!I15,BG!I15,CY!I15,CZ!I15,DE!I15,DK!I15,EE!I15,EL!I15,ES!I15,FI!I15,FR!I15,HR!I15,HU!I15,IE!I15,IT!I15,LT!I15,LU!I15,LV!I15,MT!I15,NL!I15,PL!I15,PT!I15,RO!I15,SE!I15,SI!I15,SK!I15) -> 40153.126 | ... W15: =SUM(AT!W15,BE!W15,BG!W15,CY!W15,CZ!W15,DE!W15,DK!W15,EE!W15,EL!W15,ES!W15,FI!W15,FR!W15,HR!W15,HU!W15,IE!W15,IT!W15,LT!W15,LU!W15,LV!W15,MT!W15,NL!W15,PL!W15,PT!W15,RO!W15,SE!W15,SI!W15,SK!W15) -> 36143.19
A16: 1.A.2.f - Non-metallic minerals | B16: =SUM(AT!B16,BE!B16,BG!B16,CY!B16,CZ!B16,DE!B16,DK!B16,EE!B16,EL!B16,ES!B16,FI!B16,FR!B16,HR!B16,HU!B16,IE!B16,IT!B16,LT!B16,LU!B16,LV!B16,MT!B16,NL!B16,PL!B16,PT!B16,RO!B16,SE!B16,SI!B16,SK!B16) -> 119281.72 | C16: =SUM(AT!C16,BE!C16,BG!C16,CY!C16,CZ!C16,DE!C16,DK!C16,EE!C16,EL!C16,ES!C16,FI!C16,FR!C16,HR!C16,HU!C16,IE!C16,IT!C16,LT!C16,LU!C16,LV!C16,MT!C16,NL!C16,PL!C16,PT!C16,RO!C16,SE!C16,SI!C16,SK!C16) -> 118733.57 | D16: =SUM(AT!D16,BE!D16,BG!D16,CY!D16,CZ!D16,DE!D16,DK!D16,EE!D16,EL!D16,ES!D16,FI!D16,FR!D16,HR!D16,HU!D16,IE!D16,IT!D16,LT!D16,LU!D16,LV!D16,MT!D16,NL!D16,PL!D16,PT!D16,RO!D16,SE!D16,SI!D16,SK!D16) -> 116479.1 | E16: =SUM(AT!E16,BE!E16,BG!E16,CY!E16,CZ!E16,DE!E16,DK!E16,EE!E16,EL!E16,ES!E16,FI!E16,FR!E16,HR!E16,HU!E16,IE!E16,IT!E16,LT!E16,LU!E16,LV!E16,MT!E16,NL!E16,PL!E16,PT!E16,RO!E16,SE!E16,SI!E16,SK!E16) -> 120573.14 | F16: =SUM(AT!F16,BE!F16,BG!F16,CY!F16,CZ!F16,DE!F16,DK!F16,EE!F16,EL!F16,ES!F16,FI!F16,FR!F16,HR!F16,HU!F16,IE!F16,IT!F16,LT!F16,LU!F16,LV!F16,MT!F16,NL!F16,PL!F16,PT!F16,RO!F16,SE!F16,SI!F16,SK!F16) -> 119954.04 | G16: =SUM(AT!G16,BE!G16,BG!G16,CY!G16,CZ!G16,DE!G16,DK!G16,EE!G16,EL!G16,ES!G16,FI!G16,FR!G16,HR!G16,HU!G16,IE!G16,IT!G16,LT!G16,LU!G16,LV!G16,MT!G16,NL!G16,PL!G16,PT!G16,RO!G16,SE!G16,SI!G16,SK!G16) -> 123451.58 | H16: =SUM(AT!H16,BE!H16,BG!H16,CY!H16,CZ!H16,DE!H16,DK!H16,EE!H16,EL!H16,ES!H16,FI!H16,FR!H16,HR!H16,HU!H16,IE!H16,IT!H16,LT!H16,LU!H16,LV!H16,MT!H16,NL!H16,PL!H16,PT!H16,RO!H16,SE!H16,SI!H16,SK!H16) -> 121819.31 | I16: =SUM(AT!I16,BE!I16,BG!I16,CY!I16,CZ!I16,DE!I16,DK!I16,EE!I16,EL!I16,ES!I16,FI!I16,FR!I16,HR!I16,HU!I16,IE!I16,IT!I16,LT!I16,LU!I16,LV!I16,MT!I16,NL!I16,PL!I16,PT!I16,RO!I16,SE!I16,SI!I16,SK!I16) -> 124427.12 | ... W16: =SUM(AT!W16,BE!W16,BG!W16,CY!W16,CZ!W16,DE!W16,DK!W16,EE!W16,EL!W16,ES!W16,FI!W16,FR!W16,HR!W16,HU!W16,IE!W16,IT!W16,LT!W16,LU!W16,LV!W16,MT!W16,NL!W16,PL!W16,PT!W16,RO!W16,SE!W16,SI!W16,SK!W16) -> 83196.02
A17: 1.A.2.g - Other Manufacturing Industries and Constructions | B17: =SUM(AT!B17,BE!B17,BG!B17,CY!B17,CZ!B17,DE!B17,DK!B17,EE!B17,EL!B17,ES!B17,FI!B17,FR!B17,HR!B17,HU!B17,IE!B17,IT!B17,LT!B17,LU!B17,LV!B17,MT!B17,NL!B17,PL!B17,PT!B17,RO!B17,SE!B17,SI!B17,SK!B17) -> 165615.77 | C17: =SUM(AT!C17,BE!C17,BG!C17,CY!C17,CZ!C17,DE!C17,DK!C17,EE!C17,EL!C17,ES!C17,FI!C17,FR!C17,HR!C17,HU!C17,IE!C17,IT!C17,LT!C17,LU!C17,LV!C17,MT!C17,NL!C17,PL!C17,PT!C17,RO!C17,SE!C17,SI!C17,SK!C17) -> 164108.98 | D17: =SUM(AT!D17,BE!D17,BG!D17,CY!D17,CZ!D17,DE!D17,DK!D17,EE!D17,EL!D17,ES!D17,FI!D17,FR!D17,HR!D17,HU!D17,IE!D17,IT!D17,LT!D17,LU!D17,LV!D17,MT!D17,NL!D17,PL!D17,PT!D17,RO!D17,SE!D17,SI!D17,SK!D17) -> 163423.11 | E17: =SUM(AT!E17,BE!E17,BG!E17,CY!E17,CZ!E17,DE!E17,DK!E17,EE!E17,EL!E17,ES!E17,FI!E17,FR!E17,HR!E17,HU!E17,IE!E17,IT!E17,LT!E17,LU!E17,LV!E17,MT!E17,NL!E17,PL!E17,PT!E17,RO!E17,SE!E17,SI!E17,SK!E17) -> 165059.8 | F17: =SUM(AT!F17,BE!F17,BG!F17,CY!F17,CZ!F17,DE!F17,DK!F17,EE!F17,EL!F17,ES!F17,FI!F17,FR!F17,HR!F17,HU!F17,IE!F17,IT!F17,LT!F17,LU!F17,LV!F17,MT!F17,NL!F17,PL!F17,PT!F17,RO!F17,SE!F17,SI!F17,SK!F17) -> 159550.72 | G17: =SUM(AT!G17,BE!G17,BG!G17,CY!G17,CZ!G17,DE!G17,DK!G17,EE!G17,EL!G17,ES!G17,FI!G17,FR!G17,HR!G17,HU!G17,IE!G17,IT!G17,LT!G17,LU!G17,LV!G17,MT!G17,NL!G17,PL!G17,PT!G17,RO!G17,SE!G17,SI!G17,SK!G17) -> 151443.91 | H17: =SUM(AT!H17,BE!H17,BG!H17,CY!H17,CZ!H17,DE!H17,DK!H17,EE!H17,EL!H17,ES!H17,FI!H17,FR!H17,HR!H17,HU!H17,IE!H17,IT!H17,LT!H17,LU!H17,LV!H17,MT!H17,NL!H17,PL!H17,PT!H17,RO!H17,SE!H17,SI!H17,SK!H17) -> 148196.73 | I17: =SUM(AT!I17,BE!I17,BG!I17,CY!I17,CZ!I17,DE!I17,DK!I17,EE!I17,EL!I17,ES!I17,FI!I17,FR!I17,HR!I17,HU!I17,IE!I17,IT!I17,LT!I17,LU!I17,LV!I17,MT!I17,NL!I17,PL!I17,PT!I17,RO!I17,SE!I17,SI!I17,SK!I17) -> 151777.18 | ... W17: =SUM(AT!W17,BE!W17,BG!W17,CY!W17,CZ!W17,DE!W17,DK!W17,EE!W17,EL!W17,ES!W17,FI!W17,FR!W17,HR!W17,HU!W17,IE!W17,IT!W17,LT!W17,LU!W17,LV!W17,MT!W17,NL!W17,PL!W17,PT!W17,RO!W17,SE!W17,SI!W17,SK!W17) -> 131478.07
A18: 1.A.3 - Transport | B18: =SUM(B19:B23) -> 785734.53 | C18: =SUM(C19:C23) -> 800237.54 | D18: =SUM(D19:D23) -> 809962.47 | E18: =SUM(E19:E23) -> 820094.56 | F18: =SUM(F19:F23) -> 838685.12 | G18: =SUM(G19:G23) -> 837867.27 | H18: =SUM(H19:H23) -> 846150.28 | I18: =SUM(I19:I23) -> 854708.88 | ... W18: =SUM(W19:W23) -> 773397.18
A19: 1.A.3.a - Domestic Aviation | B19: =SUM(AT!B19,BE!B19,BG!B19,CY!B19,CZ!B19,DE!B19,DK!B19,EE!B19,EL!B19,ES!B19,FI!B19,FR!B19,HR!B19,HU!B19,IE!B19,IT!B19,LT!B19,LU!B19,LV!B19,MT!B19,NL!B19,PL!B19,PT!B19,RO!B19,SE!B19,SI!B19,SK!B19) -> 17159.54 | C19: =SUM(AT!C19,BE!C19,BG!C19,CY!C19,CZ!C19,DE!C19,DK!C19,EE!C19,EL!C19,ES!C19,FI!C19,FR!C19,HR!C19,HU!C19,IE!C19,IT!C19,LT!C19,LU!C19,LV!C19,MT!C19,NL!C19,PL!C19,PT!C19,RO!C19,SE!C19,SI!C19,SK!C19) -> 16641.531 | D19: =SUM(AT!D19,BE!D19,BG!D19,CY!D19,CZ!D19,DE!D19,DK!D19,EE!D19,EL!D19,ES!D19,FI!D19,FR!D19,HR!D19,HU!D19,IE!D19,IT!D19,LT!D19,LU!D19,LV!D19,MT!D19,NL!D19,PL!D19,PT!D19,RO!D19,SE!D19,SI!D19,SK!D19) -> 16290.512 | E19: =SUM(AT!E19,BE!E19,BG!E19,CY!E19,CZ!E19,DE!E19,DK!E19,EE!E19,EL!E19,ES!E19,FI!E19,FR!E19,HR!E19,HU!E19,IE!E19,IT!E19,LT!E19,LU!E19,LV!E19,MT!E19,NL!E19,PL!E19,PT!E19,RO!E19,SE!E19,SI!E19,SK!E19) -> 16159.697 | F19: =SUM(AT!F19,BE!F19,BG!F19,CY!F19,CZ!F19,DE!F19,DK!F19,EE!F19,EL!F19,ES!F19,FI!F19,FR!F19,HR!F19,HU!F19,IE!F19,IT!F19,LT!F19,LU!F19,LV!F19,MT!F19,NL!F19,PL!F19,PT!F19,RO!F19,SE!F19,SI!F19,SK!F19) -> 16515.187 | G19: =SUM(AT!G19,BE!G19,BG!G19,CY!G19,CZ!G19,DE!G19,DK!G19,EE!G19,EL!G19,ES!G19,FI!G19,FR!G19,HR!G19,HU!G19,IE!G19,IT!G19,LT!G19,LU!G19,LV!G19,MT!G19,NL!G19,PL!G19,PT!G19,RO!G19,SE!G19,SI!G19,SK!G19) -> 16592.126 | H19: =SUM(AT!H19,BE!H19,BG!H19,CY!H19,CZ!H19,DE!H19,DK!H19,EE!H19,EL!H19,ES!H19,FI!H19,FR!H19,HR!H19,HU!H19,IE!H19,IT!H19,LT!H19,LU!H19,LV!H19,MT!H19,NL!H19,PL!H19,PT!H19,RO!H19,SE!H19,SI!H19,SK!H19) -> 16548.83 | I19: =SUM(AT!I19,BE!I19,BG!I19,CY!I19,CZ!I19,DE!I19,DK!I19,EE!I19,EL!I19,ES!I19,FI!I19,FR!I19,HR!I19,HU!I19,IE!I19,IT!I19,LT!I19,LU!I19,LV!I19,MT!I19,NL!I19,PL!I19,PT!I19,RO!I19,SE!I19,SI!I19,SK!I19) -> 16960.226 | ... W19: =SUM(AT!W19,BE!W19,BG!W19,CY!W19,CZ!W19,DE!W19,DK!W19,EE!W19,EL!W19,ES!W19,FI!W19,FR!W19,HR!W19,HU!W19,IE!W19,IT!W19,LT!W19,LU!W19,LV!W19,MT!W19,NL!W19,PL!W19,PT!W19,RO!W19,SE!W19,SI!W19,SK!W19) -> 9735.4578
A20: 1.A.3.b - Road Transportation | B20: =SUM(AT!B20,BE!B20,BG!B20,CY!B20,CZ!B20,DE!B20,DK!B20,EE!B20,EL!B20,ES!B20,FI!B20,FR!B20,HR!B20,HU!B20,IE!B20,IT!B20,LT!B20,LU!B20,LV!B20,MT!B20,NL!B20,PL!B20,PT!B20,RO!B20,SE!B20,SI!B20,SK!B20) -> 735382.2 | C20: =SUM(AT!C20,BE!C20,BG!C20,CY!C20,CZ!C20,DE!C20,DK!C20,EE!C20,EL!C20,ES!C20,FI!C20,FR!C20,HR!C20,HU!C20,IE!C20,IT!C20,LT!C20,LU!C20,LV!C20,MT!C20,NL!C20,PL!C20,PT!C20,RO!C20,SE!C20,SI!C20,SK!C20) -> 750997 | D20: =SUM(AT!D20,BE!D20,BG!D20,CY!D20,CZ!D20,DE!D20,DK!D20,EE!D20,EL!D20,ES!D20,FI!D20,FR!D20,HR!D20,HU!D20,IE!D20,IT!D20,LT!D20,LU!D20,LV!D20,MT!D20,NL!D20,PL!D20,PT!D20,RO!D20,SE!D20,SI!D20,SK!D20) -> 761348.81 | E20: =SUM(AT!E20,BE!E20,BG!E20,CY!E20,CZ!E20,DE!E20,DK!E20,EE!E20,EL!E20,ES!E20,FI!E20,FR!E20,HR!E20,HU!E20,IE!E20,IT!E20,LT!E20,LU!E20,LV!E20,MT!E20,NL!E20,PL!E20,PT!E20,RO!E20,SE!E20,SI!E20,SK!E20) -> 771311.65 | F20: =SUM(AT!F20,BE!F20,BG!F20,CY!F20,CZ!F20,DE!F20,DK!F20,EE!F20,EL!F20,ES!F20,FI!F20,FR!F20,HR!F20,HU!F20,IE!F20,IT!F20,LT!F20,LU!F20,LV!F20,MT!F20,NL!F20,PL!F20,PT!F20,RO!F20,SE!F20,SI!F20,SK!F20) -> 788403.59 | G20: =SUM(AT!G20,BE!G20,BG!G20,CY!G20,CZ!G20,DE!G20,DK!G20,EE!G20,EL!G20,ES!G20,FI!G20,FR!G20,HR!G20,HU!G20,IE!G20,IT!G20,LT!G20,LU!G20,LV!G20,MT!G20,NL!G20,PL!G20,PT!G20,RO!G20,SE!G20,SI!G20,SK!G20) -> 787866.59 | H20: =SUM(AT!H20,BE!H20,BG!H20,CY!H20,CZ!H20,DE!H20,DK!H20,EE!H20,EL!H20,ES!H20,FI!H20,FR!H20,HR!H20,HU!H20,IE!H20,IT!H20,LT!H20,LU!H20,LV!H20,MT!H20,NL!H20,PL!H20,PT!H20,RO!H20,SE!H20,SI!H20,SK!H20) -> 796019.95 | I20: =SUM(AT!I20,BE!I20,BG!I20,CY!I20,CZ!I20,DE!I20,DK!I20,EE!I20,EL!I20,ES!I20,FI!I20,FR!I20,HR!I20,HU!I20,IE!I20,IT!I20,LT!I20,LU!I20,LV!I20,MT!I20,NL!I20,PL!I20,PT!I20,RO!I20,SE!I20,SI!I20,SK!I20) -> 805520.7 | ... W20: =SUM(AT!W20,BE!W20,BG!W20,CY!W20,CZ!W20,DE!W20,DK!W20,EE!W20,EL!W20,ES!W20,FI!W20,FR!W20,HR!W20,HU!W20,IE!W20,IT!W20,LT!W20,LU!W20,LV!W20,MT!W20,NL!W20,PL!W20,PT!W20,RO!W20,SE!W20,SI!W20,SK!W20) -> 739758.42
A21: 1.A.3.c - Railways | B21: =SUM(AT!B21,BE!B21,BG!B21,CY!B21,CZ!B21,DE!B21,DK!B21,EE!B21,EL!B21,ES!B21,FI!B21,FR!B21,HR!B21,HU!B21,IE!B21,IT!B21,LT!B21,LU!B21,LV!B21,MT!B21,NL!B21,PL!B21,PT!B21,RO!B21,SE!B21,SI!B21,SK!B21) -> 7732.509 | C21: =SUM(AT!C21,BE!C21,BG!C21,CY!C21,CZ!C21,DE!C21,DK!C21,EE!C21,EL!C21,ES!C21,FI!C21,FR!C21,HR!C21,HU!C21,IE!C21,IT!C21,LT!C21,LU!C21,LV!C21,MT!C21,NL!C21,PL!C21,PT!C21,RO!C21,SE!C21,SI!C21,SK!C21) -> 6858.586 | D21: =SUM(AT!D21,BE!D21,BG!D21,CY!D21,CZ!D21,DE!D21,DK!D21,EE!D21,EL!D21,ES!D21,FI!D21,FR!D21,HR!D21,HU!D21,IE!D21,IT!D21,LT!D21,LU!D21,LV!D21,MT!D21,NL!D21,PL!D21,PT!D21,RO!D21,SE!D21,SI!D21,SK!D21) -> 6850.9212 | E21: =SUM(AT!E21,BE!E21,BG!E21,CY!E21,CZ!E21,DE!E21,DK!E21,EE!E21,EL!E21,ES!E21,FI!E21,FR!E21,HR!E21,HU!E21,IE!E21,IT!E21,LT!E21,LU!E21,LV!E21,MT!E21,NL!E21,PL!E21,PT!E21,RO!E21,SE!E21,SI!E21,SK!E21) -> 6754.7167 | F21: =SUM(AT!F21,BE!F21,BG!F21,CY!F21,CZ!F21,DE!F21,DK!F21,EE!F21,EL!F21,ES!F21,FI!F21,FR!F21,HR!F21,HU!F21,IE!F21,IT!F21,LT!F21,LU!F21,LV!F21,MT!F21,NL!F21,PL!F21,PT!F21,RO!F21,SE!F21,SI!F21,SK!F21) -> 6645.0577 | G21: =SUM(AT!G21,BE!G21,BG!G21,CY!G21,CZ!G21,DE!G21,DK!G21,EE!G21,EL!G21,ES!G21,FI!G21,FR!G21,HR!G21,HU!G21,IE!G21,IT!G21,LT!G21,LU!G21,LV!G21,MT!G21,NL!G21,PL!G21,PT!G21,RO!G21,SE!G21,SI!G21,SK!G21) -> 5979.4481 | H21: =SUM(AT!H21,BE!H21,BG!H21,CY!H21,CZ!H21,DE!H21,DK!H21,EE!H21,EL!H21,ES!H21,FI!H21,FR!H21,HR!H21,HU!H21,IE!H21,IT!H21,LT!H21,LU!H21,LV!H21,MT!H21,NL!H21,PL!H21,PT!H21,RO!H21,SE!H21,SI!H21,SK!H21) -> 5854.6016 | I21: =SUM(AT!I21,BE!I21,BG!I21,CY!I21,CZ!I21,DE!I21,DK!I21,EE!I21,EL!I21,ES!I21,FI!I21,FR!I21,HR!I21,HU!I21,IE!I21,IT!I21,LT!I21,LU!I21,LV!I21,MT!I21,NL!I21,PL!I21,PT!I21,RO!I21,SE!I21,SI!I21,SK!I21) -> 6069.2965 | ... W21: =SUM(AT!W21,BE!W21,BG!W21,CY!W21,CZ!W21,DE!W21,DK!W21,EE!W21,EL!W21,ES!W21,FI!W21,FR!W21,HR!W21,HU!W21,IE!W21,IT!W21,LT!W21,LU!W21,LV!W21,MT!W21,NL!W21,PL!W21,PT!W21,RO!W21,SE!W21,SI!W21,SK!W21) -> 3576.4539
A22: 1.A.3.d - Domestic Navigation | B22: =SUM(AT!B22,BE!B22,BG!B22,CY!B22,CZ!B22,DE!B22,DK!B22,EE!B22,EL!B22,ES!B22,FI!B22,FR!B22,HR!B22,HU!B22,IE!B22,IT!B22,LT!B22,LU!B22,LV!B22,MT!B22,NL!B22,PL!B22,PT!B22,RO!B22,SE!B22,SI!B22,SK!B22) -> 18705.076 | C22: =SUM(AT!C22,BE!C22,BG!C22,CY!C22,CZ!C22,DE!C22,DK!C22,EE!C22,EL!C22,ES!C22,FI!C22,FR!C22,HR!C22,HU!C22,IE!C22,IT!C22,LT!C22,LU!C22,LV!C22,MT!C22,NL!C22,PL!C22,PT!C22,RO!C22,SE!C22,SI!C22,SK!C22) -> 19150.557 | D22: =SUM(AT!D22,BE!D22,BG!D22,CY!D22,CZ!D22,DE!D22,DK!D22,EE!D22,EL!D22,ES!D22,FI!D22,FR!D22,HR!D22,HU!D22,IE!D22,IT!D22,LT!D22,LU!D22,LV!D22,MT!D22,NL!D22,PL!D22,PT!D22,RO!D22,SE!D22,SI!D22,SK!D22) -> 18863.106 | E22: =SUM(AT!E22,BE!E22,BG!E22,CY!E22,CZ!E22,DE!E22,DK!E22,EE!E22,EL!E22,ES!E22,FI!E22,FR!E22,HR!E22,HU!E22,IE!E22,IT!E22,LT!E22,LU!E22,LV!E22,MT!E22,NL!E22,PL!E22,PT!E22,RO!E22,SE!E22,SI!E22,SK!E22) -> 19355.381 | F22: =SUM(AT!F22,BE!F22,BG!F22,CY!F22,CZ!F22,DE!F22,DK!F22,EE!F22,EL!F22,ES!F22,FI!F22,FR!F22,HR!F22,HU!F22,IE!F22,IT!F22,LT!F22,LU!F22,LV!F22,MT!F22,NL!F22,PL!F22,PT!F22,RO!F22,SE!F22,SI!F22,SK!F22) -> 19528.365 | G22: =SUM(AT!G22,BE!G22,BG!G22,CY!G22,CZ!G22,DE!G22,DK!G22,EE!G22,EL!G22,ES!G22,FI!G22,FR!G22,HR!G22,HU!G22,IE!G22,IT!G22,LT!G22,LU!G22,LV!G22,MT!G22,NL!G22,PL!G22,PT!G22,RO!G22,SE!G22,SI!G22,SK!G22) -> 19339.159 | H22: =SUM(AT!H22,BE!H22,BG!H22,CY!H22,CZ!H22,DE!H22,DK!H22,EE!H22,EL!H22,ES!H22,FI!H22,FR!H22,HR!H22,HU!H22,IE!H22,IT!H22,LT!H22,LU!H22,LV!H22,MT!H22,NL!H22,PL!H22,PT!H22,RO!H22,SE!H22,SI!H22,SK!H22) -> 19659.047 | I22: =SUM(AT!I22,BE!I22,BG!I22,CY!I22,CZ!I22,DE!I22,DK!I22,EE!I22,EL!I22,ES!I22,FI!I22,FR!I22,HR!I22,HU!I22,IE!I22,IT!I22,LT!I22,LU!I22,LV!I22,MT!I22,NL!I22,PL!I22,PT!I22,RO!I22,SE!I22,SI!I22,SK!I22) -> 18718.898 | ... W22: =SUM(AT!W22,BE!W22,BG!W22,CY!W22,CZ!W22,DE!W22,DK!W22,EE!W22,EL!W22,ES!W22,FI!W22,FR!W22,HR!W22,HU!W22,IE!W22,IT!W22,LT!W22,LU!W22,LV!W22,MT!W22,NL!W22,PL!W22,PT!W22,RO!W22,SE!W22,SI!W22,SK!W22) -> 15674.707
A23: 1.A.3.e - Other Transportation | B23: =SUM(AT!B23,BE!B23,BG!B23,CY!B23,CZ!B23,DE!B23,DK!B23,EE!B23,EL!B23,ES!B23,FI!B23,FR!B23,HR!B23,HU!B23,IE!B23,IT!B23,LT!B23,LU!B23,LV!B23,MT!B23,NL!B23,PL!B23,PT!B23,RO!B23,SE!B23,SI!B23,SK!B23) -> 6755.2009 | C23: =SUM(AT!C23,BE!C23,BG!C23,CY!C23,CZ!C23,DE!C23,DK!C23,EE!C23,EL!C23,ES!C23,FI!C23,FR!C23,HR!C23,HU!C23,IE!C23,IT!C23,LT!C23,LU!C23,LV!C23,MT!C23,NL!C23,PL!C23,PT!C23,RO!C23,SE!C23,SI!C23,SK!C23) -> 6589.8673 | D23: =SUM(AT!D23,BE!D23,BG!D23,CY!D23,CZ!D23,DE!D23,DK!D23,EE!D23,EL!D23,ES!D23,FI!D23,FR!D23,HR!D23,HU!D23,IE!D23,IT!D23,LT!D23,LU!D23,LV!D23,MT!D23,NL!D23,PL!D23,PT!D23,RO!D23,SE!D23,SI!D23,SK!D23) -> 6609.1265 | E23: =SUM(AT!E23,BE!E23,BG!E23,CY!E23,CZ!E23,DE!E23,DK!E23,EE!E23,EL!E23,ES!E23,FI!E23,FR!E23,HR!E23,HU!E23,IE!E23,IT!E23,LT!E23,LU!E23,LV!E23,MT!E23,NL!E23,PL!E23,PT!E23,RO!E23,SE!E23,SI!E23,SK!E23) -> 6513.1101 | F23: =SUM(AT!F23,BE!F23,BG!F23,CY!F23,CZ!F23,DE!F23,DK!F23,EE!F23,EL!F23,ES!F23,FI!F23,FR!F23,HR!F23,HU!F23,IE!F23,IT!F23,LT!F23,LU!F23,LV!F23,MT!F23,NL!F23,PL!F23,PT!F23,RO!F23,SE!F23,SI!F23,SK!F23) -> 7592.9145 | G23: =SUM(AT!G23,BE!G23,BG!G23,CY!G23,CZ!G23,DE!G23,DK!G23,EE!G23,EL!G23,ES!G23,FI!G23,FR!G23,HR!G23,HU!G23,IE!G23,IT!G23,LT!G23,LU!G23,LV!G23,MT!G23,NL!G23,PL!G23,PT!G23,RO!G23,SE!G23,SI!G23,SK!G23) -> 8089.9406 | H23: =SUM(AT!H23,BE!H23,BG!H23,CY!H23,CZ!H23,DE!H23,DK!H23,EE!H23,EL!H23,ES!H23,FI!H23,FR!H23,HR!H23,HU!H23,IE!H23,IT!H23,LT!H23,LU!H23,LV!H23,MT!H23,NL!H23,PL!H23,PT!H23,RO!H23,SE!H23,SI!H23,SK!H23) -> 8067.8504 | I23: =SUM(AT!I23,BE!I23,BG!I23,CY!I23,CZ!I23,DE!I23,DK!I23,EE!I23,EL!I23,ES!I23,FI!I23,FR!I23,HR!I23,HU!I23,IE!I23,IT!I23,LT!I23,LU!I23,LV!I23,MT!I23,NL!I23,PL!I23,PT!I23,RO!I23,SE!I23,SI!I23,SK!I23) -> 7439.7669 | ... W23: =SUM(AT!W23,BE!W23,BG!W23,CY!W23,CZ!W23,DE!W23,DK!W23,EE!W23,EL!W23,ES!W23,FI!W23,FR!W23,HR!W23,HU!W23,IE!W23,IT!W23,LT!W23,LU!W23,LV!W23,MT!W23,NL!W23,PL!W23,PT!W23,RO!W23,SE!W23,SI!W23,SK!W23) -> 4652.1389
A24: 1.A.4 - Other Sectors | B24: =SUM(B25:B27) -> 612783.97 | C24: =SUM(C25:C27) -> 654610.94 | D24: =SUM(D25:D27) -> 631506.73 | E24: =SUM(E25:E27) -> 643748.94 | F24: =SUM(F25:F27) -> 639748.29 | G24: =SUM(G25:G27) -> 639840.41 | H24: =SUM(H25:H27) -> 637830.72 | I24: =SUM(I25:I27) -> 563374.66 | ... W24: =SUM(W25:W27) -> 506732.77
A25: 1.A.4.a - Commercial/Institutional | B25: =SUM(AT!B25,BE!B25,BG!B25,CY!B25,CZ!B25,DE!B25,DK!B25,EE!B25,EL!B25,ES!B25,FI!B25,FR!B25,HR!B25,HU!B25,IE!B25,IT!B25,LT!B25,LU!B25,LV!B25,MT!B25,NL!B25,PL!B25,PT!B25,RO!B25,SE!B25,SI!B25,SK!B25) -> 142785.56 | C25: =SUM(AT!C25,BE!C25,BG!C25,CY!C25,CZ!C25,DE!C25,DK!C25,EE!C25,EL!C25,ES!C25,FI!C25,FR!C25,HR!C25,HU!C25,IE!C25,IT!C25,LT!C25,LU!C25,LV!C25,MT!C25,NL!C25,PL!C25,PT!C25,RO!C25,SE!C25,SI!C25,SK!C25) -> 156098.73 | D25: =SUM(AT!D25,BE!D25,BG!D25,CY!D25,CZ!D25,DE!D25,DK!D25,EE!D25,EL!D25,ES!D25,FI!D25,FR!D25,HR!D25,HU!D25,IE!D25,IT!D25,LT!D25,LU!D25,LV!D25,MT!D25,NL!D25,PL!D25,PT!D25,RO!D25,SE!D25,SI!D25,SK!D25) -> 149880.61 | E25: =SUM(AT!E25,BE!E25,BG!E25,CY!E25,CZ!E25,DE!E25,DK!E25,EE!E25,EL!E25,ES!E25,FI!E25,FR!E25,HR!E25,HU!E25,IE!E25,IT!E25,LT!E25,LU!E25,LV!E25,MT!E25,NL!E25,PL!E25,PT!E25,RO!E25,SE!E25,SI!E25,SK!E25) -> 150678.7 | F25: =SUM(AT!F25,BE!F25,BG!F25,CY!F25,CZ!F25,DE!F25,DK!F25,EE!F25,EL!F25,ES!F25,FI!F25,FR!F25,HR!F25,HU!F25,IE!F25,IT!F25,LT!F25,LU!F25,LV!F25,MT!F25,NL!F25,PL!F25,PT!F25,RO!F25,SE!F25,SI!F25,SK!F25) -> 153003.39 | G25: =SUM(AT!G25,BE!G25,BG!G25,CY!G25,CZ!G25,DE!G25,DK!G25,EE!G25,EL!G25,ES!G25,FI!G25,FR!G25,HR!G25,HU!G25,IE!G25,IT!G25,LT!G25,LU!G25,LV!G25,MT!G25,NL!G25,PL!G25,PT!G25,RO!G25,SE!G25,SI!G25,SK!G25) -> 153079.99 | H25: =SUM(AT!H25,BE!H25,BG!H25,CY!H25,CZ!H25,DE!H25,DK!H25,EE!H25,EL!H25,ES!H25,FI!H25,FR!H25,HR!H25,HU!H25,IE!H25,IT!H25,LT!H25,LU!H25,LV!H25,MT!H25,NL!H25,PL!H25,PT!H25,RO!H25,SE!H25,SI!H25,SK!H25) -> 160666.39 | I25: =SUM(AT!I25,BE!I25,BG!I25,CY!I25,CZ!I25,DE!I25,DK!I25,EE!I25,EL!I25,ES!I25,FI!I25,FR!I25,HR!I25,HU!I25,IE!I25,IT!I25,LT!I25,LU!I25,LV!I25,MT!I25,NL!I25,PL!I25,PT!I25,RO!I25,SE!I25,SI!I25,SK!I25) -> 141416.33 | ... W25: =SUM(AT!W25,BE!W25,BG!W25,CY!W25,CZ!W25,DE!W25,DK!W25,EE!W25,EL!W25,ES!W25,FI!W25,FR!W25,HR!W25,HU!W25,IE!W25,IT!W25,LT!W25,LU!W25,LV!W25,MT!W25,NL!W25,PL!W25,PT!W25,RO!W25,SE!W25,SI!W25,SK!W25) -> 128500.07
A26: 1.A.4.b - Residential | B26: =SUM(AT!B26,BE!B26,BG!B26,CY!B26,CZ!B26,DE!B26,DK!B26,EE!B26,EL!B26,ES!B26,FI!B26,FR!B26,HR!B26,HU!B26,IE!B26,IT!B26,LT!B26,LU!B26,LV!B26,MT!B26,NL!B26,PL!B26,PT!B26,RO!B26,SE!B26,SI!B26,SK!B26) -> 389747.9 | C26: =SUM(AT!C26,BE!C26,BG!C26,CY!C26,CZ!C26,DE!C26,DK!C26,EE!C26,EL!C26,ES!C26,FI!C26,FR!C26,HR!C26,HU!C26,IE!C26,IT!C26,LT!C26,LU!C26,LV!C26,MT!C26,NL!C26,PL!C26,PT!C26,RO!C26,SE!C26,SI!C26,SK!C26) -> 418321.32 | D26: =SUM(AT!D26,BE!D26,BG!D26,CY!D26,CZ!D26,DE!D26,DK!D26,EE!D26,EL!D26,ES!D26,FI!D26,FR!D26,HR!D26,HU!D26,IE!D26,IT!D26,LT!D26,LU!D26,LV!D26,MT!D26,NL!D26,PL!D26,PT!D26,RO!D26,SE!D26,SI!D26,SK!D26) -> 403505.79 | E26: =SUM(AT!E26,BE!E26,BG!E26,CY!E26,CZ!E26,DE!E26,DK!E26,EE!E26,EL!E26,ES!E26,FI!E26,FR!E26,HR!E26,HU!E26,IE!E26,IT!E26,LT!E26,LU!E26,LV!E26,MT!E26,NL!E26,PL!E26,PT!E26,RO!E26,SE!E26,SI!E26,SK!E26) -> 414324.38 | F26: =SUM(AT!F26,BE!F26,BG!F26,CY!F26,CZ!F26,DE!F26,DK!F26,EE!F26,EL!F26,ES!F26,FI!F26,FR!F26,HR!F26,HU!F26,IE!F26,IT!F26,LT!F26,LU!F26,LV!F26,MT!F26,NL!F26,PL!F26,PT!F26,RO!F26,SE!F26,SI!F26,SK!F26) -> 407483.55 | G26: =SUM(AT!G26,BE!G26,BG!G26,CY!G26,CZ!G26,DE!G26,DK!G26,EE!G26,EL!G26,ES!G26,FI!G26,FR!G26,HR!G26,HU!G26,IE!G26,IT!G26,LT!G26,LU!G26,LV!G26,MT!G26,NL!G26,PL!G26,PT!G26,RO!G26,SE!G26,SI!G26,SK!G26) -> 407489.94 | H26: =SUM(AT!H26,BE!H26,BG!H26,CY!H26,CZ!H26,DE!H26,DK!H26,EE!H26,EL!H26,ES!H26,FI!H26,FR!H26,HR!H26,HU!H26,IE!H26,IT!H26,LT!H26,LU!H26,LV!H26,MT!H26,NL!H26,PL!H26,PT!H26,RO!H26,SE!H26,SI!H26,SK!H26) -> 400814.46 | I26: =SUM(AT!I26,BE!I26,BG!I26,CY!I26,CZ!I26,DE!I26,DK!I26,EE!I26,EL!I26,ES!I26,FI!I26,FR!I26,HR!I26,HU!I26,IE!I26,IT!I26,LT!I26,LU!I26,LV!I26,MT!I26,NL!I26,PL!I26,PT!I26,RO!I26,SE!I26,SI!I26,SK!I26) -> 348634.62 | ... W26: =SUM(AT!W26,BE!W26,BG!W26,CY!W26,CZ!W26,DE!W26,DK!W26,EE!W26,EL!W26,ES!W26,FI!W26,FR!W26,HR!W26,HU!W26,IE!W26,IT!W26,LT!W26,LU!W26,LV!W26,MT!W26,NL!W26,PL!W26,PT!W26,RO!W26,SE!W26,SI!W26,SK!W26) -> 305879.08
A27: 1.A.4.c - Agriculture/Forestry/Fishing | B27: =SUM(AT!B27,BE!B27,BG!B27,CY!B27,CZ!B27,DE!B27,DK!B27,EE!B27,EL!B27,ES!B27,FI!B27,FR!B27,HR!B27,HU!B27,IE!B27,IT!B27,LT!B27,LU!B27,LV!B27,MT!B27,NL!B27,PL!B27,PT!B27,RO!B27,SE!B27,SI!B27,SK!B27) -> 80250.515 | C27: =SUM(AT!C27,BE!C27,BG!C27,CY!C27,CZ!C27,DE!C27,DK!C27,EE!C27,EL!C27,ES!C27,FI!C27,FR!C27,HR!C27,HU!C27,IE!C27,IT!C27,LT!C27,LU!C27,LV!C27,MT!C27,NL!C27,PL!C27,PT!C27,RO!C27,SE!C27,SI!C27,SK!C27) -> 80190.884 | D27: =SUM(AT!D27,BE!D27,BG!D27,CY!D27,CZ!D27,DE!D27,DK!D27,EE!D27,EL!D27,ES!D27,FI!D27,FR!D27,HR!D27,HU!D27,IE!D27,IT!D27,LT!D27,LU!D27,LV!D27,MT!D27,NL!D27,PL!D27,PT!D27,RO!D27,SE!D27,SI!D27,SK!D27) -> 78120.322 | E27: =SUM(AT!E27,BE!E27,BG!E27,CY!E27,CZ!E27,DE!E27,DK!E27,EE!E27,EL!E27,ES!E27,FI!E27,FR!E27,HR!E27,HU!E27,IE!E27,IT!E27,LT!E27,LU!E27,LV!E27,MT!E27,NL!E27,PL!E27,PT!E27,RO!E27,SE!E27,SI!E27,SK!E27) -> 78745.867 | F27: =SUM(AT!F27,BE!F27,BG!F27,CY!F27,CZ!F27,DE!F27,DK!F27,EE!F27,EL!F27,ES!F27,FI!F27,FR!F27,HR!F27,HU!F27,IE!F27,IT!F27,LT!F27,LU!F27,LV!F27,MT!F27,NL!F27,PL!F27,PT!F27,RO!F27,SE!F27,SI!F27,SK!F27) -> 79261.346 | G27: =SUM(AT!G27,BE!G27,BG!G27,CY!G27,CZ!G27,DE!G27,DK!G27,EE!G27,EL!G27,ES!G27,FI!G27,FR!G27,HR!G27,HU!G27,IE!G27,IT!G27,LT!G27,LU!G27,LV!G27,MT!G27,NL!G27,PL!G27,PT!G27,RO!G27,SE!G27,SI!G27,SK!G27) -> 79270.483 | H27: =SUM(AT!H27,BE!H27,BG!H27,CY!H27,CZ!H27,DE!H27,DK!H27,EE!H27,EL!H27,ES!H27,FI!H27,FR!H27,HR!H27,HU!H27,IE!H27,IT!H27,LT!H27,LU!H27,LV!H27,MT!H27,NL!H27,PL!H27,PT!H27,RO!H27,SE!H27,SI!H27,SK!H27) -> 76349.872 | I27: =SUM(AT!I27,BE!I27,BG!I27,CY!I27,CZ!I27,DE!I27,DK!I27,EE!I27,EL!I27,ES!I27,FI!I27,FR!I27,HR!I27,HU!I27,IE!I27,IT!I27,LT!I27,LU!I27,LV!I27,MT!I27,NL!I27,PL!I27,PT!I27,RO!I27,SE!I27,SI!I27,SK!I27) -> 73323.708 | ... W27: =SUM(AT!W27,BE!W27,BG!W27,CY!W27,CZ!W27,DE!W27,DK!W27,EE!W27,EL!W27,ES!W27,FI!W27,FR!W27,HR!W27,HU!W27,IE!W27,IT!W27,LT!W27,LU!W27,LV!W27,MT!W27,NL!W27,PL!W27,PT!W27,RO!W27,SE!W27,SI!W27,SK!W27) -> 72353.621
A28: 1.A.5 - Other Other Sectors | B28: =SUM(B29:B30) -> 8405.5034 | C28: =SUM(C29:C30) -> 7939.2234 | D28: =SUM(D29:D30) -> 8295.9516 | E28: =SUM(E29:E30) -> 9031.2863 | F28: =SUM(F29:F30) -> 10129.537 | G28: =SUM(G29:G30) -> 10567.726 | H28: =SUM(H29:H30) -> 9491.7448 | I28: =SUM(I29:I30) -> 9426.3602 | ... W28: =SUM(W29:W30) -> 6891.2098
A29: 1.A.5.a - Stationary | B29: =SUM(AT!B29,BE!B29,BG!B29,CY!B29,CZ!B29,DE!B29,DK!B29,EE!B29,EL!B29,ES!B29,FI!B29,FR!B29,HR!B29,HU!B29,IE!B29,IT!B29,LT!B29,LU!B29,LV!B29,MT!B29,NL!B29,PL!B29,PT!B29,RO!B29,SE!B29,SI!B29,SK!B29) -> 4682.2346 | C29: =SUM(AT!C29,BE!C29,BG!C29,CY!C29,CZ!C29,DE!C29,DK!C29,EE!C29,EL!C29,ES!C29,FI!C29,FR!C29,HR!C29,HU!C29,IE!C29,IT!C29,LT!C29,LU!C29,LV!C29,MT!C29,NL!C29,PL!C29,PT!C29,RO!C29,SE!C29,SI!C29,SK!C29) -> 5075.2208 | D29: =SUM(AT!D29,BE!D29,BG!D29,CY!D29,CZ!D29,DE!D29,DK!D29,EE!D29,EL!D29,ES!D29,FI!D29,FR!D29,HR!D29,HU!D29,IE!D29,IT!D29,LT!D29,LU!D29,LV!D29,MT!D29,NL!D29,PL!D29,PT!D29,RO!D29,SE!D29,SI!D29,SK!D29) -> 5387.6167 | E29: =SUM(AT!E29,BE!E29,BG!E29,CY!E29,CZ!E29,DE!E29,DK!E29,EE!E29,EL!E29,ES!E29,FI!E29,FR!E29,HR!E29,HU!E29,IE!E29,IT!E29,LT!E29,LU!E29,LV!E29,MT!E29,NL!E29,PL!E29,PT!E29,RO!E29,SE!E29,SI!E29,SK!E29) -> 5738.6451 | F29: =SUM(AT!F29,BE!F29,BG!F29,CY!F29,CZ!F29,DE!F29,DK!F29,EE!F29,EL!F29,ES!F29,FI!F29,FR!F29,HR!F29,HU!F29,IE!F29,IT!F29,LT!F29,LU!F29,LV!F29,MT!F29,NL!F29,PL!F29,PT!F29,RO!F29,SE!F29,SI!F29,SK!F29) -> 6446.0909 | G29: =SUM(AT!G29,BE!G29,BG!G29,CY!G29,CZ!G29,DE!G29,DK!G29,EE!G29,EL!G29,ES!G29,FI!G29,FR!G29,HR!G29,HU!G29,IE!G29,IT!G29,LT!G29,LU!G29,LV!G29,MT!G29,NL!G29,PL!G29,PT!G29,RO!G29,SE!G29,SI!G29,SK!G29) -> 6159.0709 | H29: =SUM(AT!H29,BE!H29,BG!H29,CY!H29,CZ!H29,DE!H29,DK!H29,EE!H29,EL!H29,ES!H29,FI!H29,FR!H29,HR!H29,HU!H29,IE!H29,IT!H29,LT!H29,LU!H29,LV!H29,MT!H29,NL!H29,PL!H29,PT!H29,RO!H29,SE!H29,SI!H29,SK!H29) -> 5455.8064 | I29: =SUM(AT!I29,BE!I29,BG!I29,CY!I29,CZ!I29,DE!I29,DK!I29,EE!I29,EL!I29,ES!I29,FI!I29,FR!I29,HR!I29,HU!I29,IE!I29,IT!I29,LT!I29,LU!I29,LV!I29,MT!I29,NL!I29,PL!I29,PT!I29,RO!I29,SE!I29,SI!I29,SK!I29) -> 5516.189 | ... W29: =SUM(AT!W29,BE!W29,BG!W29,CY!W29,CZ!W29,DE!W29,DK!W29,EE!W29,EL!W29,ES!W29,FI!W29,FR!W29,HR!W29,HU!W29,IE!W29,IT!W29,LT!W29,LU!W29,LV!W29,MT!W29,NL!W29,PL!W29,PT!W29,RO!W29,SE!W29,SI!W29,SK!W29) -> 4606.3061
A30: 1.A.5.b - Mobile | B30: =SUM(AT!B30,BE!B30,BG!B30,CY!B30,CZ!B30,DE!B30,DK!B30,EE!B30,EL!B30,ES!B30,FI!B30,FR!B30,HR!B30,HU!B30,IE!B30,IT!B30,LT!B30,LU!B30,LV!B30,MT!B30,NL!B30,PL!B30,PT!B30,RO!B30,SE!B30,SI!B30,SK!B30) -> 3723.2689 | C30: =SUM(AT!C30,BE!C30,BG!C30,CY!C30,CZ!C30,DE!C30,DK!C30,EE!C30,EL!C30,ES!C30,FI!C30,FR!C30,HR!C30,HU!C30,IE!C30,IT!C30,LT!C30,LU!C30,LV!C30,MT!C30,NL!C30,PL!C30,PT!C30,RO!C30,SE!C30,SI!C30,SK!C30) -> 2864.0025 | D30: =SUM(AT!D30,BE!D30,BG!D30,CY!D30,CZ!D30,DE!D30,DK!D30,EE!D30,EL!D30,ES!D30,FI!D30,FR!D30,HR!D30,HU!D30,IE!D30,IT!D30,LT!D30,LU!D30,LV!D30,MT!D30,NL!D30,PL!D30,PT!D30,RO!D30,SE!D30,SI!D30,SK!D30) -> 2908.3349 | E30: =SUM(AT!E30,BE!E30,BG!E30,CY!E30,CZ!E30,DE!E30,DK!E30,EE!E30,EL!E30,ES!E30,FI!E30,FR!E30,HR!E30,HU!E30,IE!E30,IT!E30,LT!E30,LU!E30,LV!E30,MT!E30,NL!E30,PL!E30,PT!E30,RO!E30,SE!E30,SI!E30,SK!E30) -> 3292.6411 | F30: =SUM(AT!F30,BE!F30,BG!F30,CY!F30,CZ!F30,DE!F30,DK!F30,EE!F30,EL!F30,ES!F30,FI!F30,FR!F30,HR!F30,HU!F30,IE!F30,IT!F30,LT!F30,LU!F30,LV!F30,MT!F30,NL!F30,PL!F30,PT!F30,RO!F30,SE!F30,SI!F30,SK!F30) -> 3683.4465 | G30: =SUM(AT!G30,BE!G30,BG!G30,CY!G30,CZ!G30,DE!G30,DK!G30,EE!G30,EL!G30,ES!G30,FI!G30,FR!G30,HR!G30,HU!G30,IE!G30,IT!G30,LT!G30,LU!G30,LV!G30,MT!G30,NL!G30,PL!G30,PT!G30,RO!G30,SE!G30,SI!G30,SK!G30) -> 4408.6551 | H30: =SUM(AT!H30,BE!H30,BG!H30,CY!H30,CZ!H30,DE!H30,DK!H30,EE!H30,EL!H30,ES!H30,FI!H30,FR!H30,HR!H30,HU!H30,IE!H30,IT!H30,LT!H30,LU!H30,LV!H30,MT!H30,NL!H30,PL!H30,PT!H30,RO!H30,SE!H30,SI!H30,SK!H30) -> 4035.9384 | I30: =SUM(AT!I30,BE!I30,BG!I30,CY!I30,CZ!I30,DE!I30,DK!I30,EE!I30,EL!I30,ES!I30,FI!I30,FR!I30,HR!I30,HU!I30,IE!I30,IT!I30,LT!I30,LU!I30,LV!I30,MT!I30,NL!I30,PL!I30,PT!I30,RO!I30,SE!I30,SI!I30,SK!I30) -> 3910.1712 | ... W30: =SUM(AT!W30,BE!W30,BG!W30,CY!W30,CZ!W30,DE!W30,DK!W30,EE!W30,EL!W30,ES!W30,FI!W30,FR!W30,HR!W30,HU!W30,IE!W30,IT!W30,LT!W30,LU!W30,LV!W30,MT!W30,NL!W30,PL!W30,PT!W30,RO!W30,SE!W30,SI!W30,SK!W30) -> 2284.9036
A31: 1.B - Fugitive Emissions from Fuels | B31: =SUM(AT!B31,BE!B31,BG!B31,CY!B31,CZ!B31,DE!B31,DK!B31,EE!B31,EL!B31,ES!B31,FI!B31,FR!B31,HR!B31,HU!B31,IE!B31,IT!B31,LT!B31,LU!B31,LV!B31,MT!B31,NL!B31,PL!B31,PT!B31,RO!B31,SE!B31,SI!B31,SK!B31) -> 20812.913 | C31: =SUM(AT!C31,BE!C31,BG!C31,CY!C31,CZ!C31,DE!C31,DK!C31,EE!C31,EL!C31,ES!C31,FI!C31,FR!C31,HR!C31,HU!C31,IE!C31,IT!C31,LT!C31,LU!C31,LV!C31,MT!C31,NL!C31,PL!C31,PT!C31,RO!C31,SE!C31,SI!C31,SK!C31) -> 19681.65 | D31: =SUM(AT!D31,BE!D31,BG!D31,CY!D31,CZ!D31,DE!D31,DK!D31,EE!D31,EL!D31,ES!D31,FI!D31,FR!D31,HR!D31,HU!D31,IE!D31,IT!D31,LT!D31,LU!D31,LV!D31,MT!D31,NL!D31,PL!D31,PT!D31,RO!D31,SE!D31,SI!D31,SK!D31) -> 20340.639 | E31: =SUM(AT!E31,BE!E31,BG!E31,CY!E31,CZ!E31,DE!E31,DK!E31,EE!E31,EL!E31,ES!E31,FI!E31,FR!E31,HR!E31,HU!E31,IE!E31,IT!E31,LT!E31,LU!E31,LV!E31,MT!E31,NL!E31,PL!E31,PT!E31,RO!E31,SE!E31,SI!E31,SK!E31) -> 21342.325 | F31: =SUM(AT!F31,BE!F31,BG!F31,CY!F31,CZ!F31,DE!F31,DK!F31,EE!F31,EL!F31,ES!F31,FI!F31,FR!F31,HR!F31,HU!F31,IE!F31,IT!F31,LT!F31,LU!F31,LV!F31,MT!F31,NL!F31,PL!F31,PT!F31,RO!F31,SE!F31,SI!F31,SK!F31) -> 20085.598 | G31: =SUM(AT!G31,BE!G31,BG!G31,CY!G31,CZ!G31,DE!G31,DK!G31,EE!G31,EL!G31,ES!G31,FI!G31,FR!G31,HR!G31,HU!G31,IE!G31,IT!G31,LT!G31,LU!G31,LV!G31,MT!G31,NL!G31,PL!G31,PT!G31,RO!G31,SE!G31,SI!G31,SK!G31) -> 20934.192 | H31: =SUM(AT!H31,BE!H31,BG!H31,CY!H31,CZ!H31,DE!H31,DK!H31,EE!H31,EL!H31,ES!H31,FI!H31,FR!H31,HR!H31,HU!H31,IE!H31,IT!H31,LT!H31,LU!H31,LV!H31,MT!H31,NL!H31,PL!H31,PT!H31,RO!H31,SE!H31,SI!H31,SK!H31) -> 22878.288 | I31: =SUM(AT!I31,BE!I31,BG!I31,CY!I31,CZ!I31,DE!I31,DK!I31,EE!I31,EL!I31,ES!I31,FI!I31,FR!I31,HR!I31,HU!I31,IE!I31,IT!I31,LT!I31,LU!I31,LV!I31,MT!I31,NL!I31,PL!I31,PT!I31,RO!I31,SE!I31,SI!I31,SK!I31) -> 22672.788 | ... W31: =SUM(AT!W31,BE!W31,BG!W31,CY!W31,CZ!W31,DE!W31,DK!W31,EE!W31,EL!W31,ES!W31,FI!W31,FR!W31,HR!W31,HU!W31,IE!W31,IT!W31,LT!W31,LU!W31,LV!W31,MT!W31,NL!W31,PL!W31,PT!W31,RO!W31,SE!W31,SI!W31,SK!W31) -> 17775.713
A32: 1.C - CO2 Transport and Storage | B32: =SUM(AT!B32,BE!B32,BG!B32,CY!B32,CZ!B32,DE!B32,DK!B32,EE!B32,EL!B32,ES!B32,FI!B32,FR!B32,HR!B32,HU!B32,IE!B32,IT!B32,LT!B32,LU!B32,LV!B32,MT!B32,NL!B32,PL!B32,PT!B32,RO!B32,SE!B32,SI!B32,SK!B32) -> 0 | C32: =SUM(AT!C32,BE!C32,BG!C32,CY!C32,CZ!C32,DE!C32,DK!C32,EE!C32,EL!C32,ES!C32,FI!C32,FR!C32,HR!C32,HU!C32,IE!C32,IT!C32,LT!C32,LU!C32,LV!C32,MT!C32,NL!C32,PL!C32,PT!C32,RO!C32,SE!C32,SI!C32,SK!C32) -> 0 | D32: =SUM(AT!D32,BE!D32,BG!D32,CY!D32,CZ!D32,DE!D32,DK!D32,EE!D32,EL!D32,ES!D32,FI!D32,FR!D32,HR!D32,HU!D32,IE!D32,IT!D32,LT!D32,LU!D32,LV!D32,MT!D32,NL!D32,PL!D32,PT!D32,RO!D32,SE!D32,SI!D32,SK!D32) -> 0 | E32: =SUM(AT!E32,BE!E32,BG!E32,CY!E32,CZ!E32,DE!E32,DK!E32,EE!E32,EL!E32,ES!E32,FI!E32,FR!E32,HR!E32,HU!E32,IE!E32,IT!E32,LT!E32,LU!E32,LV!E32,MT!E32,NL!E32,PL!E32,PT!E32,RO!E32,SE!E32,SI!E32,SK!E32) -> 0 | F32: =SUM(AT!F32,BE!F32,BG!F32,CY!F32,CZ!F32,DE!F32,DK!F32,EE!F32,EL!F32,ES!F32,FI!F32,FR!F32,HR!F32,HU!F32,IE!F32,IT!F32,LT!F32,LU!F32,LV!F32,MT!F32,NL!F32,PL!F32,PT!F32,RO!F32,SE!F32,SI!F32,SK!F32) -> 0 | G32: =SUM(AT!G32,BE!G32,BG!G32,CY!G32,CZ!G32,DE!G32,DK!G32,EE!G32,EL!G32,ES!G32,FI!G32,FR!G32,HR!G32,HU!G32,IE!G32,IT!G32,LT!G32,LU!G32,LV!G32,MT!G32,NL!G32,PL!G32,PT!G32,RO!G32,SE!G32,SI!G32,SK!G32) -> 0 | H32: =SUM(AT!H32,BE!H32,BG!H32,CY!H32,CZ!H32,DE!H32,DK!H32,EE!H32,EL!H32,ES!H32,FI!H32,FR!H32,HR!H32,HU!H32,IE!H32,IT!H32,LT!H32,LU!H32,LV!H32,MT!H32,NL!H32,PL!H32,PT!H32,RO!H32,SE!H32,SI!H32,SK!H32) -> 0 | I32: =SUM(AT!I32,BE!I32,BG!I32,CY!I32,CZ!I32,DE!I32,DK!I32,EE!I32,EL!I32,ES!I32,FI!I32,FR!I32,HR!I32,HU!I32,IE!I32,IT!I32,LT!I32,LU!I32,LV!I32,MT!I32,NL!I32,PL!I32,PT!I32,RO!I32,SE!I32,SI!I32,SK!I32) -> 0 | ... W32: =SUM(AT!W32,BE!W32,BG!W32,CY!W32,CZ!W32,DE!W32,DK!W32,EE!W32,EL!W32,ES!W32,FI!W32,FR!W32,HR!W32,HU!W32,IE!W32,IT!W32,LT!W32,LU!W32,LV!W32,MT!W32,NL!W32,PL!W32,PT!W32,RO!W32,SE!W32,SI!W32,SK!W32) -> 0
A33: 2 - Industrial Processes and Product Use | B33: =SUM(B34:B41) -> 288856.49 | C33: =SUM(C34:C41) -> 278331.55 | D33: =SUM(D34:D41) -> 278793.2 | E33: =SUM(E34:E41) -> 286703.83 | F33: =SUM(F34:F41) -> 298554.22 | G33: =SUM(G34:G41) -> 296115.53 | H33: =SUM(H34:H41) -> 301929.86 | I33: =SUM(I34:I41) -> 305647.34 | ... W33: =SUM(W34:W41) -> 231737.37
A34: 2.A - Mineral Industry | B34: =SUM(AT!B34,BE!B34,BG!B34,CY!B34,CZ!B34,DE!B34,DK!B34,EE!B34,EL!B34,ES!B34,FI!B34,FR!B34,HR!B34,HU!B34,IE!B34,IT!B34,LT!B34,LU!B34,LV!B34,MT!B34,NL!B34,PL!B34,PT!B34,RO!B34,SE!B34,SI!B34,SK!B34) -> 130502.54 | C34: =SUM(AT!C34,BE!C34,BG!C34,CY!C34,CZ!C34,DE!C34,DK!C34,EE!C34,EL!C34,ES!C34,FI!C34,FR!C34,HR!C34,HU!C34,IE!C34,IT!C34,LT!C34,LU!C34,LV!C34,MT!C34,NL!C34,PL!C34,PT!C34,RO!C34,SE!C34,SI!C34,SK!C34) -> 128198.85 | D34: =SUM(AT!D34,BE!D34,BG!D34,CY!D34,CZ!D34,DE!D34,DK!D34,EE!D34,EL!D34,ES!D34,FI!D34,FR!D34,HR!D34,HU!D34,IE!D34,IT!D34,LT!D34,LU!D34,LV!D34,MT!D34,NL!D34,PL!D34,PT!D34,RO!D34,SE!D34,SI!D34,SK!D34) -> 127670.08 | E34: =SUM(AT!E34,BE!E34,BG!E34,CY!E34,CZ!E34,DE!E34,DK!E34,EE!E34,EL!E34,ES!E34,FI!E34,FR!E34,HR!E34,HU!E34,IE!E34,IT!E34,LT!E34,LU!E34,LV!E34,MT!E34,NL!E34,PL!E34,PT!E34,RO!E34,SE!E34,SI!E34,SK!E34) -> 129323.16 | F34: =SUM(AT!F34,BE!F34,BG!F34,CY!F34,CZ!F34,DE!F34,DK!F34,EE!F34,EL!F34,ES!F34,FI!F34,FR!F34,HR!F34,HU!F34,IE!F34,IT!F34,LT!F34,LU!F34,LV!F34,MT!F34,NL!F34,PL!F34,PT!F34,RO!F34,SE!F34,SI!F34,SK!F34) -> 135014.8 | G34: =SUM(AT!G34,BE!G34,BG!G34,CY!G34,CZ!G34,DE!G34,DK!G34,EE!G34,EL!G34,ES!G34,FI!G34,FR!G34,HR!G34,HU!G34,IE!G34,IT!G34,LT!G34,LU!G34,LV!G34,MT!G34,NL!G34,PL!G34,PT!G34,RO!G34,SE!G34,SI!G34,SK!G34) -> 134942.18 | H34: =SUM(AT!H34,BE!H34,BG!H34,CY!H34,CZ!H34,DE!H34,DK!H34,EE!H34,EL!H34,ES!H34,FI!H34,FR!H34,HR!H34,HU!H34,IE!H34,IT!H34,LT!H34,LU!H34,LV!H34,MT!H34,NL!H34,PL!H34,PT!H34,RO!H34,SE!H34,SI!H34,SK!H34) -> 138917.96 | I34: =SUM(AT!I34,BE!I34,BG!I34,CY!I34,CZ!I34,DE!I34,DK!I34,EE!I34,EL!I34,ES!I34,FI!I34,FR!I34,HR!I34,HU!I34,IE!I34,IT!I34,LT!I34,LU!I34,LV!I34,MT!I34,NL!I34,PL!I34,PT!I34,RO!I34,SE!I34,SI!I34,SK!I34) -> 143961.06 | ... W34: =SUM(AT!W34,BE!W34,BG!W34,CY!W34,CZ!W34,DE!W34,DK!W34,EE!W34,EL!W34,ES!W34,FI!W34,FR!W34,HR!W34,HU!W34,IE!W34,IT!W34,LT!W34,LU!W34,LV!W34,MT!W34,NL!W34,PL!W34,PT!W34,RO!W34,SE!W34,SI!W34,SK!W34) -> 104085.64
A35: 2.B - Chemical Industry | B35: =SUM(AT!B35,BE!B35,BG!B35,CY!B35,CZ!B35,DE!B35,DK!B35,EE!B35,EL!B35,ES!B35,FI!B35,FR!B35,HR!B35,HU!B35,IE!B35,IT!B35,LT!B35,LU!B35,LV!B35,MT!B35,NL!B35,PL!B35,PT!B35,RO!B35,SE!B35,SI!B35,SK!B35) -> 52749.403 | C35: =SUM(AT!C35,BE!C35,BG!C35,CY!C35,CZ!C35,DE!C35,DK!C35,EE!C35,EL!C35,ES!C35,FI!C35,FR!C35,HR!C35,HU!C35,IE!C35,IT!C35,LT!C35,LU!C35,LV!C35,MT!C35,NL!C35,PL!C35,PT!C35,RO!C35,SE!C35,SI!C35,SK!C35) -> 50443.444 | D35: =SUM(AT!D35,BE!D35,BG!D35,CY!D35,CZ!D35,DE!D35,DK!D35,EE!D35,EL!D35,ES!D35,FI!D35,FR!D35,HR!D35,HU!D35,IE!D35,IT!D35,LT!D35,LU!D35,LV!D35,MT!D35,NL!D35,PL!D35,PT!D35,RO!D35,SE!D35,SI!D35,SK!D35) -> 48220.147 | E35: =SUM(AT!E35,BE!E35,BG!E35,CY!E35,CZ!E35,DE!E35,DK!E35,EE!E35,EL!E35,ES!E35,FI!E35,FR!E35,HR!E35,HU!E35,IE!E35,IT!E35,LT!E35,LU!E35,LV!E35,MT!E35,NL!E35,PL!E35,PT!E35,RO!E35,SE!E35,SI!E35,SK!E35) -> 50757.665 | F35: =SUM(AT!F35,BE!F35,BG!F35,CY!F35,CZ!F35,DE!F35,DK!F35,EE!F35,EL!F35,ES!F35,FI!F35,FR!F35,HR!F35,HU!F35,IE!F35,IT!F35,LT!F35,LU!F35,LV!F35,MT!F35,NL!F35,PL!F35,PT!F35,RO!F35,SE!F35,SI!F35,SK!F35) -> 52991.121 | G35: =SUM(AT!G35,BE!G35,BG!G35,CY!G35,CZ!G35,DE!G35,DK!G35,EE!G35,EL!G35,ES!G35,FI!G35,FR!G35,HR!G35,HU!G35,IE!G35,IT!G35,LT!G35,LU!G35,LV!G35,MT!G35,NL!G35,PL!G35,PT!G35,RO!G35,SE!G35,SI!G35,SK!G35) -> 54316.473 | H35: =SUM(AT!H35,BE!H35,BG!H35,CY!H35,CZ!H35,DE!H35,DK!H35,EE!H35,EL!H35,ES!H35,FI!H35,FR!H35,HR!H35,HU!H35,IE!H35,IT!H35,LT!H35,LU!H35,LV!H35,MT!H35,NL!H35,PL!H35,PT!H35,RO!H35,SE!H35,SI!H35,SK!H35) -> 51985.615 | I35: =SUM(AT!I35,BE!I35,BG!I35,CY!I35,CZ!I35,DE!I35,DK!I35,EE!I35,EL!I35,ES!I35,FI!I35,FR!I35,HR!I35,HU!I35,IE!I35,IT!I35,LT!I35,LU!I35,LV!I35,MT!I35,NL!I35,PL!I35,PT!I35,RO!I35,SE!I35,SI!I35,SK!I35) -> 54108.708 | ... W35: =SUM(AT!W35,BE!W35,BG!W35,CY!W35,CZ!W35,DE!W35,DK!W35,EE!W35,EL!W35,ES!W35,FI!W35,FR!W35,HR!W35,HU!W35,IE!W35,IT!W35,LT!W35,LU!W35,LV!W35,MT!W35,NL!W35,PL!W35,PT!W35,RO!W35,SE!W35,SI!W35,SK!W35) -> 45566.143
A36: 2.C - Metal Industry | B36: =SUM(AT!B36,BE!B36,BG!B36,CY!B36,CZ!B36,DE!B36,DK!B36,EE!B36,EL!B36,ES!B36,FI!B36,FR!B36,HR!B36,HU!B36,IE!B36,IT!B36,LT!B36,LU!B36,LV!B36,MT!B36,NL!B36,PL!B36,PT!B36,RO!B36,SE!B36,SI!B36,SK!B36) -> 96710.407 | C36: =SUM(AT!C36,BE!C36,BG!C36,CY!C36,CZ!C36,DE!C36,DK!C36,EE!C36,EL!C36,ES!C36,FI!C36,FR!C36,HR!C36,HU!C36,IE!C36,IT!C36,LT!C36,LU!C36,LV!C36,MT!C36,NL!C36,PL!C36,PT!C36,RO!C36,SE!C36,SI!C36,SK!C36) -> 91026.087 | D36: =SUM(AT!D36,BE!D36,BG!D36,CY!D36,CZ!D36,DE!D36,DK!D36,EE!D36,EL!D36,ES!D36,FI!D36,FR!D36,HR!D36,HU!D36,IE!D36,IT!D36,LT!D36,LU!D36,LV!D36,MT!D36,NL!D36,PL!D36,PT!D36,RO!D36,SE!D36,SI!D36,SK!D36) -> 94617.746 | E36: =SUM(AT!E36,BE!E36,BG!E36,CY!E36,CZ!E36,DE!E36,DK!E36,EE!E36,EL!E36,ES!E36,FI!E36,FR!E36,HR!E36,HU!E36,IE!E36,IT!E36,LT!E36,LU!E36,LV!E36,MT!E36,NL!E36,PL!E36,PT!E36,RO!E36,SE!E36,SI!E36,SK!E36) -> 98501.081 | F36: =SUM(AT!F36,BE!F36,BG!F36,CY!F36,CZ!F36,DE!F36,DK!F36,EE!F36,EL!F36,ES!F36,FI!F36,FR!F36,HR!F36,HU!F36,IE!F36,IT!F36,LT!F36,LU!F36,LV!F36,MT!F36,NL!F36,PL!F36,PT!F36,RO!F36,SE!F36,SI!F36,SK!F36) -> 101841.22 | G36: =SUM(AT!G36,BE!G36,BG!G36,CY!G36,CZ!G36,DE!G36,DK!G36,EE!G36,EL!G36,ES!G36,FI!G36,FR!G36,HR!G36,HU!G36,IE!G36,IT!G36,LT!G36,LU!G36,LV!G36,MT!G36,NL!G36,PL!G36,PT!G36,RO!G36,SE!G36,SI!G36,SK!G36) -> 97716.813 | H36: =SUM(AT!H36,BE!H36,BG!H36,CY!H36,CZ!H36,DE!H36,DK!H36,EE!H36,EL!H36,ES!H36,FI!H36,FR!H36,HR!H36,HU!H36,IE!H36,IT!H36,LT!H36,LU!H36,LV!H36,MT!H36,NL!H36,PL!H36,PT!H36,RO!H36,SE!H36,SI!H36,SK!H36) -> 101967.65 | I36: =SUM(AT!I36,BE!I36,BG!I36,CY!I36,CZ!I36,DE!I36,DK!I36,EE!I36,EL!I36,ES!I36,FI!I36,FR!I36,HR!I36,HU!I36,IE!I36,IT!I36,LT!I36,LU!I36,LV!I36,MT!I36,NL!I36,PL!I36,PT!I36,RO!I36,SE!I36,SI!I36,SK!I36) -> 98327.437 | ... W36: =SUM(AT!W36,BE!W36,BG!W36,CY!W36,CZ!W36,DE!W36,DK!W36,EE!W36,EL!W36,ES!W36,FI!W36,FR!W36,HR!W36,HU!W36,IE!W36,IT!W36,LT!W36,LU!W36,LV!W36,MT!W36,NL!W36,PL!W36,PT!W36,RO!W36,SE!W36,SI!W36,SK!W36) -> 74135.157
A37: 2.D - Non-energy Products from Fuels and Solvent Use | B37: =SUM(AT!B37,BE!B37,BG!B37,CY!B37,CZ!B37,DE!B37,DK!B37,EE!B37,EL!B37,ES!B37,FI!B37,FR!B37,HR!B37,HU!B37,IE!B37,IT!B37,LT!B37,LU!B37,LV!B37,MT!B37,NL!B37,PL!B37,PT!B37,RO!B37,SE!B37,SI!B37,SK!B37) -> 8661.4384 | C37: =SUM(AT!C37,BE!C37,BG!C37,CY!C37,CZ!C37,DE!C37,DK!C37,EE!C37,EL!C37,ES!C37,FI!C37,FR!C37,HR!C37,HU!C37,IE!C37,IT!C37,LT!C37,LU!C37,LV!C37,MT!C37,NL!C37,PL!C37,PT!C37,RO!C37,SE!C37,SI!C37,SK!C37) -> 8439.7926 | D37: =SUM(AT!D37,BE!D37,BG!D37,CY!D37,CZ!D37,DE!D37,DK!D37,EE!D37,EL!D37,ES!D37,FI!D37,FR!D37,HR!D37,HU!D37,IE!D37,IT!D37,LT!D37,LU!D37,LV!D37,MT!D37,NL!D37,PL!D37,PT!D37,RO!D37,SE!D37,SI!D37,SK!D37) -> 8057.2374 | E37: =SUM(AT!E37,BE!E37,BG!E37,CY!E37,CZ!E37,DE!E37,DK!E37,EE!E37,EL!E37,ES!E37,FI!E37,FR!E37,HR!E37,HU!E37,IE!E37,IT!E37,LT!E37,LU!E37,LV!E37,MT!E37,NL!E37,PL!E37,PT!E37,RO!E37,SE!E37,SI!E37,SK!E37) -> 7861.51 | F37: =SUM(AT!F37,BE!F37,BG!F37,CY!F37,CZ!F37,DE!F37,DK!F37,EE!F37,EL!F37,ES!F37,FI!F37,FR!F37,HR!F37,HU!F37,IE!F37,IT!F37,LT!F37,LU!F37,LV!F37,MT!F37,NL!F37,PL!F37,PT!F37,RO!F37,SE!F37,SI!F37,SK!F37) -> 8442.5625 | G37: =SUM(AT!G37,BE!G37,BG!G37,CY!G37,CZ!G37,DE!G37,DK!G37,EE!G37,EL!G37,ES!G37,FI!G37,FR!G37,HR!G37,HU!G37,IE!G37,IT!G37,LT!G37,LU!G37,LV!G37,MT!G37,NL!G37,PL!G37,PT!G37,RO!G37,SE!G37,SI!G37,SK!G37) -> 8873.0097 | H37: =SUM(AT!H37,BE!H37,BG!H37,CY!H37,CZ!H37,DE!H37,DK!H37,EE!H37,EL!H37,ES!H37,FI!H37,FR!H37,HR!H37,HU!H37,IE!H37,IT!H37,LT!H37,LU!H37,LV!H37,MT!H37,NL!H37,PL!H37,PT!H37,RO!H37,SE!H37,SI!H37,SK!H37) -> 8802.234 | I37: =SUM(AT!I37,BE!I37,BG!I37,CY!I37,CZ!I37,DE!I37,DK!I37,EE!I37,EL!I37,ES!I37,FI!I37,FR!I37,HR!I37,HU!I37,IE!I37,IT!I37,LT!I37,LU!I37,LV!I37,MT!I37,NL!I37,PL!I37,PT!I37,RO!I37,SE!I37,SI!I37,SK!I37) -> 8999.835 | ... W37: =SUM(AT!W37,BE!W37,BG!W37,CY!W37,CZ!W37,DE!W37,DK!W37,EE!W37,EL!W37,ES!W37,FI!W37,FR!W37,HR!W37,HU!W37,IE!W37,IT!W37,LT!W37,LU!W37,LV!W37,MT!W37,NL!W37,PL!W37,PT!W37,RO!W37,SE!W37,SI!W37,SK!W37) -> 7717.652
A38: 2.E - Electronics Industry | B38: =SUM(AT!B38,BE!B38,BG!B38,CY!B38,CZ!B38,DE!B38,DK!B38,EE!B38,EL!B38,ES!B38,FI!B38,FR!B38,HR!B38,HU!B38,IE!B38,IT!B38,LT!B38,LU!B38,LV!B38,MT!B38,NL!B38,PL!B38,PT!B38,RO!B38,SE!B38,SI!B38,SK!B38) -> 0 | C38: =SUM(AT!C38,BE!C38,BG!C38,CY!C38,CZ!C38,DE!C38,DK!C38,EE!C38,EL!C38,ES!C38,FI!C38,FR!C38,HR!C38,HU!C38,IE!C38,IT!C38,LT!C38,LU!C38,LV!C38,MT!C38,NL!C38,PL!C38,PT!C38,RO!C38,SE!C38,SI!C38,SK!C38) -> 0 | D38: =SUM(AT!D38,BE!D38,BG!D38,CY!D38,CZ!D38,DE!D38,DK!D38,EE!D38,EL!D38,ES!D38,FI!D38,FR!D38,HR!D38,HU!D38,IE!D38,IT!D38,LT!D38,LU!D38,LV!D38,MT!D38,NL!D38,PL!D38,PT!D38,RO!D38,SE!D38,SI!D38,SK!D38) -> 0 | E38: =SUM(AT!E38,BE!E38,BG!E38,CY!E38,CZ!E38,DE!E38,DK!E38,EE!E38,EL!E38,ES!E38,FI!E38,FR!E38,HR!E38,HU!E38,IE!E38,IT!E38,LT!E38,LU!E38,LV!E38,MT!E38,NL!E38,PL!E38,PT!E38,RO!E38,SE!E38,SI!E38,SK!E38) -> 0 | F38: =SUM(AT!F38,BE!F38,BG!F38,CY!F38,CZ!F38,DE!F38,DK!F38,EE!F38,EL!F38,ES!F38,FI!F38,FR!F38,HR!F38,HU!F38,IE!F38,IT!F38,LT!F38,LU!F38,LV!F38,MT!F38,NL!F38,PL!F38,PT!F38,RO!F38,SE!F38,SI!F38,SK!F38) -> 0 | G38: =SUM(AT!G38,BE!G38,BG!G38,CY!G38,CZ!G38,DE!G38,DK!G38,EE!G38,EL!G38,ES!G38,FI!G38,FR!G38,HR!G38,HU!G38,IE!G38,IT!G38,LT!G38,LU!G38,LV!G38,MT!G38,NL!G38,PL!G38,PT!G38,RO!G38,SE!G38,SI!G38,SK!G38) -> 0 | H38: =SUM(AT!H38,BE!H38,BG!H38,CY!H38,CZ!H38,DE!H38,DK!H38,EE!H38,EL!H38,ES!H38,FI!H38,FR!H38,HR!H38,HU!H38,IE!H38,IT!H38,LT!H38,LU!H38,LV!H38,MT!H38,NL!H38,PL!H38,PT!H38,RO!H38,SE!H38,SI!H38,SK!H38) -> 0 | I38: =SUM(AT!I38,BE!I38,BG!I38,CY!I38,CZ!I38,DE!I38,DK!I38,EE!I38,EL!I38,ES!I38,FI!I38,FR!I38,HR!I38,HU!I38,IE!I38,IT!I38,LT!I38,LU!I38,LV!I38,MT!I38,NL!I38,PL!I38,PT!I38,RO!I38,SE!I38,SI!I38,SK!I38) -> 0 | ... W38: =SUM(AT!W38,BE!W38,BG!W38,CY!W38,CZ!W38,DE!W38,DK!W38,EE!W38,EL!W38,ES!W38,FI!W38,FR!W38,HR!W38,HU!W38,IE!W38,IT!W38,LT!W38,LU!W38,LV!W38,MT!W38,NL!W38,PL!W38,PT!W38,RO!W38,SE!W38,SI!W38,SK!W38) -> 0
A39: 2.F - Product Uses as Substitutes for ODS | B39: =SUM(AT!B39,BE!B39,BG!B39,CY!B39,CZ!B39,DE!B39,DK!B39,EE!B39,EL!B39,ES!B39,FI!B39,FR!B39,HR!B39,HU!B39,IE!B39,IT!B39,LT!B39,LU!B39,LV!B39,MT!B39,NL!B39,PL!B39,PT!B39,RO!B39,SE!B39,SI!B39,SK!B39) -> 0 | C39: =SUM(AT!C39,BE!C39,BG!C39,CY!C39,CZ!C39,DE!C39,DK!C39,EE!C39,EL!C39,ES!C39,FI!C39,FR!C39,HR!C39,HU!C39,IE!C39,IT!C39,LT!C39,LU!C39,LV!C39,MT!C39,NL!C39,PL!C39,PT!C39,RO!C39,SE!C39,SI!C39,SK!C39) -> 0 | D39: =SUM(AT!D39,BE!D39,BG!D39,CY!D39,CZ!D39,DE!D39,DK!D39,EE!D39,EL!D39,ES!D39,FI!D39,FR!D39,HR!D39,HU!D39,IE!D39,IT!D39,LT!D39,LU!D39,LV!D39,MT!D39,NL!D39,PL!D39,PT!D39,RO!D39,SE!D39,SI!D39,SK!D39) -> 0 | E39: =SUM(AT!E39,BE!E39,BG!E39,CY!E39,CZ!E39,DE!E39,DK!E39,EE!E39,EL!E39,ES!E39,FI!E39,FR!E39,HR!E39,HU!E39,IE!E39,IT!E39,LT!E39,LU!E39,LV!E39,MT!E39,NL!E39,PL!E39,PT!E39,RO!E39,SE!E39,SI!E39,SK!E39) -> 0 | F39: =SUM(AT!F39,BE!F39,BG!F39,CY!F39,CZ!F39,DE!F39,DK!F39,EE!F39,EL!F39,ES!F39,FI!F39,FR!F39,HR!F39,HU!F39,IE!F39,IT!F39,LT!F39,LU!F39,LV!F39,MT!F39,NL!F39,PL!F39,PT!F39,RO!F39,SE!F39,SI!F39,SK!F39) -> 0 | G39: =SUM(AT!G39,BE!G39,BG!G39,CY!G39,CZ!G39,DE!G39,DK!G39,EE!G39,EL!G39,ES!G39,FI!G39,FR!G39,HR!G39,HU!G39,IE!G39,IT!G39,LT!G39,LU!G39,LV!G39,MT!G39,NL!G39,PL!G39,PT!G39,RO!G39,SE!G39,SI!G39,SK!G39) -> 0 | H39: =SUM(AT!H39,BE!H39,BG!H39,CY!H39,CZ!H39,DE!H39,DK!H39,EE!H39,EL!H39,ES!H39,FI!H39,FR!H39,HR!H39,HU!H39,IE!H39,IT!H39,LT!H39,LU!H39,LV!H39,MT!H39,NL!H39,PL!H39,PT!H39,RO!H39,SE!H39,SI!H39,SK!H39) -> 0 | I39: =SUM(AT!I39,BE!I39,BG!I39,CY!I39,CZ!I39,DE!I39,DK!I39,EE!I39,EL!I39,ES!I39,FI!I39,FR!I39,HR!I39,HU!I39,IE!I39,IT!I39,LT!I39,LU!I39,LV!I39,MT!I39,NL!I39,PL!I39,PT!I39,RO!I39,SE!I39,SI!I39,SK!I39) -> 0 | ... W39: =SUM(AT!W39,BE!W39,BG!W39,CY!W39,CZ!W39,DE!W39,DK!W39,EE!W39,EL!W39,ES!W39,FI!W39,FR!W39,HR!W39,HU!W39,IE!W39,IT!W39,LT!W39,LU!W39,LV!W39,MT!W39,NL!W39,PL!W39,PT!W39,RO!W39,SE!W39,SI!W39,SK!W39) -> 0
A40: 2.G - Other Product Manufacture and Use | B40: =SUM(AT!B40,BE!B40,BG!B40,CY!B40,CZ!B40,DE!B40,DK!B40,EE!B40,EL!B40,ES!B40,FI!B40,FR!B40,HR!B40,HU!B40,IE!B40,IT!B40,LT!B40,LU!B40,LV!B40,MT!B40,NL!B40,PL!B40,PT!B40,RO!B40,SE!B40,SI!B40,SK!B40) -> 148.01159 | C40: =SUM(AT!C40,BE!C40,BG!C40,CY!C40,CZ!C40,DE!C40,DK!C40,EE!C40,EL!C40,ES!C40,FI!C40,FR!C40,HR!C40,HU!C40,IE!C40,IT!C40,LT!C40,LU!C40,LV!C40,MT!C40,NL!C40,PL!C40,PT!C40,RO!C40,SE!C40,SI!C40,SK!C40) -> 145.778 | D40: =SUM(AT!D40,BE!D40,BG!D40,CY!D40,CZ!D40,DE!D40,DK!D40,EE!D40,EL!D40,ES!D40,FI!D40,FR!D40,HR!D40,HU!D40,IE!D40,IT!D40,LT!D40,LU!D40,LV!D40,MT!D40,NL!D40,PL!D40,PT!D40,RO!D40,SE!D40,SI!D40,SK!D40) -> 156.75039 | E40: =SUM(AT!E40,BE!E40,BG!E40,CY!E40,CZ!E40,DE!E40,DK!E40,EE!E40,EL!E40,ES!E40,FI!E40,FR!E40,HR!E40,HU!E40,IE!E40,IT!E40,LT!E40,LU!E40,LV!E40,MT!E40,NL!E40,PL!E40,PT!E40,RO!E40,SE!E40,SI!E40,SK!E40) -> 163.60548 | F40: =SUM(AT!F40,BE!F40,BG!F40,CY!F40,CZ!F40,DE!F40,DK!F40,EE!F40,EL!F40,ES!F40,FI!F40,FR!F40,HR!F40,HU!F40,IE!F40,IT!F40,LT!F40,LU!F40,LV!F40,MT!F40,NL!F40,PL!F40,PT!F40,RO!F40,SE!F40,SI!F40,SK!F40) -> 166.83778 | G40: =SUM(AT!G40,BE!G40,BG!G40,CY!G40,CZ!G40,DE!G40,DK!G40,EE!G40,EL!G40,ES!G40,FI!G40,FR!G40,HR!G40,HU!G40,IE!G40,IT!G40,LT!G40,LU!G40,LV!G40,MT!G40,NL!G40,PL!G40,PT!G40,RO!G40,SE!G40,SI!G40,SK!G40) -> 174.63581 | H40: =SUM(AT!H40,BE!H40,BG!H40,CY!H40,CZ!H40,DE!H40,DK!H40,EE!H40,EL!H40,ES!H40,FI!H40,FR!H40,HR!H40,HU!H40,IE!H40,IT!H40,LT!H40,LU!H40,LV!H40,MT!H40,NL!H40,PL!H40,PT!H40,RO!H40,SE!H40,SI!H40,SK!H40) -> 172.51631 | I40: =SUM(AT!I40,BE!I40,BG!I40,CY!I40,CZ!I40,DE!I40,DK!I40,EE!I40,EL!I40,ES!I40,FI!I40,FR!I40,HR!I40,HU!I40,IE!I40,IT!I40,LT!I40,LU!I40,LV!I40,MT!I40,NL!I40,PL!I40,PT!I40,RO!I40,SE!I40,SI!I40,SK!I40) -> 168.41097 | ... W40: =SUM(AT!W40,BE!W40,BG!W40,CY!W40,CZ!W40,DE!W40,DK!W40,EE!W40,EL!W40,ES!W40,FI!W40,FR!W40,HR!W40,HU!W40,IE!W40,IT!W40,LT!W40,LU!W40,LV!W40,MT!W40,NL!W40,PL!W40,PT!W40,RO!W40,SE!W40,SI!W40,SK!W40) -> 122.77265
A41: 2.H - Other Industrial Process and Product Use | B41: =SUM(AT!B41,BE!B41,BG!B41,CY!B41,CZ!B41,DE!B41,DK!B41,EE!B41,EL!B41,ES!B41,FI!B41,FR!B41,HR!B41,HU!B41,IE!B41,IT!B41,LT!B41,LU!B41,LV!B41,MT!B41,NL!B41,PL!B41,PT!B41,RO!B41,SE!B41,SI!B41,SK!B41) -> 84.68698 | C41: =SUM(AT!C41,BE!C41,BG!C41,CY!C41,CZ!C41,DE!C41,DK!C41,EE!C41,EL!C41,ES!C41,FI!C41,FR!C41,HR!C41,HU!C41,IE!C41,IT!C41,LT!C41,LU!C41,LV!C41,MT!C41,NL!C41,PL!C41,PT!C41,RO!C41,SE!C41,SI!C41,SK!C41) -> 77.59801 | D41: =SUM(AT!D41,BE!D41,BG!D41,CY!D41,CZ!D41,DE!D41,DK!D41,EE!D41,EL!D41,ES!D41,FI!D41,FR!D41,HR!D41,HU!D41,IE!D41,IT!D41,LT!D41,LU!D41,LV!D41,MT!D41,NL!D41,PL!D41,PT!D41,RO!D41,SE!D41,SI!D41,SK!D41) -> 71.23245 | E41: =SUM(AT!E41,BE!E41,BG!E41,CY!E41,CZ!E41,DE!E41,DK!E41,EE!E41,EL!E41,ES!E41,FI!E41,FR!E41,HR!E41,HU!E41,IE!E41,IT!E41,LT!E41,LU!E41,LV!E41,MT!E41,NL!E41,PL!E41,PT!E41,RO!E41,SE!E41,SI!E41,SK!E41) -> 96.80726 | F41: =SUM(AT!F41,BE!F41,BG!F41,CY!F41,CZ!F41,DE!F41,DK!F41,EE!F41,EL!F41,ES!F41,FI!F41,FR!F41,HR!F41,HU!F41,IE!F41,IT!F41,LT!F41,LU!F41,LV!F41,MT!F41,NL!F41,PL!F41,PT!F41,RO!F41,SE!F41,SI!F41,SK!F41) -> 97.67053 | G41: =SUM(AT!G41,BE!G41,BG!G41,CY!G41,CZ!G41,DE!G41,DK!G41,EE!G41,EL!G41,ES!G41,FI!G41,FR!G41,HR!G41,HU!G41,IE!G41,IT!G41,LT!G41,LU!G41,LV!G41,MT!G41,NL!G41,PL!G41,PT!G41,RO!G41,SE!G41,SI!G41,SK!G41) -> 92.4141 | H41: =SUM(AT!H41,BE!H41,BG!H41,CY!H41,CZ!H41,DE!H41,DK!H41,EE!H41,EL!H41,ES!H41,FI!H41,FR!H41,HR!H41,HU!H41,IE!H41,IT!H41,LT!H41,LU!H41,LV!H41,MT!H41,NL!H41,PL!H41,PT!H41,RO!H41,SE!H41,SI!H41,SK!H41) -> 83.88593 | I41: =SUM(AT!I41,BE!I41,BG!I41,CY!I41,CZ!I41,DE!I41,DK!I41,EE!I41,EL!I41,ES!I41,FI!I41,FR!I41,HR!I41,HU!I41,IE!I41,IT!I41,LT!I41,LU!I41,LV!I41,MT!I41,NL!I41,PL!I41,PT!I41,RO!I41,SE!I41,SI!I41,SK!I41) -> 81.88453 | ... W41: =SUM(AT!W41,BE!W41,BG!W41,CY!W41,CZ!W41,DE!W41,DK!W41,EE!W41,EL!W41,ES!W41,FI!W41,FR!W41,HR!W41,HU!W41,IE!W41,IT!W41,LT!W41,LU!W41,LV!W41,MT!W41,NL!W41,PL!W41,PT!W41,RO!W41,SE!W41,SI!W41,SK!W41) -> 110.0074
A42: 3 - Agriculture | B42: =SUM(AT!B42,BE!B42,BG!B42,CY!B42,CZ!B42,DE!B42,DK!B42,EE!B42,EL!B42,ES!B42,FI!B42,FR!B42,HR!B42,HU!B42,IE!B42,IT!B42,LT!B42,LU!B42,LV!B42,MT!B42,NL!B42,PL!B42,PT!B42,RO!B42,SE!B42,SI!B42,SK!B42) -> 10220.279 | C42: =SUM(AT!C42,BE!C42,BG!C42,CY!C42,CZ!C42,DE!C42,DK!C42,EE!C42,EL!C42,ES!C42,FI!C42,FR!C42,HR!C42,HU!C42,IE!C42,IT!C42,LT!C42,LU!C42,LV!C42,MT!C42,NL!C42,PL!C42,PT!C42,RO!C42,SE!C42,SI!C42,SK!C42) -> 10028.103 | D42: =SUM(AT!D42,BE!D42,BG!D42,CY!D42,CZ!D42,DE!D42,DK!D42,EE!D42,EL!D42,ES!D42,FI!D42,FR!D42,HR!D42,HU!D42,IE!D42,IT!D42,LT!D42,LU!D42,LV!D42,MT!D42,NL!D42,PL!D42,PT!D42,RO!D42,SE!D42,SI!D42,SK!D42) -> 9717.3902 | E42: =SUM(AT!E42,BE!E42,BG!E42,CY!E42,CZ!E42,DE!E42,DK!E42,EE!E42,EL!E42,ES!E42,FI!E42,FR!E42,HR!E42,HU!E42,IE!E42,IT!E42,LT!E42,LU!E42,LV!E42,MT!E42,NL!E42,PL!E42,PT!E42,RO!E42,SE!E42,SI!E42,SK!E42) -> 9664.8731 | F42: =SUM(AT!F42,BE!F42,BG!F42,CY!F42,CZ!F42,DE!F42,DK!F42,EE!F42,EL!F42,ES!F42,FI!F42,FR!F42,HR!F42,HU!F42,IE!F42,IT!F42,LT!F42,LU!F42,LV!F42,MT!F42,NL!F42,PL!F42,PT!F42,RO!F42,SE!F42,SI!F42,SK!F42) -> 9333.0039 | G42: =SUM(AT!G42,BE!G42,BG!G42,CY!G42,CZ!G42,DE!G42,DK!G42,EE!G42,EL!G42,ES!G42,FI!G42,FR!G42,HR!G42,HU!G42,IE!G42,IT!G42,LT!G42,LU!G42,LV!G42,MT!G42,NL!G42,PL!G42,PT!G42,RO!G42,SE!G42,SI!G42,SK!G42) -> 9167.7674 | H42: =SUM(AT!H42,BE!H42,BG!H42,CY!H42,CZ!H42,DE!H42,DK!H42,EE!H42,EL!H42,ES!H42,FI!H42,FR!H42,HR!H42,HU!H42,IE!H42,IT!H42,LT!H42,LU!H42,LV!H42,MT!H42,NL!H42,PL!H42,PT!H42,RO!H42,SE!H42,SI!H42,SK!H42) -> 8785.2396 | I42: =SUM(AT!I42,BE!I42,BG!I42,CY!I42,CZ!I42,DE!I42,DK!I42,EE!I42,EL!I42,ES!I42,FI!I42,FR!I42,HR!I42,HU!I42,IE!I42,IT!I42,LT!I42,LU!I42,LV!I42,MT!I42,NL!I42,PL!I42,PT!I42,RO!I42,SE!I42,SI!I42,SK!I42) -> 8865.0192 | ... W42: =SUM(AT!W42,BE!W42,BG!W42,CY!W42,CZ!W42,DE!W42,DK!W42,EE!W42,EL!W42,ES!W42,FI!W42,FR!W42,HR!W42,HU!W42,IE!W42,IT!W42,LT!W42,LU!W42,LV!W42,MT!W42,NL!W42,PL!W42,PT!W42,RO!W42,SE!W42,SI!W42,SK!W42) -> 9818.573
A43: 5 - Waste management | B43: =SUM(AT!B43,BE!B43,BG!B43,CY!B43,CZ!B43,DE!B43,DK!B43,EE!B43,EL!B43,ES!B43,FI!B43,FR!B43,HR!B43,HU!B43,IE!B43,IT!B43,LT!B43,LU!B43,LV!B43,MT!B43,NL!B43,PL!B43,PT!B43,RO!B43,SE!B43,SI!B43,SK!B43) -> 2890.7281 | C43: =SUM(AT!C43,BE!C43,BG!C43,CY!C43,CZ!C43,DE!C43,DK!C43,EE!C43,EL!C43,ES!C43,FI!C43,FR!C43,HR!C43,HU!C43,IE!C43,IT!C43,LT!C43,LU!C43,LV!C43,MT!C43,NL!C43,PL!C43,PT!C43,RO!C43,SE!C43,SI!C43,SK!C43) -> 2850.202 | D43: =SUM(AT!D43,BE!D43,BG!D43,CY!D43,CZ!D43,DE!D43,DK!D43,EE!D43,EL!D43,ES!D43,FI!D43,FR!D43,HR!D43,HU!D43,IE!D43,IT!D43,LT!D43,LU!D43,LV!D43,MT!D43,NL!D43,PL!D43,PT!D43,RO!D43,SE!D43,SI!D43,SK!D43) -> 3065.393 | E43: =SUM(AT!E43,BE!E43,BG!E43,CY!E43,CZ!E43,DE!E43,DK!E43,EE!E43,EL!E43,ES!E43,FI!E43,FR!E43,HR!E43,HU!E43,IE!E43,IT!E43,LT!E43,LU!E43,LV!E43,MT!E43,NL!E43,PL!E43,PT!E43,RO!E43,SE!E43,SI!E43,SK!E43) -> 3183.1404 | F43: =SUM(AT!F43,BE!F43,BG!F43,CY!F43,CZ!F43,DE!F43,DK!F43,EE!F43,EL!F43,ES!F43,FI!F43,FR!F43,HR!F43,HU!F43,IE!F43,IT!F43,LT!F43,LU!F43,LV!F43,MT!F43,NL!F43,PL!F43,PT!F43,RO!F43,SE!F43,SI!F43,SK!F43) -> 3045.6477 | G43: =SUM(AT!G43,BE!G43,BG!G43,CY!G43,CZ!G43,DE!G43,DK!G43,EE!G43,EL!G43,ES!G43,FI!G43,FR!G43,HR!G43,HU!G43,IE!G43,IT!G43,LT!G43,LU!G43,LV!G43,MT!G43,NL!G43,PL!G43,PT!G43,RO!G43,SE!G43,SI!G43,SK!G43) -> 3179.1334 | H43: =SUM(AT!H43,BE!H43,BG!H43,CY!H43,CZ!H43,DE!H43,DK!H43,EE!H43,EL!H43,ES!H43,FI!H43,FR!H43,HR!H43,HU!H43,IE!H43,IT!H43,LT!H43,LU!H43,LV!H43,MT!H43,NL!H43,PL!H43,PT!H43,RO!H43,SE!H43,SI!H43,SK!H43) -> 3268.1483 | I43: =SUM(AT!I43,BE!I43,BG!I43,CY!I43,CZ!I43,DE!I43,DK!I43,EE!I43,EL!I43,ES!I43,FI!I43,FR!I43,HR!I43,HU!I43,IE!I43,IT!I43,LT!I43,LU!I43,LV!I43,MT!I43,NL!I43,PL!I43,PT!I43,RO!I43,SE!I43,SI!I43,SK!I43) -> 3134.8575 | ... W43: =SUM(AT!W43,BE!W43,BG!W43,CY!W43,CZ!W43,DE!W43,DK!W43,EE!W43,EL!W43,ES!W43,FI!W43,FR!W43,HR!W43,HU!W43,IE!W43,IT!W43,LT!W43,LU!W43,LV!W43,MT!W43,NL!W43,PL!W43,PT!W43,RO!W43,SE!W43,SI!W43,SK!W43) -> 2701.1906
A44: 6 - Other Sector | B44: =SUM(AT!B44,BE!B44,BG!B44,CY!B44,CZ!B44,DE!B44,DK!B44,EE!B44,EL!B44,ES!B44,FI!B44,FR!B44,HR!B44,HU!B44,IE!B44,IT!B44,LT!B44,LU!B44,LV!B44,MT!B44,NL!B44,PL!B44,PT!B44,RO!B44,SE!B44,SI!B44,SK!B44) -> 0 | C44: =SUM(AT!C44,BE!C44,BG!C44,CY!C44,CZ!C44,DE!C44,DK!C44,EE!C44,EL!C44,ES!C44,FI!C44,FR!C44,HR!C44,HU!C44,IE!C44,IT!C44,LT!C44,LU!C44,LV!C44,MT!C44,NL!C44,PL!C44,PT!C44,RO!C44,SE!C44,SI!C44,SK!C44) -> 0 | D44: =SUM(AT!D44,BE!D44,BG!D44,CY!D44,CZ!D44,DE!D44,DK!D44,EE!D44,EL!D44,ES!D44,FI!D44,FR!D44,HR!D44,HU!D44,IE!D44,IT!D44,LT!D44,LU!D44,LV!D44,MT!D44,NL!D44,PL!D44,PT!D44,RO!D44,SE!D44,SI!D44,SK!D44) -> 0 | E44: =SUM(AT!E44,BE!E44,BG!E44,CY!E44,CZ!E44,DE!E44,DK!E44,EE!E44,EL!E44,ES!E44,FI!E44,FR!E44,HR!E44,HU!E44,IE!E44,IT!E44,LT!E44,LU!E44,LV!E44,MT!E44,NL!E44,PL!E44,PT!E44,RO!E44,SE!E44,SI!E44,SK!E44) -> 0 | F44: =SUM(AT!F44,BE!F44,BG!F44,CY!F44,CZ!F44,DE!F44,DK!F44,EE!F44,EL!F44,ES!F44,FI!F44,FR!F44,HR!F44,HU!F44,IE!F44,IT!F44,LT!F44,LU!F44,LV!F44,MT!F44,NL!F44,PL!F44,PT!F44,RO!F44,SE!F44,SI!F44,SK!F44) -> 0 | G44: =SUM(AT!G44,BE!G44,BG!G44,CY!G44,CZ!G44,DE!G44,DK!G44,EE!G44,EL!G44,ES!G44,FI!G44,FR!G44,HR!G44,HU!G44,IE!G44,IT!G44,LT!G44,LU!G44,LV!G44,MT!G44,NL!G44,PL!G44,PT!G44,RO!G44,SE!G44,SI!G44,SK!G44) -> 0 | H44: =SUM(AT!H44,BE!H44,BG!H44,CY!H44,CZ!H44,DE!H44,DK!H44,EE!H44,EL!H44,ES!H44,FI!H44,FR!H44,HR!H44,HU!H44,IE!H44,IT!H44,LT!H44,LU!H44,LV!H44,MT!H44,NL!H44,PL!H44,PT!H44,RO!H44,SE!H44,SI!H44,SK!H44) -> 0 | I44: =SUM(AT!I44,BE!I44,BG!I44,CY!I44,CZ!I44,DE!I44,DK!I44,EE!I44,EL!I44,ES!I44,FI!I44,FR!I44,HR!I44,HU!I44,IE!I44,IT!I44,LT!I44,LU!I44,LV!I44,MT!I44,NL!I44,PL!I44,PT!I44,RO!I44,SE!I44,SI!I44,SK!I44) -> 0 | ... W44: =SUM(AT!W44,BE!W44,BG!W44,CY!W44,CZ!W44,DE!W44,DK!W44,EE!W44,EL!W44,ES!W44,FI!W44,FR!W44,HR!W44,HU!W44,IE!W44,IT!W44,LT!W44,LU!W44,LV!W44,MT!W44,NL!W44,PL!W44,PT!W44,RO!W44,SE!W44,SI!W44,SK!W44) -> 0
A45: 1.D.1 - International Bunkers | B45: =SUM(B46:B47) -> 211005.37 | C45: =SUM(C46:C47) -> 214805.47 | D45: =SUM(D46:D47) -> 218543.67 | E45: =SUM(E46:E47) -> 224902.36 | F45: =SUM(F46:F47) -> 237821.11 | G45: =SUM(G46:G47) -> 247486.64 | H45: =SUM(H46:H47) -> 263223.25 | I45: =SUM(I46:I47) -> 274952.86 | ... W45: =SUM(W46:W47) -> 196134.31
A46: 1.D.1.a - International Aviation | B46: =SUM(AT!B46,BE!B46,BG!B46,CY!B46,CZ!B46,DE!B46,DK!B46,EE!B46,EL!B46,ES!B46,FI!B46,FR!B46,HR!B46,HU!B46,IE!B46,IT!B46,LT!B46,LU!B46,LV!B46,MT!B46,NL!B46,PL!B46,PT!B46,RO!B46,SE!B46,SI!B46,SK!B46) -> 84340.447 | C46: =SUM(AT!C46,BE!C46,BG!C46,CY!C46,CZ!C46,DE!C46,DK!C46,EE!C46,EL!C46,ES!C46,FI!C46,FR!C46,HR!C46,HU!C46,IE!C46,IT!C46,LT!C46,LU!C46,LV!C46,MT!C46,NL!C46,PL!C46,PT!C46,RO!C46,SE!C46,SI!C46,SK!C46) -> 83598.387 | D46: =SUM(AT!D46,BE!D46,BG!D46,CY!D46,CZ!D46,DE!D46,DK!D46,EE!D46,EL!D46,ES!D46,FI!D46,FR!D46,HR!D46,HU!D46,IE!D46,IT!D46,LT!D46,LU!D46,LV!D46,MT!D46,NL!D46,PL!D46,PT!D46,RO!D46,SE!D46,SI!D46,SK!D46) -> 81229.38 | E46: =SUM(AT!E46,BE!E46,BG!E46,CY!E46,CZ!E46,DE!E46,DK!E46,EE!E46,EL!E46,ES!E46,FI!E46,FR!E46,HR!E46,HU!E46,IE!E46,IT!E46,LT!E46,LU!E46,LV!E46,MT!E46,NL!E46,PL!E46,PT!E46,RO!E46,SE!E46,SI!E46,SK!E46) -> 84785.622 | F46: =SUM(AT!F46,BE!F46,BG!F46,CY!F46,CZ!F46,DE!F46,DK!F46,EE!F46,EL!F46,ES!F46,FI!F46,FR!F46,HR!F46,HU!F46,IE!F46,IT!F46,LT!F46,LU!F46,LV!F46,MT!F46,NL!F46,PL!F46,PT!F46,RO!F46,SE!F46,SI!F46,SK!F46) -> 89741.862 | G46: =SUM(AT!G46,BE!G46,BG!G46,CY!G46,CZ!G46,DE!G46,DK!G46,EE!G46,EL!G46,ES!G46,FI!G46,FR!G46,HR!G46,HU!G46,IE!G46,IT!G46,LT!G46,LU!G46,LV!G46,MT!G46,NL!G46,PL!G46,PT!G46,RO!G46,SE!G46,SI!G46,SK!G46) -> 95333.111 | H46: =SUM(AT!H46,BE!H46,BG!H46,CY!H46,CZ!H46,DE!H46,DK!H46,EE!H46,EL!H46,ES!H46,FI!H46,FR!H46,HR!H46,HU!H46,IE!H46,IT!H46,LT!H46,LU!H46,LV!H46,MT!H46,NL!H46,PL!H46,PT!H46,RO!H46,SE!H46,SI!H46,SK!H46) -> 100364.06 | I46: =SUM(AT!I46,BE!I46,BG!I46,CY!I46,CZ!I46,DE!I46,DK!I46,EE!I46,EL!I46,ES!I46,FI!I46,FR!I46,HR!I46,HU!I46,IE!I46,IT!I46,LT!I46,LU!I46,LV!I46,MT!I46,NL!I46,PL!I46,PT!I46,RO!I46,SE!I46,SI!I46,SK!I46) -> 104994.52 | ... W46: =SUM(AT!W46,BE!W46,BG!W46,CY!W46,CZ!W46,DE!W46,DK!W46,EE!W46,EL!W46,ES!W46,FI!W46,FR!W46,HR!W46,HU!W46,IE!W46,IT!W46,LT!W46,LU!W46,LV!W46,MT!W46,NL!W46,PL!W46,PT!W46,RO!W46,SE!W46,SI!W46,SK!W46) -> 68533.679
A47: 1.D.1.b - International Navigation | B47: =SUM(AT!B47,BE!B47,BG!B47,CY!B47,CZ!B47,DE!B47,DK!B47,EE!B47,EL!B47,ES!B47,FI!B47,FR!B47,HR!B47,HU!B47,IE!B47,IT!B47,LT!B47,LU!B47,LV!B47,MT!B47,NL!B47,PL!B47,PT!B47,RO!B47,SE!B47,SI!B47,SK!B47) -> 126664.93 | C47: =SUM(AT!C47,BE!C47,BG!C47,CY!C47,CZ!C47,DE!C47,DK!C47,EE!C47,EL!C47,ES!C47,FI!C47,FR!C47,HR!C47,HU!C47,IE!C47,IT!C47,LT!C47,LU!C47,LV!C47,MT!C47,NL!C47,PL!C47,PT!C47,RO!C47,SE!C47,SI!C47,SK!C47) -> 131207.08 | D47: =SUM(AT!D47,BE!D47,BG!D47,CY!D47,CZ!D47,DE!D47,DK!D47,EE!D47,EL!D47,ES!D47,FI!D47,FR!D47,HR!D47,HU!D47,IE!D47,IT!D47,LT!D47,LU!D47,LV!D47,MT!D47,NL!D47,PL!D47,PT!D47,RO!D47,SE!D47,SI!D47,SK!D47) -> 137314.29 | E47: =SUM(AT!E47,BE!E47,BG!E47,CY!E47,CZ!E47,DE!E47,DK!E47,EE!E47,EL!E47,ES!E47,FI!E47,FR!E47,HR!E47,HU!E47,IE!E47,IT!E47,LT!E47,LU!E47,LV!E47,MT!E47,NL!E47,PL!E47,PT!E47,RO!E47,SE!E47,SI!E47,SK!E47) -> 140116.74 | F47: =SUM(AT!F47,BE!F47,BG!F47,CY!F47,CZ!F47,DE!F47,DK!F47,EE!F47,EL!F47,ES!F47,FI!F47,FR!F47,HR!F47,HU!F47,IE!F47,IT!F47,LT!F47,LU!F47,LV!F47,MT!F47,NL!F47,PL!F47,PT!F47,RO!F47,SE!F47,SI!F47,SK!F47) -> 148079.25 | G47: =SUM(AT!G47,BE!G47,BG!G47,CY!G47,CZ!G47,DE!G47,DK!G47,EE!G47,EL!G47,ES!G47,FI!G47,FR!G47,HR!G47,HU!G47,IE!G47,IT!G47,LT!G47,LU!G47,LV!G47,MT!G47,NL!G47,PL!G47,PT!G47,RO!G47,SE!G47,SI!G47,SK!G47) -> 152153.53 | H47: =SUM(AT!H47,BE!H47,BG!H47,CY!H47,CZ!H47,DE!H47,DK!H47,EE!H47,EL!H47,ES!H47,FI!H47,FR!H47,HR!H47,HU!H47,IE!H47,IT!H47,LT!H47,LU!H47,LV!H47,MT!H47,NL!H47,PL!H47,PT!H47,RO!H47,SE!H47,SI!H47,SK!H47) -> 162859.19 | I47: =SUM(AT!I47,BE!I47,BG!I47,CY!I47,CZ!I47,DE!I47,DK!I47,EE!I47,EL!I47,ES!I47,FI!I47,FR!I47,HR!I47,HU!I47,IE!I47,IT!I47,LT!I47,LU!I47,LV!I47,MT!I47,NL!I47,PL!I47,PT!I47,RO!I47,SE!I47,SI!I47,SK!I47) -> 169958.34 | ... W47: =SUM(AT!W47,BE!W47,BG!W47,CY!W47,CZ!W47,DE!W47,DK!W47,EE!W47,EL!W47,ES!W47,FI!W47,FR!W47,HR!W47,HU!W47,IE!W47,IT!W47,LT!W47,LU!W47,LV!W47,MT!W47,NL!W47,PL!W47,PT!W47,RO!W47,SE!W47,SI!W47,SK!W47) -> 127600.63
A49: JRC-IDEES CO2 emissions (kt CO2) | B49: =SUM(B50,B84,B89,B90,B91,B92) -> 3830190.7 | C49: =SUM(C50,C84,C89,C90,C91,C92) -> 3876518.2 | D49: =SUM(D50,D84,D89,D90,D91,D92) -> 3883906.4 | E49: =SUM(E50,E84,E89,E90,E91,E92) -> 3980671.1 | F49: =SUM(F50,F84,F89,F90,F91,F92) -> 4009444.9 | G49: =SUM(G50,G84,G89,G90,G91,G92) -> 3995248.7 | H49: =SUM(H50,H84,H89,H90,H91,H92) -> 4027680.7 | I49: =SUM(I50,I84,I89,I90,I91,I92) -> 3988873.8 | ... W49: =SUM(W50,W84,W89,W90,W91,W92) -> 3046101.8
A50: Energy related emissions | B50: =SUM(B51,B82,B83) -> 3312139.6 | C50: =SUM(C51,C82,C83) -> 3367154.6 | D50: =SUM(D51,D82,D83) -> 3371707.7 | E50: =SUM(E51,E82,E83) -> 3454801.7 | F50: =SUM(F51,F82,F83) -> 3458974.1 | G50: =SUM(G51,G82,G83) -> 3440730.5 | H50: =SUM(H51,H82,H83) -> 3452697.9 | I50: =SUM(I51,I82,I83) -> 3398968.3 | ... W50: =SUM(W51,W82,W83) -> 2607022.2
A51: Fuel combustion related emissions | B51: =SUM(B52,B69,B75,B79) -> 3291326.7 | C51: =SUM(C52,C69,C75,C79) -> 3347472.9 | D51: =SUM(D52,D69,D75,D79) -> 3351367.1 | E51: =SUM(E52,E69,E75,E79) -> 3433459.3 | F51: =SUM(F52,F69,F75,F79) -> 3438888.5 | G51: =SUM(G52,G69,G75,G79) -> 3419796.3 | H51: =SUM(H52,H69,H75,H79) -> 3429819.6 | I51: =SUM(I52,I69,I75,I79) -> 3376295.5 | ... W51: =SUM(W52,W69,W75,W79) -> 2589246.5
A52: Energy and manifacturing industries and construction | B52: =SUM(B53,B57) -> 1895789.2 | C52: =SUM(C53,C57) -> 1903499.3 | D52: =SUM(D53,D57) -> 1923131.3 | E52: =SUM(E53,E57) -> 1973234.5 | F52: =SUM(F53,F57) -> 1960337.4 | G52: =SUM(G53,G57) -> 1942890.1 | H52: =SUM(H53,H57) -> 1947149.3 | I52: =SUM(I53,I57) -> 1965080.3 | ... W52: =SUM(W53,W57) -> 1324989.7
A53: Energy Industries & autoproducers | B53: =SUM(B54:B56) -> 1393818.6 | C53: =SUM(C54:C56) -> 1413463.5 | D53: =SUM(D54:D56) -> 1440018.2 | E53: =SUM(E54:E56) -> 1481872.7 | F53: =SUM(F54:F56) -> 1485094.1 | G53: =SUM(G54:G56) -> 1474257.9 | H53: =SUM(H54:H56) -> 1493881 | I53: =SUM(I54:I56) -> 1510536 | ... W53: =SUM(W54:W56) -> 956494.56
A54: Electricity & heat generation | B54: =SUM(AT!B54,BE!B54,BG!B54,CY!B54,CZ!B54,DE!B54,DK!B54,EE!B54,EL!B54,ES!B54,FI!B54,FR!B54,HR!B54,HU!B54,IE!B54,IT!B54,LT!B54,LU!B54,LV!B54,MT!B54,NL!B54,PL!B54,PT!B54,RO!B54,SE!B54,SI!B54,SK!B54) -> 1239023.6 | C54: =SUM(AT!C54,BE!C54,BG!C54,CY!C54,CZ!C54,DE!C54,DK!C54,EE!C54,EL!C54,ES!C54,FI!C54,FR!C54,HR!C54,HU!C54,IE!C54,IT!C54,LT!C54,LU!C54,LV!C54,MT!C54,NL!C54,PL!C54,PT!C54,RO!C54,SE!C54,SI!C54,SK!C54) -> 1262695 | D54: =SUM(AT!D54,BE!D54,BG!D54,CY!D54,CZ!D54,DE!D54,DK!D54,EE!D54,EL!D54,ES!D54,FI!D54,FR!D54,HR!D54,HU!D54,IE!D54,IT!D54,LT!D54,LU!D54,LV!D54,MT!D54,NL!D54,PL!D54,PT!D54,RO!D54,SE!D54,SI!D54,SK!D54) -> 1288298.4 | E54: =SUM(AT!E54,BE!E54,BG!E54,CY!E54,CZ!E54,DE!E54,DK!E54,EE!E54,EL!E54,ES!E54,FI!E54,FR!E54,HR!E54,HU!E54,IE!E54,IT!E54,LT!E54,LU!E54,LV!E54,MT!E54,NL!E54,PL!E54,PT!E54,RO!E54,SE!E54,SI!E54,SK!E54) -> 1333687.2 | F54: =SUM(AT!F54,BE!F54,BG!F54,CY!F54,CZ!F54,DE!F54,DK!F54,EE!F54,EL!F54,ES!F54,FI!F54,FR!F54,HR!F54,HU!F54,IE!F54,IT!F54,LT!F54,LU!F54,LV!F54,MT!F54,NL!F54,PL!F54,PT!F54,RO!F54,SE!F54,SI!F54,SK!F54) -> 1333357.5 | G54: =SUM(AT!G54,BE!G54,BG!G54,CY!G54,CZ!G54,DE!G54,DK!G54,EE!G54,EL!G54,ES!G54,FI!G54,FR!G54,HR!G54,HU!G54,IE!G54,IT!G54,LT!G54,LU!G54,LV!G54,MT!G54,NL!G54,PL!G54,PT!G54,RO!G54,SE!G54,SI!G54,SK!G54) -> 1322373.3 | H54: =SUM(AT!H54,BE!H54,BG!H54,CY!H54,CZ!H54,DE!H54,DK!H54,EE!H54,EL!H54,ES!H54,FI!H54,FR!H54,HR!H54,HU!H54,IE!H54,IT!H54,LT!H54,LU!H54,LV!H54,MT!H54,NL!H54,PL!H54,PT!H54,RO!H54,SE!H54,SI!H54,SK!H54) -> 1340756.5 | I54: =SUM(AT!I54,BE!I54,BG!I54,CY!I54,CZ!I54,DE!I54,DK!I54,EE!I54,EL!I54,ES!I54,FI!I54,FR!I54,HR!I54,HU!I54,IE!I54,IT!I54,LT!I54,LU!I54,LV!I54,MT!I54,NL!I54,PL!I54,PT!I54,RO!I54,SE!I54,SI!I54,SK!I54) -> 1355021.9 | ... W54: =SUM(AT!W54,BE!W54,BG!W54,CY!W54,CZ!W54,DE!W54,DK!W54,EE!W54,EL!W54,ES!W54,FI!W54,FR!W54,HR!W54,HU!W54,IE!W54,IT!W54,LT!W54,LU!W54,LV!W54,MT!W54,NL!W54,PL!W54,PT!W54,RO!W54,SE!W54,SI!W54,SK!W54) -> 824229.05
A55: Petroleum refineries (oil refineries) | B55: =SUM(AT!B55,BE!B55,BG!B55,CY!B55,CZ!B55,DE!B55,DK!B55,EE!B55,EL!B55,ES!B55,FI!B55,FR!B55,HR!B55,HU!B55,IE!B55,IT!B55,LT!B55,LU!B55,LV!B55,MT!B55,NL!B55,PL!B55,PT!B55,RO!B55,SE!B55,SI!B55,SK!B55) -> 102432.93 | C55: =SUM(AT!C55,BE!C55,BG!C55,CY!C55,CZ!C55,DE!C55,DK!C55,EE!C55,EL!C55,ES!C55,FI!C55,FR!C55,HR!C55,HU!C55,IE!C55,IT!C55,LT!C55,LU!C55,LV!C55,MT!C55,NL!C55,PL!C55,PT!C55,RO!C55,SE!C55,SI!C55,SK!C55) -> 102103.15 | D55: =SUM(AT!D55,BE!D55,BG!D55,CY!D55,CZ!D55,DE!D55,DK!D55,EE!D55,EL!D55,ES!D55,FI!D55,FR!D55,HR!D55,HU!D55,IE!D55,IT!D55,LT!D55,LU!D55,LV!D55,MT!D55,NL!D55,PL!D55,PT!D55,RO!D55,SE!D55,SI!D55,SK!D55) -> 101764.7 | E55: =SUM(AT!E55,BE!E55,BG!E55,CY!E55,CZ!E55,DE!E55,DK!E55,EE!E55,EL!E55,ES!E55,FI!E55,FR!E55,HR!E55,HU!E55,IE!E55,IT!E55,LT!E55,LU!E55,LV!E55,MT!E55,NL!E55,PL!E55,PT!E55,RO!E55,SE!E55,SI!E55,SK!E55) -> 98756.619 | F55: =SUM(AT!F55,BE!F55,BG!F55,CY!F55,CZ!F55,DE!F55,DK!F55,EE!F55,EL!F55,ES!F55,FI!F55,FR!F55,HR!F55,HU!F55,IE!F55,IT!F55,LT!F55,LU!F55,LV!F55,MT!F55,NL!F55,PL!F55,PT!F55,RO!F55,SE!F55,SI!F55,SK!F55) -> 101193.17 | G55: =SUM(AT!G55,BE!G55,BG!G55,CY!G55,CZ!G55,DE!G55,DK!G55,EE!G55,EL!G55,ES!G55,FI!G55,FR!G55,HR!G55,HU!G55,IE!G55,IT!G55,LT!G55,LU!G55,LV!G55,MT!G55,NL!G55,PL!G55,PT!G55,RO!G55,SE!G55,SI!G55,SK!G55) -> 101825.49 | H55: =SUM(AT!H55,BE!H55,BG!H55,CY!H55,CZ!H55,DE!H55,DK!H55,EE!H55,EL!H55,ES!H55,FI!H55,FR!H55,HR!H55,HU!H55,IE!H55,IT!H55,LT!H55,LU!H55,LV!H55,MT!H55,NL!H55,PL!H55,PT!H55,RO!H55,SE!H55,SI!H55,SK!H55) -> 105409.47 | I55: =SUM(AT!I55,BE!I55,BG!I55,CY!I55,CZ!I55,DE!I55,DK!I55,EE!I55,EL!I55,ES!I55,FI!I55,FR!I55,HR!I55,HU!I55,IE!I55,IT!I55,LT!I55,LU!I55,LV!I55,MT!I55,NL!I55,PL!I55,PT!I55,RO!I55,SE!I55,SI!I55,SK!I55) -> 107656.08 | ... W55: =SUM(AT!W55,BE!W55,BG!W55,CY!W55,CZ!W55,DE!W55,DK!W55,EE!W55,EL!W55,ES!W55,FI!W55,FR!W55,HR!W55,HU!W55,IE!W55,IT!W55,LT!W55,LU!W55,LV!W55,MT!W55,NL!W55,PL!W55,PT!W55,RO!W55,SE!W55,SI!W55,SK!W55) -> 86590.04
A56: Other energy industries | B56: =SUM(AT!B56,BE!B56,BG!B56,CY!B56,CZ!B56,DE!B56,DK!B56,EE!B56,EL!B56,ES!B56,FI!B56,FR!B56,HR!B56,HU!B56,IE!B56,IT!B56,LT!B56,LU!B56,LV!B56,MT!B56,NL!B56,PL!B56,PT!B56,RO!B56,SE!B56,SI!B56,SK!B56) -> 52362.029 | C56: =SUM(AT!C56,BE!C56,BG!C56,CY!C56,CZ!C56,DE!C56,DK!C56,EE!C56,EL!C56,ES!C56,FI!C56,FR!C56,HR!C56,HU!C56,IE!C56,IT!C56,LT!C56,LU!C56,LV!C56,MT!C56,NL!C56,PL!C56,PT!C56,RO!C56,SE!C56,SI!C56,SK!C56) -> 48665.328 | D56: =SUM(AT!D56,BE!D56,BG!D56,CY!D56,CZ!D56,DE!D56,DK!D56,EE!D56,EL!D56,ES!D56,FI!D56,FR!D56,HR!D56,HU!D56,IE!D56,IT!D56,LT!D56,LU!D56,LV!D56,MT!D56,NL!D56,PL!D56,PT!D56,RO!D56,SE!D56,SI!D56,SK!D56) -> 49955.132 | E56: =SUM(AT!E56,BE!E56,BG!E56,CY!E56,CZ!E56,DE!E56,DK!E56,EE!E56,EL!E56,ES!E56,FI!E56,FR!E56,HR!E56,HU!E56,IE!E56,IT!E56,LT!E56,LU!E56,LV!E56,MT!E56,NL!E56,PL!E56,PT!E56,RO!E56,SE!E56,SI!E56,SK!E56) -> 49428.882 | F56: =SUM(AT!F56,BE!F56,BG!F56,CY!F56,CZ!F56,DE!F56,DK!F56,EE!F56,EL!F56,ES!F56,FI!F56,FR!F56,HR!F56,HU!F56,IE!F56,IT!F56,LT!F56,LU!F56,LV!F56,MT!F56,NL!F56,PL!F56,PT!F56,RO!F56,SE!F56,SI!F56,SK!F56) -> 50543.399 | G56: =SUM(AT!G56,BE!G56,BG!G56,CY!G56,CZ!G56,DE!G56,DK!G56,EE!G56,EL!G56,ES!G56,FI!G56,FR!G56,HR!G56,HU!G56,IE!G56,IT!G56,LT!G56,LU!G56,LV!G56,MT!G56,NL!G56,PL!G56,PT!G56,RO!G56,SE!G56,SI!G56,SK!G56) -> 50059.169 | H56: =SUM(AT!H56,BE!H56,BG!H56,CY!H56,CZ!H56,DE!H56,DK!H56,EE!H56,EL!H56,ES!H56,FI!H56,FR!H56,HR!H56,HU!H56,IE!H56,IT!H56,LT!H56,LU!H56,LV!H56,MT!H56,NL!H56,PL!H56,PT!H56,RO!H56,SE!H56,SI!H56,SK!H56) -> 47715.033 | I56: =SUM(AT!I56,BE!I56,BG!I56,CY!I56,CZ!I56,DE!I56,DK!I56,EE!I56,EL!I56,ES!I56,FI!I56,FR!I56,HR!I56,HU!I56,IE!I56,IT!I56,LT!I56,LU!I56,LV!I56,MT!I56,NL!I56,PL!I56,PT!I56,RO!I56,SE!I56,SI!I56,SK!I56) -> 47857.932 | ... W56: =SUM(AT!W56,BE!W56,BG!W56,CY!W56,CZ!W56,DE!W56,DK!W56,EE!W56,EL!W56,ES!W56,FI!W56,FR!W56,HR!W56,HU!W56,IE!W56,IT!W56,LT!W56,LU!W56,LV!W56,MT!W56,NL!W56,PL!W56,PT!W56,RO!W56,SE!W56,SI!W56,SK!W56) -> 45675.475
A57: Industry sector | B57: =SUM(B58:B68) -> 501970.67 | C57: =SUM(C58:C68) -> 490035.81 | D57: =SUM(D58:D68) -> 483113.08 | E57: =SUM(E58:E68) -> 491361.82 | F57: =SUM(F58:F68) -> 475243.3 | G57: =SUM(G58:G68) -> 468632.22 | H57: =SUM(H58:H68) -> 453268.25 | I57: =SUM(I58:I68) -> 454544.29 | ... W57: =SUM(W58:W68) -> 368495.17
A58: Iron & steel | B58: =SUM(AT!B58,BE!B58,BG!B58,CY!B58,CZ!B58,DE!B58,DK!B58,EE!B58,EL!B58,ES!B58,FI!B58,FR!B58,HR!B58,HU!B58,IE!B58,IT!B58,LT!B58,LU!B58,LV!B58,MT!B58,NL!B58,PL!B58,PT!B58,RO!B58,SE!B58,SI!B58,SK!B58) -> 107937.71 | C58: =SUM(AT!C58,BE!C58,BG!C58,CY!C58,CZ!C58,DE!C58,DK!C58,EE!C58,EL!C58,ES!C58,FI!C58,FR!C58,HR!C58,HU!C58,IE!C58,IT!C58,LT!C58,LU!C58,LV!C58,MT!C58,NL!C58,PL!C58,PT!C58,RO!C58,SE!C58,SI!C58,SK!C58) -> 99534.522 | D58: =SUM(AT!D58,BE!D58,BG!D58,CY!D58,CZ!D58,DE!D58,DK!D58,EE!D58,EL!D58,ES!D58,FI!D58,FR!D58,HR!D58,HU!D58,IE!D58,IT!D58,LT!D58,LU!D58,LV!D58,MT!D58,NL!D58,PL!D58,PT!D58,RO!D58,SE!D58,SI!D58,SK!D58) -> 98568.604 | E58: =SUM(AT!E58,BE!E58,BG!E58,CY!E58,CZ!E58,DE!E58,DK!E58,EE!E58,EL!E58,ES!E58,FI!E58,FR!E58,HR!E58,HU!E58,IE!E58,IT!E58,LT!E58,LU!E58,LV!E58,MT!E58,NL!E58,PL!E58,PT!E58,RO!E58,SE!E58,SI!E58,SK!E58) -> 102816.77 | F58: =SUM(AT!F58,BE!F58,BG!F58,CY!F58,CZ!F58,DE!F58,DK!F58,EE!F58,EL!F58,ES!F58,FI!F58,FR!F58,HR!F58,HU!F58,IE!F58,IT!F58,LT!F58,LU!F58,LV!F58,MT!F58,NL!F58,PL!F58,PT!F58,RO!F58,SE!F58,SI!F58,SK!F58) -> 102061.07 | G58: =SUM(AT!G58,BE!G58,BG!G58,CY!G58,CZ!G58,DE!G58,DK!G58,EE!G58,EL!G58,ES!G58,FI!G58,FR!G58,HR!G58,HU!G58,IE!G58,IT!G58,LT!G58,LU!G58,LV!G58,MT!G58,NL!G58,PL!G58,PT!G58,RO!G58,SE!G58,SI!G58,SK!G58) -> 96242.231 | H58: =SUM(AT!H58,BE!H58,BG!H58,CY!H58,CZ!H58,DE!H58,DK!H58,EE!H58,EL!H58,ES!H58,FI!H58,FR!H58,HR!H58,HU!H58,IE!H58,IT!H58,LT!H58,LU!H58,LV!H58,MT!H58,NL!H58,PL!H58,PT!H58,RO!H58,SE!H58,SI!H58,SK!H58) -> 98324.81 | I58: =SUM(AT!I58,BE!I58,BG!I58,CY!I58,CZ!I58,DE!I58,DK!I58,EE!I58,EL!I58,ES!I58,FI!I58,FR!I58,HR!I58,HU!I58,IE!I58,IT!I58,LT!I58,LU!I58,LV!I58,MT!I58,NL!I58,PL!I58,PT!I58,RO!I58,SE!I58,SI!I58,SK!I58) -> 91896.785 | ... W58: =SUM(AT!W58,BE!W58,BG!W58,CY!W58,CZ!W58,DE!W58,DK!W58,EE!W58,EL!W58,ES!W58,FI!W58,FR!W58,HR!W58,HU!W58,IE!W58,IT!W58,LT!W58,LU!W58,LV!W58,MT!W58,NL!W58,PL!W58,PT!W58,RO!W58,SE!W58,SI!W58,SK!W58) -> 60068.329
A59: Non-ferrous metals | B59: =SUM(AT!B59,BE!B59,BG!B59,CY!B59,CZ!B59,DE!B59,DK!B59,EE!B59,EL!B59,ES!B59,FI!B59,FR!B59,HR!B59,HU!B59,IE!B59,IT!B59,LT!B59,LU!B59,LV!B59,MT!B59,NL!B59,PL!B59,PT!B59,RO!B59,SE!B59,SI!B59,SK!B59) -> 13912.45 | C59: =SUM(AT!C59,BE!C59,BG!C59,CY!C59,CZ!C59,DE!C59,DK!C59,EE!C59,EL!C59,ES!C59,FI!C59,FR!C59,HR!C59,HU!C59,IE!C59,IT!C59,LT!C59,LU!C59,LV!C59,MT!C59,NL!C59,PL!C59,PT!C59,RO!C59,SE!C59,SI!C59,SK!C59) -> 13274.462 | D59: =SUM(AT!D59,BE!D59,BG!D59,CY!D59,CZ!D59,DE!D59,DK!D59,EE!D59,EL!D59,ES!D59,FI!D59,FR!D59,HR!D59,HU!D59,IE!D59,IT!D59,LT!D59,LU!D59,LV!D59,MT!D59,NL!D59,PL!D59,PT!D59,RO!D59,SE!D59,SI!D59,SK!D59) -> 13640.568 | E59: =SUM(AT!E59,BE!E59,BG!E59,CY!E59,CZ!E59,DE!E59,DK!E59,EE!E59,EL!E59,ES!E59,FI!E59,FR!E59,HR!E59,HU!E59,IE!E59,IT!E59,LT!E59,LU!E59,LV!E59,MT!E59,NL!E59,PL!E59,PT!E59,RO!E59,SE!E59,SI!E59,SK!E59) -> 12967.982 | F59: =SUM(AT!F59,BE!F59,BG!F59,CY!F59,CZ!F59,DE!F59,DK!F59,EE!F59,EL!F59,ES!F59,FI!F59,FR!F59,HR!F59,HU!F59,IE!F59,IT!F59,LT!F59,LU!F59,LV!F59,MT!F59,NL!F59,PL!F59,PT!F59,RO!F59,SE!F59,SI!F59,SK!F59) -> 13043.626 | G59: =SUM(AT!G59,BE!G59,BG!G59,CY!G59,CZ!G59,DE!G59,DK!G59,EE!G59,EL!G59,ES!G59,FI!G59,FR!G59,HR!G59,HU!G59,IE!G59,IT!G59,LT!G59,LU!G59,LV!G59,MT!G59,NL!G59,PL!G59,PT!G59,RO!G59,SE!G59,SI!G59,SK!G59) -> 12650.66 | H59: =SUM(AT!H59,BE!H59,BG!H59,CY!H59,CZ!H59,DE!H59,DK!H59,EE!H59,EL!H59,ES!H59,FI!H59,FR!H59,HR!H59,HU!H59,IE!H59,IT!H59,LT!H59,LU!H59,LV!H59,MT!H59,NL!H59,PL!H59,PT!H59,RO!H59,SE!H59,SI!H59,SK!H59) -> 12128.81 | I59: =SUM(AT!I59,BE!I59,BG!I59,CY!I59,CZ!I59,DE!I59,DK!I59,EE!I59,EL!I59,ES!I59,FI!I59,FR!I59,HR!I59,HU!I59,IE!I59,IT!I59,LT!I59,LU!I59,LV!I59,MT!I59,NL!I59,PL!I59,PT!I59,RO!I59,SE!I59,SI!I59,SK!I59) -> 11697.154 | ... W59: =SUM(AT!W59,BE!W59,BG!W59,CY!W59,CZ!W59,DE!W59,DK!W59,EE!W59,EL!W59,ES!W59,FI!W59,FR!W59,HR!W59,HU!W59,IE!W59,IT!W59,LT!W59,LU!W59,LV!W59,MT!W59,NL!W59,PL!W59,PT!W59,RO!W59,SE!W59,SI!W59,SK!W59) -> 10647.635
A60: Chemical & petrochemical | B60: =SUM(AT!B60,BE!B60,BG!B60,CY!B60,CZ!B60,DE!B60,DK!B60,EE!B60,EL!B60,ES!B60,FI!B60,FR!B60,HR!B60,HU!B60,IE!B60,IT!B60,LT!B60,LU!B60,LV!B60,MT!B60,NL!B60,PL!B60,PT!B60,RO!B60,SE!B60,SI!B60,SK!B60) -> 80537.217 | C60: =SUM(AT!C60,BE!C60,BG!C60,CY!C60,CZ!C60,DE!C60,DK!C60,EE!C60,EL!C60,ES!C60,FI!C60,FR!C60,HR!C60,HU!C60,IE!C60,IT!C60,LT!C60,LU!C60,LV!C60,MT!C60,NL!C60,PL!C60,PT!C60,RO!C60,SE!C60,SI!C60,SK!C60) -> 80773.516 | D60: =SUM(AT!D60,BE!D60,BG!D60,CY!D60,CZ!D60,DE!D60,DK!D60,EE!D60,EL!D60,ES!D60,FI!D60,FR!D60,HR!D60,HU!D60,IE!D60,IT!D60,LT!D60,LU!D60,LV!D60,MT!D60,NL!D60,PL!D60,PT!D60,RO!D60,SE!D60,SI!D60,SK!D60) -> 81565.38 | E60: =SUM(AT!E60,BE!E60,BG!E60,CY!E60,CZ!E60,DE!E60,DK!E60,EE!E60,EL!E60,ES!E60,FI!E60,FR!E60,HR!E60,HU!E60,IE!E60,IT!E60,LT!E60,LU!E60,LV!E60,MT!E60,NL!E60,PL!E60,PT!E60,RO!E60,SE!E60,SI!E60,SK!E60) -> 86500.288 | F60: =SUM(AT!F60,BE!F60,BG!F60,CY!F60,CZ!F60,DE!F60,DK!F60,EE!F60,EL!F60,ES!F60,FI!F60,FR!F60,HR!F60,HU!F60,IE!F60,IT!F60,LT!F60,LU!F60,LV!F60,MT!F60,NL!F60,PL!F60,PT!F60,RO!F60,SE!F60,SI!F60,SK!F60) -> 78463.523 | G60: =SUM(AT!G60,BE!G60,BG!G60,CY!G60,CZ!G60,DE!G60,DK!G60,EE!G60,EL!G60,ES!G60,FI!G60,FR!G60,HR!G60,HU!G60,IE!G60,IT!G60,LT!G60,LU!G60,LV!G60,MT!G60,NL!G60,PL!G60,PT!G60,RO!G60,SE!G60,SI!G60,SK!G60) -> 77160.779 | H60: =SUM(AT!H60,BE!H60,BG!H60,CY!H60,CZ!H60,DE!H60,DK!H60,EE!H60,EL!H60,ES!H60,FI!H60,FR!H60,HR!H60,HU!H60,IE!H60,IT!H60,LT!H60,LU!H60,LV!H60,MT!H60,NL!H60,PL!H60,PT!H60,RO!H60,SE!H60,SI!H60,SK!H60) -> 72234.884 | I60: =SUM(AT!I60,BE!I60,BG!I60,CY!I60,CZ!I60,DE!I60,DK!I60,EE!I60,EL!I60,ES!I60,FI!I60,FR!I60,HR!I60,HU!I60,IE!I60,IT!I60,LT!I60,LU!I60,LV!I60,MT!I60,NL!I60,PL!I60,PT!I60,RO!I60,SE!I60,SI!I60,SK!I60) -> 76949.606 | ... W60: =SUM(AT!W60,BE!W60,BG!W60,CY!W60,CZ!W60,DE!W60,DK!W60,EE!W60,EL!W60,ES!W60,FI!W60,FR!W60,HR!W60,HU!W60,IE!W60,IT!W60,LT!W60,LU!W60,LV!W60,MT!W60,NL!W60,PL!W60,PT!W60,RO!W60,SE!W60,SI!W60,SK!W60) -> 77816.423
A61: Paper, pulp & printing | B61: =SUM(AT!B61,BE!B61,BG!B61,CY!B61,CZ!B61,DE!B61,DK!B61,EE!B61,EL!B61,ES!B61,FI!B61,FR!B61,HR!B61,HU!B61,IE!B61,IT!B61,LT!B61,LU!B61,LV!B61,MT!B61,NL!B61,PL!B61,PT!B61,RO!B61,SE!B61,SI!B61,SK!B61) -> 33692.112 | C61: =SUM(AT!C61,BE!C61,BG!C61,CY!C61,CZ!C61,DE!C61,DK!C61,EE!C61,EL!C61,ES!C61,FI!C61,FR!C61,HR!C61,HU!C61,IE!C61,IT!C61,LT!C61,LU!C61,LV!C61,MT!C61,NL!C61,PL!C61,PT!C61,RO!C61,SE!C61,SI!C61,SK!C61) -> 31840.825 | D61: =SUM(AT!D61,BE!D61,BG!D61,CY!D61,CZ!D61,DE!D61,DK!D61,EE!D61,EL!D61,ES!D61,FI!D61,FR!D61,HR!D61,HU!D61,IE!D61,IT!D61,LT!D61,LU!D61,LV!D61,MT!D61,NL!D61,PL!D61,PT!D61,RO!D61,SE!D61,SI!D61,SK!D61) -> 32090.994 | E61: =SUM(AT!E61,BE!E61,BG!E61,CY!E61,CZ!E61,DE!E61,DK!E61,EE!E61,EL!E61,ES!E61,FI!E61,FR!E61,HR!E61,HU!E61,IE!E61,IT!E61,LT!E61,LU!E61,LV!E61,MT!E61,NL!E61,PL!E61,PT!E61,RO!E61,SE!E61,SI!E61,SK!E61) -> 33467.594 | F61: =SUM(AT!F61,BE!F61,BG!F61,CY!F61,CZ!F61,DE!F61,DK!F61,EE!F61,EL!F61,ES!F61,FI!F61,FR!F61,HR!F61,HU!F61,IE!F61,IT!F61,LT!F61,LU!F61,LV!F61,MT!F61,NL!F61,PL!F61,PT!F61,RO!F61,SE!F61,SI!F61,SK!F61) -> 29624.605 | G61: =SUM(AT!G61,BE!G61,BG!G61,CY!G61,CZ!G61,DE!G61,DK!G61,EE!G61,EL!G61,ES!G61,FI!G61,FR!G61,HR!G61,HU!G61,IE!G61,IT!G61,LT!G61,LU!G61,LV!G61,MT!G61,NL!G61,PL!G61,PT!G61,RO!G61,SE!G61,SI!G61,SK!G61) -> 29859.566 | H61: =SUM(AT!H61,BE!H61,BG!H61,CY!H61,CZ!H61,DE!H61,DK!H61,EE!H61,EL!H61,ES!H61,FI!H61,FR!H61,HR!H61,HU!H61,IE!H61,IT!H61,LT!H61,LU!H61,LV!H61,MT!H61,NL!H61,PL!H61,PT!H61,RO!H61,SE!H61,SI!H61,SK!H61) -> 29023.838 | I61: =SUM(AT!I61,BE!I61,BG!I61,CY!I61,CZ!I61,DE!I61,DK!I61,EE!I61,EL!I61,ES!I61,FI!I61,FR!I61,HR!I61,HU!I61,IE!I61,IT!I61,LT!I61,LU!I61,LV!I61,MT!I61,NL!I61,PL!I61,PT!I61,RO!I61,SE!I61,SI!I61,SK!I61) -> 28379.268 | ... W61: =SUM(AT!W61,BE!W61,BG!W61,CY!W61,CZ!W61,DE!W61,DK!W61,EE!W61,EL!W61,ES!W61,FI!W61,FR!W61,HR!W61,HU!W61,IE!W61,IT!W61,LT!W61,LU!W61,LV!W61,MT!W61,NL!W61,PL!W61,PT!W61,RO!W61,SE!W61,SI!W61,SK!W61) -> 23875.569
A62: Food, beverages & tobacco | B62: =SUM(AT!B62,BE!B62,BG!B62,CY!B62,CZ!B62,DE!B62,DK!B62,EE!B62,EL!B62,ES!B62,FI!B62,FR!B62,HR!B62,HU!B62,IE!B62,IT!B62,LT!B62,LU!B62,LV!B62,MT!B62,NL!B62,PL!B62,PT!B62,RO!B62,SE!B62,SI!B62,SK!B62) -> 51166.588 | C62: =SUM(AT!C62,BE!C62,BG!C62,CY!C62,CZ!C62,DE!C62,DK!C62,EE!C62,EL!C62,ES!C62,FI!C62,FR!C62,HR!C62,HU!C62,IE!C62,IT!C62,LT!C62,LU!C62,LV!C62,MT!C62,NL!C62,PL!C62,PT!C62,RO!C62,SE!C62,SI!C62,SK!C62) -> 51835.489 | D62: =SUM(AT!D62,BE!D62,BG!D62,CY!D62,CZ!D62,DE!D62,DK!D62,EE!D62,EL!D62,ES!D62,FI!D62,FR!D62,HR!D62,HU!D62,IE!D62,IT!D62,LT!D62,LU!D62,LV!D62,MT!D62,NL!D62,PL!D62,PT!D62,RO!D62,SE!D62,SI!D62,SK!D62) -> 53406.48 | E62: =SUM(AT!E62,BE!E62,BG!E62,CY!E62,CZ!E62,DE!E62,DK!E62,EE!E62,EL!E62,ES!E62,FI!E62,FR!E62,HR!E62,HU!E62,IE!E62,IT!E62,LT!E62,LU!E62,LV!E62,MT!E62,NL!E62,PL!E62,PT!E62,RO!E62,SE!E62,SI!E62,SK!E62) -> 52863.474 | F62: =SUM(AT!F62,BE!F62,BG!F62,CY!F62,CZ!F62,DE!F62,DK!F62,EE!F62,EL!F62,ES!F62,FI!F62,FR!F62,HR!F62,HU!F62,IE!F62,IT!F62,LT!F62,LU!F62,LV!F62,MT!F62,NL!F62,PL!F62,PT!F62,RO!F62,SE!F62,SI!F62,SK!F62) -> 51121.078 | G62: =SUM(AT!G62,BE!G62,BG!G62,CY!G62,CZ!G62,DE!G62,DK!G62,EE!G62,EL!G62,ES!G62,FI!G62,FR!G62,HR!G62,HU!G62,IE!G62,IT!G62,LT!G62,LU!G62,LV!G62,MT!G62,NL!G62,PL!G62,PT!G62,RO!G62,SE!G62,SI!G62,SK!G62) -> 47383.36 | H62: =SUM(AT!H62,BE!H62,BG!H62,CY!H62,CZ!H62,DE!H62,DK!H62,EE!H62,EL!H62,ES!H62,FI!H62,FR!H62,HR!H62,HU!H62,IE!H62,IT!H62,LT!H62,LU!H62,LV!H62,MT!H62,NL!H62,PL!H62,PT!H62,RO!H62,SE!H62,SI!H62,SK!H62) -> 44069.757 | I62: =SUM(AT!I62,BE!I62,BG!I62,CY!I62,CZ!I62,DE!I62,DK!I62,EE!I62,EL!I62,ES!I62,FI!I62,FR!I62,HR!I62,HU!I62,IE!I62,IT!I62,LT!I62,LU!I62,LV!I62,MT!I62,NL!I62,PL!I62,PT!I62,RO!I62,SE!I62,SI!I62,SK!I62) -> 43822.877 | ... W62: =SUM(AT!W62,BE!W62,BG!W62,CY!W62,CZ!W62,DE!W62,DK!W62,EE!W62,EL!W62,ES!W62,FI!W62,FR!W62,HR!W62,HU!W62,IE!W62,IT!W62,LT!W62,LU!W62,LV!W62,MT!W62,NL!W62,PL!W62,PT!W62,RO!W62,SE!W62,SI!W62,SK!W62) -> 40826.857
A63: Non-metallic minerals | B63: =SUM(AT!B63,BE!B63,BG!B63,CY!B63,CZ!B63,DE!B63,DK!B63,EE!B63,EL!B63,ES!B63,FI!B63,FR!B63,HR!B63,HU!B63,IE!B63,IT!B63,LT!B63,LU!B63,LV!B63,MT!B63,NL!B63,PL!B63,PT!B63,RO!B63,SE!B63,SI!B63,SK!B63) -> 110573.64 | C63: =SUM(AT!C63,BE!C63,BG!C63,CY!C63,CZ!C63,DE!C63,DK!C63,EE!C63,EL!C63,ES!C63,FI!C63,FR!C63,HR!C63,HU!C63,IE!C63,IT!C63,LT!C63,LU!C63,LV!C63,MT!C63,NL!C63,PL!C63,PT!C63,RO!C63,SE!C63,SI!C63,SK!C63) -> 109338.94 | D63: =SUM(AT!D63,BE!D63,BG!D63,CY!D63,CZ!D63,DE!D63,DK!D63,EE!D63,EL!D63,ES!D63,FI!D63,FR!D63,HR!D63,HU!D63,IE!D63,IT!D63,LT!D63,LU!D63,LV!D63,MT!D63,NL!D63,PL!D63,PT!D63,RO!D63,SE!D63,SI!D63,SK!D63) -> 106205.82 | E63: =SUM(AT!E63,BE!E63,BG!E63,CY!E63,CZ!E63,DE!E63,DK!E63,EE!E63,EL!E63,ES!E63,FI!E63,FR!E63,HR!E63,HU!E63,IE!E63,IT!E63,LT!E63,LU!E63,LV!E63,MT!E63,NL!E63,PL!E63,PT!E63,RO!E63,SE!E63,SI!E63,SK!E63) -> 109812.81 | F63: =SUM(AT!F63,BE!F63,BG!F63,CY!F63,CZ!F63,DE!F63,DK!F63,EE!F63,EL!F63,ES!F63,FI!F63,FR!F63,HR!F63,HU!F63,IE!F63,IT!F63,LT!F63,LU!F63,LV!F63,MT!F63,NL!F63,PL!F63,PT!F63,RO!F63,SE!F63,SI!F63,SK!F63) -> 111979.08 | G63: =SUM(AT!G63,BE!G63,BG!G63,CY!G63,CZ!G63,DE!G63,DK!G63,EE!G63,EL!G63,ES!G63,FI!G63,FR!G63,HR!G63,HU!G63,IE!G63,IT!G63,LT!G63,LU!G63,LV!G63,MT!G63,NL!G63,PL!G63,PT!G63,RO!G63,SE!G63,SI!G63,SK!G63) -> 112040.24 | H63: =SUM(AT!H63,BE!H63,BG!H63,CY!H63,CZ!H63,DE!H63,DK!H63,EE!H63,EL!H63,ES!H63,FI!H63,FR!H63,HR!H63,HU!H63,IE!H63,IT!H63,LT!H63,LU!H63,LV!H63,MT!H63,NL!H63,PL!H63,PT!H63,RO!H63,SE!H63,SI!H63,SK!H63) -> 108838.85 | I63: =SUM(AT!I63,BE!I63,BG!I63,CY!I63,CZ!I63,DE!I63,DK!I63,EE!I63,EL!I63,ES!I63,FI!I63,FR!I63,HR!I63,HU!I63,IE!I63,IT!I63,LT!I63,LU!I63,LV!I63,MT!I63,NL!I63,PL!I63,PT!I63,RO!I63,SE!I63,SI!I63,SK!I63) -> 113317.1 | ... W63: =SUM(AT!W63,BE!W63,BG!W63,CY!W63,CZ!W63,DE!W63,DK!W63,EE!W63,EL!W63,ES!W63,FI!W63,FR!W63,HR!W63,HU!W63,IE!W63,IT!W63,LT!W63,LU!W63,LV!W63,MT!W63,NL!W63,PL!W63,PT!W63,RO!W63,SE!W63,SI!W63,SK!W63) -> 89069.268
A64: Transport equipment | B64: =SUM(AT!B64,BE!B64,BG!B64,CY!B64,CZ!B64,DE!B64,DK!B64,EE!B64,EL!B64,ES!B64,FI!B64,FR!B64,HR!B64,HU!B64,IE!B64,IT!B64,LT!B64,LU!B64,LV!B64,MT!B64,NL!B64,PL!B64,PT!B64,RO!B64,SE!B64,SI!B64,SK!B64) -> 9374.8241 | C64: =SUM(AT!C64,BE!C64,BG!C64,CY!C64,CZ!C64,DE!C64,DK!C64,EE!C64,EL!C64,ES!C64,FI!C64,FR!C64,HR!C64,HU!C64,IE!C64,IT!C64,LT!C64,LU!C64,LV!C64,MT!C64,NL!C64,PL!C64,PT!C64,RO!C64,SE!C64,SI!C64,SK!C64) -> 9737.1503 | D64: =SUM(AT!D64,BE!D64,BG!D64,CY!D64,CZ!D64,DE!D64,DK!D64,EE!D64,EL!D64,ES!D64,FI!D64,FR!D64,HR!D64,HU!D64,IE!D64,IT!D64,LT!D64,LU!D64,LV!D64,MT!D64,NL!D64,PL!D64,PT!D64,RO!D64,SE!D64,SI!D64,SK!D64) -> 8908.9941 | E64: =SUM(AT!E64,BE!E64,BG!E64,CY!E64,CZ!E64,DE!E64,DK!E64,EE!E64,EL!E64,ES!E64,FI!E64,FR!E64,HR!E64,HU!E64,IE!E64,IT!E64,LT!E64,LU!E64,LV!E64,MT!E64,NL!E64,PL!E64,PT!E64,RO!E64,SE!E64,SI!E64,SK!E64) -> 9427.0642 | F64: =SUM(AT!F64,BE!F64,BG!F64,CY!F64,CZ!F64,DE!F64,DK!F64,EE!F64,EL!F64,ES!F64,FI!F64,FR!F64,HR!F64,HU!F64,IE!F64,IT!F64,LT!F64,LU!F64,LV!F64,MT!F64,NL!F64,PL!F64,PT!F64,RO!F64,SE!F64,SI!F64,SK!F64) -> 9014.4596 | G64: =SUM(AT!G64,BE!G64,BG!G64,CY!G64,CZ!G64,DE!G64,DK!G64,EE!G64,EL!G64,ES!G64,FI!G64,FR!G64,HR!G64,HU!G64,IE!G64,IT!G64,LT!G64,LU!G64,LV!G64,MT!G64,NL!G64,PL!G64,PT!G64,RO!G64,SE!G64,SI!G64,SK!G64) -> 8019.1085 | H64: =SUM(AT!H64,BE!H64,BG!H64,CY!H64,CZ!H64,DE!H64,DK!H64,EE!H64,EL!H64,ES!H64,FI!H64,FR!H64,HR!H64,HU!H64,IE!H64,IT!H64,LT!H64,LU!H64,LV!H64,MT!H64,NL!H64,PL!H64,PT!H64,RO!H64,SE!H64,SI!H64,SK!H64) -> 7782.296 | I64: =SUM(AT!I64,BE!I64,BG!I64,CY!I64,CZ!I64,DE!I64,DK!I64,EE!I64,EL!I64,ES!I64,FI!I64,FR!I64,HR!I64,HU!I64,IE!I64,IT!I64,LT!I64,LU!I64,LV!I64,MT!I64,NL!I64,PL!I64,PT!I64,RO!I64,SE!I64,SI!I64,SK!I64) -> 7798.9191 | ... W64: =SUM(AT!W64,BE!W64,BG!W64,CY!W64,CZ!W64,DE!W64,DK!W64,EE!W64,EL!W64,ES!W64,FI!W64,FR!W64,HR!W64,HU!W64,IE!W64,IT!W64,LT!W64,LU!W64,LV!W64,MT!W64,NL!W64,PL!W64,PT!W64,RO!W64,SE!W64,SI!W64,SK!W64) -> 6431.2612
A65: Machinery | B65: =SUM(AT!B65,BE!B65,BG!B65,CY!B65,CZ!B65,DE!B65,DK!B65,EE!B65,EL!B65,ES!B65,FI!B65,FR!B65,HR!B65,HU!B65,IE!B65,IT!B65,LT!B65,LU!B65,LV!B65,MT!B65,NL!B65,PL!B65,PT!B65,RO!B65,SE!B65,SI!B65,SK!B65) -> 25565.326 | C65: =SUM(AT!C65,BE!C65,BG!C65,CY!C65,CZ!C65,DE!C65,DK!C65,EE!C65,EL!C65,ES!C65,FI!C65,FR!C65,HR!C65,HU!C65,IE!C65,IT!C65,LT!C65,LU!C65,LV!C65,MT!C65,NL!C65,PL!C65,PT!C65,RO!C65,SE!C65,SI!C65,SK!C65) -> 26270.17 | D65: =SUM(AT!D65,BE!D65,BG!D65,CY!D65,CZ!D65,DE!D65,DK!D65,EE!D65,EL!D65,ES!D65,FI!D65,FR!D65,HR!D65,HU!D65,IE!D65,IT!D65,LT!D65,LU!D65,LV!D65,MT!D65,NL!D65,PL!D65,PT!D65,RO!D65,SE!D65,SI!D65,SK!D65) -> 25603.35 | E65: =SUM(AT!E65,BE!E65,BG!E65,CY!E65,CZ!E65,DE!E65,DK!E65,EE!E65,EL!E65,ES!E65,FI!E65,FR!E65,HR!E65,HU!E65,IE!E65,IT!E65,LT!E65,LU!E65,LV!E65,MT!E65,NL!E65,PL!E65,PT!E65,RO!E65,SE!E65,SI!E65,SK!E65) -> 25277.544 | F65: =SUM(AT!F65,BE!F65,BG!F65,CY!F65,CZ!F65,DE!F65,DK!F65,EE!F65,EL!F65,ES!F65,FI!F65,FR!F65,HR!F65,HU!F65,IE!F65,IT!F65,LT!F65,LU!F65,LV!F65,MT!F65,NL!F65,PL!F65,PT!F65,RO!F65,SE!F65,SI!F65,SK!F65) -> 25173.855 | G65: =SUM(AT!G65,BE!G65,BG!G65,CY!G65,CZ!G65,DE!G65,DK!G65,EE!G65,EL!G65,ES!G65,FI!G65,FR!G65,HR!G65,HU!G65,IE!G65,IT!G65,LT!G65,LU!G65,LV!G65,MT!G65,NL!G65,PL!G65,PT!G65,RO!G65,SE!G65,SI!G65,SK!G65) -> 24712.454 | H65: =SUM(AT!H65,BE!H65,BG!H65,CY!H65,CZ!H65,DE!H65,DK!H65,EE!H65,EL!H65,ES!H65,FI!H65,FR!H65,HR!H65,HU!H65,IE!H65,IT!H65,LT!H65,LU!H65,LV!H65,MT!H65,NL!H65,PL!H65,PT!H65,RO!H65,SE!H65,SI!H65,SK!H65) -> 24547.119 | I65: =SUM(AT!I65,BE!I65,BG!I65,CY!I65,CZ!I65,DE!I65,DK!I65,EE!I65,EL!I65,ES!I65,FI!I65,FR!I65,HR!I65,HU!I65,IE!I65,IT!I65,LT!I65,LU!I65,LV!I65,MT!I65,NL!I65,PL!I65,PT!I65,RO!I65,SE!I65,SI!I65,SK!I65) -> 23899.232 | ... W65: =SUM(AT!W65,BE!W65,BG!W65,CY!W65,CZ!W65,DE!W65,DK!W65,EE!W65,EL!W65,ES!W65,FI!W65,FR!W65,HR!W65,HU!W65,IE!W65,IT!W65,LT!W65,LU!W65,LV!W65,MT!W65,NL!W65,PL!W65,PT!W65,RO!W65,SE!W65,SI!W65,SK!W65) -> 17084.443
A66: Textile & leather | B66: =SUM(AT!B66,BE!B66,BG!B66,CY!B66,CZ!B66,DE!B66,DK!B66,EE!B66,EL!B66,ES!B66,FI!B66,FR!B66,HR!B66,HU!B66,IE!B66,IT!B66,LT!B66,LU!B66,LV!B66,MT!B66,NL!B66,PL!B66,PT!B66,RO!B66,SE!B66,SI!B66,SK!B66) -> 16519.796 | C66: =SUM(AT!C66,BE!C66,BG!C66,CY!C66,CZ!C66,DE!C66,DK!C66,EE!C66,EL!C66,ES!C66,FI!C66,FR!C66,HR!C66,HU!C66,IE!C66,IT!C66,LT!C66,LU!C66,LV!C66,MT!C66,NL!C66,PL!C66,PT!C66,RO!C66,SE!C66,SI!C66,SK!C66) -> 15995.263 | D66: =SUM(AT!D66,BE!D66,BG!D66,CY!D66,CZ!D66,DE!D66,DK!D66,EE!D66,EL!D66,ES!D66,FI!D66,FR!D66,HR!D66,HU!D66,IE!D66,IT!D66,LT!D66,LU!D66,LV!D66,MT!D66,NL!D66,PL!D66,PT!D66,RO!D66,SE!D66,SI!D66,SK!D66) -> 15871.751 | E66: =SUM(AT!E66,BE!E66,BG!E66,CY!E66,CZ!E66,DE!E66,DK!E66,EE!E66,EL!E66,ES!E66,FI!E66,FR!E66,HR!E66,HU!E66,IE!E66,IT!E66,LT!E66,LU!E66,LV!E66,MT!E66,NL!E66,PL!E66,PT!E66,RO!E66,SE!E66,SI!E66,SK!E66) -> 15900.81 | F66: =SUM(AT!F66,BE!F66,BG!F66,CY!F66,CZ!F66,DE!F66,DK!F66,EE!F66,EL!F66,ES!F66,FI!F66,FR!F66,HR!F66,HU!F66,IE!F66,IT!F66,LT!F66,LU!F66,LV!F66,MT!F66,NL!F66,PL!F66,PT!F66,RO!F66,SE!F66,SI!F66,SK!F66) -> 14448.052 | G66: =SUM(AT!G66,BE!G66,BG!G66,CY!G66,CZ!G66,DE!G66,DK!G66,EE!G66,EL!G66,ES!G66,FI!G66,FR!G66,HR!G66,HU!G66,IE!G66,IT!G66,LT!G66,LU!G66,LV!G66,MT!G66,NL!G66,PL!G66,PT!G66,RO!G66,SE!G66,SI!G66,SK!G66) -> 10820.113 | H66: =SUM(AT!H66,BE!H66,BG!H66,CY!H66,CZ!H66,DE!H66,DK!H66,EE!H66,EL!H66,ES!H66,FI!H66,FR!H66,HR!H66,HU!H66,IE!H66,IT!H66,LT!H66,LU!H66,LV!H66,MT!H66,NL!H66,PL!H66,PT!H66,RO!H66,SE!H66,SI!H66,SK!H66) -> 9814.0431 | I66: =SUM(AT!I66,BE!I66,BG!I66,CY!I66,CZ!I66,DE!I66,DK!I66,EE!I66,EL!I66,ES!I66,FI!I66,FR!I66,HR!I66,HU!I66,IE!I66,IT!I66,LT!I66,LU!I66,LV!I66,MT!I66,NL!I66,PL!I66,PT!I66,RO!I66,SE!I66,SI!I66,SK!I66) -> 8613.5342 | ... W66: =SUM(AT!W66,BE!W66,BG!W66,CY!W66,CZ!W66,DE!W66,DK!W66,EE!W66,EL!W66,ES!W66,FI!W66,FR!W66,HR!W66,HU!W66,IE!W66,IT!W66,LT!W66,LU!W66,LV!W66,MT!W66,NL!W66,PL!W66,PT!W66,RO!W66,SE!W66,SI!W66,SK!W66) -> 4468.7499
A67: Wood & wood products | B67: =SUM(AT!B67,BE!B67,BG!B67,CY!B67,CZ!B67,DE!B67,DK!B67,EE!B67,EL!B67,ES!B67,FI!B67,FR!B67,HR!B67,HU!B67,IE!B67,IT!B67,LT!B67,LU!B67,LV!B67,MT!B67,NL!B67,PL!B67,PT!B67,RO!B67,SE!B67,SI!B67,SK!B67) -> 3884.4024 | C67: =SUM(AT!C67,BE!C67,BG!C67,CY!C67,CZ!C67,DE!C67,DK!C67,EE!C67,EL!C67,ES!C67,FI!C67,FR!C67,HR!C67,HU!C67,IE!C67,IT!C67,LT!C67,LU!C67,LV!C67,MT!C67,NL!C67,PL!C67,PT!C67,RO!C67,SE!C67,SI!C67,SK!C67) -> 3808.3763 | D67: =SUM(AT!D67,BE!D67,BG!D67,CY!D67,CZ!D67,DE!D67,DK!D67,EE!D67,EL!D67,ES!D67,FI!D67,FR!D67,HR!D67,HU!D67,IE!D67,IT!D67,LT!D67,LU!D67,LV!D67,MT!D67,NL!D67,PL!D67,PT!D67,RO!D67,SE!D67,SI!D67,SK!D67) -> 3497.3895 | E67: =SUM(AT!E67,BE!E67,BG!E67,CY!E67,CZ!E67,DE!E67,DK!E67,EE!E67,EL!E67,ES!E67,FI!E67,FR!E67,HR!E67,HU!E67,IE!E67,IT!E67,LT!E67,LU!E67,LV!E67,MT!E67,NL!E67,PL!E67,PT!E67,RO!E67,SE!E67,SI!E67,SK!E67) -> 3680.7363 | F67: =SUM(AT!F67,BE!F67,BG!F67,CY!F67,CZ!F67,DE!F67,DK!F67,EE!F67,EL!F67,ES!F67,FI!F67,FR!F67,HR!F67,HU!F67,IE!F67,IT!F67,LT!F67,LU!F67,LV!F67,MT!F67,NL!F67,PL!F67,PT!F67,RO!F67,SE!F67,SI!F67,SK!F67) -> 4282.2311 | G67: =SUM(AT!G67,BE!G67,BG!G67,CY!G67,CZ!G67,DE!G67,DK!G67,EE!G67,EL!G67,ES!G67,FI!G67,FR!G67,HR!G67,HU!G67,IE!G67,IT!G67,LT!G67,LU!G67,LV!G67,MT!G67,NL!G67,PL!G67,PT!G67,RO!G67,SE!G67,SI!G67,SK!G67) -> 4056.0137 | H67: =SUM(AT!H67,BE!H67,BG!H67,CY!H67,CZ!H67,DE!H67,DK!H67,EE!H67,EL!H67,ES!H67,FI!H67,FR!H67,HR!H67,HU!H67,IE!H67,IT!H67,LT!H67,LU!H67,LV!H67,MT!H67,NL!H67,PL!H67,PT!H67,RO!H67,SE!H67,SI!H67,SK!H67) -> 4020.661 | I67: =SUM(AT!I67,BE!I67,BG!I67,CY!I67,CZ!I67,DE!I67,DK!I67,EE!I67,EL!I67,ES!I67,FI!I67,FR!I67,HR!I67,HU!I67,IE!I67,IT!I67,LT!I67,LU!I67,LV!I67,MT!I67,NL!I67,PL!I67,PT!I67,RO!I67,SE!I67,SI!I67,SK!I67) -> 3491.5519 | ... W67: =SUM(AT!W67,BE!W67,BG!W67,CY!W67,CZ!W67,DE!W67,DK!W67,EE!W67,EL!W67,ES!W67,FI!W67,FR!W67,HR!W67,HU!W67,IE!W67,IT!W67,LT!W67,LU!W67,LV!W67,MT!W67,NL!W67,PL!W67,PT!W67,RO!W67,SE!W67,SI!W67,SK!W67) -> 2305.7847
A68: Other industrial sectors | B68: =SUM(AT!B68,BE!B68,BG!B68,CY!B68,CZ!B68,DE!B68,DK!B68,EE!B68,EL!B68,ES!B68,FI!B68,FR!B68,HR!B68,HU!B68,IE!B68,IT!B68,LT!B68,LU!B68,LV!B68,MT!B68,NL!B68,PL!B68,PT!B68,RO!B68,SE!B68,SI!B68,SK!B68) -> 48806.61 | C68: =SUM(AT!C68,BE!C68,BG!C68,CY!C68,CZ!C68,DE!C68,DK!C68,EE!C68,EL!C68,ES!C68,FI!C68,FR!C68,HR!C68,HU!C68,IE!C68,IT!C68,LT!C68,LU!C68,LV!C68,MT!C68,NL!C68,PL!C68,PT!C68,RO!C68,SE!C68,SI!C68,SK!C68) -> 47627.089 | D68: =SUM(AT!D68,BE!D68,BG!D68,CY!D68,CZ!D68,DE!D68,DK!D68,EE!D68,EL!D68,ES!D68,FI!D68,FR!D68,HR!D68,HU!D68,IE!D68,IT!D68,LT!D68,LU!D68,LV!D68,MT!D68,NL!D68,PL!D68,PT!D68,RO!D68,SE!D68,SI!D68,SK!D68) -> 43753.742 | E68: =SUM(AT!E68,BE!E68,BG!E68,CY!E68,CZ!E68,DE!E68,DK!E68,EE!E68,EL!E68,ES!E68,FI!E68,FR!E68,HR!E68,HU!E68,IE!E68,IT!E68,LT!E68,LU!E68,LV!E68,MT!E68,NL!E68,PL!E68,PT!E68,RO!E68,SE!E68,SI!E68,SK!E68) -> 38646.736 | F68: =SUM(AT!F68,BE!F68,BG!F68,CY!F68,CZ!F68,DE!F68,DK!F68,EE!F68,EL!F68,ES!F68,FI!F68,FR!F68,HR!F68,HU!F68,IE!F68,IT!F68,LT!F68,LU!F68,LV!F68,MT!F68,NL!F68,PL!F68,PT!F68,RO!F68,SE!F68,SI!F68,SK!F68) -> 36031.715 | G68: =SUM(AT!G68,BE!G68,BG!G68,CY!G68,CZ!G68,DE!G68,DK!G68,EE!G68,EL!G68,ES!G68,FI!G68,FR!G68,HR!G68,HU!G68,IE!G68,IT!G68,LT!G68,LU!G68,LV!G68,MT!G68,NL!G68,PL!G68,PT!G68,RO!G68,SE!G68,SI!G68,SK!G68) -> 45687.696 | H68: =SUM(AT!H68,BE!H68,BG!H68,CY!H68,CZ!H68,DE!H68,DK!H68,EE!H68,EL!H68,ES!H68,FI!H68,FR!H68,HR!H68,HU!H68,IE!H68,IT!H68,LT!H68,LU!H68,LV!H68,MT!H68,NL!H68,PL!H68,PT!H68,RO!H68,SE!H68,SI!H68,SK!H68) -> 42483.188 | I68: =SUM(AT!I68,BE!I68,BG!I68,CY!I68,CZ!I68,DE!I68,DK!I68,EE!I68,EL!I68,ES!I68,FI!I68,FR!I68,HR!I68,HU!I68,IE!I68,IT!I68,LT!I68,LU!I68,LV!I68,MT!I68,NL!I68,PL!I68,PT!I68,RO!I68,SE!I68,SI!I68,SK!I68) -> 44678.261 | ... W68: =SUM(AT!W68,BE!W68,BG!W68,CY!W68,CZ!W68,DE!W68,DK!W68,EE!W68,EL!W68,ES!W68,FI!W68,FR!W68,HR!W68,HU!W68,IE!W68,IT!W68,LT!W68,LU!W68,LV!W68,MT!W68,NL!W68,PL!W68,PT!W68,RO!W68,SE!W68,SI!W68,SK!W68) -> 35900.847
A69: Transport sector | B69: =SUM(B70:B74) -> 772280.98 | C69: =SUM(C70:C74) -> 786602.45 | D69: =SUM(D70:D74) -> 794785.63 | E69: =SUM(E70:E74) -> 806173.01 | F69: =SUM(F70:F74) -> 825961.53 | G69: =SUM(G70:G74) -> 824191.36 | H69: =SUM(H70:H74) -> 836537.84 | I69: =SUM(I70:I74) -> 845281.29 | ... W69: =SUM(W70:W74) -> 758366.78
A70: Domestic Aviation | B70: =SUM(AT!B70,BE!B70,BG!B70,CY!B70,CZ!B70,DE!B70,DK!B70,EE!B70,EL!B70,ES!B70,FI!B70,FR!B70,HR!B70,HU!B70,IE!B70,IT!B70,LT!B70,LU!B70,LV!B70,MT!B70,NL!B70,PL!B70,PT!B70,RO!B70,SE!B70,SI!B70,SK!B70) -> 17109.946 | C70: =SUM(AT!C70,BE!C70,BG!C70,CY!C70,CZ!C70,DE!C70,DK!C70,EE!C70,EL!C70,ES!C70,FI!C70,FR!C70,HR!C70,HU!C70,IE!C70,IT!C70,LT!C70,LU!C70,LV!C70,MT!C70,NL!C70,PL!C70,PT!C70,RO!C70,SE!C70,SI!C70,SK!C70) -> 16684.523 | D70: =SUM(AT!D70,BE!D70,BG!D70,CY!D70,CZ!D70,DE!D70,DK!D70,EE!D70,EL!D70,ES!D70,FI!D70,FR!D70,HR!D70,HU!D70,IE!D70,IT!D70,LT!D70,LU!D70,LV!D70,MT!D70,NL!D70,PL!D70,PT!D70,RO!D70,SE!D70,SI!D70,SK!D70) -> 15647.968 | E70: =SUM(AT!E70,BE!E70,BG!E70,CY!E70,CZ!E70,DE!E70,DK!E70,EE!E70,EL!E70,ES!E70,FI!E70,FR!E70,HR!E70,HU!E70,IE!E70,IT!E70,LT!E70,LU!E70,LV!E70,MT!E70,NL!E70,PL!E70,PT!E70,RO!E70,SE!E70,SI!E70,SK!E70) -> 15768.624 | F70: =SUM(AT!F70,BE!F70,BG!F70,CY!F70,CZ!F70,DE!F70,DK!F70,EE!F70,EL!F70,ES!F70,FI!F70,FR!F70,HR!F70,HU!F70,IE!F70,IT!F70,LT!F70,LU!F70,LV!F70,MT!F70,NL!F70,PL!F70,PT!F70,RO!F70,SE!F70,SI!F70,SK!F70) -> 16338.292 | G70: =SUM(AT!G70,BE!G70,BG!G70,CY!G70,CZ!G70,DE!G70,DK!G70,EE!G70,EL!G70,ES!G70,FI!G70,FR!G70,HR!G70,HU!G70,IE!G70,IT!G70,LT!G70,LU!G70,LV!G70,MT!G70,NL!G70,PL!G70,PT!G70,RO!G70,SE!G70,SI!G70,SK!G70) -> 17463.734 | H70: =SUM(AT!H70,BE!H70,BG!H70,CY!H70,CZ!H70,DE!H70,DK!H70,EE!H70,EL!H70,ES!H70,FI!H70,FR!H70,HR!H70,HU!H70,IE!H70,IT!H70,LT!H70,LU!H70,LV!H70,MT!H70,NL!H70,PL!H70,PT!H70,RO!H70,SE!H70,SI!H70,SK!H70) -> 17873.026 | I70: =SUM(AT!I70,BE!I70,BG!I70,CY!I70,CZ!I70,DE!I70,DK!I70,EE!I70,EL!I70,ES!I70,FI!I70,FR!I70,HR!I70,HU!I70,IE!I70,IT!I70,LT!I70,LU!I70,LV!I70,MT!I70,NL!I70,PL!I70,PT!I70,RO!I70,SE!I70,SI!I70,SK!I70) -> 18730.695 | ... W70: =SUM(AT!W70,BE!W70,BG!W70,CY!W70,CZ!W70,DE!W70,DK!W70,EE!W70,EL!W70,ES!W70,FI!W70,FR!W70,HR!W70,HU!W70,IE!W70,IT!W70,LT!W70,LU!W70,LV!W70,MT!W70,NL!W70,PL!W70,PT!W70,RO!W70,SE!W70,SI!W70,SK!W70) -> 12808.024
A71: Road | B71: =SUM(AT!B71,BE!B71,BG!B71,CY!B71,CZ!B71,DE!B71,DK!B71,EE!B71,EL!B71,ES!B71,FI!B71,FR!B71,HR!B71,HU!B71,IE!B71,IT!B71,LT!B71,LU!B71,LV!B71,MT!B71,NL!B71,PL!B71,PT!B71,RO!B71,SE!B71,SI!B71,SK!B71) -> 728419.55 | C71: =SUM(AT!C71,BE!C71,BG!C71,CY!C71,CZ!C71,DE!C71,DK!C71,EE!C71,EL!C71,ES!C71,FI!C71,FR!C71,HR!C71,HU!C71,IE!C71,IT!C71,LT!C71,LU!C71,LV!C71,MT!C71,NL!C71,PL!C71,PT!C71,RO!C71,SE!C71,SI!C71,SK!C71) -> 741897.69 | D71: =SUM(AT!D71,BE!D71,BG!D71,CY!D71,CZ!D71,DE!D71,DK!D71,EE!D71,EL!D71,ES!D71,FI!D71,FR!D71,HR!D71,HU!D71,IE!D71,IT!D71,LT!D71,LU!D71,LV!D71,MT!D71,NL!D71,PL!D71,PT!D71,RO!D71,SE!D71,SI!D71,SK!D71) -> 751759.27 | E71: =SUM(AT!E71,BE!E71,BG!E71,CY!E71,CZ!E71,DE!E71,DK!E71,EE!E71,EL!E71,ES!E71,FI!E71,FR!E71,HR!E71,HU!E71,IE!E71,IT!E71,LT!E71,LU!E71,LV!E71,MT!E71,NL!E71,PL!E71,PT!E71,RO!E71,SE!E71,SI!E71,SK!E71) -> 760016.73 | F71: =SUM(AT!F71,BE!F71,BG!F71,CY!F71,CZ!F71,DE!F71,DK!F71,EE!F71,EL!F71,ES!F71,FI!F71,FR!F71,HR!F71,HU!F71,IE!F71,IT!F71,LT!F71,LU!F71,LV!F71,MT!F71,NL!F71,PL!F71,PT!F71,RO!F71,SE!F71,SI!F71,SK!F71) -> 778119.04 | G71: =SUM(AT!G71,BE!G71,BG!G71,CY!G71,CZ!G71,DE!G71,DK!G71,EE!G71,EL!G71,ES!G71,FI!G71,FR!G71,HR!G71,HU!G71,IE!G71,IT!G71,LT!G71,LU!G71,LV!G71,MT!G71,NL!G71,PL!G71,PT!G71,RO!G71,SE!G71,SI!G71,SK!G71) -> 776082.41 | H71: =SUM(AT!H71,BE!H71,BG!H71,CY!H71,CZ!H71,DE!H71,DK!H71,EE!H71,EL!H71,ES!H71,FI!H71,FR!H71,HR!H71,HU!H71,IE!H71,IT!H71,LT!H71,LU!H71,LV!H71,MT!H71,NL!H71,PL!H71,PT!H71,RO!H71,SE!H71,SI!H71,SK!H71) -> 788486.41 | I71: =SUM(AT!I71,BE!I71,BG!I71,CY!I71,CZ!I71,DE!I71,DK!I71,EE!I71,EL!I71,ES!I71,FI!I71,FR!I71,HR!I71,HU!I71,IE!I71,IT!I71,LT!I71,LU!I71,LV!I71,MT!I71,NL!I71,PL!I71,PT!I71,RO!I71,SE!I71,SI!I71,SK!I71) -> 796223.01 | ... W71: =SUM(AT!W71,BE!W71,BG!W71,CY!W71,CZ!W71,DE!W71,DK!W71,EE!W71,EL!W71,ES!W71,FI!W71,FR!W71,HR!W71,HU!W71,IE!W71,IT!W71,LT!W71,LU!W71,LV!W71,MT!W71,NL!W71,PL!W71,PT!W71,RO!W71,SE!W71,SI!W71,SK!W71) -> 726024.14
A72: Rail | B72: =SUM(AT!B72,BE!B72,BG!B72,CY!B72,CZ!B72,DE!B72,DK!B72,EE!B72,EL!B72,ES!B72,FI!B72,FR!B72,HR!B72,HU!B72,IE!B72,IT!B72,LT!B72,LU!B72,LV!B72,MT!B72,NL!B72,PL!B72,PT!B72,RO!B72,SE!B72,SI!B72,SK!B72) -> 9145.6879 | C72: =SUM(AT!C72,BE!C72,BG!C72,CY!C72,CZ!C72,DE!C72,DK!C72,EE!C72,EL!C72,ES!C72,FI!C72,FR!C72,HR!C72,HU!C72,IE!C72,IT!C72,LT!C72,LU!C72,LV!C72,MT!C72,NL!C72,PL!C72,PT!C72,RO!C72,SE!C72,SI!C72,SK!C72) -> 8164.7233 | D72: =SUM(AT!D72,BE!D72,BG!D72,CY!D72,CZ!D72,DE!D72,DK!D72,EE!D72,EL!D72,ES!D72,FI!D72,FR!D72,HR!D72,HU!D72,IE!D72,IT!D72,LT!D72,LU!D72,LV!D72,MT!D72,NL!D72,PL!D72,PT!D72,RO!D72,SE!D72,SI!D72,SK!D72) -> 8164.5386 | E72: =SUM(AT!E72,BE!E72,BG!E72,CY!E72,CZ!E72,DE!E72,DK!E72,EE!E72,EL!E72,ES!E72,FI!E72,FR!E72,HR!E72,HU!E72,IE!E72,IT!E72,LT!E72,LU!E72,LV!E72,MT!E72,NL!E72,PL!E72,PT!E72,RO!E72,SE!E72,SI!E72,SK!E72) -> 8157.3908 | F72: =SUM(AT!F72,BE!F72,BG!F72,CY!F72,CZ!F72,DE!F72,DK!F72,EE!F72,EL!F72,ES!F72,FI!F72,FR!F72,HR!F72,HU!F72,IE!F72,IT!F72,LT!F72,LU!F72,LV!F72,MT!F72,NL!F72,PL!F72,PT!F72,RO!F72,SE!F72,SI!F72,SK!F72) -> 8304.6075 | G72: =SUM(AT!G72,BE!G72,BG!G72,CY!G72,CZ!G72,DE!G72,DK!G72,EE!G72,EL!G72,ES!G72,FI!G72,FR!G72,HR!G72,HU!G72,IE!G72,IT!G72,LT!G72,LU!G72,LV!G72,MT!G72,NL!G72,PL!G72,PT!G72,RO!G72,SE!G72,SI!G72,SK!G72) -> 7801.9732 | H72: =SUM(AT!H72,BE!H72,BG!H72,CY!H72,CZ!H72,DE!H72,DK!H72,EE!H72,EL!H72,ES!H72,FI!H72,FR!H72,HR!H72,HU!H72,IE!H72,IT!H72,LT!H72,LU!H72,LV!H72,MT!H72,NL!H72,PL!H72,PT!H72,RO!H72,SE!H72,SI!H72,SK!H72) -> 7447.4456 | I72: =SUM(AT!I72,BE!I72,BG!I72,CY!I72,CZ!I72,DE!I72,DK!I72,EE!I72,EL!I72,ES!I72,FI!I72,FR!I72,HR!I72,HU!I72,IE!I72,IT!I72,LT!I72,LU!I72,LV!I72,MT!I72,NL!I72,PL!I72,PT!I72,RO!I72,SE!I72,SI!I72,SK!I72) -> 8017.2779 | ... W72: =SUM(AT!W72,BE!W72,BG!W72,CY!W72,CZ!W72,DE!W72,DK!W72,EE!W72,EL!W72,ES!W72,FI!W72,FR!W72,HR!W72,HU!W72,IE!W72,IT!W72,LT!W72,LU!W72,LV!W72,MT!W72,NL!W72,PL!W72,PT!W72,RO!W72,SE!W72,SI!W72,SK!W72) -> 3881.2519
A73: Domestic navigation | B73: =SUM(AT!B73,BE!B73,BG!B73,CY!B73,CZ!B73,DE!B73,DK!B73,EE!B73,EL!B73,ES!B73,FI!B73,FR!B73,HR!B73,HU!B73,IE!B73,IT!B73,LT!B73,LU!B73,LV!B73,MT!B73,NL!B73,PL!B73,PT!B73,RO!B73,SE!B73,SI!B73,SK!B73) -> 16453.565 | C73: =SUM(AT!C73,BE!C73,BG!C73,CY!C73,CZ!C73,DE!C73,DK!C73,EE!C73,EL!C73,ES!C73,FI!C73,FR!C73,HR!C73,HU!C73,IE!C73,IT!C73,LT!C73,LU!C73,LV!C73,MT!C73,NL!C73,PL!C73,PT!C73,RO!C73,SE!C73,SI!C73,SK!C73) -> 16976.723 | D73: =SUM(AT!D73,BE!D73,BG!D73,CY!D73,CZ!D73,DE!D73,DK!D73,EE!D73,EL!D73,ES!D73,FI!D73,FR!D73,HR!D73,HU!D73,IE!D73,IT!D73,LT!D73,LU!D73,LV!D73,MT!D73,NL!D73,PL!D73,PT!D73,RO!D73,SE!D73,SI!D73,SK!D73) -> 16818.826 | E73: =SUM(AT!E73,BE!E73,BG!E73,CY!E73,CZ!E73,DE!E73,DK!E73,EE!E73,EL!E73,ES!E73,FI!E73,FR!E73,HR!E73,HU!E73,IE!E73,IT!E73,LT!E73,LU!E73,LV!E73,MT!E73,NL!E73,PL!E73,PT!E73,RO!E73,SE!E73,SI!E73,SK!E73) -> 17683.915 | F73: =SUM(AT!F73,BE!F73,BG!F73,CY!F73,CZ!F73,DE!F73,DK!F73,EE!F73,EL!F73,ES!F73,FI!F73,FR!F73,HR!F73,HU!F73,IE!F73,IT!F73,LT!F73,LU!F73,LV!F73,MT!F73,NL!F73,PL!F73,PT!F73,RO!F73,SE!F73,SI!F73,SK!F73) -> 17966.543 | G73: =SUM(AT!G73,BE!G73,BG!G73,CY!G73,CZ!G73,DE!G73,DK!G73,EE!G73,EL!G73,ES!G73,FI!G73,FR!G73,HR!G73,HU!G73,IE!G73,IT!G73,LT!G73,LU!G73,LV!G73,MT!G73,NL!G73,PL!G73,PT!G73,RO!G73,SE!G73,SI!G73,SK!G73) -> 17638.694 | H73: =SUM(AT!H73,BE!H73,BG!H73,CY!H73,CZ!H73,DE!H73,DK!H73,EE!H73,EL!H73,ES!H73,FI!H73,FR!H73,HR!H73,HU!H73,IE!H73,IT!H73,LT!H73,LU!H73,LV!H73,MT!H73,NL!H73,PL!H73,PT!H73,RO!H73,SE!H73,SI!H73,SK!H73) -> 18049.742 | I73: =SUM(AT!I73,BE!I73,BG!I73,CY!I73,CZ!I73,DE!I73,DK!I73,EE!I73,EL!I73,ES!I73,FI!I73,FR!I73,HR!I73,HU!I73,IE!I73,IT!I73,LT!I73,LU!I73,LV!I73,MT!I73,NL!I73,PL!I73,PT!I73,RO!I73,SE!I73,SI!I73,SK!I73) -> 17616.052 | ... W73: =SUM(AT!W73,BE!W73,BG!W73,CY!W73,CZ!W73,DE!W73,DK!W73,EE!W73,EL!W73,ES!W73,FI!W73,FR!W73,HR!W73,HU!W73,IE!W73,IT!W73,LT!W73,LU!W73,LV!W73,MT!W73,NL!W73,PL!W73,PT!W73,RO!W73,SE!W73,SI!W73,SK!W73) -> 12356.093
A74: Pipeline transport | B74: =SUM(AT!B74,BE!B74,BG!B74,CY!B74,CZ!B74,DE!B74,DK!B74,EE!B74,EL!B74,ES!B74,FI!B74,FR!B74,HR!B74,HU!B74,IE!B74,IT!B74,LT!B74,LU!B74,LV!B74,MT!B74,NL!B74,PL!B74,PT!B74,RO!B74,SE!B74,SI!B74,SK!B74) -> 1152.2285 | C74: =SUM(AT!C74,BE!C74,BG!C74,CY!C74,CZ!C74,DE!C74,DK!C74,EE!C74,EL!C74,ES!C74,FI!C74,FR!C74,HR!C74,HU!C74,IE!C74,IT!C74,LT!C74,LU!C74,LV!C74,MT!C74,NL!C74,PL!C74,PT!C74,RO!C74,SE!C74,SI!C74,SK!C74) -> 2878.7908 | D74: =SUM(AT!D74,BE!D74,BG!D74,CY!D74,CZ!D74,DE!D74,DK!D74,EE!D74,EL!D74,ES!D74,FI!D74,FR!D74,HR!D74,HU!D74,IE!D74,IT!D74,LT!D74,LU!D74,LV!D74,MT!D74,NL!D74,PL!D74,PT!D74,RO!D74,SE!D74,SI!D74,SK!D74) -> 2395.0265 | E74: =SUM(AT!E74,BE!E74,BG!E74,CY!E74,CZ!E74,DE!E74,DK!E74,EE!E74,EL!E74,ES!E74,FI!E74,FR!E74,HR!E74,HU!E74,IE!E74,IT!E74,LT!E74,LU!E74,LV!E74,MT!E74,NL!E74,PL!E74,PT!E74,RO!E74,SE!E74,SI!E74,SK!E74) -> 4546.3454 | F74: =SUM(AT!F74,BE!F74,BG!F74,CY!F74,CZ!F74,DE!F74,DK!F74,EE!F74,EL!F74,ES!F74,FI!F74,FR!F74,HR!F74,HU!F74,IE!F74,IT!F74,LT!F74,LU!F74,LV!F74,MT!F74,NL!F74,PL!F74,PT!F74,RO!F74,SE!F74,SI!F74,SK!F74) -> 5233.0475 | G74: =SUM(AT!G74,BE!G74,BG!G74,CY!G74,CZ!G74,DE!G74,DK!G74,EE!G74,EL!G74,ES!G74,FI!G74,FR!G74,HR!G74,HU!G74,IE!G74,IT!G74,LT!G74,LU!G74,LV!G74,MT!G74,NL!G74,PL!G74,PT!G74,RO!G74,SE!G74,SI!G74,SK!G74) -> 5204.5554 | H74: =SUM(AT!H74,BE!H74,BG!H74,CY!H74,CZ!H74,DE!H74,DK!H74,EE!H74,EL!H74,ES!H74,FI!H74,FR!H74,HR!H74,HU!H74,IE!H74,IT!H74,LT!H74,LU!H74,LV!H74,MT!H74,NL!H74,PL!H74,PT!H74,RO!H74,SE!H74,SI!H74,SK!H74) -> 4681.2113 | I74: =SUM(AT!I74,BE!I74,BG!I74,CY!I74,CZ!I74,DE!I74,DK!I74,EE!I74,EL!I74,ES!I74,FI!I74,FR!I74,HR!I74,HU!I74,IE!I74,IT!I74,LT!I74,LU!I74,LV!I74,MT!I74,NL!I74,PL!I74,PT!I74,RO!I74,SE!I74,SI!I74,SK!I74) -> 4694.2546 | ... W74: =SUM(AT!W74,BE!W74,BG!W74,CY!W74,CZ!W74,DE!W74,DK!W74,EE!W74,EL!W74,ES!W74,FI!W74,FR!W74,HR!W74,HU!W74,IE!W74,IT!W74,LT!W74,LU!W74,LV!W74,MT!W74,NL!W74,PL!W74,PT!W74,RO!W74,SE!W74,SI!W74,SK!W74) -> 3297.2748
A75: Other sectors | B75: =SUM(B76:B78) -> 614850.97 | C75: =SUM(C76:C78) -> 649431.93 | D75: =SUM(D76:D78) -> 625154.17 | E75: =SUM(E76:E78) -> 645020.5 | F75: =SUM(F76:F78) -> 642460.11 | G75: =SUM(G76:G78) -> 642147.12 | H75: =SUM(H76:H78) -> 636640.72 | I75: =SUM(I76:I78) -> 556507.57 | ... W75: =SUM(W76:W78) -> 498998.74
A76: Commercial & public services | B76: =SUM(AT!B76,BE!B76,BG!B76,CY!B76,CZ!B76,DE!B76,DK!B76,EE!B76,EL!B76,ES!B76,FI!B76,FR!B76,HR!B76,HU!B76,IE!B76,IT!B76,LT!B76,LU!B76,LV!B76,MT!B76,NL!B76,PL!B76,PT!B76,RO!B76,SE!B76,SI!B76,SK!B76) -> 153404.49 | C76: =SUM(AT!C76,BE!C76,BG!C76,CY!C76,CZ!C76,DE!C76,DK!C76,EE!C76,EL!C76,ES!C76,FI!C76,FR!C76,HR!C76,HU!C76,IE!C76,IT!C76,LT!C76,LU!C76,LV!C76,MT!C76,NL!C76,PL!C76,PT!C76,RO!C76,SE!C76,SI!C76,SK!C76) -> 162638.8 | D76: =SUM(AT!D76,BE!D76,BG!D76,CY!D76,CZ!D76,DE!D76,DK!D76,EE!D76,EL!D76,ES!D76,FI!D76,FR!D76,HR!D76,HU!D76,IE!D76,IT!D76,LT!D76,LU!D76,LV!D76,MT!D76,NL!D76,PL!D76,PT!D76,RO!D76,SE!D76,SI!D76,SK!D76) -> 155442.82 | E76: =SUM(AT!E76,BE!E76,BG!E76,CY!E76,CZ!E76,DE!E76,DK!E76,EE!E76,EL!E76,ES!E76,FI!E76,FR!E76,HR!E76,HU!E76,IE!E76,IT!E76,LT!E76,LU!E76,LV!E76,MT!E76,NL!E76,PL!E76,PT!E76,RO!E76,SE!E76,SI!E76,SK!E76) -> 162861.62 | F76: =SUM(AT!F76,BE!F76,BG!F76,CY!F76,CZ!F76,DE!F76,DK!F76,EE!F76,EL!F76,ES!F76,FI!F76,FR!F76,HR!F76,HU!F76,IE!F76,IT!F76,LT!F76,LU!F76,LV!F76,MT!F76,NL!F76,PL!F76,PT!F76,RO!F76,SE!F76,SI!F76,SK!F76) -> 163902.53 | G76: =SUM(AT!G76,BE!G76,BG!G76,CY!G76,CZ!G76,DE!G76,DK!G76,EE!G76,EL!G76,ES!G76,FI!G76,FR!G76,HR!G76,HU!G76,IE!G76,IT!G76,LT!G76,LU!G76,LV!G76,MT!G76,NL!G76,PL!G76,PT!G76,RO!G76,SE!G76,SI!G76,SK!G76) -> 161703.25 | H76: =SUM(AT!H76,BE!H76,BG!H76,CY!H76,CZ!H76,DE!H76,DK!H76,EE!H76,EL!H76,ES!H76,FI!H76,FR!H76,HR!H76,HU!H76,IE!H76,IT!H76,LT!H76,LU!H76,LV!H76,MT!H76,NL!H76,PL!H76,PT!H76,RO!H76,SE!H76,SI!H76,SK!H76) -> 169588.95 | I76: =SUM(AT!I76,BE!I76,BG!I76,CY!I76,CZ!I76,DE!I76,DK!I76,EE!I76,EL!I76,ES!I76,FI!I76,FR!I76,HR!I76,HU!I76,IE!I76,IT!I76,LT!I76,LU!I76,LV!I76,MT!I76,NL!I76,PL!I76,PT!I76,RO!I76,SE!I76,SI!I76,SK!I76) -> 146412.97 | ... W76: =SUM(AT!W76,BE!W76,BG!W76,CY!W76,CZ!W76,DE!W76,DK!W76,EE!W76,EL!W76,ES!W76,FI!W76,FR!W76,HR!W76,HU!W76,IE!W76,IT!W76,LT!W76,LU!W76,LV!W76,MT!W76,NL!W76,PL!W76,PT!W76,RO!W76,SE!W76,SI!W76,SK!W76) -> 128607.51
A77: Households | B77: =SUM(AT!B77,BE!B77,BG!B77,CY!B77,CZ!B77,DE!B77,DK!B77,EE!B77,EL!B77,ES!B77,FI!B77,FR!B77,HR!B77,HU!B77,IE!B77,IT!B77,LT!B77,LU!B77,LV!B77,MT!B77,NL!B77,PL!B77,PT!B77,RO!B77,SE!B77,SI!B77,SK!B77) -> 389251.46 | C77: =SUM(AT!C77,BE!C77,BG!C77,CY!C77,CZ!C77,DE!C77,DK!C77,EE!C77,EL!C77,ES!C77,FI!C77,FR!C77,HR!C77,HU!C77,IE!C77,IT!C77,LT!C77,LU!C77,LV!C77,MT!C77,NL!C77,PL!C77,PT!C77,RO!C77,SE!C77,SI!C77,SK!C77) -> 415163.41 | D77: =SUM(AT!D77,BE!D77,BG!D77,CY!D77,CZ!D77,DE!D77,DK!D77,EE!D77,EL!D77,ES!D77,FI!D77,FR!D77,HR!D77,HU!D77,IE!D77,IT!D77,LT!D77,LU!D77,LV!D77,MT!D77,NL!D77,PL!D77,PT!D77,RO!D77,SE!D77,SI!D77,SK!D77) -> 399678.77 | E77: =SUM(AT!E77,BE!E77,BG!E77,CY!E77,CZ!E77,DE!E77,DK!E77,EE!E77,EL!E77,ES!E77,FI!E77,FR!E77,HR!E77,HU!E77,IE!E77,IT!E77,LT!E77,LU!E77,LV!E77,MT!E77,NL!E77,PL!E77,PT!E77,RO!E77,SE!E77,SI!E77,SK!E77) -> 410065.07 | F77: =SUM(AT!F77,BE!F77,BG!F77,CY!F77,CZ!F77,DE!F77,DK!F77,EE!F77,EL!F77,ES!F77,FI!F77,FR!F77,HR!F77,HU!F77,IE!F77,IT!F77,LT!F77,LU!F77,LV!F77,MT!F77,NL!F77,PL!F77,PT!F77,RO!F77,SE!F77,SI!F77,SK!F77) -> 405604.19 | G77: =SUM(AT!G77,BE!G77,BG!G77,CY!G77,CZ!G77,DE!G77,DK!G77,EE!G77,EL!G77,ES!G77,FI!G77,FR!G77,HR!G77,HU!G77,IE!G77,IT!G77,LT!G77,LU!G77,LV!G77,MT!G77,NL!G77,PL!G77,PT!G77,RO!G77,SE!G77,SI!G77,SK!G77) -> 406492.73 | H77: =SUM(AT!H77,BE!H77,BG!H77,CY!H77,CZ!H77,DE!H77,DK!H77,EE!H77,EL!H77,ES!H77,FI!H77,FR!H77,HR!H77,HU!H77,IE!H77,IT!H77,LT!H77,LU!H77,LV!H77,MT!H77,NL!H77,PL!H77,PT!H77,RO!H77,SE!H77,SI!H77,SK!H77) -> 399710.17 | I77: =SUM(AT!I77,BE!I77,BG!I77,CY!I77,CZ!I77,DE!I77,DK!I77,EE!I77,EL!I77,ES!I77,FI!I77,FR!I77,HR!I77,HU!I77,IE!I77,IT!I77,LT!I77,LU!I77,LV!I77,MT!I77,NL!I77,PL!I77,PT!I77,RO!I77,SE!I77,SI!I77,SK!I77) -> 345750.71 | ... W77: =SUM(AT!W77,BE!W77,BG!W77,CY!W77,CZ!W77,DE!W77,DK!W77,EE!W77,EL!W77,ES!W77,FI!W77,FR!W77,HR!W77,HU!W77,IE!W77,IT!W77,LT!W77,LU!W77,LV!W77,MT!W77,NL!W77,PL!W77,PT!W77,RO!W77,SE!W77,SI!W77,SK!W77) -> 304339.64
A78: Agriculture, forestry and fishing | B78: =SUM(AT!B78,BE!B78,BG!B78,CY!B78,CZ!B78,DE!B78,DK!B78,EE!B78,EL!B78,ES!B78,FI!B78,FR!B78,HR!B78,HU!B78,IE!B78,IT!B78,LT!B78,LU!B78,LV!B78,MT!B78,NL!B78,PL!B78,PT!B78,RO!B78,SE!B78,SI!B78,SK!B78) -> 72195.018 | C78: =SUM(AT!C78,BE!C78,BG!C78,CY!C78,CZ!C78,DE!C78,DK!C78,EE!C78,EL!C78,ES!C78,FI!C78,FR!C78,HR!C78,HU!C78,IE!C78,IT!C78,LT!C78,LU!C78,LV!C78,MT!C78,NL!C78,PL!C78,PT!C78,RO!C78,SE!C78,SI!C78,SK!C78) -> 71629.726 | D78: =SUM(AT!D78,BE!D78,BG!D78,CY!D78,CZ!D78,DE!D78,DK!D78,EE!D78,EL!D78,ES!D78,FI!D78,FR!D78,HR!D78,HU!D78,IE!D78,IT!D78,LT!D78,LU!D78,LV!D78,MT!D78,NL!D78,PL!D78,PT!D78,RO!D78,SE!D78,SI!D78,SK!D78) -> 70032.577 | E78: =SUM(AT!E78,BE!E78,BG!E78,CY!E78,CZ!E78,DE!E78,DK!E78,EE!E78,EL!E78,ES!E78,FI!E78,FR!E78,HR!E78,HU!E78,IE!E78,IT!E78,LT!E78,LU!E78,LV!E78,MT!E78,NL!E78,PL!E78,PT!E78,RO!E78,SE!E78,SI!E78,SK!E78) -> 72093.819 | F78: =SUM(AT!F78,BE!F78,BG!F78,CY!F78,CZ!F78,DE!F78,DK!F78,EE!F78,EL!F78,ES!F78,FI!F78,FR!F78,HR!F78,HU!F78,IE!F78,IT!F78,LT!F78,LU!F78,LV!F78,MT!F78,NL!F78,PL!F78,PT!F78,RO!F78,SE!F78,SI!F78,SK!F78) -> 72953.392 | G78: =SUM(AT!G78,BE!G78,BG!G78,CY!G78,CZ!G78,DE!G78,DK!G78,EE!G78,EL!G78,ES!G78,FI!G78,FR!G78,HR!G78,HU!G78,IE!G78,IT!G78,LT!G78,LU!G78,LV!G78,MT!G78,NL!G78,PL!G78,PT!G78,RO!G78,SE!G78,SI!G78,SK!G78) -> 73951.137 | H78: =SUM(AT!H78,BE!H78,BG!H78,CY!H78,CZ!H78,DE!H78,DK!H78,EE!H78,EL!H78,ES!H78,FI!H78,FR!H78,HR!H78,HU!H78,IE!H78,IT!H78,LT!H78,LU!H78,LV!H78,MT!H78,NL!H78,PL!H78,PT!H78,RO!H78,SE!H78,SI!H78,SK!H78) -> 67341.595 | I78: =SUM(AT!I78,BE!I78,BG!I78,CY!I78,CZ!I78,DE!I78,DK!I78,EE!I78,EL!I78,ES!I78,FI!I78,FR!I78,HR!I78,HU!I78,IE!I78,IT!I78,LT!I78,LU!I78,LV!I78,MT!I78,NL!I78,PL!I78,PT!I78,RO!I78,SE!I78,SI!I78,SK!I78) -> 64343.888 | ... W78: =SUM(AT!W78,BE!W78,BG!W78,CY!W78,CZ!W78,DE!W78,DK!W78,EE!W78,EL!W78,ES!W78,FI!W78,FR!W78,HR!W78,HU!W78,IE!W78,IT!W78,LT!W78,LU!W78,LV!W78,MT!W78,NL!W78,PL!W78,PT!W78,RO!W78,SE!W78,SI!W78,SK!W78) -> 66051.591
A79: 1.A.5 - Other Other Sectors | B79: =SUM(B80:B81) -> 8405.5034 | C79: =SUM(C80:C81) -> 7939.2234 | D79: =SUM(D80:D81) -> 8295.9516 | E79: =SUM(E80:E81) -> 9031.2863 | F79: =SUM(F80:F81) -> 10129.537 | G79: =SUM(G80:G81) -> 10567.726 | H79: =SUM(H80:H81) -> 9491.7448 | I79: =SUM(I80:I81) -> 9426.3602 | ... W79: =SUM(W80:W81) -> 6891.2098
A80: 1.A.5.a - Stationary | B80: =SUM(AT!B80,BE!B80,BG!B80,CY!B80,CZ!B80,DE!B80,DK!B80,EE!B80,EL!B80,ES!B80,FI!B80,FR!B80,HR!B80,HU!B80,IE!B80,IT!B80,LT!B80,LU!B80,LV!B80,MT!B80,NL!B80,PL!B80,PT!B80,RO!B80,SE!B80,SI!B80,SK!B80) -> 4682.2346 | C80: =SUM(AT!C80,BE!C80,BG!C80,CY!C80,CZ!C80,DE!C80,DK!C80,EE!C80,EL!C80,ES!C80,FI!C80,FR!C80,HR!C80,HU!C80,IE!C80,IT!C80,LT!C80,LU!C80,LV!C80,MT!C80,NL!C80,PL!C80,PT!C80,RO!C80,SE!C80,SI!C80,SK!C80) -> 5075.2208 | D80: =SUM(AT!D80,BE!D80,BG!D80,CY!D80,CZ!D80,DE!D80,DK!D80,EE!D80,EL!D80,ES!D80,FI!D80,FR!D80,HR!D80,HU!D80,IE!D80,IT!D80,LT!D80,LU!D80,LV!D80,MT!D80,NL!D80,PL!D80,PT!D80,RO!D80,SE!D80,SI!D80,SK!D80) -> 5387.6167 | E80: =SUM(AT!E80,BE!E80,BG!E80,CY!E80,CZ!E80,DE!E80,DK!E80,EE!E80,EL!E80,ES!E80,FI!E80,FR!E80,HR!E80,HU!E80,IE!E80,IT!E80,LT!E80,LU!E80,LV!E80,MT!E80,NL!E80,PL!E80,PT!E80,RO!E80,SE!E80,SI!E80,SK!E80) -> 5738.6451 | F80: =SUM(AT!F80,BE!F80,BG!F80,CY!F80,CZ!F80,DE!F80,DK!F80,EE!F80,EL!F80,ES!F80,FI!F80,FR!F80,HR!F80,HU!F80,IE!F80,IT!F80,LT!F80,LU!F80,LV!F80,MT!F80,NL!F80,PL!F80,PT!F80,RO!F80,SE!F80,SI!F80,SK!F80) -> 6446.0909 | G80: =SUM(AT!G80,BE!G80,BG!G80,CY!G80,CZ!G80,DE!G80,DK!G80,EE!G80,EL!G80,ES!G80,FI!G80,FR!G80,HR!G80,HU!G80,IE!G80,IT!G80,LT!G80,LU!G80,LV!G80,MT!G80,NL!G80,PL!G80,PT!G80,RO!G80,SE!G80,SI!G80,SK!G80) -> 6159.0709 | H80: =SUM(AT!H80,BE!H80,BG!H80,CY!H80,CZ!H80,DE!H80,DK!H80,EE!H80,EL!H80,ES!H80,FI!H80,FR!H80,HR!H80,HU!H80,IE!H80,IT!H80,LT!H80,LU!H80,LV!H80,MT!H80,NL!H80,PL!H80,PT!H80,RO!H80,SE!H80,SI!H80,SK!H80) -> 5455.8064 | I80: =SUM(AT!I80,BE!I80,BG!I80,CY!I80,CZ!I80,DE!I80,DK!I80,EE!I80,EL!I80,ES!I80,FI!I80,FR!I80,HR!I80,HU!I80,IE!I80,IT!I80,LT!I80,LU!I80,LV!I80,MT!I80,NL!I80,PL!I80,PT!I80,RO!I80,SE!I80,SI!I80,SK!I80) -> 5516.189 | ... W80: =SUM(AT!W80,BE!W80,BG!W80,CY!W80,CZ!W80,DE!W80,DK!W80,EE!W80,EL!W80,ES!W80,FI!W80,FR!W80,HR!W80,HU!W80,IE!W80,IT!W80,LT!W80,LU!W80,LV!W80,MT!W80,NL!W80,PL!W80,PT!W80,RO!W80,SE!W80,SI!W80,SK!W80) -> 4606.3061
A81: 1.A.5.b - Mobile | B81: =SUM(AT!B81,BE!B81,BG!B81,CY!B81,CZ!B81,DE!B81,DK!B81,EE!B81,EL!B81,ES!B81,FI!B81,FR!B81,HR!B81,HU!B81,IE!B81,IT!B81,LT!B81,LU!B81,LV!B81,MT!B81,NL!B81,PL!B81,PT!B81,RO!B81,SE!B81,SI!B81,SK!B81) -> 3723.2689 | C81: =SUM(AT!C81,BE!C81,BG!C81,CY!C81,CZ!C81,DE!C81,DK!C81,EE!C81,EL!C81,ES!C81,FI!C81,FR!C81,HR!C81,HU!C81,IE!C81,IT!C81,LT!C81,LU!C81,LV!C81,MT!C81,NL!C81,PL!C81,PT!C81,RO!C81,SE!C81,SI!C81,SK!C81) -> 2864.0025 | D81: =SUM(AT!D81,BE!D81,BG!D81,CY!D81,CZ!D81,DE!D81,DK!D81,EE!D81,EL!D81,ES!D81,FI!D81,FR!D81,HR!D81,HU!D81,IE!D81,IT!D81,LT!D81,LU!D81,LV!D81,MT!D81,NL!D81,PL!D81,PT!D81,RO!D81,SE!D81,SI!D81,SK!D81) -> 2908.3349 | E81: =SUM(AT!E81,BE!E81,BG!E81,CY!E81,CZ!E81,DE!E81,DK!E81,EE!E81,EL!E81,ES!E81,FI!E81,FR!E81,HR!E81,HU!E81,IE!E81,IT!E81,LT!E81,LU!E81,LV!E81,MT!E81,NL!E81,PL!E81,PT!E81,RO!E81,SE!E81,SI!E81,SK!E81) -> 3292.6411 | F81: =SUM(AT!F81,BE!F81,BG!F81,CY!F81,CZ!F81,DE!F81,DK!F81,EE!F81,EL!F81,ES!F81,FI!F81,FR!F81,HR!F81,HU!F81,IE!F81,IT!F81,LT!F81,LU!F81,LV!F81,MT!F81,NL!F81,PL!F81,PT!F81,RO!F81,SE!F81,SI!F81,SK!F81) -> 3683.4465 | G81: =SUM(AT!G81,BE!G81,BG!G81,CY!G81,CZ!G81,DE!G81,DK!G81,EE!G81,EL!G81,ES!G81,FI!G81,FR!G81,HR!G81,HU!G81,IE!G81,IT!G81,LT!G81,LU!G81,LV!G81,MT!G81,NL!G81,PL!G81,PT!G81,RO!G81,SE!G81,SI!G81,SK!G81) -> 4408.6551 | H81: =SUM(AT!H81,BE!H81,BG!H81,CY!H81,CZ!H81,DE!H81,DK!H81,EE!H81,EL!H81,ES!H81,FI!H81,FR!H81,HR!H81,HU!H81,IE!H81,IT!H81,LT!H81,LU!H81,LV!H81,MT!H81,NL!H81,PL!H81,PT!H81,RO!H81,SE!H81,SI!H81,SK!H81) -> 4035.9384 | I81: =SUM(AT!I81,BE!I81,BG!I81,CY!I81,CZ!I81,DE!I81,DK!I81,EE!I81,EL!I81,ES!I81,FI!I81,FR!I81,HR!I81,HU!I81,IE!I81,IT!I81,LT!I81,LU!I81,LV!I81,MT!I81,NL!I81,PL!I81,PT!I81,RO!I81,SE!I81,SI!I81,SK!I81) -> 3910.1712 | ... W81: =SUM(AT!W81,BE!W81,BG!W81,CY!W81,CZ!W81,DE!W81,DK!W81,EE!W81,EL!W81,ES!W81,FI!W81,FR!W81,HR!W81,HU!W81,IE!W81,IT!W81,LT!W81,LU!W81,LV!W81,MT!W81,NL!W81,PL!W81,PT!W81,RO!W81,SE!W81,SI!W81,SK!W81) -> 2284.9036
A82: 1.B - Fugitive Emissions from Fuels | B82: =SUM(AT!B82,BE!B82,BG!B82,CY!B82,CZ!B82,DE!B82,DK!B82,EE!B82,EL!B82,ES!B82,FI!B82,FR!B82,HR!B82,HU!B82,IE!B82,IT!B82,LT!B82,LU!B82,LV!B82,MT!B82,NL!B82,PL!B82,PT!B82,RO!B82,SE!B82,SI!B82,SK!B82) -> 20812.913 | C82: =SUM(AT!C82,BE!C82,BG!C82,CY!C82,CZ!C82,DE!C82,DK!C82,EE!C82,EL!C82,ES!C82,FI!C82,FR!C82,HR!C82,HU!C82,IE!C82,IT!C82,LT!C82,LU!C82,LV!C82,MT!C82,NL!C82,PL!C82,PT!C82,RO!C82,SE!C82,SI!C82,SK!C82) -> 19681.65 | D82: =SUM(AT!D82,BE!D82,BG!D82,CY!D82,CZ!D82,DE!D82,DK!D82,EE!D82,EL!D82,ES!D82,FI!D82,FR!D82,HR!D82,HU!D82,IE!D82,IT!D82,LT!D82,LU!D82,LV!D82,MT!D82,NL!D82,PL!D82,PT!D82,RO!D82,SE!D82,SI!D82,SK!D82) -> 20340.639 | E82: =SUM(AT!E82,BE!E82,BG!E82,CY!E82,CZ!E82,DE!E82,DK!E82,EE!E82,EL!E82,ES!E82,FI!E82,FR!E82,HR!E82,HU!E82,IE!E82,IT!E82,LT!E82,LU!E82,LV!E82,MT!E82,NL!E82,PL!E82,PT!E82,RO!E82,SE!E82,SI!E82,SK!E82) -> 21342.325 | F82: =SUM(AT!F82,BE!F82,BG!F82,CY!F82,CZ!F82,DE!F82,DK!F82,EE!F82,EL!F82,ES!F82,FI!F82,FR!F82,HR!F82,HU!F82,IE!F82,IT!F82,LT!F82,LU!F82,LV!F82,MT!F82,NL!F82,PL!F82,PT!F82,RO!F82,SE!F82,SI!F82,SK!F82) -> 20085.598 | G82: =SUM(AT!G82,BE!G82,BG!G82,CY!G82,CZ!G82,DE!G82,DK!G82,EE!G82,EL!G82,ES!G82,FI!G82,FR!G82,HR!G82,HU!G82,IE!G82,IT!G82,LT!G82,LU!G82,LV!G82,MT!G82,NL!G82,PL!G82,PT!G82,RO!G82,SE!G82,SI!G82,SK!G82) -> 20934.192 | H82: =SUM(AT!H82,BE!H82,BG!H82,CY!H82,CZ!H82,DE!H82,DK!H82,EE!H82,EL!H82,ES!H82,FI!H82,FR!H82,HR!H82,HU!H82,IE!H82,IT!H82,LT!H82,LU!H82,LV!H82,MT!H82,NL!H82,PL!H82,PT!H82,RO!H82,SE!H82,SI!H82,SK!H82) -> 22878.288 | I82: =SUM(AT!I82,BE!I82,BG!I82,CY!I82,CZ!I82,DE!I82,DK!I82,EE!I82,EL!I82,ES!I82,FI!I82,FR!I82,HR!I82,HU!I82,IE!I82,IT!I82,LT!I82,LU!I82,LV!I82,MT!I82,NL!I82,PL!I82,PT!I82,RO!I82,SE!I82,SI!I82,SK!I82) -> 22672.788 | ... W82: =SUM(AT!W82,BE!W82,BG!W82,CY!W82,CZ!W82,DE!W82,DK!W82,EE!W82,EL!W82,ES!W82,FI!W82,FR!W82,HR!W82,HU!W82,IE!W82,IT!W82,LT!W82,LU!W82,LV!W82,MT!W82,NL!W82,PL!W82,PT!W82,RO!W82,SE!W82,SI!W82,SK!W82) -> 17775.713
A83: 1.C - CO2 Transport and Storage | B83: =SUM(AT!B83,BE!B83,BG!B83,CY!B83,CZ!B83,DE!B83,DK!B83,EE!B83,EL!B83,ES!B83,FI!B83,FR!B83,HR!B83,HU!B83,IE!B83,IT!B83,LT!B83,LU!B83,LV!B83,MT!B83,NL!B83,PL!B83,PT!B83,RO!B83,SE!B83,SI!B83,SK!B83) -> 0 | C83: =SUM(AT!C83,BE!C83,BG!C83,CY!C83,CZ!C83,DE!C83,DK!C83,EE!C83,EL!C83,ES!C83,FI!C83,FR!C83,HR!C83,HU!C83,IE!C83,IT!C83,LT!C83,LU!C83,LV!C83,MT!C83,NL!C83,PL!C83,PT!C83,RO!C83,SE!C83,SI!C83,SK!C83) -> 0 | D83: =SUM(AT!D83,BE!D83,BG!D83,CY!D83,CZ!D83,DE!D83,DK!D83,EE!D83,EL!D83,ES!D83,FI!D83,FR!D83,HR!D83,HU!D83,IE!D83,IT!D83,LT!D83,LU!D83,LV!D83,MT!D83,NL!D83,PL!D83,PT!D83,RO!D83,SE!D83,SI!D83,SK!D83) -> 0 | E83: =SUM(AT!E83,BE!E83,BG!E83,CY!E83,CZ!E83,DE!E83,DK!E83,EE!E83,EL!E83,ES!E83,FI!E83,FR!E83,HR!E83,HU!E83,IE!E83,IT!E83,LT!E83,LU!E83,LV!E83,MT!E83,NL!E83,PL!E83,PT!E83,RO!E83,SE!E83,SI!E83,SK!E83) -> 0 | F83: =SUM(AT!F83,BE!F83,BG!F83,CY!F83,CZ!F83,DE!F83,DK!F83,EE!F83,EL!F83,ES!F83,FI!F83,FR!F83,HR!F83,HU!F83,IE!F83,IT!F83,LT!F83,LU!F83,LV!F83,MT!F83,NL!F83,PL!F83,PT!F83,RO!F83,SE!F83,SI!F83,SK!F83) -> 0 | G83: =SUM(AT!G83,BE!G83,BG!G83,CY!G83,CZ!G83,DE!G83,DK!G83,EE!G83,EL!G83,ES!G83,FI!G83,FR!G83,HR!G83,HU!G83,IE!G83,IT!G83,LT!G83,LU!G83,LV!G83,MT!G83,NL!G83,PL!G83,PT!G83,RO!G83,SE!G83,SI!G83,SK!G83) -> 0 | H83: =SUM(AT!H83,BE!H83,BG!H83,CY!H83,CZ!H83,DE!H83,DK!H83,EE!H83,EL!H83,ES!H83,FI!H83,FR!H83,HR!H83,HU!H83,IE!H83,IT!H83,LT!H83,LU!H83,LV!H83,MT!H83,NL!H83,PL!H83,PT!H83,RO!H83,SE!H83,SI!H83,SK!H83) -> 0 | I83: =SUM(AT!I83,BE!I83,BG!I83,CY!I83,CZ!I83,DE!I83,DK!I83,EE!I83,EL!I83,ES!I83,FI!I83,FR!I83,HR!I83,HU!I83,IE!I83,IT!I83,LT!I83,LU!I83,LV!I83,MT!I83,NL!I83,PL!I83,PT!I83,RO!I83,SE!I83,SI!I83,SK!I83) -> 0 | ... W83: =SUM(AT!W83,BE!W83,BG!W83,CY!W83,CZ!W83,DE!W83,DK!W83,EE!W83,EL!W83,ES!W83,FI!W83,FR!W83,HR!W83,HU!W83,IE!W83,IT!W83,LT!W83,LU!W83,LV!W83,MT!W83,NL!W83,PL!W83,PT!W83,RO!W83,SE!W83,SI!W83,SK!W83) -> 0
A84: Industrial Processes and Product Use | B84: =SUM(B85:B88) -> 289166.14 | C84: =SUM(C85:C88) -> 278648.76 | D84: =SUM(D85:D88) -> 279115.3 | E84: =SUM(E85:E88) -> 287036.07 | F84: =SUM(F85:F88) -> 298851.85 | G84: =SUM(G85:G88) -> 296355.39 | H84: =SUM(H85:H88) -> 302254.65 | I84: =SUM(I85:I88) -> 305960.25 | ... W84: =SUM(W85:W88) -> 232043.45
A85: Mineral Industry | B85: =SUM(AT!B85,BE!B85,BG!B85,CY!B85,CZ!B85,DE!B85,DK!B85,EE!B85,EL!B85,ES!B85,FI!B85,FR!B85,HR!B85,HU!B85,IE!B85,IT!B85,LT!B85,LU!B85,LV!B85,MT!B85,NL!B85,PL!B85,PT!B85,RO!B85,SE!B85,SI!B85,SK!B85) -> 130502.33 | C85: =SUM(AT!C85,BE!C85,BG!C85,CY!C85,CZ!C85,DE!C85,DK!C85,EE!C85,EL!C85,ES!C85,FI!C85,FR!C85,HR!C85,HU!C85,IE!C85,IT!C85,LT!C85,LU!C85,LV!C85,MT!C85,NL!C85,PL!C85,PT!C85,RO!C85,SE!C85,SI!C85,SK!C85) -> 128198.65 | D85: =SUM(AT!D85,BE!D85,BG!D85,CY!D85,CZ!D85,DE!D85,DK!D85,EE!D85,EL!D85,ES!D85,FI!D85,FR!D85,HR!D85,HU!D85,IE!D85,IT!D85,LT!D85,LU!D85,LV!D85,MT!D85,NL!D85,PL!D85,PT!D85,RO!D85,SE!D85,SI!D85,SK!D85) -> 127669.89 | E85: =SUM(AT!E85,BE!E85,BG!E85,CY!E85,CZ!E85,DE!E85,DK!E85,EE!E85,EL!E85,ES!E85,FI!E85,FR!E85,HR!E85,HU!E85,IE!E85,IT!E85,LT!E85,LU!E85,LV!E85,MT!E85,NL!E85,PL!E85,PT!E85,RO!E85,SE!E85,SI!E85,SK!E85) -> 129323.03 | F85: =SUM(AT!F85,BE!F85,BG!F85,CY!F85,CZ!F85,DE!F85,DK!F85,EE!F85,EL!F85,ES!F85,FI!F85,FR!F85,HR!F85,HU!F85,IE!F85,IT!F85,LT!F85,LU!F85,LV!F85,MT!F85,NL!F85,PL!F85,PT!F85,RO!F85,SE!F85,SI!F85,SK!F85) -> 135014.62 | G85: =SUM(AT!G85,BE!G85,BG!G85,CY!G85,CZ!G85,DE!G85,DK!G85,EE!G85,EL!G85,ES!G85,FI!G85,FR!G85,HR!G85,HU!G85,IE!G85,IT!G85,LT!G85,LU!G85,LV!G85,MT!G85,NL!G85,PL!G85,PT!G85,RO!G85,SE!G85,SI!G85,SK!G85) -> 134942.13 | H85: =SUM(AT!H85,BE!H85,BG!H85,CY!H85,CZ!H85,DE!H85,DK!H85,EE!H85,EL!H85,ES!H85,FI!H85,FR!H85,HR!H85,HU!H85,IE!H85,IT!H85,LT!H85,LU!H85,LV!H85,MT!H85,NL!H85,PL!H85,PT!H85,RO!H85,SE!H85,SI!H85,SK!H85) -> 138917.78 | I85: =SUM(AT!I85,BE!I85,BG!I85,CY!I85,CZ!I85,DE!I85,DK!I85,EE!I85,EL!I85,ES!I85,FI!I85,FR!I85,HR!I85,HU!I85,IE!I85,IT!I85,LT!I85,LU!I85,LV!I85,MT!I85,NL!I85,PL!I85,PT!I85,RO!I85,SE!I85,SI!I85,SK!I85) -> 143961 | ... W85: =SUM(AT!W85,BE!W85,BG!W85,CY!W85,CZ!W85,DE!W85,DK!W85,EE!W85,EL!W85,ES!W85,FI!W85,FR!W85,HR!W85,HU!W85,IE!W85,IT!W85,LT!W85,LU!W85,LV!W85,MT!W85,NL!W85,PL!W85,PT!W85,RO!W85,SE!W85,SI!W85,SK!W85) -> 104085.54
A86: Chemical Industry | B86: =SUM(AT!B86,BE!B86,BG!B86,CY!B86,CZ!B86,DE!B86,DK!B86,EE!B86,EL!B86,ES!B86,FI!B86,FR!B86,HR!B86,HU!B86,IE!B86,IT!B86,LT!B86,LU!B86,LV!B86,MT!B86,NL!B86,PL!B86,PT!B86,RO!B86,SE!B86,SI!B86,SK!B86) -> 52749.318 | C86: =SUM(AT!C86,BE!C86,BG!C86,CY!C86,CZ!C86,DE!C86,DK!C86,EE!C86,EL!C86,ES!C86,FI!C86,FR!C86,HR!C86,HU!C86,IE!C86,IT!C86,LT!C86,LU!C86,LV!C86,MT!C86,NL!C86,PL!C86,PT!C86,RO!C86,SE!C86,SI!C86,SK!C86) -> 50443.24 | D86: =SUM(AT!D86,BE!D86,BG!D86,CY!D86,CZ!D86,DE!D86,DK!D86,EE!D86,EL!D86,ES!D86,FI!D86,FR!D86,HR!D86,HU!D86,IE!D86,IT!D86,LT!D86,LU!D86,LV!D86,MT!D86,NL!D86,PL!D86,PT!D86,RO!D86,SE!D86,SI!D86,SK!D86) -> 48219.976 | E86: =SUM(AT!E86,BE!E86,BG!E86,CY!E86,CZ!E86,DE!E86,DK!E86,EE!E86,EL!E86,ES!E86,FI!E86,FR!E86,HR!E86,HU!E86,IE!E86,IT!E86,LT!E86,LU!E86,LV!E86,MT!E86,NL!E86,PL!E86,PT!E86,RO!E86,SE!E86,SI!E86,SK!E86) -> 50757.57 | F86: =SUM(AT!F86,BE!F86,BG!F86,CY!F86,CZ!F86,DE!F86,DK!F86,EE!F86,EL!F86,ES!F86,FI!F86,FR!F86,HR!F86,HU!F86,IE!F86,IT!F86,LT!F86,LU!F86,LV!F86,MT!F86,NL!F86,PL!F86,PT!F86,RO!F86,SE!F86,SI!F86,SK!F86) -> 52990.965 | G86: =SUM(AT!G86,BE!G86,BG!G86,CY!G86,CZ!G86,DE!G86,DK!G86,EE!G86,EL!G86,ES!G86,FI!G86,FR!G86,HR!G86,HU!G86,IE!G86,IT!G86,LT!G86,LU!G86,LV!G86,MT!G86,NL!G86,PL!G86,PT!G86,RO!G86,SE!G86,SI!G86,SK!G86) -> 54316.217 | H86: =SUM(AT!H86,BE!H86,BG!H86,CY!H86,CZ!H86,DE!H86,DK!H86,EE!H86,EL!H86,ES!H86,FI!H86,FR!H86,HR!H86,HU!H86,IE!H86,IT!H86,LT!H86,LU!H86,LV!H86,MT!H86,NL!H86,PL!H86,PT!H86,RO!H86,SE!H86,SI!H86,SK!H86) -> 51985.521 | I86: =SUM(AT!I86,BE!I86,BG!I86,CY!I86,CZ!I86,DE!I86,DK!I86,EE!I86,EL!I86,ES!I86,FI!I86,FR!I86,HR!I86,HU!I86,IE!I86,IT!I86,LT!I86,LU!I86,LV!I86,MT!I86,NL!I86,PL!I86,PT!I86,RO!I86,SE!I86,SI!I86,SK!I86) -> 54108.607 | ... W86: =SUM(AT!W86,BE!W86,BG!W86,CY!W86,CZ!W86,DE!W86,DK!W86,EE!W86,EL!W86,ES!W86,FI!W86,FR!W86,HR!W86,HU!W86,IE!W86,IT!W86,LT!W86,LU!W86,LV!W86,MT!W86,NL!W86,PL!W86,PT!W86,RO!W86,SE!W86,SI!W86,SK!W86) -> 45566.143
A87: Metal Industry | B87: =SUM(AT!B87,BE!B87,BG!B87,CY!B87,CZ!B87,DE!B87,DK!B87,EE!B87,EL!B87,ES!B87,FI!B87,FR!B87,HR!B87,HU!B87,IE!B87,IT!B87,LT!B87,LU!B87,LV!B87,MT!B87,NL!B87,PL!B87,PT!B87,RO!B87,SE!B87,SI!B87,SK!B87) -> 97014.008 | C87: =SUM(AT!C87,BE!C87,BG!C87,CY!C87,CZ!C87,DE!C87,DK!C87,EE!C87,EL!C87,ES!C87,FI!C87,FR!C87,HR!C87,HU!C87,IE!C87,IT!C87,LT!C87,LU!C87,LV!C87,MT!C87,NL!C87,PL!C87,PT!C87,RO!C87,SE!C87,SI!C87,SK!C87) -> 91337.412 | D87: =SUM(AT!D87,BE!D87,BG!D87,CY!D87,CZ!D87,DE!D87,DK!D87,EE!D87,EL!D87,ES!D87,FI!D87,FR!D87,HR!D87,HU!D87,IE!D87,IT!D87,LT!D87,LU!D87,LV!D87,MT!D87,NL!D87,PL!D87,PT!D87,RO!D87,SE!D87,SI!D87,SK!D87) -> 94933.967 | E87: =SUM(AT!E87,BE!E87,BG!E87,CY!E87,CZ!E87,DE!E87,DK!E87,EE!E87,EL!E87,ES!E87,FI!E87,FR!E87,HR!E87,HU!E87,IE!E87,IT!E87,LT!E87,LU!E87,LV!E87,MT!E87,NL!E87,PL!E87,PT!E87,RO!E87,SE!E87,SI!E87,SK!E87) -> 98826.715 | F87: =SUM(AT!F87,BE!F87,BG!F87,CY!F87,CZ!F87,DE!F87,DK!F87,EE!F87,EL!F87,ES!F87,FI!F87,FR!F87,HR!F87,HU!F87,IE!F87,IT!F87,LT!F87,LU!F87,LV!F87,MT!F87,NL!F87,PL!F87,PT!F87,RO!F87,SE!F87,SI!F87,SK!F87) -> 102132.38 | G87: =SUM(AT!G87,BE!G87,BG!G87,CY!G87,CZ!G87,DE!G87,DK!G87,EE!G87,EL!G87,ES!G87,FI!G87,FR!G87,HR!G87,HU!G87,IE!G87,IT!G87,LT!G87,LU!G87,LV!G87,MT!G87,NL!G87,PL!G87,PT!G87,RO!G87,SE!G87,SI!G87,SK!G87) -> 97950.278 | H87: =SUM(AT!H87,BE!H87,BG!H87,CY!H87,CZ!H87,DE!H87,DK!H87,EE!H87,EL!H87,ES!H87,FI!H87,FR!H87,HR!H87,HU!H87,IE!H87,IT!H87,LT!H87,LU!H87,LV!H87,MT!H87,NL!H87,PL!H87,PT!H87,RO!H87,SE!H87,SI!H87,SK!H87) -> 102286.63 | I87: =SUM(AT!I87,BE!I87,BG!I87,CY!I87,CZ!I87,DE!I87,DK!I87,EE!I87,EL!I87,ES!I87,FI!I87,FR!I87,HR!I87,HU!I87,IE!I87,IT!I87,LT!I87,LU!I87,LV!I87,MT!I87,NL!I87,PL!I87,PT!I87,RO!I87,SE!I87,SI!I87,SK!I87) -> 98633.521 | ... W87: =SUM(AT!W87,BE!W87,BG!W87,CY!W87,CZ!W87,DE!W87,DK!W87,EE!W87,EL!W87,ES!W87,FI!W87,FR!W87,HR!W87,HU!W87,IE!W87,IT!W87,LT!W87,LU!W87,LV!W87,MT!W87,NL!W87,PL!W87,PT!W87,RO!W87,SE!W87,SI!W87,SK!W87) -> 74436.022
A88: Solvent use and other process | B88: =SUM(AT!B88,BE!B88,BG!B88,CY!B88,CZ!B88,DE!B88,DK!B88,EE!B88,EL!B88,ES!B88,FI!B88,FR!B88,HR!B88,HU!B88,IE!B88,IT!B88,LT!B88,LU!B88,LV!B88,MT!B88,NL!B88,PL!B88,PT!B88,RO!B88,SE!B88,SI!B88,SK!B88) -> 8900.4854 | C88: =SUM(AT!C88,BE!C88,BG!C88,CY!C88,CZ!C88,DE!C88,DK!C88,EE!C88,EL!C88,ES!C88,FI!C88,FR!C88,HR!C88,HU!C88,IE!C88,IT!C88,LT!C88,LU!C88,LV!C88,MT!C88,NL!C88,PL!C88,PT!C88,RO!C88,SE!C88,SI!C88,SK!C88) -> 8669.4584 | D88: =SUM(AT!D88,BE!D88,BG!D88,CY!D88,CZ!D88,DE!D88,DK!D88,EE!D88,EL!D88,ES!D88,FI!D88,FR!D88,HR!D88,HU!D88,IE!D88,IT!D88,LT!D88,LU!D88,LV!D88,MT!D88,NL!D88,PL!D88,PT!D88,RO!D88,SE!D88,SI!D88,SK!D88) -> 8291.47 | E88: =SUM(AT!E88,BE!E88,BG!E88,CY!E88,CZ!E88,DE!E88,DK!E88,EE!E88,EL!E88,ES!E88,FI!E88,FR!E88,HR!E88,HU!E88,IE!E88,IT!E88,LT!E88,LU!E88,LV!E88,MT!E88,NL!E88,PL!E88,PT!E88,RO!E88,SE!E88,SI!E88,SK!E88) -> 8128.7586 | F88: =SUM(AT!F88,BE!F88,BG!F88,CY!F88,CZ!F88,DE!F88,DK!F88,EE!F88,EL!F88,ES!F88,FI!F88,FR!F88,HR!F88,HU!F88,IE!F88,IT!F88,LT!F88,LU!F88,LV!F88,MT!F88,NL!F88,PL!F88,PT!F88,RO!F88,SE!F88,SI!F88,SK!F88) -> 8713.8859 | G88: =SUM(AT!G88,BE!G88,BG!G88,CY!G88,CZ!G88,DE!G88,DK!G88,EE!G88,EL!G88,ES!G88,FI!G88,FR!G88,HR!G88,HU!G88,IE!G88,IT!G88,LT!G88,LU!G88,LV!G88,MT!G88,NL!G88,PL!G88,PT!G88,RO!G88,SE!G88,SI!G88,SK!G88) -> 9146.7709 | H88: =SUM(AT!H88,BE!H88,BG!H88,CY!H88,CZ!H88,DE!H88,DK!H88,EE!H88,EL!H88,ES!H88,FI!H88,FR!H88,HR!H88,HU!H88,IE!H88,IT!H88,LT!H88,LU!H88,LV!H88,MT!H88,NL!H88,PL!H88,PT!H88,RO!H88,SE!H88,SI!H88,SK!H88) -> 9064.7191 | I88: =SUM(AT!I88,BE!I88,BG!I88,CY!I88,CZ!I88,DE!I88,DK!I88,EE!I88,EL!I88,ES!I88,FI!I88,FR!I88,HR!I88,HU!I88,IE!I88,IT!I88,LT!I88,LU!I88,LV!I88,MT!I88,NL!I88,PL!I88,PT!I88,RO!I88,SE!I88,SI!I88,SK!I88) -> 9257.1242 | ... W88: =SUM(AT!W88,BE!W88,BG!W88,CY!W88,CZ!W88,DE!W88,DK!W88,EE!W88,EL!W88,ES!W88,FI!W88,FR!W88,HR!W88,HU!W88,IE!W88,IT!W88,LT!W88,LU!W88,LV!W88,MT!W88,NL!W88,PL!W88,PT!W88,RO!W88,SE!W88,SI!W88,SK!W88) -> 7955.745
A89: 3 - Agriculture | B89: =SUM(AT!B89,BE!B89,BG!B89,CY!B89,CZ!B89,DE!B89,DK!B89,EE!B89,EL!B89,ES!B89,FI!B89,FR!B89,HR!B89,HU!B89,IE!B89,IT!B89,LT!B89,LU!B89,LV!B89,MT!B89,NL!B89,PL!B89,PT!B89,RO!B89,SE!B89,SI!B89,SK!B89) -> 10220.279 | C89: =SUM(AT!C89,BE!C89,BG!C89,CY!C89,CZ!C89,DE!C89,DK!C89,EE!C89,EL!C89,ES!C89,FI!C89,FR!C89,HR!C89,HU!C89,IE!C89,IT!C89,LT!C89,LU!C89,LV!C89,MT!C89,NL!C89,PL!C89,PT!C89,RO!C89,SE!C89,SI!C89,SK!C89) -> 10028.103 | D89: =SUM(AT!D89,BE!D89,BG!D89,CY!D89,CZ!D89,DE!D89,DK!D89,EE!D89,EL!D89,ES!D89,FI!D89,FR!D89,HR!D89,HU!D89,IE!D89,IT!D89,LT!D89,LU!D89,LV!D89,MT!D89,NL!D89,PL!D89,PT!D89,RO!D89,SE!D89,SI!D89,SK!D89) -> 9717.3902 | E89: =SUM(AT!E89,BE!E89,BG!E89,CY!E89,CZ!E89,DE!E89,DK!E89,EE!E89,EL!E89,ES!E89,FI!E89,FR!E89,HR!E89,HU!E89,IE!E89,IT!E89,LT!E89,LU!E89,LV!E89,MT!E89,NL!E89,PL!E89,PT!E89,RO!E89,SE!E89,SI!E89,SK!E89) -> 9664.8731 | F89: =SUM(AT!F89,BE!F89,BG!F89,CY!F89,CZ!F89,DE!F89,DK!F89,EE!F89,EL!F89,ES!F89,FI!F89,FR!F89,HR!F89,HU!F89,IE!F89,IT!F89,LT!F89,LU!F89,LV!F89,MT!F89,NL!F89,PL!F89,PT!F89,RO!F89,SE!F89,SI!F89,SK!F89) -> 9333.0039 | G89: =SUM(AT!G89,BE!G89,BG!G89,CY!G89,CZ!G89,DE!G89,DK!G89,EE!G89,EL!G89,ES!G89,FI!G89,FR!G89,HR!G89,HU!G89,IE!G89,IT!G89,LT!G89,LU!G89,LV!G89,MT!G89,NL!G89,PL!G89,PT!G89,RO!G89,SE!G89,SI!G89,SK!G89) -> 9167.7674 | H89: =SUM(AT!H89,BE!H89,BG!H89,CY!H89,CZ!H89,DE!H89,DK!H89,EE!H89,EL!H89,ES!H89,FI!H89,FR!H89,HR!H89,HU!H89,IE!H89,IT!H89,LT!H89,LU!H89,LV!H89,MT!H89,NL!H89,PL!H89,PT!H89,RO!H89,SE!H89,SI!H89,SK!H89) -> 8785.2396 | I89: =SUM(AT!I89,BE!I89,BG!I89,CY!I89,CZ!I89,DE!I89,DK!I89,EE!I89,EL!I89,ES!I89,FI!I89,FR!I89,HR!I89,HU!I89,IE!I89,IT!I89,LT!I89,LU!I89,LV!I89,MT!I89,NL!I89,PL!I89,PT!I89,RO!I89,SE!I89,SI!I89,SK!I89) -> 8865.0192 | ... W89: =SUM(AT!W89,BE!W89,BG!W89,CY!W89,CZ!W89,DE!W89,DK!W89,EE!W89,EL!W89,ES!W89,FI!W89,FR!W89,HR!W89,HU!W89,IE!W89,IT!W89,LT!W89,LU!W89,LV!W89,MT!W89,NL!W89,PL!W89,PT!W89,RO!W89,SE!W89,SI!W89,SK!W89) -> 9818.573
A90: 5 - Waste management | B90: =SUM(AT!B90,BE!B90,BG!B90,CY!B90,CZ!B90,DE!B90,DK!B90,EE!B90,EL!B90,ES!B90,FI!B90,FR!B90,HR!B90,HU!B90,IE!B90,IT!B90,LT!B90,LU!B90,LV!B90,MT!B90,NL!B90,PL!B90,PT!B90,RO!B90,SE!B90,SI!B90,SK!B90) -> 2890.7281 | C90: =SUM(AT!C90,BE!C90,BG!C90,CY!C90,CZ!C90,DE!C90,DK!C90,EE!C90,EL!C90,ES!C90,FI!C90,FR!C90,HR!C90,HU!C90,IE!C90,IT!C90,LT!C90,LU!C90,LV!C90,MT!C90,NL!C90,PL!C90,PT!C90,RO!C90,SE!C90,SI!C90,SK!C90) -> 2850.202 | D90: =SUM(AT!D90,BE!D90,BG!D90,CY!D90,CZ!D90,DE!D90,DK!D90,EE!D90,EL!D90,ES!D90,FI!D90,FR!D90,HR!D90,HU!D90,IE!D90,IT!D90,LT!D90,LU!D90,LV!D90,MT!D90,NL!D90,PL!D90,PT!D90,RO!D90,SE!D90,SI!D90,SK!D90) -> 3065.393 | E90: =SUM(AT!E90,BE!E90,BG!E90,CY!E90,CZ!E90,DE!E90,DK!E90,EE!E90,EL!E90,ES!E90,FI!E90,FR!E90,HR!E90,HU!E90,IE!E90,IT!E90,LT!E90,LU!E90,LV!E90,MT!E90,NL!E90,PL!E90,PT!E90,RO!E90,SE!E90,SI!E90,SK!E90) -> 3183.1404 | F90: =SUM(AT!F90,BE!F90,BG!F90,CY!F90,CZ!F90,DE!F90,DK!F90,EE!F90,EL!F90,ES!F90,FI!F90,FR!F90,HR!F90,HU!F90,IE!F90,IT!F90,LT!F90,LU!F90,LV!F90,MT!F90,NL!F90,PL!F90,PT!F90,RO!F90,SE!F90,SI!F90,SK!F90) -> 3045.6477 | G90: =SUM(AT!G90,BE!G90,BG!G90,CY!G90,CZ!G90,DE!G90,DK!G90,EE!G90,EL!G90,ES!G90,FI!G90,FR!G90,HR!G90,HU!G90,IE!G90,IT!G90,LT!G90,LU!G90,LV!G90,MT!G90,NL!G90,PL!G90,PT!G90,RO!G90,SE!G90,SI!G90,SK!G90) -> 3179.1334 | H90: =SUM(AT!H90,BE!H90,BG!H90,CY!H90,CZ!H90,DE!H90,DK!H90,EE!H90,EL!H90,ES!H90,FI!H90,FR!H90,HR!H90,HU!H90,IE!H90,IT!H90,LT!H90,LU!H90,LV!H90,MT!H90,NL!H90,PL!H90,PT!H90,RO!H90,SE!H90,SI!H90,SK!H90) -> 3268.1483 | I90: =SUM(AT!I90,BE!I90,BG!I90,CY!I90,CZ!I90,DE!I90,DK!I90,EE!I90,EL!I90,ES!I90,FI!I90,FR!I90,HR!I90,HU!I90,IE!I90,IT!I90,LT!I90,LU!I90,LV!I90,MT!I90,NL!I90,PL!I90,PT!I90,RO!I90,SE!I90,SI!I90,SK!I90) -> 3134.8575 | ... W90: =SUM(AT!W90,BE!W90,BG!W90,CY!W90,CZ!W90,DE!W90,DK!W90,EE!W90,EL!W90,ES!W90,FI!W90,FR!W90,HR!W90,HU!W90,IE!W90,IT!W90,LT!W90,LU!W90,LV!W90,MT!W90,NL!W90,PL!W90,PT!W90,RO!W90,SE!W90,SI!W90,SK!W90) -> 2701.1906
A91: 6 - Other Sector | B91: =SUM(AT!B91,BE!B91,BG!B91,CY!B91,CZ!B91,DE!B91,DK!B91,EE!B91,EL!B91,ES!B91,FI!B91,FR!B91,HR!B91,HU!B91,IE!B91,IT!B91,LT!B91,LU!B91,LV!B91,MT!B91,NL!B91,PL!B91,PT!B91,RO!B91,SE!B91,SI!B91,SK!B91) -> 0 | C91: =SUM(AT!C91,BE!C91,BG!C91,CY!C91,CZ!C91,DE!C91,DK!C91,EE!C91,EL!C91,ES!C91,FI!C91,FR!C91,HR!C91,HU!C91,IE!C91,IT!C91,LT!C91,LU!C91,LV!C91,MT!C91,NL!C91,PL!C91,PT!C91,RO!C91,SE!C91,SI!C91,SK!C91) -> 0 | D91: =SUM(AT!D91,BE!D91,BG!D91,CY!D91,CZ!D91,DE!D91,DK!D91,EE!D91,EL!D91,ES!D91,FI!D91,FR!D91,HR!D91,HU!D91,IE!D91,IT!D91,LT!D91,LU!D91,LV!D91,MT!D91,NL!D91,PL!D91,PT!D91,RO!D91,SE!D91,SI!D91,SK!D91) -> 0 | E91: =SUM(AT!E91,BE!E91,BG!E91,CY!E91,CZ!E91,DE!E91,DK!E91,EE!E91,EL!E91,ES!E91,FI!E91,FR!E91,HR!E91,HU!E91,IE!E91,IT!E91,LT!E91,LU!E91,LV!E91,MT!E91,NL!E91,PL!E91,PT!E91,RO!E91,SE!E91,SI!E91,SK!E91) -> 0 | F91: =SUM(AT!F91,BE!F91,BG!F91,CY!F91,CZ!F91,DE!F91,DK!F91,EE!F91,EL!F91,ES!F91,FI!F91,FR!F91,HR!F91,HU!F91,IE!F91,IT!F91,LT!F91,LU!F91,LV!F91,MT!F91,NL!F91,PL!F91,PT!F91,RO!F91,SE!F91,SI!F91,SK!F91) -> 0 | G91: =SUM(AT!G91,BE!G91,BG!G91,CY!G91,CZ!G91,DE!G91,DK!G91,EE!G91,EL!G91,ES!G91,FI!G91,FR!G91,HR!G91,HU!G91,IE!G91,IT!G91,LT!G91,LU!G91,LV!G91,MT!G91,NL!G91,PL!G91,PT!G91,RO!G91,SE!G91,SI!G91,SK!G91) -> 0 | H91: =SUM(AT!H91,BE!H91,BG!H91,CY!H91,CZ!H91,DE!H91,DK!H91,EE!H91,EL!H91,ES!H91,FI!H91,FR!H91,HR!H91,HU!H91,IE!H91,IT!H91,LT!H91,LU!H91,LV!H91,MT!H91,NL!H91,PL!H91,PT!H91,RO!H91,SE!H91,SI!H91,SK!H91) -> 0 | I91: =SUM(AT!I91,BE!I91,BG!I91,CY!I91,CZ!I91,DE!I91,DK!I91,EE!I91,EL!I91,ES!I91,FI!I91,FR!I91,HR!I91,HU!I91,IE!I91,IT!I91,LT!I91,LU!I91,LV!I91,MT!I91,NL!I91,PL!I91,PT!I91,RO!I91,SE!I91,SI!I91,SK!I91) -> 0 | ... W91: =SUM(AT!W91,BE!W91,BG!W91,CY!W91,CZ!W91,DE!W91,DK!W91,EE!W91,EL!W91,ES!W91,FI!W91,FR!W91,HR!W91,HU!W91,IE!W91,IT!W91,LT!W91,LU!W91,LV!W91,MT!W91,NL!W91,PL!W91,PT!W91,RO!W91,SE!W91,SI!W91,SK!W91) -> 0
A92: International Bunkers | B92: =SUM(B93:B94) -> 215773.93 | C92: =SUM(C93:C94) -> 217836.58 | D92: =SUM(D93:D94) -> 220300.62 | E92: =SUM(E93:E94) -> 225985.33 | F92: =SUM(F93:F94) -> 239240.29 | G92: =SUM(G93:G94) -> 245815.87 | H92: =SUM(H93:H94) -> 260674.78 | I92: =SUM(I93:I94) -> 271945.47 | ... W92: =SUM(W93:W94) -> 194516.4
A93: International Aviation | B93: =SUM(AT!B93,BE!B93,BG!B93,CY!B93,CZ!B93,DE!B93,DK!B93,EE!B93,EL!B93,ES!B93,FI!B93,FR!B93,HR!B93,HU!B93,IE!B93,IT!B93,LT!B93,LU!B93,LV!B93,MT!B93,NL!B93,PL!B93,PT!B93,RO!B93,SE!B93,SI!B93,SK!B93) -> 86018.368 | C93: =SUM(AT!C93,BE!C93,BG!C93,CY!C93,CZ!C93,DE!C93,DK!C93,EE!C93,EL!C93,ES!C93,FI!C93,FR!C93,HR!C93,HU!C93,IE!C93,IT!C93,LT!C93,LU!C93,LV!C93,MT!C93,NL!C93,PL!C93,PT!C93,RO!C93,SE!C93,SI!C93,SK!C93) -> 84030.351 | D93: =SUM(AT!D93,BE!D93,BG!D93,CY!D93,CZ!D93,DE!D93,DK!D93,EE!D93,EL!D93,ES!D93,FI!D93,FR!D93,HR!D93,HU!D93,IE!D93,IT!D93,LT!D93,LU!D93,LV!D93,MT!D93,NL!D93,PL!D93,PT!D93,RO!D93,SE!D93,SI!D93,SK!D93) -> 82576.137 | E93: =SUM(AT!E93,BE!E93,BG!E93,CY!E93,CZ!E93,DE!E93,DK!E93,EE!E93,EL!E93,ES!E93,FI!E93,FR!E93,HR!E93,HU!E93,IE!E93,IT!E93,LT!E93,LU!E93,LV!E93,MT!E93,NL!E93,PL!E93,PT!E93,RO!E93,SE!E93,SI!E93,SK!E93) -> 84156.863 | F93: =SUM(AT!F93,BE!F93,BG!F93,CY!F93,CZ!F93,DE!F93,DK!F93,EE!F93,EL!F93,ES!F93,FI!F93,FR!F93,HR!F93,HU!F93,IE!F93,IT!F93,LT!F93,LU!F93,LV!F93,MT!F93,NL!F93,PL!F93,PT!F93,RO!F93,SE!F93,SI!F93,SK!F93) -> 90121.752 | G93: =SUM(AT!G93,BE!G93,BG!G93,CY!G93,CZ!G93,DE!G93,DK!G93,EE!G93,EL!G93,ES!G93,FI!G93,FR!G93,HR!G93,HU!G93,IE!G93,IT!G93,LT!G93,LU!G93,LV!G93,MT!G93,NL!G93,PL!G93,PT!G93,RO!G93,SE!G93,SI!G93,SK!G93) -> 93765.213 | H93: =SUM(AT!H93,BE!H93,BG!H93,CY!H93,CZ!H93,DE!H93,DK!H93,EE!H93,EL!H93,ES!H93,FI!H93,FR!H93,HR!H93,HU!H93,IE!H93,IT!H93,LT!H93,LU!H93,LV!H93,MT!H93,NL!H93,PL!H93,PT!H93,RO!H93,SE!H93,SI!H93,SK!H93) -> 98548.682 | I93: =SUM(AT!I93,BE!I93,BG!I93,CY!I93,CZ!I93,DE!I93,DK!I93,EE!I93,EL!I93,ES!I93,FI!I93,FR!I93,HR!I93,HU!I93,IE!I93,IT!I93,LT!I93,LU!I93,LV!I93,MT!I93,NL!I93,PL!I93,PT!I93,RO!I93,SE!I93,SI!I93,SK!I93) -> 102820.45 | ... W93: =SUM(AT!W93,BE!W93,BG!W93,CY!W93,CZ!W93,DE!W93,DK!W93,EE!W93,EL!W93,ES!W93,FI!W93,FR!W93,HR!W93,HU!W93,IE!W93,IT!W93,LT!W93,LU!W93,LV!W93,MT!W93,NL!W93,PL!W93,PT!W93,RO!W93,SE!W93,SI!W93,SK!W93) -> 64807.705
A94: International Navigation | B94: =SUM(AT!B94,BE!B94,BG!B94,CY!B94,CZ!B94,DE!B94,DK!B94,EE!B94,EL!B94,ES!B94,FI!B94,FR!B94,HR!B94,HU!B94,IE!B94,IT!B94,LT!B94,LU!B94,LV!B94,MT!B94,NL!B94,PL!B94,PT!B94,RO!B94,SE!B94,SI!B94,SK!B94) -> 129755.56 | C94: =SUM(AT!C94,BE!C94,BG!C94,CY!C94,CZ!C94,DE!C94,DK!C94,EE!C94,EL!C94,ES!C94,FI!C94,FR!C94,HR!C94,HU!C94,IE!C94,IT!C94,LT!C94,LU!C94,LV!C94,MT!C94,NL!C94,PL!C94,PT!C94,RO!C94,SE!C94,SI!C94,SK!C94) -> 133806.23 | D94: =SUM(AT!D94,BE!D94,BG!D94,CY!D94,CZ!D94,DE!D94,DK!D94,EE!D94,EL!D94,ES!D94,FI!D94,FR!D94,HR!D94,HU!D94,IE!D94,IT!D94,LT!D94,LU!D94,LV!D94,MT!D94,NL!D94,PL!D94,PT!D94,RO!D94,SE!D94,SI!D94,SK!D94) -> 137724.48 | E94: =SUM(AT!E94,BE!E94,BG!E94,CY!E94,CZ!E94,DE!E94,DK!E94,EE!E94,EL!E94,ES!E94,FI!E94,FR!E94,HR!E94,HU!E94,IE!E94,IT!E94,LT!E94,LU!E94,LV!E94,MT!E94,NL!E94,PL!E94,PT!E94,RO!E94,SE!E94,SI!E94,SK!E94) -> 141828.47 | F94: =SUM(AT!F94,BE!F94,BG!F94,CY!F94,CZ!F94,DE!F94,DK!F94,EE!F94,EL!F94,ES!F94,FI!F94,FR!F94,HR!F94,HU!F94,IE!F94,IT!F94,LT!F94,LU!F94,LV!F94,MT!F94,NL!F94,PL!F94,PT!F94,RO!F94,SE!F94,SI!F94,SK!F94) -> 149118.53 | G94: =SUM(AT!G94,BE!G94,BG!G94,CY!G94,CZ!G94,DE!G94,DK!G94,EE!G94,EL!G94,ES!G94,FI!G94,FR!G94,HR!G94,HU!G94,IE!G94,IT!G94,LT!G94,LU!G94,LV!G94,MT!G94,NL!G94,PL!G94,PT!G94,RO!G94,SE!G94,SI!G94,SK!G94) -> 152050.66 | H94: =SUM(AT!H94,BE!H94,BG!H94,CY!H94,CZ!H94,DE!H94,DK!H94,EE!H94,EL!H94,ES!H94,FI!H94,FR!H94,HR!H94,HU!H94,IE!H94,IT!H94,LT!H94,LU!H94,LV!H94,MT!H94,NL!H94,PL!H94,PT!H94,RO!H94,SE!H94,SI!H94,SK!H94) -> 162126.1 | I94: =SUM(AT!I94,BE!I94,BG!I94,CY!I94,CZ!I94,DE!I94,DK!I94,EE!I94,EL!I94,ES!I94,FI!I94,FR!I94,HR!I94,HU!I94,IE!I94,IT!I94,LT!I94,LU!I94,LV!I94,MT!I94,NL!I94,PL!I94,PT!I94,RO!I94,SE!I94,SI!I94,SK!I94) -> 169125.02 | ... W94: =SUM(AT!W94,BE!W94,BG!W94,CY!W94,CZ!W94,DE!W94,DK!W94,EE!W94,EL!W94,ES!W94,FI!W94,FR!W94,HR!W94,HU!W94,IE!W94,IT!W94,LT!W94,LU!W94,LV!W94,MT!W94,NL!W94,PL!W94,PT!W94,RO!W94,SE!W94,SI!W94,SK!W94) -> 129708.69
A96: Residual CO2 emissions for UNFCCC calibration (kt CO2) | B96: =SUM(B97,B131,B136,B137,B138,B139) -> -11341.201 | C96: =SUM(C97,C131,C136,C137,C138,C139) -> 3277.4328 | D96: =SUM(D97,D131,D136,D137,D138,D139) -> 399.79855 | E96: =SUM(E97,E131,E136,E137,E138,E139) -> -5594.9297 | F96: =SUM(F97,F131,F136,F137,F138,F139) -> -10010.138 | G96: =SUM(G97,G131,G136,G137,G138,G139) -> -4911.1163 | H96: =SUM(H97,H131,H136,H137,H138,H139) -> -11836.132 | I96: =SUM(I97,I131,I136,I137,I138,I139) -> 2762.4057 | ... W96: =SUM(W97,W131,W136,W137,W138,W139) -> -35545.816
A97: Energy related emissions | B97: =SUM(B98,B129,B130) -> -6262.9892 | C97: =SUM(C98,C129,C130) -> 6625.756 | D97: =SUM(D98,D129,D130) -> 2478.8486 | E97: =SUM(E98,E129,E130) -> -4179.7116 | F97: =SUM(F98,F129,F130) -> -8293.3313 | G97: =SUM(G98,G129,G130) -> -6342.0198 | H97: =SUM(H98,H129,H130) -> -14059.813 | I97: =SUM(I98,I129,I130) -> 67.926952 | ... W97: =SUM(W98,W129,W130) -> -36857.649
A98: Fuel combustion related emissions | B98: =SUM(B99,B116,B122,B126) -> -6262.9892 | C98: =SUM(C99,C116,C122,C126) -> 6625.756 | D98: =SUM(D99,D116,D122,D126) -> 2478.8486 | E98: =SUM(E99,E116,E122,E126) -> -4179.7116 | F98: =SUM(F99,F116,F122,F126) -> -8293.3313 | G98: =SUM(G99,G116,G122,G126) -> -6342.0198 | H98: =SUM(H99,H116,H122,H126) -> -14059.813 | I98: =SUM(I99,I116,I122,I126) -> 67.926952 | ... W98: =SUM(W99,W116,W122,W126) -> -36857.649
A99: Energy and manifacturing industries and construction | B99: =SUM(B100,B104) -> -17649.538 | C99: =SUM(C100,C104) -> -12188.345 | D99: =SUM(D100,D104) -> -19050.56 | E99: =SUM(E100,E104) -> -16829.697 | F99: =SUM(F100,F104) -> -18305.095 | G99: =SUM(G100,G104) -> -17711.22 | H99: =SUM(H100,H104) -> -24862.259 | I99: =SUM(I100,I104) -> -16226.768 | ... W99: =SUM(W100,W104) -> -59622.079
A100: Energy Industries & autoproducers | B100: =SUM(B101:B103) -> -11697.328 | C100: =SUM(C101:C103) -> -8531.1711 | D100: =SUM(D101:D103) -> -13301.647 | E100: =SUM(E101:E103) -> -11822.66 | F100: =SUM(F101:F103) -> -11929.848 | G100: =SUM(G101:G103) -> -11048.148 | H100: =SUM(H101:H103) -> -16314.719 | I100: =SUM(I101:I103) -> -10318.412 | ... W100: =SUM(W101:W103) -> -38133.61
A101: Electricity & heat generation | B101: =SUM(AT!B101,BE!B101,BG!B101,CY!B101,CZ!B101,DE!B101,DK!B101,EE!B101,EL!B101,ES!B101,FI!B101,FR!B101,HR!B101,HU!B101,IE!B101,IT!B101,LT!B101,LU!B101,LV!B101,MT!B101,NL!B101,PL!B101,PT!B101,RO!B101,SE!B101,SI!B101,SK!B101) -> -9205.8476 | C101: =SUM(AT!C101,BE!C101,BG!C101,CY!C101,CZ!C101,DE!C101,DK!C101,EE!C101,EL!C101,ES!C101,FI!C101,FR!C101,HR!C101,HU!C101,IE!C101,IT!C101,LT!C101,LU!C101,LV!C101,MT!C101,NL!C101,PL!C101,PT!C101,RO!C101,SE!C101,SI!C101,SK!C101) -> -6850.7963 | D101: =SUM(AT!D101,BE!D101,BG!D101,CY!D101,CZ!D101,DE!D101,DK!D101,EE!D101,EL!D101,ES!D101,FI!D101,FR!D101,HR!D101,HU!D101,IE!D101,IT!D101,LT!D101,LU!D101,LV!D101,MT!D101,NL!D101,PL!D101,PT!D101,RO!D101,SE!D101,SI!D101,SK!D101) -> -10118.865 | E101: =SUM(AT!E101,BE!E101,BG!E101,CY!E101,CZ!E101,DE!E101,DK!E101,EE!E101,EL!E101,ES!E101,FI!E101,FR!E101,HR!E101,HU!E101,IE!E101,IT!E101,LT!E101,LU!E101,LV!E101,MT!E101,NL!E101,PL!E101,PT!E101,RO!E101,SE!E101,SI!E101,SK!E101) -> -9102.4147 | F101: =SUM(AT!F101,BE!F101,BG!F101,CY!F101,CZ!F101,DE!F101,DK!F101,EE!F101,EL!F101,ES!F101,FI!F101,FR!F101,HR!F101,HU!F101,IE!F101,IT!F101,LT!F101,LU!F101,LV!F101,MT!F101,NL!F101,PL!F101,PT!F101,RO!F101,SE!F101,SI!F101,SK!F101) -> -8689.6857 | G101: =SUM(AT!G101,BE!G101,BG!G101,CY!G101,CZ!G101,DE!G101,DK!G101,EE!G101,EL!G101,ES!G101,FI!G101,FR!G101,HR!G101,HU!G101,IE!G101,IT!G101,LT!G101,LU!G101,LV!G101,MT!G101,NL!G101,PL!G101,PT!G101,RO!G101,SE!G101,SI!G101,SK!G101) -> -7652.2739 | H101: =SUM(AT!H101,BE!H101,BG!H101,CY!H101,CZ!H101,DE!H101,DK!H101,EE!H101,EL!H101,ES!H101,FI!H101,FR!H101,HR!H101,HU!H101,IE!H101,IT!H101,LT!H101,LU!H101,LV!H101,MT!H101,NL!H101,PL!H101,PT!H101,RO!H101,SE!H101,SI!H101,SK!H101) -> -12299.708 | I101: =SUM(AT!I101,BE!I101,BG!I101,CY!I101,CZ!I101,DE!I101,DK!I101,EE!I101,EL!I101,ES!I101,FI!I101,FR!I101,HR!I101,HU!I101,IE!I101,IT!I101,LT!I101,LU!I101,LV!I101,MT!I101,NL!I101,PL!I101,PT!I101,RO!I101,SE!I101,SI!I101,SK!I101) -> -6887.0446 | ... W101: =SUM(AT!W101,BE!W101,BG!W101,CY!W101,CZ!W101,DE!W101,DK!W101,EE!W101,EL!W101,ES!W101,FI!W101,FR!W101,HR!W101,HU!W101,IE!W101,IT!W101,LT!W101,LU!W101,LV!W101,MT!W101,NL!W101,PL!W101,PT!W101,RO!W101,SE!W101,SI!W101,SK!W101) -> -29064.586
A102: Petroleum refineries (oil refineries) | B102: =SUM(AT!B102,BE!B102,BG!B102,CY!B102,CZ!B102,DE!B102,DK!B102,EE!B102,EL!B102,ES!B102,FI!B102,FR!B102,HR!B102,HU!B102,IE!B102,IT!B102,LT!B102,LU!B102,LV!B102,MT!B102,NL!B102,PL!B102,PT!B102,RO!B102,SE!B102,SI!B102,SK!B102) -> -478.24741 | C102: =SUM(AT!C102,BE!C102,BG!C102,CY!C102,CZ!C102,DE!C102,DK!C102,EE!C102,EL!C102,ES!C102,FI!C102,FR!C102,HR!C102,HU!C102,IE!C102,IT!C102,LT!C102,LU!C102,LV!C102,MT!C102,NL!C102,PL!C102,PT!C102,RO!C102,SE!C102,SI!C102,SK!C102) -> 106.89177 | D102: =SUM(AT!D102,BE!D102,BG!D102,CY!D102,CZ!D102,DE!D102,DK!D102,EE!D102,EL!D102,ES!D102,FI!D102,FR!D102,HR!D102,HU!D102,IE!D102,IT!D102,LT!D102,LU!D102,LV!D102,MT!D102,NL!D102,PL!D102,PT!D102,RO!D102,SE!D102,SI!D102,SK!D102) -> -613.13823 | E102: =SUM(AT!E102,BE!E102,BG!E102,CY!E102,CZ!E102,DE!E102,DK!E102,EE!E102,EL!E102,ES!E102,FI!E102,FR!E102,HR!E102,HU!E102,IE!E102,IT!E102,LT!E102,LU!E102,LV!E102,MT!E102,NL!E102,PL!E102,PT!E102,RO!E102,SE!E102,SI!E102,SK!E102) -> -352.88441 | F102: =SUM(AT!F102,BE!F102,BG!F102,CY!F102,CZ!F102,DE!F102,DK!F102,EE!F102,EL!F102,ES!F102,FI!F102,FR!F102,HR!F102,HU!F102,IE!F102,IT!F102,LT!F102,LU!F102,LV!F102,MT!F102,NL!F102,PL!F102,PT!F102,RO!F102,SE!F102,SI!F102,SK!F102) -> -582.61354 | G102: =SUM(AT!G102,BE!G102,BG!G102,CY!G102,CZ!G102,DE!G102,DK!G102,EE!G102,EL!G102,ES!G102,FI!G102,FR!G102,HR!G102,HU!G102,IE!G102,IT!G102,LT!G102,LU!G102,LV!G102,MT!G102,NL!G102,PL!G102,PT!G102,RO!G102,SE!G102,SI!G102,SK!G102) -> -800.78597 | H102: =SUM(AT!H102,BE!H102,BG!H102,CY!H102,CZ!H102,DE!H102,DK!H102,EE!H102,EL!H102,ES!H102,FI!H102,FR!H102,HR!H102,HU!H102,IE!H102,IT!H102,LT!H102,LU!H102,LV!H102,MT!H102,NL!H102,PL!H102,PT!H102,RO!H102,SE!H102,SI!H102,SK!H102) -> -1317.4582 | I102: =SUM(AT!I102,BE!I102,BG!I102,CY!I102,CZ!I102,DE!I102,DK!I102,EE!I102,EL!I102,ES!I102,FI!I102,FR!I102,HR!I102,HU!I102,IE!I102,IT!I102,LT!I102,LU!I102,LV!I102,MT!I102,NL!I102,PL!I102,PT!I102,RO!I102,SE!I102,SI!I102,SK!I102) -> -749.74447 | ... W102: =SUM(AT!W102,BE!W102,BG!W102,CY!W102,CZ!W102,DE!W102,DK!W102,EE!W102,EL!W102,ES!W102,FI!W102,FR!W102,HR!W102,HU!W102,IE!W102,IT!W102,LT!W102,LU!W102,LV!W102,MT!W102,NL!W102,PL!W102,PT!W102,RO!W102,SE!W102,SI!W102,SK!W102) -> -4590.284
A103: Other energy industries | B103: =SUM(AT!B103,BE!B103,BG!B103,CY!B103,CZ!B103,DE!B103,DK!B103,EE!B103,EL!B103,ES!B103,FI!B103,FR!B103,HR!B103,HU!B103,IE!B103,IT!B103,LT!B103,LU!B103,LV!B103,MT!B103,NL!B103,PL!B103,PT!B103,RO!B103,SE!B103,SI!B103,SK!B103) -> -2013.2333 | C103: =SUM(AT!C103,BE!C103,BG!C103,CY!C103,CZ!C103,DE!C103,DK!C103,EE!C103,EL!C103,ES!C103,FI!C103,FR!C103,HR!C103,HU!C103,IE!C103,IT!C103,LT!C103,LU!C103,LV!C103,MT!C103,NL!C103,PL!C103,PT!C103,RO!C103,SE!C103,SI!C103,SK!C103) -> -1787.2666 | D103: =SUM(AT!D103,BE!D103,BG!D103,CY!D103,CZ!D103,DE!D103,DK!D103,EE!D103,EL!D103,ES!D103,FI!D103,FR!D103,HR!D103,HU!D103,IE!D103,IT!D103,LT!D103,LU!D103,LV!D103,MT!D103,NL!D103,PL!D103,PT!D103,RO!D103,SE!D103,SI!D103,SK!D103) -> -2569.6442 | E103: =SUM(AT!E103,BE!E103,BG!E103,CY!E103,CZ!E103,DE!E103,DK!E103,EE!E103,EL!E103,ES!E103,FI!E103,FR!E103,HR!E103,HU!E103,IE!E103,IT!E103,LT!E103,LU!E103,LV!E103,MT!E103,NL!E103,PL!E103,PT!E103,RO!E103,SE!E103,SI!E103,SK!E103) -> -2367.3605 | F103: =SUM(AT!F103,BE!F103,BG!F103,CY!F103,CZ!F103,DE!F103,DK!F103,EE!F103,EL!F103,ES!F103,FI!F103,FR!F103,HR!F103,HU!F103,IE!F103,IT!F103,LT!F103,LU!F103,LV!F103,MT!F103,NL!F103,PL!F103,PT!F103,RO!F103,SE!F103,SI!F103,SK!F103) -> -2657.5488 | G103: =SUM(AT!G103,BE!G103,BG!G103,CY!G103,CZ!G103,DE!G103,DK!G103,EE!G103,EL!G103,ES!G103,FI!G103,FR!G103,HR!G103,HU!G103,IE!G103,IT!G103,LT!G103,LU!G103,LV!G103,MT!G103,NL!G103,PL!G103,PT!G103,RO!G103,SE!G103,SI!G103,SK!G103) -> -2595.0876 | H103: =SUM(AT!H103,BE!H103,BG!H103,CY!H103,CZ!H103,DE!H103,DK!H103,EE!H103,EL!H103,ES!H103,FI!H103,FR!H103,HR!H103,HU!H103,IE!H103,IT!H103,LT!H103,LU!H103,LV!H103,MT!H103,NL!H103,PL!H103,PT!H103,RO!H103,SE!H103,SI!H103,SK!H103) -> -2697.5526 | I103: =SUM(AT!I103,BE!I103,BG!I103,CY!I103,CZ!I103,DE!I103,DK!I103,EE!I103,EL!I103,ES!I103,FI!I103,FR!I103,HR!I103,HU!I103,IE!I103,IT!I103,LT!I103,LU!I103,LV!I103,MT!I103,NL!I103,PL!I103,PT!I103,RO!I103,SE!I103,SI!I103,SK!I103) -> -2681.623 | ... W103: =SUM(AT!W103,BE!W103,BG!W103,CY!W103,CZ!W103,DE!W103,DK!W103,EE!W103,EL!W103,ES!W103,FI!W103,FR!W103,HR!W103,HU!W103,IE!W103,IT!W103,LT!W103,LU!W103,LV!W103,MT!W103,NL!W103,PL!W103,PT!W103,RO!W103,SE!W103,SI!W103,SK!W103) -> -4478.7405
...

Sheet AT
A1: AT - Austria | B1: 2000 | C1: 2001 | D1: 2002 | E1: 2003 | F1: 2004 | G1: 2005 | H1: 2006 | I1: 2007 | J1: 2008 | K1: 2009 | L1: 2010 | M1: 2011 | N1: 2012 | O1: 2013 | P1: 2014 | Q1: 2015 | R1: 2016 | S1: 2017 | T1: 2018 | U1: 2019 | V1: 2020 | W1: 2021
A3: Total UNFCCC CO2 emissions without LULUCF, with international transport (kt CO2) | B3: =SUM(B4,B33,B42,B43,B44,B45) -> 67934.449 | C3: =SUM(C4,C33,C42,C43,C44,C45) -> 71893.566 | D3: =SUM(D4,D33,D42,D43,D44,D45) -> 73595.615 | E3: =SUM(E4,E33,E42,E43,E44,E45) -> 78918.516 | F3: =SUM(F4,F33,F42,F43,F44,F45) -> 79500.133 | G3: =SUM(G4,G33,G42,G43,G44,G45) -> 81131.778 | H3: =SUM(H4,H33,H42,H43,H44,H45) -> 78931.534 | I3: =SUM(I4,I33,I42,I43,I44,I45) -> 76363.568 | ... W3: =SUM(W4,W33,W42,W43,W44,W45) -> 67307.935
A4: 1 - Energy | B4: =SUM(B5,B31,B32) -> 53997.464 | C4: =SUM(C5,C31,C32) -> 58126.362 | D4: =SUM(D5,D31,D32) -> 59331.062 | E4: =SUM(E5,E31,E32) -> 64830.587 | F4: =SUM(F5,F31,F32) -> 64971.648 | G4: =SUM(G5,G31,G32) -> 65474.99 | H4: =SUM(H5,H31,H32) -> 62652.106 | I4: =SUM(I5,I31,I32) -> 59224.66 | ... W4: =SUM(W5,W31,W32) -> 50932.749
A5: 1.AA - Fuel Combustion - Sectoral approach | B5: =SUM(B6,B10,B18,B24,B28) -> 53832.745 | C5: =SUM(C6,C10,C18,C24,C28) -> 57943.429 | D5: =SUM(D6,D10,D18,D24,D28) -> 59163.825 | E5: =SUM(E6,E10,E18,E24,E28) -> 64646.563 | F5: =SUM(F6,F10,F18,F24,F28) -> 64806.554 | G5: =SUM(G6,G10,G18,G24,G28) -> 65314.895 | H5: =SUM(H6,H10,H18,H24,H28) -> 62471.669 | I5: =SUM(I6,I10,I18,I24,I28) -> 59039.958 | ... W5: =SUM(W6,W10,W18,W24,W28) -> 50848.506
A6: 1.A.1 - Energy Industries | B6: =SUM(B7:B9) -> 12263.19 | C6: =SUM(C7:C9) -> 13643.897 | D6: =SUM(D7:D9) -> 13306.148 | E6: =SUM(E7:E9) -> 15841.274 | F6: =SUM(F7:F9) -> 15774.309 | G6: =SUM(G7:G9) -> 15946.835 | H6: =SUM(H7:H9) -> 14730.65 | I6: =SUM(I7:I9) -> 13525.437 | ... W6: =SUM(W7:W9) -> 8738.5017
A7: 1.A.1.a - Public Electricity and Heat Production | B7: 9768.2875 | C7: 11270.028 | D7: 10529.164 | E7: 12985.79 | F7: 12685.282 | G7: 12726.34 | H7: 11638.852 | I7: 10394.117 | J7: 10300.55 | K7: 9256.3213 | L7: 10660.6 | M7: 10248.201 | N7: 8805.0575 | O7: 7804.1511 | P7: 6308.9662 | Q7: 7299.3222 | R7: 7109.1566 | S7: 7784.1716 | T7: 6872.4512 | U7: 6952.5031 | V7: 5664.7828 | W7: 5635.2901
A8: 1.A.1.b - Petroleum Refining | B8: 2213.813 | C8: 2128.9412 | D8: 2565.077 | E8: 2687.146 | F8: 2843.554 | G8: 2826.917 | H8: 2829.983 | I8: 2867.629 | J8: 2806.071 | K8: 2809.228 | L8: 2724.479 | M8: 2768.078 | N8: 2836.13 | O8: 2826.64 | P8: 2713.186 | Q8: 2804.05 | R8: 2784.461 | S8: 2738.604 | T8: 2824.369 | U8: 2791.04 | V8: 2731.772 | W8: 2749.644
A9: 1.A.1.c - Manufacture of Solid Fuels and Other Energy Industries | B9: 281.08928 | C9: 244.92751 | D9: 211.90777 | E9: 168.33757 | F9: 245.47386 | G9: 393.57754 | H9: 261.81493 | I9: 263.69065 | J9: 236.84685 | K9: 264.27905 | L9: 238.18595 | M9: 265.72752 | N9: 205.94156 | O9: 250.21139 | P9: 248.08545 | Q9: 275.36685 | R9: 273.19462 | S9: 258.78907 | T9: 239.55949 | U9: 312.16117 | V9: 289.16759 | W9: 353.56755
A10: 1.A.2 - Manufacturing Industries and Construction | B10: =SUM(B11:B17) -> 9899.4479 | C10: =SUM(C11:C17) -> 9924.3841 | D10: =SUM(D11:D17) -> 10309.91 | E10: =SUM(E11:E17) -> 10721.186 | F10: =SUM(F11:F17) -> 10935.267 | G10: =SUM(G11:G17) -> 11210.77 | H10: =SUM(H11:H17) -> 11034.803 | I10: =SUM(I11:I17) -> 10588.907 | ... W10: =SUM(W11:W17) -> 10791.715
A11: 1.A.2.a - Iron and Steel | B11: 1275.4396 | C11: 1438.5841 | D11: 1685.6976 | E11: 1733.5768 | F11: 1903.2972 | G11: 1844.5627 | H11: 1552.8111 | I11: 1215.5859 | J11: 1302.439 | K11: 1019.8096 | L11: 1275.3916 | M11: 1446.0266 | N11: 1483.4443 | O11: 1606.2137 | P11: 1495.6311 | Q11: 1405.5737 | R11: 1576.582 | S11: 1658.3182 | T11: 1771.4101 | U11: 1804.6106 | V11: 1803.4441 | W11: 1774.0964
A12: 1.A.2.b - Non-Ferrous Metals | B12: 192.68429 | C12: 206.37167 | D12: 207.59914 | E12: 212.62053 | F12: 219.5514 | G12: 217.81293 | H12: 221.54124 | I12: 250.61644 | J12: 253.34964 | K12: 235.12239 | L12: 235.70701 | M12: 248.42278 | N12: 241.01133 | O12: 271.38596 | P12: 288.72628 | Q12: 295.40702 | R12: 304.88165 | S12: 297.02482 | T12: 324.77934 | U12: 300.68565 | V12: 267.83134 | W12: 293.96196
A13: 1.A.2.c - Chemicals | B13: 1341.3313 | C13: 1373.737 | D13: 1375.9633 | E13: 1454.4849 | F13: 1373.2772 | G13: 1347.9784 | H13: 1274.6208 | I13: 1166.5569 | J13: 1386.1318 | K13: 1418.4997 | L13: 1546.7529 | M13: 1487.4305 | N13: 1486.1096 | O13: 1383.8751 | P13: 1417.5827 | Q13: 1394.4758 | R13: 1549.8381 | S13: 1626.9748 | T13: 1470.8359 | U13: 1462.2129 | V13: 1425.8862 | W13: 1582.2818
A14: 1.A.2.d - Pulp, Paper and Print | B14: 2379.0402 | C14: 2248.8338 | D14: 2255.883 | E14: 2430.802 | F14: 2287.9003 | G14: 2292.6409 | H14: 2194.7146 | I14: 2185.6091 | J14: 2190.9506 | K14: 2195.0546 | L14: 2311.7543 | M14: 2264.0587 | N14: 2022.8686 | O14: 1898.5603 | P14: 1741.3524 | Q14: 1828.6937 | R14: 1773.9626 | S14: 1775.8436 | T14: 1882.9788 | U14: 1970.3433 | V14: 1800.0258 | W14: 1811.2134
A15: 1.A.2.e - Food Processing, Beverages and Tobacco | B15: 882.35466 | C15: 925.97936 | D15: 1100.4045 | E15: 944.34212 | F15: 947.40425 | G15: 959.73035 | H15: 934.47139 | I15: 886.90619 | J15: 877.59301 | K15: 908.19563 | L15: 965.65606 | M15: 962.18314 | N15: 942.21451 | O15: 826.96506 | P15: 922.20769 | Q15: 979.6729 | R15: 815.75714 | S15: 803.04373 | T15: 769.19963 | U15: 759.48371 | V15: 789.57022 | W15: 794.40281
A16: 1.A.2.f - Non-metallic minerals | B16: 1539.9397 | C16: 1507.6236 | D16: 1659.2723 | E16: 1686.941 | F16: 1829.6899 | G16: 1656.311 | H16: 1771.766 | I16: 1895.2846 | J16: 1845.454 | K16: 1553.7023 | L16: 1527.9289 | M16: 1545.9989 | N16: 1529.5835 | O16: 1551.6688 | P16: 1613.0313 | Q16: 1605.4535 | R16: 1630.5017 | S16: 1636.3134 | T16: 1694.1462 | U16: 1663.7006 | V16: 1654.2017 | W16: 1681.6572
A17: 1.A.2.g - Other Manufacturing Industries and Constructions | B17: 2288.6583 | C17: 2223.2545 | D17: 2025.0898 | E17: 2258.4191 | F17: 2374.147 | G17: 2891.7332 | H17: 3084.8779 | I17: 2988.3476 | J17: 3082.7762 | K17: 3088.0379 | L17: 3176.0768 | M17: 2994.6433 | N17: 3135.0944 | O17: 3048.2479 | P17: 2720.0793 | Q17: 2556.7606 | R17: 2729.6856 | S17: 2791.823 | T17: 2787.8637 | U17: 2726.4604 | V17: 2654.4199 | W17: 2854.1017
A18: 1.A.3 - Transport | B18: =SUM(B19:B23) -> 18624.144 | C18: =SUM(C19:C23) -> 20114.413 | D18: =SUM(D19:D23) -> 22017.777 | E18: =SUM(E19:E23) -> 23867.766 | F18: =SUM(F19:F23) -> 24387.436 | G18: =SUM(G19:G23) -> 24743.131 | H18: =SUM(H19:H23) -> 23480.456 | I18: =SUM(I19:I23) -> 23701.291 | ... W18: =SUM(W19:W23) -> 21684.166
A19: 1.A.3.a - Domestic Aviation | B19: 67.13668 | C19: 59.95269 | D19: 62.09414 | E19: 62.44191 | F19: 64.23445 | G19: 66.6473 | H19: 71.63282 | I19: 73.56778 | J19: 70.63945 | K19: 67.3306 | L19: 63.39159 | M19: 61.61293 | N19: 54.54297 | O19: 54.47149 | P19: 49.73005 | Q19: 49.73149 | R19: 47.47689 | S19: 42.46775 | T19: 46.04224 | U19: 46.09581 | V19: 23.24326 | W19: 23.92008
A20: 1.A.3.b - Road Transportation | B20: 18032.554 | C20: 19371.125 | D20: 21495.657 | E20: 23239.236 | F20: 23747.917 | G20: 24090.975 | H20: 22722.12 | I20: 22921.05 | J20: 21484.859 | K20: 20866.055 | L20: 21648.683 | M20: 20907.884 | N20: 20839.058 | O20: 21868.255 | P20: 21268.147 | Q20: 21679.391 | R20: 22516.625 | S20: 23196.129 | T20: 23348.26 | U20: 23427.706 | V20: 20312.791 | W20: 21162.358
A21: 1.A.3.c - Railways | B21: 135.19815 | C21: 134.38004 | D21: 130.30705 | E21: 141.08922 | F21: 140.608 | G21: 160.96121 | H21: 153.60981 | I21: 152.56441 | J21: 151.92109 | K21: 146.62992 | L21: 142.52644 | M21: 120.4786 | N21: 123.67876 | O21: 106.24367 | P21: 114.88586 | Q21: 86.92948 | R21: 111.7383 | S21: 96.72574 | T21: 92.4199 | U21: 92.83705 | V21: 80.64609 | W21: 80.74529
A22: 1.A.3.d - Domestic Navigation | B22: 42.07557 | C22: 42.7764 | D22: 43.42357 | E22: 44.43375 | F22: 52.40087 | G22: 54.85085 | H22: 56.1094 | I22: 54.75092 | J22: 52.99095 | K22: 53.62485 | L22: 54.99902 | M22: 58.91764 | N22: 53.85627 | O22: 57.34512 | P22: 63.82118 | Q22: 65.33424 | R22: 68.47465 | S22: 72.42967 | T22: 74.83224 | U22: 83.62916 | V22: 23.25254 | W22: 35.39986
A23: 1.A.3.e - Other Transportation | B23: 347.17969 | C23: 506.17853 | D23: 286.29488 | E23: 380.56537 | F23: 382.27649 | G23: 369.69587 | H23: 476.98367 | I23: 499.35836 | J23: 476.75415 | K23: 446.50145 | L23: 469.85689 | M23: 580.28256 | N23: 469.56139 | O23: 617.97102 | P23: 515.81543 | Q23: 596.23917 | R23: 573.92979 | S23: 646.58034 | T23: 601.05401 | U23: 556.31904 | V23: 478.5324 | W23: 381.74296
A24: 1.A.4 - Other Sectors | B24: =SUM(B25:B27) -> 13005.164 | C24: =SUM(C25:C27) -> 14219.379 | D24: =SUM(D25:D27) -> 13488.079 | E24: =SUM(E25:E27) -> 14173.871 | F24: =SUM(F25:F27) -> 13666.514 | G24: =SUM(G25:G27) -> 13370.592 | H24: =SUM(H25:H27) -> 13181.693 | I24: =SUM(I25:I27) -> 11179.692 | ... W24: =SUM(W25:W27) -> 9604.3789
A25: 1.A.4.a - Commercial/Institutional | B25: 2796.9334 | C25: 3793.7618 | D25: 3627.7587 | E25: 4220.4869 | F25: 3972.0629 | G25: 3417.522 | H25: 3606.3874 | I25: 2607.1216 | J25: 2763.6286 | K25: 2205.8021 | L25: 1659.5793 | M25: 1486.6519 | N25: 1388.9325 | O25: 1387.2228 | P25: 1246.7565 | Q25: 1296.3578 | R25: 1223.6447 | S25: 1419.545 | T25: 1362.2037 | U25: 1367.3887 | V25: 1289.5565 | W25: 1554.4506
A26: 1.A.4.b - Residential | B26: 9162.4948 | C26: 9357.0339 | D26: 8836.0573 | E26: 8940.3069 | F26: 8669.1765 | G26: 8946.5466 | H26: 8610.9958 | I26: 7634.7594 | J26: 7783.6904 | K26: 7491.4207 | L26: 8184.6668 | M26: 7127.5993 | N26: 6864.6094 | O26: 7104.5903 | P26: 6229.0891 | Q26: 6581.7464 | R26: 6879.7001 | S26: 6847.8726 | T26: 6185.685 | U26: 6393.2411 | V26: 6469.48 | W26: 7184.5531
A27: 1.A.4.c - Agriculture/Forestry/Fishing | B27: 1045.7357 | C27: 1068.5834 | D27: 1024.2626 | E27: 1013.0773 | F27: 1025.2745 | G27: 1006.523 | H27: 964.31008 | I27: 937.81142 | J27: 1005.422 | K27: 880.51412 | L27: 857.96177 | M27: 905.02348 | N27: 825.55571 | O27: 812.98856 | P27: 893.3685 | Q27: 826.42576 | R27: 903.30517 | S27: 839.43459 | T27: 836.72954 | U27: 883.00439 | V27: 882.77965 | W27: 865.3751
A28: 1.A.5 - Other Other Sectors | B28: =SUM(B29:B30) -> 40.79973 | C28: =SUM(C29:C30) -> 41.35594 | D28: =SUM(D29:D30) -> 41.9114 | E28: =SUM(E29:E30) -> 42.46633 | F28: =SUM(F29:F30) -> 43.02678 | G28: =SUM(G29:G30) -> 43.5686 | H28: =SUM(H29:H30) -> 44.06683 | I28: =SUM(I29:I30) -> 44.63082 | ... W28: =SUM(W29:W30) -> 29.74392
A29: 1.A.5.a - Stationary | B29: 0 | C29: 0 | D29: 0 | E29: 0 | F29: 0 | G29: 0 | H29: 0 | I29: 0 | J29: 0 | K29: 0 | L29: 0 | M29: 0 | N29: 0 | O29: 0 | P29: 0 | Q29: 0 | R29: 0 | S29: 0 | T29: 0 | U29: 0 | V29: 0 | W29: 0
A30: 1.A.5.b - Mobile | B30: 40.79973 | C30: 41.35594 | D30: 41.9114 | E30: 42.46633 | F30: 43.02678 | G30: 43.5686 | H30: 44.06683 | I30: 44.63082 | J30: 45.19266 | K30: 44.14689 | L30: 43.13342 | M30: 42.11754 | N30: 41.09779 | O30: 40.08942 | P30: 39.06185 | Q30: 38.03253 | R30: 37.03325 | S30: 36.03227 | T30: 35.01655 | U30: 34.00573 | V30: 32.99237 | W30: 29.74392
A31: 1.B - Fugitive Emissions from Fuels | B31: 164.71913 | C31: 182.93305 | D31: 167.23663 | E31: 184.02379 | F31: 165.09418 | G31: 160.09473 | H31: 180.4374 | I31: 184.70161 | J31: 162.29389 | K31: 204.93488 | L31: 183.60234 | M31: 179.60436 | N31: 183.60477 | O31: 190.94048 | P31: 168.71282 | Q31: 161.71333 | R31: 131.25124 | S31: 138.2471 | T31: 127.24844 | U31: 118.25276 | V31: 109.24975 | W31: 84.24274
A32: 1.C - CO2 Transport and Storage | B32: 0 | C32: 0 | D32: 0 | E32: 0 | F32: 0 | G32: 0 | H32: 0 | I32: 0 | J32: 0 | K32: 0 | L32: 0 | M32: 0 | N32: 0 | O32: 0 | P32: 0 | Q32: 0 | R32: 0 | S32: 0 | T32: 0 | U32: 0 | V32: 0 | W32: 0
A33: 2 - Industrial Processes and Product Use | B33: =SUM(B34:B41) -> 12072.522 | C33: =SUM(C34:C41) -> 11940.389 | D33: =SUM(D34:D41) -> 12534.944 | E33: =SUM(E34:E41) -> 12464.971 | F33: =SUM(F34:F41) -> 12624.592 | G33: =SUM(G34:G41) -> 13514.466 | H33: =SUM(H34:H41) -> 14052.008 | I33: =SUM(I34:I41) -> 14775.009 | ... W33: =SUM(W34:W41) -> 14934.543
A34: 2.A - Mineral Industry | B34: 2760.676 | C34: 2785.3415 | D34: 2866.0844 | E34: 2853.125 | F34: 2936.2617 | G34: 2906.3644 | H34: 3060.0206 | I34: 3275.0709 | J34: 3289.9466 | K34: 2732.4854 | L34: 2677.387 | M34: 2800.4965 | N34: 2725.0689 | O34: 2738.9554 | P34: 2739.0569 | Q34: 2760.1186 | R34: 2804.4131 | S34: 2815.0819 | T34: 2926.1744 | U34: 2833.0905 | V34: 2845.8153 | W34: 3050.3337
A35: 2.B - Chemical Industry | B35: 668.54432 | C35: 623.73751 | D35: 635.26364 | E35: 672.49196 | F35: 668.24298 | G35: 645.24119 | H35: 670.1731 | I35: 602.28277 | J35: 649.62834 | K35: 584.83963 | L35: 669.2562 | M35: 686.80349 | N35: 656.53246 | O35: 594.07995 | P35: 711.00973 | Q35: 682.60038 | R35: 712.65588 | S35: 652.8509 | T35: 537.31385 | U35: 710.1321 | V35: 676.94156 | W35: 688.38816
A36: 2.C - Metal Industry | B36: 8444.9731 | C36: 8336.8399 | D36: 8854.4586 | E36: 8759.5593 | F36: 8865.3207 | G36: 9788.4895 | H36: 10134.216 | I36: 10705.894 | J36: 10957.479 | K36: 8545.8034 | L36: 10416.309 | M36: 10424.791 | N36: 10073.382 | O36: 10454.805 | P36: 10387.171 | Q36: 10816.264 | R36: 10381.048 | S36: 11139.362 | T36: 9459.2652 | U36: 10367.782 | V36: 9509.4089 | W36: 11030.514
A37: 2.D - Non-energy Products from Fuels and Solvent Use | B37: 198.3289 | C37: 194.46976 | D37: 179.13706 | E37: 179.79446 | F37: 154.76618 | G37: 174.37121 | H37: 187.59827 | I37: 191.76169 | J37: 188.02918 | K37: 166.8026 | L37: 169.03443 | M37: 168.17967 | N37: 160.26607 | O37: 150.90315 | P37: 145.59692 | Q37: 132.44438 | R37: 133.59897 | S37: 142.24314 | T37: 145.17652 | U37: 146.64301 | V37: 154.46329 | W37: 165.30661
A38: 2.E - Electronics Industry | B38: 0 | C38: 0 | D38: 0 | E38: 0 | F38: 0 | G38: 0 | H38: 0 | I38: 0 | J38: 0 | K38: 0 | L38: 0 | M38: 0 | N38: 0 | O38: 0 | P38: 0 | Q38: 0 | R38: 0 | S38: 0 | T38: 0 | U38: 0 | V38: 0 | W38: 0
A39: 2.F - Product Uses as Substitutes for ODS | B39: 0 | C39: 0 | D39: 0 | E39: 0 | F39: 0 | G39: 0 | H39: 0 | I39: 0 | J39: 0 | K39: 0 | L39: 0 | M39: 0 | N39: 0 | O39: 0 | P39: 0 | Q39: 0 | R39: 0 | S39: 0 | T39: 0 | U39: 0 | V39: 0 | W39: 0
A40: 2.G - Other Product Manufacture and Use | B40: 0 | C40: 0 | D40: 0 | E40: 0 | F40: 0 | G40: 0 | H40: 0 | I40: 0 | J40: 0 | K40: 0 | L40: 0 | M40: 0 | N40: 0 | O40: 0 | P40: 0 | Q40: 0 | R40: 0 | S40: 0 | T40: 0 | U40: 0 | V40: 0 | W40: 0
A41: 2.H - Other Industrial Process and Product Use | B41: 0 | C41: 0 | D41: 0 | E41: 0 | F41: 0 | G41: 0 | H41: 0 | I41: 0 | J41: 0 | K41: 0 | L41: 0 | M41: 0 | N41: 0 | O41: 0 | P41: 0 | Q41: 0 | R41: 0 | S41: 0 | T41: 0 | U41: 0 | V41: 0 | W41: 0
A42: 3 - Agriculture | B42: 89.33316 | C42: 92.16805 | D42: 96.53146 | E42: 93.9354 | F42: 90.56867 | G42: 95.54286 | H42: 103.03975 | I42: 109.91866 | J42: 124.67209 | K42: 126.08299 | L42: 112.34965 | M42: 125.99247 | N42: 133.66502 | O42: 127.20978 | P42: 132.77649 | Q42: 145.4852 | R42: 151.60679 | S42: 150.70709 | T42: 154.82518 | U42: 150.77643 | V42: 148.94472 | W42: 149.28854
A43: 5 - Waste management | B43: 12.4 | C43: 12.4 | D43: 12.4 | E43: 12.4 | F43: 12.4 | G43: 12.4 | H43: 10.26 | I43: 8.208 | J43: 6.156 | K43: 4.104 | L43: 2.052 | M43: 2.052 | N43: 2.052 | O43: 2.052 | P43: 2.052 | Q43: 2.052 | R43: 2.052 | S43: 2.052 | T43: 2.052 | U43: 2.052 | V43: 2.052 | W43: 2.052
A44: 6 - Other Sector | B44: 0 | C44: 0 | D44: 0 | E44: 0 | F44: 0 | G44: 0 | H44: 0 | I44: 0 | J44: 0 | K44: 0 | L44: 0 | M44: 0 | N44: 0 | O44: 0 | P44: 0 | Q44: 0 | R44: 0 | S44: 0 | T44: 0 | U44: 0 | V44: 0 | W44: 0
A45: 1.D.1 - International Bunkers | B45: =SUM(B46:B47) -> 1762.7291 | C45: =SUM(C46:C47) -> 1722.2477 | D45: =SUM(D46:D47) -> 1620.6782 | E45: =SUM(E46:E47) -> 1516.623 | F45: =SUM(F46:F47) -> 1800.9246 | G45: =SUM(G46:G47) -> 2034.3792 | H45: =SUM(H46:H47) -> 2114.1193 | I45: =SUM(I46:I47) -> 2245.7727 | ... W45: =SUM(W46:W47) -> 1289.3026
A46: 1.D.1.a - International Aviation | B46: 1695.5774 | C46: 1651.2768 | D46: 1540.8462 | E46: 1452.9731 | F46: 1724.9306 | G46: 1959.8329 | H46: 2048.882 | I46: 2175.7945 | J46: 2181.9675 | K46: 1893.404 | L46: 2049.5505 | M46: 2168.4368 | N46: 2072.6554 | O46: 1975.4414 | P46: 1976.7021 | Q46: 2126.9406 | R46: 2324.7943 | S46: 2245.9626 | T46: 2529.9628 | U46: 2906.7475 | V46: 1044.2216 | W46: 1228.0408
A47: 1.D.1.b - International Navigation | B47: 67.15168 | C47: 70.97088 | D47: 79.83202 | E47: 63.64992 | F47: 75.99396 | G47: 74.5463 | H47: 65.23737 | I47: 69.97824 | J47: 64.62856 | K47: 55.2254 | L47: 65.41899 | M47: 57.73641 | N47: 58.91777 | O47: 62.94275 | P47: 58.34193 | Q47: 47.97215 | R47: 52.34469 | S47: 54.17487 | T47: 39.43885 | U47: 45.37075 | V47: 42.54601 | W47: 61.26183
A49: JRC-IDEES CO2 emissions (kt CO2) | B49: =SUM(B50,B84,B89,B90,B91,B92) -> 75246.493 | C49: =SUM(C50,C84,C89,C90,C91,C92) -> 79148.28 | D49: =SUM(D50,D84,D89,D90,D91,D92) -> 81671.073 | E49: =SUM(E50,E84,E89,E90,E91,E92) -> 86619.891 | F49: =SUM(F50,F84,F89,F90,F91,F92) -> 88330.07 | G49: =SUM(G50,G84,G89,G90,G91,G92) -> 89651.708 | H49: =SUM(H50,H84,H89,H90,H91,H92) -> 87974.234 | I49: =SUM(I50,I84,I89,I90,I91,I92) -> 85765.481 | ... W49: =SUM(W50,W84,W89,W90,W91,W92) -> 75938.367
A50: Energy related emissions | B50: =SUM(B51,B82,B83) -> 61400.412 | C50: =SUM(C51,C82,C83) -> 65475.083 | D50: =SUM(D51,D82,D83) -> 67504.809 | E50: =SUM(E51,E82,E83) -> 72610.254 | F50: =SUM(F51,F82,F83) -> 73896.437 | G50: =SUM(G51,G82,G83) -> 74095.719 | H50: =SUM(H51,H82,H83) -> 71785.864 | I50: =SUM(I51,I82,I83) -> 68723.968 | ... W50: =SUM(W51,W82,W83) -> 59638.828
A51: Fuel combustion related emissions | B51: =SUM(B52,B69,B75,B79) -> 61235.693 | C51: =SUM(C52,C69,C75,C79) -> 65292.149 | D51: =SUM(D52,D69,D75,D79) -> 67337.572 | E51: =SUM(E52,E69,E75,E79) -> 72426.23 | F51: =SUM(F52,F69,F75,F79) -> 73731.343 | G51: =SUM(G52,G69,G75,G79) -> 73935.624 | H51: =SUM(H52,H69,H75,H79) -> 71605.427 | I51: =SUM(I52,I69,I75,I79) -> 68539.266 | ... W51: =SUM(W52,W69,W75,W79) -> 59554.586
A52: Energy and manifacturing industries and construction | B52: =SUM(B53,B57) -> 29776.023 | C52: =SUM(C53,C57) -> 31124.667 | D52: =SUM(D53,D57) -> 31998.403 | E52: =SUM(E53,E57) -> 34758.944 | F52: =SUM(F53,F57) -> 36215.532 | G52: =SUM(G53,G57) -> 36097.14 | H52: =SUM(H53,H57) -> 35162.953 | I52: =SUM(I53,I57) -> 33877.311 | ... W52: =SUM(W53,W57) -> 28168.284
A53: Energy Industries & autoproducers | B53: =SUM(B54:B56) -> 19422.555 | C53: =SUM(C54:C56) -> 21001.42 | D53: =SUM(D54:D56) -> 21704.77 | E53: =SUM(E54:E56) -> 23705.56 | F53: =SUM(F54:F56) -> 24501.17 | G53: =SUM(G54:G56) -> 25061.026 | H53: =SUM(H54:H56) -> 23902.355 | I53: =SUM(I54:I56) -> 22922.565 | ... W53: =SUM(W54:W56) -> 17445.574
A54: Electricity & heat generation | B54: 13314.762 | C54: 15023.723 | D54: 14845.535 | E54: 17249.425 | F54: 17749.012 | G54: 18156.927 | H54: 17132.148 | I54: 16085.976 | J54: 15482.059 | K54: 14134.601 | L54: 16689.484 | M54: 16351.715 | N54: 14537.91 | O54: 13831.204 | P54: 11966.403 | Q54: 12969.548 | R54: 12384.382 | S54: 13829.348 | T54: 12477.848 | U54: 12758.692 | V54: 11054.053 | W54: 11911.276
A55: Petroleum refineries (oil refineries) | B55: 1535.4306 | C55: 1303.2554 | D55: 1636.9121 | E55: 1321.209 | F55: 1619.9392 | G55: 1749.3008 | H55: 1892.542 | I55: 1770.5509 | J55: 1896.0388 | K55: 1274.0093 | L55: 1708.4627 | M55: 1768.7546 | N55: 1363.6125 | O55: 1223.0267 | P55: 1225.8564 | Q55: 1053.0414 | R55: 768.71033 | S55: 891.33818 | T55: 960.28047 | U55: 1277.6721 | V55: 1060.2296 | W55: 995.55801
A56: Other energy industries | B56: 4572.3623 | C56: 4674.4417 | D56: 5222.3226 | E56: 5134.9261 | F56: 5132.2192 | G56: 5154.7987 | H56: 4877.6658 | I56: 5066.0385 | J56: 5529.3281 | K56: 3988.5971 | L56: 5115.3626 | M56: 5574.2246 | N56: 5392.0668 | O56: 5518.3152 | P56: 5490.8473 | Q56: 4805.3823 | R56: 4778.1091 | S56: 4770.6095 | T56: 3786.0463 | U56: 4240.5474 | V56: 4125.7312 | W56: 4538.7399
A57: Industry sector | B57: =SUM(B58:B68) -> 10353.469 | C57: =SUM(C58:C68) -> 10123.246 | D57: =SUM(D58:D68) -> 10293.633 | E57: =SUM(E58:E68) -> 11053.384 | F57: =SUM(F58:F68) -> 11714.362 | G57: =SUM(G58:G68) -> 11036.113 | H57: =SUM(H58:H68) -> 11260.597 | I57: =SUM(I58:I68) -> 10954.746 | ... W57: =SUM(W58:W68) -> 10722.71
A58: Iron & steel | B58: 2551.2878 | C58: 1827.2014 | D58: 1806.2144 | E58: 1879.049 | F58: 1900.461 | G58: 1893.9388 | H58: 1966.8994 | I58: 1905.8462 | J58: 2060.6867 | K58: 1827.0474 | L58: 1918.6716 | M58: 1950.947 | N58: 1967.7006 | O58: 2050.9018 | P58: 2026.5788 | Q58: 2066.5779 | R58: 2040.9011 | S58: 2063.0769 | T58: 1831.1446 | U58: 2084.9411 | V58: 2075.3661 | W58: 2081.9491
A59: Non-ferrous metals | B59: 194.16662 | C59: 204.63828 | D59: 211.0557 | E59: 213.30767 | F59: 224.28446 | G59: 219.84849 | H59: 223.97965 | I59: 253.38876 | J59: 256.41302 | K59: 238.07142 | L59: 243.47607 | M59: 257.43888 | N59: 250.84375 | O59: 284.928 | P59: 301.99052 | Q59: 309.50019 | R59: 320.03417 | S59: 310.85823 | T59: 328.98484 | U59: 303.10262 | V59: 271.79568 | W59: 299.53288
A60: Chemical & petrochemical | B60: 1283.112 | C60: 1373.7805 | D60: 1489.3744 | E60: 1768.0274 | F60: 1835.8991 | G60: 1536.5601 | H60: 1361.8601 | I60: 1267.0715 | J60: 1354.0451 | K60: 1401.0978 | L60: 1585.1405 | M60: 1531.2336 | N60: 1549.2037 | O60: 1383.8624 | P60: 1429.0765 | Q60: 1420.6663 | R60: 1573.5855 | S60: 1588.2488 | T60: 1537.689 | U60: 1425.0967 | V60: 1498.269 | W60: 1565.9262
A61: Paper, pulp & printing | B61: 1529.417 | C61: 1603.3275 | D61: 1623.4212 | E61: 1785.0995 | F61: 1606.4814 | G61: 1576.0971 | H61: 1582.0009 | I61: 1520.4886 | J61: 1520.8023 | K61: 1559.237 | L61: 1676.818 | M61: 1620.3512 | N61: 1535.2738 | O61: 1570.6128 | P61: 1468.144 | Q61: 1567.6908 | R61: 1660.056 | S61: 1472.6839 | T61: 1633.8254 | U61: 1623.7432 | V61: 1483.9743 | W61: 1562.5134
A62: Food, beverages & tobacco | B62: 826.89326 | C62: 867.3318 | D62: 1037.6784 | E62: 888.59259 | F62: 882.01198 | G62: 900.67437 | H62: 881.4879 | I62: 830.443 | J62: 831.14511 | K62: 849.70165 | L62: 913.48243 | M62: 905.75112 | N62: 889.50336 | O62: 777.45588 | P62: 797.67514 | Q62: 837.08832 | R62: 767.25266 | S62: 745.62511 | T62: 716.95264 | U62: 725.76813 | V62: 762.09736 | W62: 781.83665
A63: Non-metallic minerals | B63: 2002.8905 | C63: 2080.1105 | D63: 2173.6839 | E63: 2120.7725 | F63: 2402.0147 | G63: 1957.7611 | H63: 2329.7749 | I63: 2391.7712 | J63: 2385.2134 | K63: 2157.3989 | L63: 2122.8491 | M63: 2267.1081 | N63: 2078.0115 | O63: 2291.476 | P63: 2236.0942 | Q63: 2257.1959 | R63: 2354.7961 | S63: 2363.2884 | T63: 2366.5264 | U63: 2297.3989 | V63: 2448.4829 | W63: 2497.8366
A64: Transport equipment | B64: 88.89933 | C64: 103.65542 | D64: 80.594641 | E64: 119.17377 | F64: 151.31055 | G64: 151.24792 | H64: 150.13714 | I64: 140.83221 | J64: 118.57511 | K64: 93.566438 | L64: 117.2339 | M64: 116.66536 | N64: 125.87726 | O64: 96.530517 | P64: 87.020018 | Q64: 80.571278 | R64: 96.512505 | S64: 102.87492 | T64: 109.9839 | U64: 99.169201 | V64: 102.86505 | W64: 110.26007
A65: Machinery | B65: 421.84114 | C65: 459.21045 | D65: 416.65193 | E65: 464.04599 | F65: 491.73081 | G65: 550.57832 | H65: 569.40409 | I65: 532.5518 | J65: 520.64491 | K65: 563.11512 | L65: 635.20702 | M65: 641.95739 | N65: 696.42908 | O65: 428.76423 | P65: 395.25603 | Q65: 431.42075 | R65: 442.34417 | S65: 421.16098 | T65: 427.23894 | U65: 425.04871 | V65: 399.7796 | W65: 444.01463
A66: Textile & leather | B66: 205.35259 | C66: 231.2115 | D66: 190.5946 | E66: 160.49482 | F66: 148.18629 | G66: 161.67033 | H66: 153.09584 | I66: 148.11532 | J66: 135.38695 | K66: 127.42618 | L66: 132.7002 | M66: 121.79923 | N66: 123.69368 | O66: 106.71918 | P66: 91.163009 | Q66: 86.657278 | R66: 103.31718 | S66: 82.804431 | T66: 83.871978 | U66: 88.947283 | V66: 79.659689 | W66: 90.829215
A67: Wood & wood products | B67: 185.42269 | C67: 234.05803 | D67: 222.26371 | E67: 262.2351 | F67: 300.8497 | G67: 345.0202 | H67: 317.51 | I67: 303.20164 | J67: 295.9697 | K67: 274.67656 | L67: 301.41043 | M67: 310.22132 | N67: 296.89583 | O67: 255.64218 | P67: 254.20127 | Q67: 224.31322 | R67: 223.71111 | S67: 228.73559 | T67: 267.21776 | U67: 233.94568 | V67: 182.16776 | W67: 252.86795
A68: Other industrial sectors | B68: 1064.1859 | C68: 1138.7208 | D68: 1042.0999 | E68: 1392.5859 | F68: 1771.1324 | G68: 1742.7164 | H68: 1724.4473 | I68: 1661.0354 | J68: 1667.4818 | K68: 1513.0649 | L68: 1454.1092 | M68: 1498.5047 | N68: 1516.2748 | O68: 1392.4031 | P68: 1221.3668 | Q68: 1139.7846 | R68: 1123.6087 | S68: 1247.6358 | T68: 1226.2307 | U68: 1197.6225 | V68: 1094.2786 | W68: 1035.1432
A69: Transport sector | B69: =SUM(B70:B74) -> 18492.227 | C69: =SUM(C70:C74) -> 19992.548 | D69: =SUM(D70:D74) -> 21881.581 | E69: =SUM(E70:E74) -> 23449.078 | F69: =SUM(F70:F74) -> 23795.97 | G69: =SUM(G70:G74) -> 24486.243 | H69: =SUM(H70:H74) -> 23430.787 | I69: =SUM(I70:I74) -> 23627.646 | ... W69: =SUM(W70:W74) -> 22215.285
