Workbook

Sheet cover
B6: JRC-IDEES-2021 - Integrated Database of the European Energy System
C10: European Union (27 countries from 2020)
C15: Energy balances
L28: Prepared by JRC C.6
L30: 45432.79
L31: v2021-1.00
B33: Legal Notice
B35: The information made available is property of the Joint Research Centre of the European Commission.
B36: Neither the European Commission nor any person acting on behalf of the Commission is responsible for the use which might be made of this information.
B38: Use conditions
B39: This work is licensed under
B40: CC BY 4.0

Sheet index
A1: European Union (27 countries from 2020) | B1: EU27 | C1: 2000 | D1: 2001 | E1: 2002 | F1: 2003 | G1: 2004 | H1: 2005 | I1: 2006 | J1: 2007 | K1: 2008 | L1: 2009 | M1: 2010 | N1: 2011 | O1: 2012 | P1: 2013 | Q1: 2014 | R1: 2015 | S1: 2016 | T1: 2017 | U1: 2018 | V1: 2019 | W1: 2020 | X1: 2021
B2: Click on the link to jump to the sheet
A3: Total | B3: ktoe
A4: Primary production | B4: =HYPERLINK("#"&CELL("address",PPRD!$W$2),"PPRD") -> PPRD | C4: =PPRD!C$2 -> 675865.22 | D4: =PPRD!D$2 -> 685360.73 | E4: =PPRD!E$2 -> 689533.44 | F4: =PPRD!F$2 -> 694347.83 | G4: =PPRD!G$2 -> 710302.95 | H4: =PPRD!H$2 -> 703209.69 | I4: =PPRD!I$2 -> 703762.09 | J4: =PPRD!J$2 -> 690378.62 | ... X4: =PPRD!X$2 -> 598126.74
A5: Recovered & recycled products | B5: =HYPERLINK("#"&CELL("address",RCV_RCY!$W$2),"RCV_RCY") -> RCV_RCY | C5: =RCV_RCY!C$2 -> 2215.6619 | D5: =RCV_RCY!D$2 -> 1861.5356 | E5: =RCV_RCY!E$2 -> 2024.4978 | F5: =RCV_RCY!F$2 -> 2142.2032 | G5: =RCV_RCY!G$2 -> 3242.3794 | H5: =RCV_RCY!H$2 -> 1835.6799 | I5: =RCV_RCY!I$2 -> 1740.9143 | J5: =RCV_RCY!J$2 -> 1928.6833 | ... X5: =RCV_RCY!X$2 -> 1447.3628
A6: Imports | B6: =HYPERLINK("#"&CELL("address",IMP!$W$2),"IMP") -> IMP | C6: =IMP!C$2 -> 1172345 | D6: =IMP!D$2 -> 1190822.6 | E6: =IMP!E$2 -> 1206557.5 | F6: =IMP!F$2 -> 1249419.6 | G6: =IMP!G$2 -> 1296364.6 | H6: =IMP!H$2 -> 1339489.5 | I6: =IMP!I$2 -> 1361921.6 | J6: =IMP!J$2 -> 1327293.1 | ... X6: =IMP!X$2 -> 1224290.7
A7: Exports | B7: =HYPERLINK("#"&CELL("address",EXP!$W$2),"EXP") -> EXP | C7: =EXP!C$2 -> 306387.77 | D7: =EXP!D$2 -> 310943.31 | E7: =EXP!E$2 -> 317179.43 | F7: =EXP!F$2 -> 328023.63 | G7: =EXP!G$2 -> 362134.61 | H7: =EXP!H$2 -> 384902.63 | I7: =EXP!I$2 -> 390436.26 | J7: =EXP!J$2 -> 383641.1 | ... X7: =EXP!X$2 -> 412377.39
A8: Change in stock | B8: =HYPERLINK("#"&CELL("address",STK_CHG!$W$2),"STK_CHG") -> STK_CHG | C8: =STK_CHG!C$2 -> -5503.1859 | D8: =STK_CHG!D$2 -> 10616.241 | E8: =STK_CHG!E$2 -> 3.9048151 | F8: =STK_CHG!F$2 -> 2063.3333 | G8: =STK_CHG!G$2 -> -4569.1306 | H8: =STK_CHG!H$2 -> -8643.3816 | I8: =STK_CHG!I$2 -> -9035.809 | J8: =STK_CHG!J$2 -> 13230.007 | ... X8: =STK_CHG!X$2 -> 50854.821
A9: Gross available energy | B9: =HYPERLINK("#"&CELL("address",GAE!$W$2),"GAE") -> GAE | C9: =GAE!C$2 -> 1538534.9 | D9: =GAE!D$2 -> 1577717.8 | E9: =GAE!E$2 -> 1580939.9 | F9: =GAE!F$2 -> 1619949.4 | G9: =GAE!G$2 -> 1643206.2 | H9: =GAE!H$2 -> 1650988.9 | I9: =GAE!I$2 -> 1667952.6 | J9: =GAE!J$2 -> 1649189.3 | ... X9: =GAE!X$2 -> 1462342.2
A10: International maritime bunkers | B10: =HYPERLINK("#"&CELL("address",INTMARB!$W$2),"INTMARB") -> INTMARB | C10: =INTMARB!C$2 -> 40355.427 | D10: =INTMARB!D$2 -> 41594.502 | E10: =INTMARB!E$2 -> 42789.175 | F10: =INTMARB!F$2 -> 44042.576 | G10: =INTMARB!G$2 -> 46270.016 | H10: =INTMARB!H$2 -> 47173.61 | I10: =INTMARB!I$2 -> 50290.715 | J10: =INTMARB!J$2 -> 52441.628 | ... X10: =INTMARB!X$2 -> 40756.205
A11: International Intra-EEA maritime bunkers | B11: =HYPERLINK("#"&CELL("address",INTMARB_IN!$W$2),"INTMARB_IN") -> INTMARB_IN | C11: =INTMARB_IN!C$2 -> 12349.039 | D11: =INTMARB_IN!D$2 -> 12250.785 | E11: =INTMARB_IN!E$2 -> 12230.393 | F11: =INTMARB_IN!F$2 -> 12685.051 | G11: =INTMARB_IN!G$2 -> 12932.515 | H11: =INTMARB_IN!H$2 -> 12476.202 | I11: =INTMARB_IN!I$2 -> 12775.809 | J11: =INTMARB_IN!J$2 -> 13049.184 | ... X11: =INTMARB_IN!X$2 -> 10796.207
A12: International Extra-EEA maritime bunkers | B12: =HYPERLINK("#"&CELL("address",INTMARB_EX!$W$2),"INTMARB_EX") -> INTMARB_EX | C12: =INTMARB_EX!C$2 -> 28006.387 | D12: =INTMARB_EX!D$2 -> 29343.717 | E12: =INTMARB_EX!E$2 -> 30558.782 | F12: =INTMARB_EX!F$2 -> 31357.525 | G12: =INTMARB_EX!G$2 -> 33337.502 | H12: =INTMARB_EX!H$2 -> 34697.407 | I12: =INTMARB_EX!I$2 -> 37514.906 | J12: =INTMARB_EX!J$2 -> 39392.444 | ... X12: =INTMARB_EX!X$2 -> 29959.997
A13: Gross inland consumption | B13: =HYPERLINK("#"&CELL("address",GIC!$W$2),"GIC") -> GIC | C13: =GIC!C$2 -> 1498179.5 | D13: =GIC!D$2 -> 1536123.3 | E13: =GIC!E$2 -> 1538150.7 | F13: =GIC!F$2 -> 1575906.8 | G13: =GIC!G$2 -> 1596936.2 | H13: =GIC!H$2 -> 1603815.3 | I13: =GIC!I$2 -> 1617661.8 | J13: =GIC!J$2 -> 1596747.7 | ... X13: =GIC!X$2 -> 1421586
A14: International aviation | B14: =HYPERLINK("#"&CELL("address",INTAVI!$W$2),"INTAVI") -> INTAVI | C14: =INTAVI!C$2 -> 28574.846 | D14: =INTAVI!D$2 -> 27914.304 | E14: =INTAVI!E$2 -> 27431.284 | F14: =INTAVI!F$2 -> 27956.278 | G14: =INTAVI!G$2 -> 29937.816 | H14: =INTAVI!H$2 -> 31148.201 | I14: =INTAVI!I$2 -> 32737.147 | J14: =INTAVI!J$2 -> 34156.137 | ... X14: =INTAVI!X$2 -> 21528.6
A15: International Intra-EEAwUK passenger aviation | B15: =HYPERLINK("#"&CELL("address",INTAVI_PA_IN!$W$2),"INTAVI_PA_IN") -> INTAVI_PA_IN | C15: =INTAVI_PA_IN!C$2 -> 10936.748 | D15: =INTAVI_PA_IN!D$2 -> 10960.316 | E15: =INTAVI_PA_IN!E$2 -> 10424.234 | F15: =INTAVI_PA_IN!F$2 -> 11161.416 | G15: =INTAVI_PA_IN!G$2 -> 11738.626 | H15: =INTAVI_PA_IN!H$2 -> 12212.729 | I15: =INTAVI_PA_IN!I$2 -> 13011.081 | J15: =INTAVI_PA_IN!J$2 -> 13800.913 | ... X15: =INTAVI_PA_IN!X$2 -> 7236.0424
A16: International Extra-EEAwUK passenger aviation | B16: =HYPERLINK("#"&CELL("address",INTAVI_PA_EX!$W$2),"INTAVI_PA_EX") -> INTAVI_PA_EX | C16: =INTAVI_PA_EX!C$2 -> 15185.274 | D16: =INTAVI_PA_EX!D$2 -> 14688.635 | E16: =INTAVI_PA_EX!E$2 -> 14535.748 | F16: =INTAVI_PA_EX!F$2 -> 14141.299 | G16: =INTAVI_PA_EX!G$2 -> 15305.231 | H16: =INTAVI_PA_EX!H$2 -> 15769.753 | I16: =INTAVI_PA_EX!I$2 -> 16219.544 | J16: =INTAVI_PA_EX!J$2 -> 16669.855 | ... X16: =INTAVI_PA_EX!X$2 -> 9549.365
A17: International Intra-EEAwUK freight aviation | B17: =HYPERLINK("#"&CELL("address",INTAVI_FR_IN!$W$2),"INTAVI_FR_IN") -> INTAVI_FR_IN | C17: =INTAVI_FR_IN!C$2 -> 287.54706 | D17: =INTAVI_FR_IN!D$2 -> 257.2144 | E17: =INTAVI_FR_IN!E$2 -> 274.5675 | F17: =INTAVI_FR_IN!F$2 -> 272.93932 | G17: =INTAVI_FR_IN!G$2 -> 306.20406 | H17: =INTAVI_FR_IN!H$2 -> 327.71216 | I17: =INTAVI_FR_IN!I$2 -> 414.10973 | J17: =INTAVI_FR_IN!J$2 -> 444.18587 | ... X17: =INTAVI_FR_IN!X$2 -> 581.77801
A18: International Extra-EEAwUK freight aviation | B18: =HYPERLINK("#"&CELL("address",INTAVI_FR_EX!$W$2),"INTAVI_FR_EX") -> INTAVI_FR_EX | C18: =INTAVI_FR_EX!C$2 -> 2165.2777 | D18: =INTAVI_FR_EX!D$2 -> 2008.1386 | E18: =INTAVI_FR_EX!E$2 -> 2196.7348 | F18: =INTAVI_FR_EX!F$2 -> 2380.6232 | G18: =INTAVI_FR_EX!G$2 -> 2587.7546 | H18: =INTAVI_FR_EX!H$2 -> 2838.0067 | I18: =INTAVI_FR_EX!I$2 -> 3092.4118 | J18: =INTAVI_FR_EX!J$2 -> 3241.1833 | ... X18: =INTAVI_FR_EX!X$2 -> 4161.4146
A19: Total energy supply | B19: =HYPERLINK("#"&CELL("address",NRGSUP!$W$2),"NRGSUP") -> NRGSUP | C19: =NRGSUP!C$2 -> 1469604.6 | D19: =NRGSUP!D$2 -> 1508209 | E19: =NRGSUP!E$2 -> 1510719.4 | F19: =NRGSUP!F$2 -> 1547950.5 | G19: =NRGSUP!G$2 -> 1566998.4 | H19: =NRGSUP!H$2 -> 1572667.1 | I19: =NRGSUP!I$2 -> 1584924.7 | J19: =NRGSUP!J$2 -> 1562591.5 | ... X19: =NRGSUP!X$2 -> 1400057.4
A20: Gross inland consumption (Europe 2020-2030) | B20: =HYPERLINK("#"&CELL("address",'GIC2020-2030'!$W$2),"GIC2020-2030") -> GIC2020-2030 | C20: ='GIC2020-2030'!C$2 -> 1498093.6 | D20: ='GIC2020-2030'!D$2 -> 1536033.2 | E20: ='GIC2020-2030'!E$2 -> 1538054.9 | F20: ='GIC2020-2030'!F$2 -> 1575626.9 | G20: ='GIC2020-2030'!G$2 -> 1596516 | H20: ='GIC2020-2030'!H$2 -> 1603184.1 | I20: ='GIC2020-2030'!I$2 -> 1616802.5 | J20: ='GIC2020-2030'!J$2 -> 1595610.9 | ... X20: ='GIC2020-2030'!X$2 -> 1406340.2
A21: Primary energy consumption (Europe 2020-2030) | B21: =HYPERLINK("#"&CELL("address",'PEC2020-2030'!$W$2),"PEC2020-2030") -> PEC2020-2030 | C21: ='PEC2020-2030'!C$2 -> 1395242.3 | D21: ='PEC2020-2030'!D$2 -> 1433373 | E21: ='PEC2020-2030'!E$2 -> 1435902.2 | F21: ='PEC2020-2030'!F$2 -> 1474790.9 | G21: ='PEC2020-2030'!G$2 -> 1493687 | H21: ='PEC2020-2030'!H$2 -> 1498149.1 | I21: ='PEC2020-2030'!I$2 -> 1511936.3 | J21: ='PEC2020-2030'!J$2 -> 1490756.2 | ... X21: ='PEC2020-2030'!X$2 -> 1314355.3
A22: Final energy consumption (Europe 2020-2030) | B22: =HYPERLINK("#"&CELL("address",'FEC2020-2030'!$W$2),"FEC2020-2030") -> FEC2020-2030 | C22: ='FEC2020-2030'!C$2 -> 978447.3 | D22: ='FEC2020-2030'!D$2 -> 1001740.8 | E22: ='FEC2020-2030'!E$2 -> 995297.45 | F22: ='FEC2020-2030'!F$2 -> 1025756.9 | G22: ='FEC2020-2030'!G$2 -> 1035910.7 | H22: ='FEC2020-2030'!H$2 -> 1041109.9 | I22: ='FEC2020-2030'!I$2 -> 1045837.3 | J22: ='FEC2020-2030'!J$2 -> 1028508.9 | ... X22: ='FEC2020-2030'!X$2 -> 967454.34
A23: Transformation input | B23: =HYPERLINK("#"&CELL("address",TI_E!$W$2),"TI_E") -> TI_E | C23: =TI_E!C$2 -> 1385181.8 | D23: =TI_E!D$2 -> 1399621.4 | E23: =TI_E!E$2 -> 1409382.2 | F23: =TI_E!F$2 -> 1444173 | G23: =TI_E!G$2 -> 1472583 | H23: =TI_E!H$2 -> 1471893.7 | I23: =TI_E!I$2 -> 1489133.3 | J23: =TI_E!J$2 -> 1481136.2 | ... X23: =TI_E!X$2 -> 1291089.3
A24: Electricity & heat generation | B24: =HYPERLINK("#"&CELL("address",TI_EHG_E!$W$2),"TI_EHG_E") -> TI_EHG_E | C24: =TI_EHG_E!C$2 -> 604018.59 | D24: =TI_EHG_E!D$2 -> 620989.38 | E24: =TI_EHG_E!E$2 -> 630130.49 | F24: =TI_EHG_E!F$2 -> 650462.94 | G24: =TI_EHG_E!G$2 -> 663245.53 | H24: =TI_EHG_E!H$2 -> 663486.81 | I24: =TI_EHG_E!I$2 -> 672114.01 | J24: =TI_EHG_E!J$2 -> 667636.79 | ... X24: =TI_EHG_E!X$2 -> 565926.16
A25: Electricity only | B25: =HYPERLINK("#"&CELL("address",TI_EHG_E_E!$W$2),"TI_EHG_E_E") -> TI_EHG_E_E | C25: =TI_EHG_E_E!C$2 -> 456710.69 | D25: =TI_EHG_E_E!D$2 -> 469181.3 | E25: =TI_EHG_E_E!E$2 -> 475266.74 | F25: =TI_EHG_E_E!F$2 -> 475034.57 | G25: =TI_EHG_E_E!G$2 -> 488254.23 | H25: =TI_EHG_E_E!H$2 -> 486142.86 | I25: =TI_EHG_E_E!I$2 -> 489573.74 | J25: =TI_EHG_E_E!J$2 -> 487319.15 | ... X25: =TI_EHG_E_E!X$2 -> 395862.62
A26: CHP | B26: =HYPERLINK("#"&CELL("address",TI_EHG_CHP_E!$W$2),"TI_EHG_CHP_E") -> TI_EHG_CHP_E | C26: =TI_EHG_CHP_E!C$2 -> 123915.62 | D26: =TI_EHG_CHP_E!D$2 -> 127904.81 | E26: =TI_EHG_CHP_E!E$2 -> 130703.97 | F26: =TI_EHG_CHP_E!F$2 -> 150109.96 | G26: =TI_EHG_CHP_E!G$2 -> 151150.05 | H26: =TI_EHG_CHP_E!H$2 -> 154141.37 | I26: =TI_EHG_CHP_E!I$2 -> 160368.83 | J26: =TI_EHG_CHP_E!J$2 -> 158646.77 | ... X26: =TI_EHG_CHP_E!X$2 -> 145739.13
A27: Heat only | B27: =HYPERLINK("#"&CELL("address",TI_EHG_H_E!$W$2),"TI_EHG_H_E") -> TI_EHG_H_E | C27: =TI_EHG_H_E!C$2 -> 19198.8 | D27: =TI_EHG_H_E!D$2 -> 19862.927 | E27: =TI_EHG_H_E!E$2 -> 19553.997 | F27: =TI_EHG_H_E!F$2 -> 20831.391 | G27: =TI_EHG_H_E!G$2 -> 18986.12 | H27: =TI_EHG_H_E!H$2 -> 18261.605 | I27: =TI_EHG_H_E!I$2 -> 17349.696 | J27: =TI_EHG_H_E!J$2 -> 17037.282 | ... X27: =TI_EHG_H_E!X$2 -> 19501.77
A28: Electrically driven heat pumps | B28: =HYPERLINK("#"&CELL("address",TI_EHG_EDHP!$W$2),"TI_EHG_EDHP") -> TI_EHG_EDHP | C28: =TI_EHG_EDHP!C$2 -> 191.6595 | D28: =TI_EHG_EDHP!D$2 -> 190.79966 | E28: =TI_EHG_EDHP!E$2 -> 184.09286 | F28: =TI_EHG_EDHP!F$2 -> 174.63457 | G28: =TI_EHG_EDHP!G$2 -> 165.52021 | H28: =TI_EHG_EDHP!H$2 -> 160.61909 | I28: =TI_EHG_EDHP!I$2 -> 142.30439 | J28: =TI_EHG_EDHP!J$2 -> 145.82889 | ... X28: =TI_EHG_EDHP!X$2 -> 176.35976
A29: Electric boilers | B29: =HYPERLINK("#"&CELL("address",TI_EHG_EB!$W$2),"TI_EHG_EB") -> TI_EHG_EB | C29: =TI_EHG_EB!C$2 -> 186.32846 | D29: =TI_EHG_EB!D$2 -> 154.34222 | E29: =TI_EHG_EB!E$2 -> 119.34652 | F29: =TI_EHG_EB!F$2 -> 48.581255 | G29: =TI_EHG_EB!G$2 -> 39.466896 | H29: =TI_EHG_EB!H$2 -> 31.126397 | I29: =TI_EHG_EB!I$2 -> 26.139295 | J29: =TI_EHG_EB!J$2 -> 26.05331 | ... X29: =TI_EHG_EB!X$2 -> 113.15709
A30: Electricity for pumped storage | B30: =HYPERLINK("#"&CELL("address",TI_EHG_EPS!$W$2),"TI_EHG_EPS") -> TI_EHG_EPS | C30: =TI_EHG_EPS!C$2 -> 3444.3825 | D30: =TI_EHG_EPS!D$2 -> 3359.4711 | E30: =TI_EHG_EPS!E$2 -> 3915.6841 | F30: =TI_EHG_EPS!F$2 -> 3827.8383 | G30: =TI_EHG_EPS!G$2 -> 3929.5396 | H30: =TI_EHG_EPS!H$2 -> 3994.8987 | I30: =TI_EHG_EPS!I$2 -> 3861.3125 | J30: =TI_EHG_EPS!J$2 -> 3675.8727 | ... X30: =TI_EHG_EPS!X$2 -> 3219.7359
A31: Derived heat for electricity production | B31: =HYPERLINK("#"&CELL("address",TI_EHG_DHEP!$W$2),"TI_EHG_DHEP") -> TI_EHG_DHEP | C31: =TI_EHG_DHEP!C$2 -> 371.1141 | D31: =TI_EHG_DHEP!D$2 -> 335.73138 | E31: =TI_EHG_DHEP!E$2 -> 386.66767 | F31: =TI_EHG_DHEP!F$2 -> 435.96062 | G31: =TI_EHG_DHEP!G$2 -> 720.6123 | H31: =TI_EHG_DHEP!H$2 -> 754.33568 | I31: =TI_EHG_DHEP!I$2 -> 791.98005 | J31: =TI_EHG_DHEP!J$2 -> 785.82984 | ... X31: =TI_EHG_DHEP!X$2 -> 1313.3889
A32: Coke ovens | B32: =HYPERLINK("#"&CELL("address",TI_CO_E!$W$2),"TI_CO_E") -> TI_CO_E | C32: =TI_CO_E!C$2 -> 45980.79 | D32: =TI_CO_E!D$2 -> 43845.765 | E32: =TI_CO_E!E$2 -> 42325.601 | F32: =TI_CO_E!F$2 -> 43592.605 | G32: =TI_CO_E!G$2 -> 43998.199 | H32: =TI_CO_E!H$2 -> 41814.701 | I32: =TI_CO_E!I$2 -> 44685.421 | J32: =TI_CO_E!J$2 -> 44799.526 | ... X32: =TI_CO_E!X$2 -> 29326.275
A33: Blast furnaces | B33: =HYPERLINK("#"&CELL("address",TI_BF_E!$W$2),"TI_BF_E") -> TI_BF_E | C33: =TI_BF_E!C$2 -> 36614.899 | D33: =TI_BF_E!D$2 -> 36169.858 | E33: =TI_BF_E!E$2 -> 35145.873 | F33: =TI_BF_E!F$2 -> 36624.456 | G33: =TI_BF_E!G$2 -> 36991.626 | H33: =TI_BF_E!H$2 -> 35412.154 | I33: =TI_BF_E!I$2 -> 35764.07 | J33: =TI_BF_E!J$2 -> 36250.257 | ... X33: =TI_BF_E!X$2 -> 31164.417
A34: Gas works | B34: =HYPERLINK("#"&CELL("address",TI_GW_E!$W$2),"TI_GW_E") -> TI_GW_E | C34: =TI_GW_E!C$2 -> 741.55297 | D34: =TI_GW_E!D$2 -> 657.93611 | E34: =TI_GW_E!E$2 -> 652.43646 | F34: =TI_GW_E!F$2 -> 651.45546 | G34: =TI_GW_E!G$2 -> 625.55838 | H34: =TI_GW_E!H$2 -> 609.71006 | I34: =TI_GW_E!I$2 -> 664.98186 | J34: =TI_GW_E!J$2 -> 562.79518 | ... X34: =TI_GW_E!X$2 -> 1.1306965
A35: Refineries & petrochemical industry | B35: =HYPERLINK("#"&CELL("address",TI_RPI_E!$W$2),"TI_RPI_E") -> TI_RPI_E | C35: =TI_RPI_E!C$2 -> 692193.35 | D35: =TI_RPI_E!D$2 -> 692330.44 | E35: =TI_RPI_E!E$2 -> 695421.7 | F35: =TI_RPI_E!F$2 -> 707035.47 | G35: =TI_RPI_E!G$2 -> 721381.98 | H35: =TI_RPI_E!H$2 -> 723425.27 | I35: =TI_RPI_E!I$2 -> 727357.52 | J35: =TI_RPI_E!J$2 -> 721427.65 | ... X35: =TI_RPI_E!X$2 -> 638244.56
A36: Refinery intake | B36: =HYPERLINK("#"&CELL("address",TI_RPI_RI_E!$W$2),"TI_RPI_RI_E") -> TI_RPI_RI_E | C36: =TI_RPI_RI_E!C$2 -> 623669.45 | D36: =TI_RPI_RI_E!D$2 -> 626320.99 | E36: =TI_RPI_RI_E!E$2 -> 620043.89 | F36: =TI_RPI_RI_E!F$2 -> 633314.65 | G36: =TI_RPI_RI_E!G$2 -> 644612.67 | H36: =TI_RPI_RI_E!H$2 -> 646854.5 | I36: =TI_RPI_RI_E!I$2 -> 648954 | J36: =TI_RPI_RI_E!J$2 -> 641859.53 | ... X36: =TI_RPI_RI_E!X$2 -> 525567.9
A37: Backflows from petrochemical industry | B37: =HYPERLINK("#"&CELL("address",TI_RPI_BPI_E!$W$2),"TI_RPI_BPI_E") -> TI_RPI_BPI_E | C37: =TI_RPI_BPI_E!C$2 -> 15723.231 | D37: =TI_RPI_BPI_E!D$2 -> 15204.244 | E37: =TI_RPI_BPI_E!E$2 -> 15415.996 | F37: =TI_RPI_BPI_E!F$2 -> 15850.398 | G37: =TI_RPI_BPI_E!G$2 -> 15934.655 | H37: =TI_RPI_BPI_E!H$2 -> 16114.535 | I37: =TI_RPI_BPI_E!I$2 -> 15997.74 | J37: =TI_RPI_BPI_E!J$2 -> 16192.054 | ... X37: =TI_RPI_BPI_E!X$2 -> 15254.407
A38: Products transferred | B38: =HYPERLINK("#"&CELL("address",TI_RPI_PT_E!$W$2),"TI_RPI_PT_E") -> TI_RPI_PT_E | C38: =TI_RPI_PT_E!C$2 -> 20720.092 | D38: =TI_RPI_PT_E!D$2 -> 17982.263 | E38: =TI_RPI_PT_E!E$2 -> 24110.062 | F38: =TI_RPI_PT_E!F$2 -> 18909.377 | G38: =TI_RPI_PT_E!G$2 -> 18630.412 | H38: =TI_RPI_PT_E!H$2 -> 16684.339 | I38: =TI_RPI_PT_E!I$2 -> 20099.012 | J38: =TI_RPI_PT_E!J$2 -> 21726.134 | ... X38: =TI_RPI_PT_E!X$2 -> 30263.849
A39: Interproduct transfers | B39: =HYPERLINK("#"&CELL("address",TI_RPI_IT_E!$W$2),"TI_RPI_IT_E") -> TI_RPI_IT_E | C39: =TI_RPI_IT_E!C$2 -> 5747.4937 | D39: =TI_RPI_IT_E!D$2 -> 6538.5916 | E39: =TI_RPI_IT_E!E$2 -> 7351.4547 | F39: =TI_RPI_IT_E!F$2 -> 10436.036 | G39: =TI_RPI_IT_E!G$2 -> 13129.328 | H39: =TI_RPI_IT_E!H$2 -> 15420.983 | I39: =TI_RPI_IT_E!I$2 -> 14243.144 | J39: =TI_RPI_IT_E!J$2 -> 13669.686 | ... X39: =TI_RPI_IT_E!X$2 -> 37737.857
A40: Direct use | B40: =HYPERLINK("#"&CELL("address",TI_RPI_DU_E!$W$2),"TI_RPI_DU_E") -> TI_RPI_DU_E | C40: =TI_RPI_DU_E!C$2 -> 10731.407 | D40: =TI_RPI_DU_E!D$2 -> 11218.237 | E40: =TI_RPI_DU_E!E$2 -> 13193.352 | F40: =TI_RPI_DU_E!F$2 -> 12764.91 | G40: =TI_RPI_DU_E!G$2 -> 13230.107 | H40: =TI_RPI_DU_E!H$2 -> 12536.956 | I40: =TI_RPI_DU_E!I$2 -> 12445.815 | J40: =TI_RPI_DU_E!J$2 -> 11896.975 | ... X40: =TI_RPI_DU_E!X$2 -> 14012.228
A41: Petrochemical industry intake | B41: =HYPERLINK("#"&CELL("address",TI_RPI_PII_E!$W$2),"TI_RPI_PII_E") -> TI_RPI_PII_E | C41: =TI_RPI_PII_E!C$2 -> 15601.683 | D41: =TI_RPI_PII_E!D$2 -> 15066.11 | E41: =TI_RPI_PII_E!E$2 -> 15306.946 | F41: =TI_RPI_PII_E!F$2 -> 15760.098 | G41: =TI_RPI_PII_E!G$2 -> 15844.815 | H41: =TI_RPI_PII_E!H$2 -> 15813.963 | I41: =TI_RPI_PII_E!I$2 -> 15617.804 | J41: =TI_RPI_PII_E!J$2 -> 16083.268 | ... X41: =TI_RPI_PII_E!X$2 -> 15408.315
A42: Patent fuel plants | B42: =HYPERLINK("#"&CELL("address",TI_PF_E!$W$2),"TI_PF_E") -> TI_PF_E | C42: =TI_PF_E!C$2 -> 200.02554 | D42: =TI_PF_E!D$2 -> 163.1558 | E42: =TI_PF_E!E$2 -> 126.77274 | F42: =TI_PF_E!F$2 -> 127.76793 | G42: =TI_PF_E!G$2 -> 121.2319 | H42: =TI_PF_E!H$2 -> 107.22906 | I42: =TI_PF_E!I$2 -> 101.05469 | J42: =TI_PF_E!J$2 -> 83.757008 | ... X42: =TI_PF_E!X$2 -> 6.9741187
A43: BKB & PB plants | B43: =HYPERLINK("#"&CELL("address",TI_BKBPB_E!$W$2),"TI_BKBPB_E") -> TI_BKBPB_E | C43: =TI_BKBPB_E!C$2 -> 3660.7981 | D43: =TI_BKBPB_E!D$2 -> 3632.7289 | E43: =TI_BKBPB_E!E$2 -> 3609.5218 | F43: =TI_BKBPB_E!F$2 -> 3563.8126 | G43: =TI_BKBPB_E!G$2 -> 3485.164 | H43: =TI_BKBPB_E!H$2 -> 3500.7943 | I43: =TI_BKBPB_E!I$2 -> 3896.8181 | J43: =TI_BKBPB_E!J$2 -> 3818.9532 | ... X43: =TI_BKBPB_E!X$2 -> 3712.1173
A44: Coal liquefaction plants | B44: =HYPERLINK("#"&CELL("address",TI_CL_E!$W$2),"TI_CL_E") -> TI_CL_E | C44: =TI_CL_E!C$2 -> 577.792 | D44: =TI_CL_E!D$2 -> 627.55013 | E44: =TI_CL_E!E$2 -> 663.16182 | F44: =TI_CL_E!F$2 -> 702.96672 | G44: =TI_CL_E!G$2 -> 714.95039 | H44: =TI_CL_E!H$2 -> 724.28702 | I44: =TI_CL_E!I$2 -> 758.81169 | J44: =TI_CL_E!J$2 -> 771.91264 | ... X44: =TI_CL_E!X$2 -> 1789.064
A45: For blended natural gas | B45: =HYPERLINK("#"&CELL("address",TI_BNG_E!$W$2),"TI_BNG_E") -> TI_BNG_E | C45: =TI_BNG_E!C$2 -> 13.11264 | D45: =TI_BNG_E!D$2 -> 11.512382 | E45: =TI_BNG_E!E$2 -> 9.8882201 | F45: =TI_BNG_E!F$2 -> 7.5475494 | G45: =TI_BNG_E!G$2 -> 10.413672 | H45: =TI_BNG_E!H$2 -> 10.652537 | I45: =TI_BNG_E!I$2 -> 51.649183 | J45: =TI_BNG_E!J$2 -> 76.888134 | ... X45: =TI_BNG_E!X$2 -> 2097.7216
A46: Liquid biofuels blended | B46: =HYPERLINK("#"&CELL("address",TI_LBB_E!$W$2),"TI_LBB_E") -> TI_LBB_E | C46: =TI_LBB_E!C$2 -> 459.01402 | D46: =TI_LBB_E!D$2 -> 490.05477 | E46: =TI_LBB_E!E$2 -> 582.84119 | F46: =TI_LBB_E!F$2 -> 695.33594 | G46: =TI_LBB_E!G$2 -> 1279.2875 | H46: =TI_LBB_E!H$2 -> 2070.0993 | I46: =TI_LBB_E!I$2 -> 2944.2169 | J46: =TI_LBB_E!J$2 -> 4809.9183 | ... X46: =TI_LBB_E!X$2 -> 16725.3
A47: Charcoal production plants | B47: =HYPERLINK("#"&CELL("address",TI_CPP_E!$W$2),"TI_CPP_E") -> TI_CPP_E | C47: =TI_CPP_E!C$2 -> 147.46346 | D47: =TI_CPP_E!D$2 -> 122.19355 | E47: =TI_CPP_E!E$2 -> 103.99355 | F47: =TI_CPP_E!F$2 -> 131.19802 | G47: =TI_CPP_E!G$2 -> 119.87678 | H47: =TI_CPP_E!H$2 -> 101.76853 | I47: =TI_CPP_E!I$2 -> 93.70258 | J47: =TI_CPP_E!J$2 -> 95.863543 | ... X47: =TI_CPP_E!X$2 -> 217.56139
A48: Gas-to-liquids plants | B48: =HYPERLINK("#"&CELL("address",TI_GTL_E!$W$2),"TI_GTL_E") -> TI_GTL_E | C48: =TI_GTL_E!C$2 -> 0 | D48: =TI_GTL_E!D$2 -> 0 | E48: =TI_GTL_E!E$2 -> 0 | F48: =TI_GTL_E!F$2 -> 0 | G48: =TI_GTL_E!G$2 -> 0 | H48: =TI_GTL_E!H$2 -> 0 | I48: =TI_GTL_E!I$2 -> 0 | J48: =TI_GTL_E!J$2 -> 0 | ... X48: =TI_GTL_E!X$2 -> 0
A49: Not elsewhere specified | B49: =HYPERLINK("#"&CELL("address",TI_NSP_E!$W$2),"TI_NSP_E") -> TI_NSP_E | C49: =TI_NSP_E!C$2 -> 574.37489 | D49: =TI_NSP_E!D$2 -> 580.85133 | E49: =TI_NSP_E!E$2 -> 609.93027 | F49: =TI_NSP_E!F$2 -> 577.48057 | G49: =TI_NSP_E!G$2 -> 609.1558 | H49: =TI_NSP_E!H$2 -> 630.25512 | I49: =TI_NSP_E!I$2 -> 701.01531 | J49: =TI_NSP_E!J$2 -> 801.85641 | ... X49: =TI_NSP_E!X$2 -> 1878.0247
A50: Transformation output | B50: =HYPERLINK("#"&CELL("address",TO!$W$2),"TO") -> TO | C50: =TO!C$2 -> 1032273.1 | D50: =TO!D$2 -> 1039533.2 | E50: =TO!E$2 -> 1041328.4 | F50: =TO!F$2 -> 1061654 | G50: =TO!G$2 -> 1087040.5 | H50: =TO!H$2 -> 1089540.5 | I50: =TO!I$2 -> 1099658.7 | J50: =TO!J$2 -> 1094729.9 | ... X50: =TO!X$2 -> 1006104.8
A51: Electricity & heat generation TO | B51: =HYPERLINK("#"&CELL("address",TO_EHG!$W$2),"TO_EHG") -> TO_EHG | C51: =TO_EHG!C$2 -> 277710.38 | D51: =TO_EHG!D$2 -> 287446.28 | E51: =TO_EHG!E$2 -> 288392.03 | F51: =TO_EHG!F$2 -> 300044.17 | G51: =TO_EHG!G$2 -> 310401.82 | H51: =TO_EHG!H$2 -> 311848.83 | I51: =TO_EHG!I$2 -> 315096.72 | J51: =TO_EHG!J$2 -> 314081.73 | ... X51: =TO_EHG!X$2 -> 307665.12
A52: Electricity only | B52: =HYPERLINK("#"&CELL("address",TO_EHG_E!$W$2),"TO_EHG_E") -> TO_EHG_E | C52: =TO_EHG_E!C$2 -> 184952.96 | D52: =TO_EHG_E!D$2 -> 189987.75 | E52: =TO_EHG_E!E$2 -> 190351.72 | F52: =TO_EHG_E!F$2 -> 192123.51 | G52: =TO_EHG_E!G$2 -> 196846.86 | H52: =TO_EHG_E!H$2 -> 196153.05 | I52: =TO_EHG_E!I$2 -> 197718.04 | J52: =TO_EHG_E!J$2 -> 198958.64 | ... X52: =TO_EHG_E!X$2 -> 194175.75
A53: CHP | B53: =HYPERLINK("#"&CELL("address",TO_EHG_CHP!$W$2),"TO_EHG_CHP") -> TO_EHG_CHP | C53: =TO_EHG_CHP!C$2 -> 75933.933 | D53: =TO_EHG_CHP!D$2 -> 80061.196 | E53: =TO_EHG_CHP!E$2 -> 80834.893 | F53: =TO_EHG_CHP!F$2 -> 89164.595 | G53: =TO_EHG_CHP!G$2 -> 95602.851 | H53: =TO_EHG_CHP!H$2 -> 97680.492 | I53: =TO_EHG_CHP!I$2 -> 100437.08 | J53: =TO_EHG_CHP!J$2 -> 98350.548 | ... X53: =TO_EHG_CHP!X$2 -> 94579.935
A54: Heat only | B54: =HYPERLINK("#"&CELL("address",TO_EHG_H!$W$2),"TO_EHG_H") -> TO_EHG_H | C54: =TO_EHG_H!C$2 -> 13170.08 | D54: =TO_EHG_H!D$2 -> 13834.584 | E54: =TO_EHG_H!E$2 -> 13248.541 | F54: =TO_EHG_H!F$2 -> 15198.399 | G54: =TO_EHG_H!G$2 -> 14288.469 | H54: =TO_EHG_H!H$2 -> 14337.441 | I54: =TO_EHG_H!I$2 -> 13406.513 | J54: =TO_EHG_H!J$2 -> 13348.199 | ... X54: =TO_EHG_H!X$2 -> 15672.137
A55: Electrically driven heat pumps | B55: =HYPERLINK("#"&CELL("address",TO_EHG_EDHP!$W$2),"TO_EHG_EDHP") -> TO_EHG_EDHP | C55: =TO_EHG_EDHP!C$2 -> 983.46286 | D55: =TO_EHG_EDHP!D$2 -> 953.07386 | E55: =TO_EHG_EDHP!E$2 -> 995.28256 | F55: =TO_EHG_EDHP!F$2 -> 838.98644 | G55: =TO_EHG_EDHP!G$2 -> 868.33954 | H55: =TO_EHG_EDHP!H$2 -> 763.95862 | I55: =TO_EHG_EDHP!I$2 -> 696.06575 | J55: =TO_EHG_EDHP!J$2 -> 717.08158 | ... X55: =TO_EHG_EDHP!X$2 -> 844.87143
A56: Electric boilers | B56: =HYPERLINK("#"&CELL("address",TO_EHG_EB!$W$2),"TO_EHG_EB") -> TO_EHG_EB | C56: =TO_EHG_EB!C$2 -> 183.27759 | D56: =TO_EHG_EB!D$2 -> 151.83529 | E56: =TO_EHG_EB!E$2 -> 117.4638 | F56: =TO_EHG_EB!F$2 -> 47.51119 | G56: =TO_EHG_EB!G$2 -> 38.666473 | H56: =TO_EHG_EB!H$2 -> 30.305435 | I56: =TO_EHG_EB!I$2 -> 25.558232 | J56: =TO_EHG_EB!J$2 -> 25.455462 | ... X56: =TO_EHG_EB!X$2 -> 111.1518
A57: Pumped hydro | B57: =HYPERLINK("#"&CELL("address",TO_EHG_PH!$W$2),"TO_EHG_PH") -> TO_EHG_PH | C57: =TO_EHG_PH!C$2 -> 2486.6636 | D57: =TO_EHG_PH!D$2 -> 2457.8379 | E57: =TO_EHG_PH!E$2 -> 2844.1282 | F57: =TO_EHG_PH!F$2 -> 2671.1681 | G57: =TO_EHG_PH!G$2 -> 2756.6354 | H57: =TO_EHG_PH!H$2 -> 2883.5811 | I57: =TO_EHG_PH!I$2 -> 2813.4569 | J57: =TO_EHG_PH!J$2 -> 2681.8017 | ... X57: =TO_EHG_PH!X$2 -> 2281.2749
A58: Coke ovens | B58: =HYPERLINK("#"&CELL("address",TO_CO!$W$2),"TO_CO") -> TO_CO | C58: =TO_CO!C$2 -> 41350.312 | D58: =TO_CO!D$2 -> 39195.541 | E58: =TO_CO!E$2 -> 37914.638 | F58: =TO_CO!F$2 -> 39367.789 | G58: =TO_CO!G$2 -> 40827.037 | H58: =TO_CO!H$2 -> 39269.853 | I58: =TO_CO!I$2 -> 40917.71 | J58: =TO_CO!J$2 -> 40889.372 | ... X58: =TO_CO!X$2 -> 27707.476
A59: Blast furnaces | B59: =HYPERLINK("#"&CELL("address",TO_BF!$W$2),"TO_BF") -> TO_BF | C59: =TO_BF!C$2 -> 13554.385 | D59: =TO_BF!D$2 -> 12866.7 | E59: =TO_BF!E$2 -> 13180.783 | F59: =TO_BF!F$2 -> 13641.636 | G59: =TO_BF!G$2 -> 14145.791 | H59: =TO_BF!H$2 -> 13766.918 | I59: =TO_BF!I$2 -> 14137.206 | J59: =TO_BF!J$2 -> 14468.661 | ... X59: =TO_BF!X$2 -> 11648.054
A60: Gas works | B60: =HYPERLINK("#"&CELL("address",TO_GW!$W$2),"TO_GW") -> TO_GW | C60: =TO_GW!C$2 -> 357.28487 | D60: =TO_GW!D$2 -> 356.21058 | E60: =TO_GW!E$2 -> 364.86079 | F60: =TO_GW!F$2 -> 384.52279 | G60: =TO_GW!G$2 -> 379.6061 | H60: =TO_GW!H$2 -> 400.64093 | I60: =TO_GW!I$2 -> 421.24007 | J60: =TO_GW!J$2 -> 410.88272 | ... X60: =TO_GW!X$2 -> 56.888564
A61: Refineries & petrochemical industry | B61: =HYPERLINK("#"&CELL("address",TO_RPI!$W$2),"TO_RPI") -> TO_RPI | C61: =TO_RPI!C$2 -> 694224.35 | D61: =TO_RPI!D$2 -> 694578.84 | E61: =TO_RPI!E$2 -> 696204.9 | F61: =TO_RPI!F$2 -> 702944.43 | G61: =TO_RPI!G$2 -> 715372.03 | H61: =TO_RPI!H$2 -> 717288.95 | I61: =TO_RPI!I$2 -> 721073.08 | J61: =TO_RPI!J$2 -> 714923.51 | ... X61: =TO_RPI!X$2 -> 634018.49
A62: Refinery output | B62: =HYPERLINK("#"&CELL("address",TO_RPI_RO!$W$2),"TO_RPI_RO") -> TO_RPI_RO | C62: =TO_RPI_RO!C$2 -> 624449.35 | D62: =TO_RPI_RO!D$2 -> 626937.44 | E62: =TO_RPI_RO!E$2 -> 619697.23 | F62: =TO_RPI_RO!F$2 -> 628642.27 | G62: =TO_RPI_RO!G$2 -> 638286.24 | H62: =TO_RPI_RO!H$2 -> 640258.61 | I62: =TO_RPI_RO!I$2 -> 642210.71 | J62: =TO_RPI_RO!J$2 -> 634987.81 | ... X62: =TO_RPI_RO!X$2 -> 520936.45
A63: Backflows | B63: =HYPERLINK("#"&CELL("address",TO_RPI_BKFLOW!$W$2),"TO_RPI_BKFLOW") -> TO_RPI_BKFLOW | C63: =TO_RPI_BKFLOW!C$2 -> 15509.412 | D63: =TO_RPI_BKFLOW!D$2 -> 15383.733 | E63: =TO_RPI_BKFLOW!E$2 -> 14945.332 | F63: =TO_RPI_BKFLOW!F$2 -> 15424.428 | G63: =TO_RPI_BKFLOW!G$2 -> 15503.676 | H63: =TO_RPI_BKFLOW!H$2 -> 15671.727 | I63: =TO_RPI_BKFLOW!I$2 -> 15553.005 | J63: =TO_RPI_BKFLOW!J$2 -> 15767.028 | ... X63: =TO_RPI_BKFLOW!X$2 -> 14976.148
A64: Products transferred | B64: =HYPERLINK("#"&CELL("address",TO_RPI_PT!$W$2),"TO_RPI_PT") -> TO_RPI_PT | C64: =TO_RPI_PT!C$2 -> 21516.845 | D64: =TO_RPI_PT!D$2 -> 18757.271 | E64: =TO_RPI_PT!E$2 -> 25103.172 | F64: =TO_RPI_PT!F$2 -> 19569.402 | G64: =TO_RPI_PT!G$2 -> 19256.108 | H64: =TO_RPI_PT!H$2 -> 17200.109 | I64: =TO_RPI_PT!I$2 -> 20733.42 | J64: =TO_RPI_PT!J$2 -> 22389.825 | ... X64: =TO_RPI_PT!X$2 -> 30781.923
A65: Interproduct transfers | B65: =HYPERLINK("#"&CELL("address",TO_RPI_IT!$W$2),"TO_RPI_IT") -> TO_RPI_IT | C65: =TO_RPI_IT!C$2 -> 5784.6372 | D65: =TO_RPI_IT!D$2 -> 6588.5843 | E65: =TO_RPI_IT!E$2 -> 7444.809 | F65: =TO_RPI_IT!F$2 -> 10501.234 | G65: =TO_RPI_IT!G$2 -> 13009.647 | H65: =TO_RPI_IT!H$2 -> 15307.231 | I65: =TO_RPI_IT!I$2 -> 13951.656 | J65: =TO_RPI_IT!J$2 -> 13479.694 | ... X65: =TO_RPI_IT!X$2 -> 37739.4
A66: Primary product receipts | B66: =HYPERLINK("#"&CELL("address",TO_RPI_PPR!$W$2),"TO_RPI_PPR") -> TO_RPI_PPR | C66: =TO_RPI_PPR!C$2 -> 11240.869 | D66: =TO_RPI_PPR!D$2 -> 11707.573 | E66: =TO_RPI_PPR!E$2 -> 13598.355 | F66: =TO_RPI_PPR!F$2 -> 12956.698 | G66: =TO_RPI_PPR!G$2 -> 13381.701 | H66: =TO_RPI_PPR!H$2 -> 12736.739 | I66: =TO_RPI_PPR!I$2 -> 12626.548 | J66: =TO_RPI_PPR!J$2 -> 12107.099 | ... X66: =TO_RPI_PPR!X$2 -> 14332.897
A67: Petrochemical industry returns | B67: =HYPERLINK("#"&CELL("address",TO_RPI_PIR!$W$2),"TO_RPI_PIR") -> TO_RPI_PIR | C67: =TO_RPI_PIR!C$2 -> 15723.231 | D67: =TO_RPI_PIR!D$2 -> 15204.244 | E67: =TO_RPI_PIR!E$2 -> 15415.996 | F67: =TO_RPI_PIR!F$2 -> 15850.398 | G67: =TO_RPI_PIR!G$2 -> 15934.655 | H67: =TO_RPI_PIR!H$2 -> 16114.535 | I67: =TO_RPI_PIR!I$2 -> 15997.74 | J67: =TO_RPI_PIR!J$2 -> 16192.054 | ... X67: =TO_RPI_PIR!X$2 -> 15251.667
A68: Patent fuel plants | B68: =HYPERLINK("#"&CELL("address",TO_PF!$W$2),"TO_PF") -> TO_PF | C68: =TO_PF!C$2 -> 251.46982 | D68: =TO_PF!D$2 -> 214.26982 | E68: =TO_PF!E$2 -> 156.15426 | F68: =TO_PF!F$2 -> 139.28736 | G68: =TO_PF!G$2 -> 128.38874 | H68: =TO_PF!H$2 -> 112.99699 | I68: =TO_PF!I$2 -> 107.78968 | J68: =TO_PF!J$2 -> 86.954944 | ... X68: =TO_PF!X$2 -> 6.0961307
A69: BKB & PB plants | B69: =HYPERLINK("#"&CELL("address",TO_BKBPB!$W$2),"TO_BKBPB") -> TO_BKBPB | C69: =TO_BKBPB!C$2 -> 3456.4869 | D69: =TO_BKBPB!D$2 -> 3398.3813 | E69: =TO_BKBPB!E$2 -> 3445.4228 | F69: =TO_BKBPB!F$2 -> 3388.2784 | G69: =TO_BKBPB!G$2 -> 3441.0923 | H69: =TO_BKBPB!H$2 -> 3547.0664 | I69: =TO_BKBPB!I$2 -> 3752.5378 | J69: =TO_BKBPB!J$2 -> 3616.2346 | ... X69: =TO_BKBPB!X$2 -> 3164.4718
A70: Coal liquefaction plants | B70: =HYPERLINK("#"&CELL("address",TO_CL!$W$2),"TO_CL") -> TO_CL | C70: =TO_CL!C$2 -> 281.79596 | D70: =TO_CL!D$2 -> 289.48538 | E70: =TO_CL!E$2 -> 322.84402 | F70: =TO_CL!F$2 -> 340.89604 | G70: =TO_CL!G$2 -> 357.39991 | H70: =TO_CL!H$2 -> 368.26578 | I70: =TO_CL!I$2 -> 384.15641 | J70: =TO_CL!J$2 -> 425.28487 | ... X70: =TO_CL!X$2 -> 1135.7262
A71: Blended in natural gas | B71: =HYPERLINK("#"&CELL("address",TO_BNG!$W$2),"TO_BNG") -> TO_BNG | C71: =TO_BNG!C$2 -> 13.112554 | D71: =TO_BNG!D$2 -> 11.521926 | E71: =TO_BNG!E$2 -> 9.8882201 | F71: =TO_BNG!F$2 -> 7.5451419 | G71: =TO_BNG!G$2 -> 10.404127 | H71: =TO_BNG!H$2 -> 10.662081 | I71: =TO_BNG!I$2 -> 21.453052 | J71: =TO_BNG!J$2 -> 27.944884 | ... X71: =TO_BNG!X$2 -> 2028.006
A72: Liquid biofuels blended | B72: =HYPERLINK("#"&CELL("address",TO_LBB!$W$2),"TO_LBB") -> TO_LBB | C72: =TO_LBB!C$2 -> 459.01402 | D72: =TO_LBB!D$2 -> 491.70284 | E72: =TO_LBB!E$2 -> 583.0454 | F72: =TO_LBB!F$2 -> 672.17395 | G72: =TO_LBB!G$2 -> 1235.1878 | H72: =TO_LBB!H$2 -> 2067.3459 | I72: =TO_LBB!I$2 -> 2936.5198 | J72: =TO_LBB!J$2 -> 4798.9946 | ... X72: =TO_LBB!X$2 -> 16711.193
A73: Charcoal production plants | B73: =HYPERLINK("#"&CELL("address",TO_CPP!$W$2),"TO_CPP") -> TO_CPP | C73: =TO_CPP!C$2 -> 63.793293 | D73: =TO_CPP!D$2 -> 59.250473 | E73: =TO_CPP!E$2 -> 51.139295 | F73: =TO_CPP!F$2 -> 70.437919 | G73: =TO_CPP!G$2 -> 64.561135 | H73: =TO_CPP!H$2 -> 58.78908 | I73: =TO_CPP!I$2 -> 54.482373 | J73: =TO_CPP!J$2 -> 55.872399 | ... X73: =TO_CPP!X$2 -> 87.460275
A74: Gas-to-liquids plants | B74: =HYPERLINK("#"&CELL("address",TO_GTL!$W$2),"TO_GTL") -> TO_GTL | C74: =TO_GTL!C$2 -> 347.42674 | D74: =TO_GTL!D$2 -> 348.45271 | E74: =TO_GTL!E$2 -> 372.52476 | F74: =TO_GTL!F$2 -> 346.20662 | G74: =TO_GTL!G$2 -> 372.51599 | H74: =TO_GTL!H$2 -> 399.03706 | I74: =TO_GTL!I$2 -> 461.6712 | J74: =TO_GTL!J$2 -> 619.4988 | ... X74: =TO_GTL!X$2 -> 1566.9376
A75: Not elsewhere specified | B75: =HYPERLINK("#"&CELL("address",TO_NSP!$W$2),"TO_NSP") -> TO_NSP | C75: =TO_NSP!C$2 -> 203.26741 | D75: =TO_NSP!D$2 -> 276.55168 | E75: =TO_NSP!E$2 -> 330.13801 | F75: =TO_NSP!F$2 -> 306.61126 | G75: =TO_NSP!G$2 -> 304.67592 | H75: =TO_NSP!H$2 -> 401.09888 | I75: =TO_NSP!I$2 -> 294.12167 | J75: =TO_NSP!J$2 -> 324.97721 | ... X75: =TO_NSP!X$2 -> 308.90189
A76: Energy sector | B76: =HYPERLINK("#"&CELL("address",NRG_E!$W$2),"NRG_E") -> NRG_E | C76: =NRG_E!C$2 -> 70848.147 | D76: =NRG_E!D$2 -> 70036.739 | E76: =NRG_E!E$2 -> 70764.676 | F76: =NRG_E!F$2 -> 70368.81 | G76: =NRG_E!G$2 -> 72377.604 | H76: =NRG_E!H$2 -> 72945.054 | I76: =NRG_E!I$2 -> 73755.402 | J76: =NRG_E!J$2 -> 75017.033 | ... X76: =NRG_E!X$2 -> 62203.003
A77: Own use in electricity & heat generation | B77: =HYPERLINK("#"&CELL("address",NRG_EHG_E!$W$2),"NRG_EHG_E") -> NRG_EHG_E | C77: =NRG_EHG_E!C$2 -> 12585.737 | D77: =NRG_EHG_E!D$2 -> 12658.751 | E77: =NRG_EHG_E!E$2 -> 13008.582 | F77: =NRG_EHG_E!F$2 -> 13186.685 | G77: =NRG_EHG_E!G$2 -> 13179.68 | H77: =NRG_EHG_E!H$2 -> 13332.842 | I77: =NRG_EHG_E!I$2 -> 13589.559 | J77: =NRG_EHG_E!J$2 -> 13640.15 | ... X77: =NRG_EHG_E!X$2 -> 11000.506
A78: Coal mines | B78: =HYPERLINK("#"&CELL("address",NRG_CM_E!$W$2),"NRG_CM_E") -> NRG_CM_E | C78: =NRG_CM_E!C$2 -> 3735.6033 | D78: =NRG_CM_E!D$2 -> 3679.1779 | E78: =NRG_CM_E!E$2 -> 3277.5451 | F78: =NRG_CM_E!F$2 -> 3354.6646 | G78: =NRG_CM_E!G$2 -> 2947.416 | H78: =NRG_CM_E!H$2 -> 2708.4446 | I78: =NRG_CM_E!I$2 -> 2628.5036 | J78: =NRG_CM_E!J$2 -> 2777.0198 | ... X78: =NRG_CM_E!X$2 -> 1822.7585
A79: Oil & natural gas extraction plants | B79: =HYPERLINK("#"&CELL("address",NRG_OIL_NG_E!$W$2),"NRG_OIL_NG_E") -> NRG_OIL_NG_E | C79: =NRG_OIL_NG_E!C$2 -> 4741.0212 | D79: =NRG_OIL_NG_E!D$2 -> 4112.0232 | E79: =NRG_OIL_NG_E!E$2 -> 4278.0715 | F79: =NRG_OIL_NG_E!F$2 -> 3740.1705 | G79: =NRG_OIL_NG_E!G$2 -> 4022.9948 | H79: =NRG_OIL_NG_E!H$2 -> 4078.6747 | I79: =NRG_OIL_NG_E!I$2 -> 3509.5646 | J79: =NRG_OIL_NG_E!J$2 -> 3045.5463 | ... X79: =NRG_OIL_NG_E!X$2 -> 2488.1912
A80: Patent fuel plants | B80: =HYPERLINK("#"&CELL("address",NRG_PF_E!$W$2),"NRG_PF_E") -> NRG_PF_E | C80: =NRG_PF_E!C$2 -> 0.25795357 | D80: =NRG_PF_E!D$2 -> 0.25795357 | E80: =NRG_PF_E!E$2 -> 1.2357696 | F80: =NRG_PF_E!F$2 -> 0.25795357 | G80: =NRG_PF_E!G$2 -> 0.25795357 | H80: =NRG_PF_E!H$2 -> 0.25795357 | I80: =NRG_PF_E!I$2 -> 0.085984523 | J80: =NRG_PF_E!J$2 -> 0.085984523 | ... X80: =NRG_PF_E!X$2 -> 0.14737747
A81: Coke ovens | B81: =HYPERLINK("#"&CELL("address",NRG_CO_E!$W$2),"NRG_CO_E") -> NRG_CO_E | C81: =NRG_CO_E!C$2 -> 4840.6893 | D81: =NRG_CO_E!D$2 -> 4667.2701 | E81: =NRG_CO_E!E$2 -> 4710.2773 | F81: =NRG_CO_E!F$2 -> 4381.2083 | G81: =NRG_CO_E!G$2 -> 4230.059 | H81: =NRG_CO_E!H$2 -> 4405.5381 | I81: =NRG_CO_E!I$2 -> 4227.2996 | J81: =NRG_CO_E!J$2 -> 4347.3427 | ... X81: =NRG_CO_E!X$2 -> 3341.2587
A82: BKB & PB plants | B82: =HYPERLINK("#"&CELL("address",NRG_BKBPB_E!$W$2),"NRG_BKBPB_E") -> NRG_BKBPB_E | C82: =NRG_BKBPB_E!C$2 -> 722.2589 | D82: =NRG_BKBPB_E!D$2 -> 727.54342 | E82: =NRG_BKBPB_E!E$2 -> 816.75658 | F82: =NRG_BKBPB_E!F$2 -> 877.70129 | G82: =NRG_BKBPB_E!G$2 -> 947.43749 | H82: =NRG_BKBPB_E!H$2 -> 835.19871 | I82: =NRG_BKBPB_E!I$2 -> 925.02674 | J82: =NRG_BKBPB_E!J$2 -> 967.32003 | ... X82: =NRG_BKBPB_E!X$2 -> 784.7693
A83: Gas works | B83: =HYPERLINK("#"&CELL("address",NRG_GW_E!$W$2),"NRG_GW_E") -> NRG_GW_E | C83: =NRG_GW_E!C$2 -> 110.70026 | D83: =NRG_GW_E!D$2 -> 106.87635 | E83: =NRG_GW_E!E$2 -> 114.68031 | F83: =NRG_GW_E!F$2 -> 153.22906 | G83: =NRG_GW_E!G$2 -> 81.354772 | H83: =NRG_GW_E!H$2 -> 70.214101 | I83: =NRG_GW_E!I$2 -> 56.115219 | J83: =NRG_GW_E!J$2 -> 52.461479 | ... X83: =NRG_GW_E!X$2 -> 4.8877902
A84: Blast furnaces | B84: =HYPERLINK("#"&CELL("address",NRG_BF_E!$W$2),"NRG_BF_E") -> NRG_BF_E | C84: =NRG_BF_E!C$2 -> 2237.8494 | D84: =NRG_BF_E!D$2 -> 2086.5151 | E84: =NRG_BF_E!E$2 -> 2277.6918 | F84: =NRG_BF_E!F$2 -> 2467.415 | G84: =NRG_BF_E!G$2 -> 2483.9609 | H84: =NRG_BF_E!H$2 -> 2548.8101 | I84: =NRG_BF_E!I$2 -> 2528.6156 | J84: =NRG_BF_E!J$2 -> 2553.0739 | ... X84: =NRG_BF_E!X$2 -> 2650.7175
A85: Petroleum refineries (oil refineries) | B85: =HYPERLINK("#"&CELL("address",NRG_PR_E!$W$2),"NRG_PR_E") -> NRG_PR_E | C85: =NRG_PR_E!C$2 -> 40078.826 | D85: =NRG_PR_E!D$2 -> 40227.77 | E85: =NRG_PR_E!E$2 -> 40465.964 | F85: =NRG_PR_E!F$2 -> 40151.374 | G85: =NRG_PR_E!G$2 -> 42380.756 | H85: =NRG_PR_E!H$2 -> 42797.912 | I85: =NRG_PR_E!I$2 -> 44820.132 | J85: =NRG_PR_E!J$2 -> 45771.092 | ... X85: =NRG_PR_E!X$2 -> 38850.228
A86: Nuclear industry | B86: =HYPERLINK("#"&CELL("address",NRG_NI_E!$W$2),"NRG_NI_E") -> NRG_NI_E | C86: =NRG_NI_E!C$2 -> 1437.9908 | D86: =NRG_NI_E!D$2 -> 1457.0889 | E86: =NRG_NI_E!E$2 -> 1568.0377 | F86: =NRG_NI_E!F$2 -> 34.317369 | G86: =NRG_NI_E!G$2 -> 33.113586 | H86: =NRG_NI_E!H$2 -> 30.796819 | I86: =NRG_NI_E!I$2 -> 31.08822 | J86: =NRG_NI_E!J$2 -> 33.108856 | ... X86: =NRG_NI_E!X$2 -> 103.32588
A87: Coal liquefaction plants | B87: =HYPERLINK("#"&CELL("address",NRG_CL_E!$W$2),"NRG_CL_E") -> NRG_CL_E | C87: =NRG_CL_E!C$2 -> 5.1590714 | D87: =NRG_CL_E!D$2 -> 16.580653 | E87: =NRG_CL_E!E$2 -> 17.005847 | F87: =NRG_CL_E!F$2 -> 16.098194 | G87: =NRG_CL_E!G$2 -> 12.916767 | H87: =NRG_CL_E!H$2 -> 13.294153 | I87: =NRG_CL_E!I$2 -> 12.539381 | J87: =NRG_CL_E!J$2 -> 12.539381 | ... X87: =NRG_CL_E!X$2 -> 31.961737
A88: Liquefaction & regasification plants (LNG) | B88: =HYPERLINK("#"&CELL("address",NRG_LNG_E!$W$2),"NRG_LNG_E") -> NRG_LNG_E | C88: =NRG_LNG_E!C$2 -> 0 | D88: =NRG_LNG_E!D$2 -> 0 | E88: =NRG_LNG_E!E$2 -> 0 | F88: =NRG_LNG_E!F$2 -> 0 | G88: =NRG_LNG_E!G$2 -> 34.750817 | H88: =NRG_LNG_E!H$2 -> 31.975494 | I88: =NRG_LNG_E!I$2 -> 41.656836 | J88: =NRG_LNG_E!J$2 -> 80.586844 | ... X88: =NRG_LNG_E!X$2 -> 211.3049
A89: Gasification plants for biogas | B89: =HYPERLINK("#"&CELL("address",NRG_BIOG_E!$W$2),"NRG_BIOG_E") -> NRG_BIOG_E | C89: =NRG_BIOG_E!C$2 -> 0.97927773 | D89: =NRG_BIOG_E!D$2 -> 0.66878762 | E89: =NRG_BIOG_E!E$2 -> 2.1735168 | F89: =NRG_BIOG_E!F$2 -> 32.602494 | G89: =NRG_BIOG_E!G$2 -> 24.195099 | H89: =NRG_BIOG_E!H$2 -> 34.823732 | I89: =NRG_BIOG_E!I$2 -> 66.279708 | J89: =NRG_BIOG_E!J$2 -> 167.2399 | ... X89: =NRG_BIOG_E!X$2 -> 419.29596
A90: Gas-to-liquids (GTL) plants | B90: =HYPERLINK("#"&CELL("address",NRG_GTL_E!$W$2),"NRG_GTL_E") -> NRG_GTL_E | C90: =NRG_GTL_E!C$2 -> 0 | D90: =NRG_GTL_E!D$2 -> 0 | E90: =NRG_GTL_E!E$2 -> 0 | F90: =NRG_GTL_E!F$2 -> 0 | G90: =NRG_GTL_E!G$2 -> 0 | H90: =NRG_GTL_E!H$2 -> 0 | I90: =NRG_GTL_E!I$2 -> 0 | J90: =NRG_GTL_E!J$2 -> 0 | ... X90: =NRG_GTL_E!X$2 -> 0
A91: Charcoal production plants | B91: =HYPERLINK("#"&CELL("address",NRG_CPP_E!$W$2),"NRG_CPP_E") -> NRG_CPP_E | C91: =NRG_CPP_E!C$2 -> 0 | D91: =NRG_CPP_E!D$2 -> 0 | E91: =NRG_CPP_E!E$2 -> 0 | F91: =NRG_CPP_E!F$2 -> 0 | G91: =NRG_CPP_E!G$2 -> 0 | H91: =NRG_CPP_E!H$2 -> 0 | I91: =NRG_CPP_E!I$2 -> 0 | J91: =NRG_CPP_E!J$2 -> 0 | ... X91: =NRG_CPP_E!X$2 -> 0
A92: Not elsewhere specified (energy) | B92: =HYPERLINK("#"&CELL("address",NRG_NSP_E!$W$2),"NRG_NSP_E") -> NRG_NSP_E | C92: =NRG_NSP_E!C$2 -> 351.07481 | D92: =NRG_NSP_E!D$2 -> 296.21668 | E92: =NRG_NSP_E!E$2 -> 226.6552 | F92: =NRG_NSP_E!F$2 -> 1973.0868 | G92: =NRG_NSP_E!G$2 -> 1998.7102 | H92: =NRG_NSP_E!H$2 -> 2056.2721 | I92: =NRG_NSP_E!I$2 -> 1318.9357 | J92: =NRG_NSP_E!J$2 -> 1569.4666 | ... X92: =NRG_NSP_E!X$2 -> 493.65039
A93: Distribution losses | B93: =HYPERLINK("#"&CELL("address",DL!$W$2),"DL") -> DL | C93: =DL!C$2 -> 23386.413 | D93: =DL!D$2 -> 23524.338 | E93: =DL!E$2 -> 22644.746 | F93: =DL!F$2 -> 24421.239 | G93: =DL!G$2 -> 25698.806 | H93: =DL!H$2 -> 25866.857 | I93: =DL!I$2 -> 25535.661 | J93: =DL!J$2 -> 25694.914 | ... X93: =DL!X$2 -> 24214.541
A94: Available for final consumption | B94: =HYPERLINK("#"&CELL("address",AFC!$W$2),"AFC") -> AFC | C94: =AFC!C$2 -> 1022461.4 | D94: =AFC!D$2 -> 1054559.7 | E94: =AFC!E$2 -> 1049256.1 | F94: =AFC!F$2 -> 1070641.4 | G94: =AFC!G$2 -> 1083379.5 | H94: =AFC!H$2 -> 1091501.9 | I94: =AFC!I$2 -> 1096159 | J94: =AFC!J$2 -> 1075473.3 | ... X94: =AFC!X$2 -> 1028655.4
A95: Final non-energy consumption | B95: =HYPERLINK("#"&CELL("address",FC_NE!$W$2),"FC_NE") -> FC_NE | C95: =FC_NE!C$2 -> 102851.32 | D95: =FC_NE!D$2 -> 102660.18 | E95: =FC_NE!E$2 -> 102152.71 | F95: =FC_NE!F$2 -> 100835.98 | G95: =FC_NE!G$2 -> 102829.07 | H95: =FC_NE!H$2 -> 105035.02 | I95: =FC_NE!I$2 -> 104866.2 | J95: =FC_NE!J$2 -> 104854.72 | ... X95: =FC_NE!X$2 -> 91984.917
A96: Non-energy use industry/transformation/energy | B96: =HYPERLINK("#"&CELL("address",TI_NRG_FC_IND_NE!$W$2),"TI_NRG_FC_IND_NE") -> TI_NRG_FC_IND_NE | C96: =TI_NRG_FC_IND_NE!C$2 -> 99359.17 | D96: =TI_NRG_FC_IND_NE!D$2 -> 99453.771 | E96: =TI_NRG_FC_IND_NE!E$2 -> 99055.825 | F96: =TI_NRG_FC_IND_NE!F$2 -> 97790.274 | G96: =TI_NRG_FC_IND_NE!G$2 -> 99497.237 | H96: =TI_NRG_FC_IND_NE!H$2 -> 101543.08 | I96: =TI_NRG_FC_IND_NE!I$2 -> 101637.95 | J96: =TI_NRG_FC_IND_NE!J$2 -> 101551.41 | ... X96: =TI_NRG_FC_IND_NE!X$2 -> 89500.924
A97: Non-energy use in transformation sector | B97: =HYPERLINK("#"&CELL("address",TI_NE!$W$2),"TI_NE") -> TI_NE | C97: =TI_NE!C$2 -> 55.653396 | D97: =TI_NE!D$2 -> 36.909544 | E97: =TI_NE!E$2 -> 8.2306105 | F97: =TI_NE!F$2 -> 24.768788 | G97: =TI_NE!G$2 -> 19.96509 | H97: =TI_NE!H$2 -> 226.83121 | I97: =TI_NE!I$2 -> 323.72382 | J97: =TI_NE!J$2 -> 54.874205 | ... X97: =TI_NE!X$2 -> 130.67154
A98: Non-energy use in energy sector | B98: =HYPERLINK("#"&CELL("address",NRG_NE!$W$2),"NRG_NE") -> NRG_NE | C98: =NRG_NE!C$2 -> 34.064144 | D98: =NRG_NE!D$2 -> 40.369647 | E98: =NRG_NE!E$2 -> 32.067412 | F98: =NRG_NE!F$2 -> 19.585383 | G98: =NRG_NE!G$2 -> 17.58865 | H98: =NRG_NE!H$2 -> 20.461909 | I98: =NRG_NE!I$2 -> 19.342992 | J98: =NRG_NE!J$2 -> 20.716939 | ... X98: =NRG_NE!X$2 -> 50.990112
A99: Non-energy use in industry sector | B99: =HYPERLINK("#"&CELL("address",FC_IND_NE!$W$2),"FC_IND_NE") -> FC_IND_NE | C99: =FC_IND_NE!C$2 -> 98557.052 | D99: =FC_IND_NE!D$2 -> 98645.897 | E99: =FC_IND_NE!E$2 -> 98006.47 | F99: =FC_IND_NE!F$2 -> 96755.171 | G99: =FC_IND_NE!G$2 -> 98286.286 | H99: =FC_IND_NE!H$2 -> 100159.62 | I99: =FC_IND_NE!I$2 -> 100028.01 | J99: =FC_IND_NE!J$2 -> 100119.05 | ... X99: =FC_IND_NE!X$2 -> 87711.734
A100: Non-energy use in chemical industry | B100: =HYPERLINK("#"&CELL("address",FC_IND_CPC_NE!$W$2),"FC_IND_CPC_NE") -> FC_IND_CPC_NE | C100: =FC_IND_CPC_NE!C$2 -> 76239.287 | D100: =FC_IND_CPC_NE!D$2 -> 76594.248 | E100: =FC_IND_CPC_NE!E$2 -> 75853.251 | F100: =FC_IND_CPC_NE!F$2 -> 75729.978 | G100: =FC_IND_CPC_NE!G$2 -> 76710.207 | H100: =FC_IND_CPC_NE!H$2 -> 77972.24 | I100: =FC_IND_CPC_NE!I$2 -> 77057.807 | J100: =FC_IND_CPC_NE!J$2 -> 78083.764 | ... X100: =FC_IND_CPC_NE!X$2 -> 72031.9
...

Sheet PPRD
A1: Primary production | B1: PPRD | C1: 2000 | D1: 2001 | E1: 2002 | F1: 2003 | G1: 2004 | H1: 2005 | I1: 2006 | J1: 2007 | K1: 2008 | L1: 2009 | M1: 2010 | N1: 2011 | O1: 2012 | P1: 2013 | Q1: 2014 | R1: 2015 | S1: 2016 | T1: 2017 | U1: 2018 | V1: 2019 | W1: 2020 | X1: 2021
A2: Total | B2: TOTAL | C2: =SUM(C3,C17,C22,C25,C26,C51,C52,C71,C74,C75,C76) -> 675865.22 | D2: =SUM(D3,D17,D22,D25,D26,D51,D52,D71,D74,D75,D76) -> 685360.73 | E2: =SUM(E3,E17,E22,E25,E26,E51,E52,E71,E74,E75,E76) -> 689533.44 | F2: =SUM(F3,F17,F22,F25,F26,F51,F52,F71,F74,F75,F76) -> 694347.83 | G2: =SUM(G3,G17,G22,G25,G26,G51,G52,G71,G74,G75,G76) -> 710302.95 | H2: =SUM(H3,H17,H22,H25,H26,H51,H52,H71,H74,H75,H76) -> 703209.69 | I2: =SUM(I3,I17,I22,I25,I26,I51,I52,I71,I74,I75,I76) -> 703762.09 | J2: =SUM(J3,J17,J22,J25,J26,J51,J52,J71,J74,J75,J76) -> 690378.62 | ... X2: =SUM(X3,X17,X22,X25,X26,X51,X52,X71,X74,X75,X76) -> 598126.74
A3: Solid fossil fuels | B3: C0000X0350-0370 | C3: =SUM(C4,C8,C11) -> 189777.52 | D3: =SUM(D4,D8,D11) -> 187255.72 | E3: =SUM(E4,E8,E11) -> 186021.87 | F3: =SUM(F4,F8,F11) -> 184797.34 | G3: =SUM(G4,G8,G11) -> 180931.8 | H3: =SUM(H4,H8,H11) -> 176851.48 | I3: =SUM(I4,I8,I11) -> 172733.68 | J3: =SUM(J4,J8,J11) -> 169273.73 | ... X3: =SUM(X4,X8,X11) -> 90966.491
A4: Hard coal | B4: C0100 | C4: =SUM(C5:C7) -> 99737.751 | D4: =SUM(D5:D7) -> 94607.394 | E4: =SUM(E5:E7) -> 92230.542 | F4: =SUM(F5:F7) -> 90817.471 | G4: =SUM(G5:G7) -> 87454.779 | H4: =SUM(H5:H7) -> 86314.766 | I4: =SUM(I5:I7) -> 82004.232 | J4: =SUM(J5:J7) -> 77738.701 | ... X4: =SUM(X5:X7) -> 33163.082
A5: Anthracite | B5: C0110 | C5: 0 | D5: 0 | E5: 0 | F5: 1347.1546 | G5: 3138.3833 | H5: 3205.9152 | I5: 3042.5115 | J5: 2971.2023 | K5: 2760.4196 | L5: 3101.2979 | M5: 2798.4771 | N5: 2569.2797 | O5: 2439.5878 | P5: 1784.5702 | Q5: 2058.0728 | R5: 1557.7782 | S5: 1149.0843 | T5: 908.88745 | U5: 732.15537 | V5: 0 | W5: 0 | X5: 0
A6: Coking coal | B6: C0121 | C6: 30685.891 | D6: 29255.277 | E6: 28790.867 | F6: 28677.724 | G6: 28178.028 | H6: 25300.127 | I6: 24655.139 | J6: 24369.673 | K6: 20928.118 | L6: 16346.276 | M6: 17969.499 | N6: 16681.154 | O6: 16165.533 | P6: 14992.27 | Q6: 15099.456 | R6: 14614.988 | S6: 13128.826 | T6: 12407.597 | U6: 11019.176 | V6: 9893.9624 | W6: 9367.2893 | X6: 9902.3477
A7: Other bituminous coal | B7: C0129 | C7: 69051.86 | D7: 65352.117 | E7: 63439.675 | F7: 60792.593 | G7: 56138.368 | H7: 57808.723 | I7: 54306.582 | J7: 50397.826 | K7: 48252.777 | L7: 44554.339 | M7: 42006.146 | N7: 41231.256 | O7: 42852.314 | P7: 39358.232 | Q7: 36419.456 | R7: 35900.003 | S7: 33936.641 | T7: 30684.861 | U7: 28999.365 | V7: 27171.27 | W7: 23213.606 | X7: 23260.735
A8: Brown coal | B8: C0200 | C8: =SUM(C9:C10) -> 90039.771 | D8: =SUM(D9:D10) -> 92648.326 | E8: =SUM(E9:E10) -> 93791.331 | F8: =SUM(F9:F10) -> 93979.874 | G8: =SUM(G9:G10) -> 93477.02 | H8: =SUM(H9:H10) -> 90536.719 | I8: =SUM(I9:I10) -> 90729.447 | J8: =SUM(J9:J10) -> 91535.031 | ... X8: =SUM(X9:X10) -> 57803.409
A9: Sub-bituminous coal | B9: C0210 | C9: 1054.1982 | D9: 1008.4001 | E9: 1092.6708 | F9: 958.45727 | G9: 983.0693 | H9: 978.52648 | I9: 1018.1017 | J9: 885.20834 | K9: 900.31212 | L9: 785.82175 | M9: 767.77171 | N9: 771.21608 | O9: 770.20937 | P9: 605.27713 | Q9: 448.65193 | R9: 427.30473 | S9: 235.73138 | T9: 586.03801 | U9: 522.10378 | V9: 0 | W9: 0 | X9: 0
A10: Lignite | B10: C0220 | C10: 88985.573 | D10: 91639.926 | E10: 92698.661 | F10: 93021.417 | G10: 92493.951 | H10: 89558.192 | I10: 89711.345 | J10: 90649.822 | K10: 88212.575 | L10: 85070.69 | M10: 83079.525 | N10: 88166.586 | O10: 88793.819 | P10: 84069.907 | Q10: 81201.76 | R10: 81280.701 | S10: 76219.087 | T10: 78041.292 | U10: 74817.676 | V10: 63000.54 | W10: 51009.18 | X10: 57803.409
A11: Coal products | B11: C0300 | C11: =SUM(C12:C16) -> 0 | D11: =SUM(D12:D16) -> 0 | E11: =SUM(E12:E16) -> 0 | F11: =SUM(F12:F16) -> 0 | G11: =SUM(G12:G16) -> 0 | H11: =SUM(H12:H16) -> 0 | I11: =SUM(I12:I16) -> 0 | J11: =SUM(J12:J16) -> 0 | ... X11: =SUM(X12:X16) -> 0
A12: Patent fuel | B12: C0320 | C12: 0 | D12: 0 | E12: 0 | F12: 0 | G12: 0 | H12: 0 | I12: 0 | J12: 0 | K12: 0 | L12: 0 | M12: 0 | N12: 0 | O12: 0 | P12: 0 | Q12: 0 | R12: 0 | S12: 0 | T12: 0 | U12: 0 | V12: 0 | W12: 0 | X12: 0
A13: Coke oven coke | B13: C0311 | C13: 0 | D13: 0 | E13: 0 | F13: 0 | G13: 0 | H13: 0 | I13: 0 | J13: 0 | K13: 0 | L13: 0 | M13: 0 | N13: 0 | O13: 0 | P13: 0 | Q13: 0 | R13: 0 | S13: 0 | T13: 0 | U13: 0 | V13: 0 | W13: 0 | X13: 0
A14: Gas coke | B14: C0312 | C14: 0 | D14: 0 | E14: 0 | F14: 0 | G14: 0 | H14: 0 | I14: 0 | J14: 0 | K14: 0 | L14: 0 | M14: 0 | N14: 0 | O14: 0 | P14: 0 | Q14: 0 | R14: 0 | S14: 0 | T14: 0 | U14: 0 | V14: 0 | W14: 0 | X14: 0
A15: Coal tar | B15: C0340 | C15: 0 | D15: 0 | E15: 0 | F15: 0 | G15: 0 | H15: 0 | I15: 0 | J15: 0 | K15: 0 | L15: 0 | M15: 0 | N15: 0 | O15: 0 | P15: 0 | Q15: 0 | R15: 0 | S15: 0 | T15: 0 | U15: 0 | V15: 0 | W15: 0 | X15: 0
A16: Brown coal briquettes | B16: C0330 | C16: 0 | D16: 0 | E16: 0 | F16: 0 | G16: 0 | H16: 0 | I16: 0 | J16: 0 | K16: 0 | L16: 0 | M16: 0 | N16: 0 | O16: 0 | P16: 0 | Q16: 0 | R16: 0 | S16: 0 | T16: 0 | U16: 0 | V16: 0 | W16: 0 | X16: 0
A17: Manufactured gases | B17: C0350-0370 | C17: =SUM(C18:C21) -> 0 | D17: =SUM(D18:D21) -> 0 | E17: =SUM(E18:E21) -> 0 | F17: =SUM(F18:F21) -> 0 | G17: =SUM(G18:G21) -> 0 | H17: =SUM(H18:H21) -> 0 | I17: =SUM(I18:I21) -> 0 | J17: =SUM(J18:J21) -> 0 | ... X17: =SUM(X18:X21) -> 0
A18: Gas works gas | B18: C0360 | C18: 0 | D18: 0 | E18: 0 | F18: 0 | G18: 0 | H18: 0 | I18: 0 | J18: 0 | K18: 0 | L18: 0 | M18: 0 | N18: 0 | O18: 0 | P18: 0 | Q18: 0 | R18: 0 | S18: 0 | T18: 0 | U18: 0 | V18: 0 | W18: 0 | X18: 0
A19: Coke oven gas | B19: C0350 | C19: 0 | D19: 0 | E19: 0 | F19: 0 | G19: 0 | H19: 0 | I19: 0 | J19: 0 | K19: 0 | L19: 0 | M19: 0 | N19: 0 | O19: 0 | P19: 0 | Q19: 0 | R19: 0 | S19: 0 | T19: 0 | U19: 0 | V19: 0 | W19: 0 | X19: 0
A20: Blast furnace gas | B20: C0371 | C20: 0 | D20: 0 | E20: 0 | F20: 0 | G20: 0 | H20: 0 | I20: 0 | J20: 0 | K20: 0 | L20: 0 | M20: 0 | N20: 0 | O20: 0 | P20: 0 | Q20: 0 | R20: 0 | S20: 0 | T20: 0 | U20: 0 | V20: 0 | W20: 0 | X20: 0
A21: Other recovered gases | B21: C0379 | C21: 0 | D21: 0 | E21: 0 | F21: 0 | G21: 0 | H21: 0 | I21: 0 | J21: 0 | K21: 0 | L21: 0 | M21: 0 | N21: 0 | O21: 0 | P21: 0 | Q21: 0 | R21: 0 | S21: 0 | T21: 0 | U21: 0 | V21: 0 | W21: 0 | X21: 0
A22: Peat and peat products | B22: P1000 | C22: =SUM(C23:C24) -> 2356.0899 | D22: =SUM(D23:D24) -> 2893.0291 | E22: =SUM(E23:E24) -> 3269.5747 | F22: =SUM(F23:F24) -> 3260.872 | G22: =SUM(G23:G24) -> 2179.8077 | H22: =SUM(H23:H24) -> 3328.5882 | I22: =SUM(I23:I24) -> 4329.3129 | J22: =SUM(J23:J24) -> 2022.6701 | ... X22: =SUM(X23:X24) -> 447.99828
A23: Peat | B23: P1100 | C23: 2356.0899 | D23: 2893.0291 | E23: 3269.5747 | F23: 3260.872 | G23: 2179.8077 | H23: 3328.5882 | I23: 4329.3129 | J23: 2022.6701 | K23: 2041.2907 | L23: 3086.315 | M23: 3156.9915 | N23: 2773.2573 | O23: 1513.4501 | P23: 3305.51 | Q23: 2814.7981 | R23: 1768.8083 | S23: 1559.5444 | T23: 1603.7806 | U23: 2865.8622 | V23: 1573.8372 | W23: 779.57231 | X23: 447.99828
A24: Peat products | B24: P1200 | C24: 0 | D24: 0 | E24: 0 | F24: 0 | G24: 0 | H24: 0 | I24: 0 | J24: 0 | K24: 0 | L24: 0 | M24: 0 | N24: 0 | O24: 0 | P24: 0 | Q24: 0 | R24: 0 | S24: 0 | T24: 0 | U24: 0 | V24: 0 | W24: 0 | X24: 0
A25: Oil shale and oil sands | B25: S2000 | C25: 2788.5256 | D25: 2771.5089 | E25: 2756.5676 | F25: 3177.151 | G25: 3231.9274 | H25: 3262.9112 | I25: 3248.042 | J25: 3851.958 | K25: 3395.8366 | L25: 2849.089 | M25: 3975.2726 | N25: 4019.89 | O25: 3655.1006 | P25: 4111.8911 | Q25: 4014.4894 | R25: 3514.8617 | S25: 3716.0374 | T25: 4293.097 | U25: 4179.5801 | V25: 3177.7143 | W25: 2516.5557 | X25: 2428.3206
A26: Oil and petroleum products | B26: O4000XBIO | C26: =SUM(C27,C33) -> 44566.879 | D26: =SUM(D27,D33) -> 42388.784 | E26: =SUM(E27,E33) -> 47302.886 | F26: =SUM(F27,F33) -> 47393.579 | G26: =SUM(G27,G33) -> 46923.635 | H26: =SUM(H27,H33) -> 45881.248 | I26: =SUM(I27,I33) -> 42877.687 | J26: =SUM(J27,J33) -> 40664.728 | ... X26: =SUM(X27,X33) -> 20149.572
A27: Crude oil, NGL, refinery feedstocks, additives and oxygenates and other hydrocarbons (excluding biofuel portion) | B27: O4100_TOT_4200-4500XBIO | C27: =SUM(C28:C32) -> 44566.879 | D27: =SUM(D28:D32) -> 42388.784 | E27: =SUM(E28:E32) -> 47302.886 | F27: =SUM(F28:F32) -> 47393.579 | G27: =SUM(G28:G32) -> 46923.635 | H27: =SUM(H28:H32) -> 45881.248 | I27: =SUM(I28:I32) -> 42877.687 | J27: =SUM(J28:J32) -> 40664.728 | ... X27: =SUM(X28:X32) -> 20149.572
A28: Crude oil | B28: O4100_TOT | C28: 39980.137 | D28: 38446.782 | E28: 41985.644 | F28: 42051.999 | G28: 42493.121 | H28: 40701.601 | I28: 37731.808 | J28: 36216.615 | K28: 33728.75 | L28: 30808.107 | M28: 29624.305 | N28: 28303.734 | O28: 27274.6 | P28: 26680.398 | Q28: 26481.386 | R28: 25479.532 | S28: 22377.327 | T28: 22059.905 | U28: 21388.427 | V28: 19797.012 | W28: 18764.891 | X28: 17630.139
A29: Natural gas liquids | B29: O4200 | C29: 2376.1512 | D29: 2264.8905 | E29: 2263.0818 | F29: 2062.3949 | G29: 2125.2345 | H29: 1998.4096 | I29: 1774.0505 | J29: 1501.3648 | K29: 1380.8696 | L29: 1276.6996 | M29: 1212.0833 | N29: 1099.7702 | O29: 1017.7543 | P29: 919.48126 | Q29: 829.34764 | R29: 864.88512 | S29: 783.90129 | T29: 766.25959 | U29: 654.9049 | V29: 563.61359 | W29: 495.54729 | X29: 483.49415
A30: Refinery feedstocks | B30: O4300 | C30: 0 | D30: 0 | E30: 0 | F30: 0 | G30: 0 | H30: 0 | I30: 0 | J30: 0 | K30: 0 | L30: 0 | M30: 0 | N30: 0 | O30: 0 | P30: 0 | Q30: 0 | R30: 0 | S30: 0 | T30: 0 | U30: 0 | V30: 0 | W30: 0 | X30: 0
A31: Additives and oxygenates (excluding biofuel portion) | B31: O4400X4410 | C31: 2011.6929 | D31: 1499.4844 | E31: 1607.6497 | F31: 1840.795 | G31: 2042.3696 | H31: 2620.9058 | I31: 2618.6277 | J31: 2689.5106 | K31: 2899.1518 | L31: 2591.2393 | M31: 2267.1948 | N31: 2024.9371 | O31: 1904.5077 | P31: 1792.4235 | Q31: 1687.1917 | R31: 1922.0882 | S31: 2087.9265 | T31: 2230.8189 | U31: 2481.2935 | V31: 2314.1357 | W31: 2032.0997 | X31: 1954.7641
A32: Other hydrocarbons | B32: O4500 | C32: 198.89828 | D32: 177.62657 | E32: 1446.5105 | F32: 1438.3897 | G32: 262.90963 | H32: 560.33242 | I32: 753.20052 | J32: 257.23706 | K32: 0 | L32: 0 | M32: 0 | N32: 5.7323302 | O32: 64.966122 | P32: 0 | Q32: 3.8214961 | R32: 5.7323302 | S32: 0 | T32: 0 | U32: 0 | V32: 0 | W32: 32.714617 | X32: 81.174635
A33: Oil products (excluding biofuel portion) | B33: O4600XBIO | C33: =SUM(C34:C50) -> 0 | D33: =SUM(D34:D50) -> 0 | E33: =SUM(E34:E50) -> 0 | F33: =SUM(F34:F50) -> 0 | G33: =SUM(G34:G50) -> 0 | H33: =SUM(H34:H50) -> 0 | I33: =SUM(I34:I50) -> 0 | J33: =SUM(J34:J50) -> 0 | ... X33: =SUM(X34:X50) -> 0
A34: Refinery gas | B34: O4610 | C34: 0 | D34: 0 | E34: 0 | F34: 0 | G34: 0 | H34: 0 | I34: 0 | J34: 0 | K34: 0 | L34: 0 | M34: 0 | N34: 0 | O34: 0 | P34: 0 | Q34: 0 | R34: 0 | S34: 0 | T34: 0 | U34: 0 | V34: 0 | W34: 0 | X34: 0
A35: Ethane | B35: O4620 | C35: 0 | D35: 0 | E35: 0 | F35: 0 | G35: 0 | H35: 0 | I35: 0 | J35: 0 | K35: 0 | L35: 0 | M35: 0 | N35: 0 | O35: 0 | P35: 0 | Q35: 0 | R35: 0 | S35: 0 | T35: 0 | U35: 0 | V35: 0 | W35: 0 | X35: 0
A36: Liquefied petroleum gases | B36: O4630 | C36: 0 | D36: 0 | E36: 0 | F36: 0 | G36: 0 | H36: 0 | I36: 0 | J36: 0 | K36: 0 | L36: 0 | M36: 0 | N36: 0 | O36: 0 | P36: 0 | Q36: 0 | R36: 0 | S36: 0 | T36: 0 | U36: 0 | V36: 0 | W36: 0 | X36: 0
A37: Motor gasoline (excluding biofuel portion) | B37: O4652XR5210B | C37: 0 | D37: 0 | E37: 0 | F37: 0 | G37: 0 | H37: 0 | I37: 0 | J37: 0 | K37: 0 | L37: 0 | M37: 0 | N37: 0 | O37: 0 | P37: 0 | Q37: 0 | R37: 0 | S37: 0 | T37: 0 | U37: 0 | V37: 0 | W37: 0 | X37: 0
A38: Aviation gasoline | B38: O4651 | C38: 0 | D38: 0 | E38: 0 | F38: 0 | G38: 0 | H38: 0 | I38: 0 | J38: 0 | K38: 0 | L38: 0 | M38: 0 | N38: 0 | O38: 0 | P38: 0 | Q38: 0 | R38: 0 | S38: 0 | T38: 0 | U38: 0 | V38: 0 | W38: 0 | X38: 0
A39: Gasoline-type jet fuel | B39: O4653 | C39: 0 | D39: 0 | E39: 0 | F39: 0 | G39: 0 | H39: 0 | I39: 0 | J39: 0 | K39: 0 | L39: 0 | M39: 0 | N39: 0 | O39: 0 | P39: 0 | Q39: 0 | R39: 0 | S39: 0 | T39: 0 | U39: 0 | V39: 0 | W39: 0 | X39: 0
A40: Kerosene-type jet fuel (excluding biofuel portion) | B40: O4661XR5230B | C40: 0 | D40: 0 | E40: 0 | F40: 0 | G40: 0 | H40: 0 | I40: 0 | J40: 0 | K40: 0 | L40: 0 | M40: 0 | N40: 0 | O40: 0 | P40: 0 | Q40: 0 | R40: 0 | S40: 0 | T40: 0 | U40: 0 | V40: 0 | W40: 0 | X40: 0
A41: Other kerosene | B41: O4669 | C41: 0 | D41: 0 | E41: 0 | F41: 0 | G41: 0 | H41: 0 | I41: 0 | J41: 0 | K41: 0 | L41: 0 | M41: 0 | N41: 0 | O41: 0 | P41: 0 | Q41: 0 | R41: 0 | S41: 0 | T41: 0 | U41: 0 | V41: 0 | W41: 0 | X41: 0
A42: Naphtha | B42: O4640 | C42: 0 | D42: 0 | E42: 0 | F42: 0 | G42: 0 | H42: 0 | I42: 0 | J42: 0 | K42: 0 | L42: 0 | M42: 0 | N42: 0 | O42: 0 | P42: 0 | Q42: 0 | R42: 0 | S42: 0 | T42: 0 | U42: 0 | V42: 0 | W42: 0 | X42: 0
A43: Gas oil and diesel oil (excluding biofuel portion) | B43: O4671XR5220B | C43: 0 | D43: 0 | E43: 0 | F43: 0 | G43: 0 | H43: 0 | I43: 0 | J43: 0 | K43: 0 | L43: 0 | M43: 0 | N43: 0 | O43: 0 | P43: 0 | Q43: 0 | R43: 0 | S43: 0 | T43: 0 | U43: 0 | V43: 0 | W43: 0 | X43: 0
A44: Fuel oil | B44: O4680 | C44: 0 | D44: 0 | E44: 0 | F44: 0 | G44: 0 | H44: 0 | I44: 0 | J44: 0 | K44: 0 | L44: 0 | M44: 0 | N44: 0 | O44: 0 | P44: 0 | Q44: 0 | R44: 0 | S44: 0 | T44: 0 | U44: 0 | V44: 0 | W44: 0 | X44: 0
A45: White spirit and special boiling point industrial spirits | B45: O4691 | C45: 0 | D45: 0 | E45: 0 | F45: 0 | G45: 0 | H45: 0 | I45: 0 | J45: 0 | K45: 0 | L45: 0 | M45: 0 | N45: 0 | O45: 0 | P45: 0 | Q45: 0 | R45: 0 | S45: 0 | T45: 0 | U45: 0 | V45: 0 | W45: 0 | X45: 0
... A51: Natural gas | B51: G3000 | C51: 112230.96 | D51: 114442.97 | E51: 112950.18 | F51: 108839.26 | G51: 118010.07 | H51: 111118.73 | I51: 110485.48 | J51: 105167.84 | K51: 110471.18 | L51: 103191.6 | M51: 109503.67 | N51: 102873.38 | O51: 99404.195 | P51: 99461.847 | Q51: 85866.621 | R51: 72381.993 | S51: 71442.018 | T51: 66607.375 | U51: 59332.09 | V51: 52177.257 | W51: 41223.092 | X51: 37944.223
A52: Renewables and biofuels | B52: RA000 | C52: =SUM(C53:C70) -> 95966.884 | D52: =SUM(D53:D70) -> 99198.646 | E52: =SUM(E53:E70) -> 97435.319 | F52: =SUM(F53:F70) -> 106081.07 | G52: =SUM(G53:G70) -> 112049.55 | H52: =SUM(H53:H70) -> 118274.97 | I52: =SUM(I53:I70) -> 125278.82 | J52: =SUM(J53:J70) -> 134974.93 | ... X52: =SUM(X53:X70) -> 244468.54
A53: Hydro | B53: RA100 | C53: 30110.359 | D53: 32107.785 | E53: 26879.172 | F53: 26195.754 | G53: 27790.954 | H53: 26398.12 | I53: 26654.088 | J53: 26457.848 | K53: 27996.84 | L53: 28288.851 | M53: 31971.187 | N53: 26433.824 | O53: 28518.715 | P53: 31643.45 | Q53: 31818.505 | R53: 28889.785 | S53: 29715.549 | T53: 25309.197 | U53: 29568.481 | V53: 27537.36 | W53: 29852.042 | X53: 29949.095
A54: Tide, wave, ocean | B54: RA500 | C54: 43.62055 | D54: 41.696733 | E54: 42.513586 | F54: 42.164058 | G54: 40.427859 | H54: 41.349527 | I54: 39.919604 | J54: 40.007911 | K54: 39.993035 | L54: 38.538005 | M54: 40.962769 | N54: 41.038521 | O54: 39.379966 | P54: 35.560963 | Q54: 41.318401 | R54: 41.912726 | S54: 43.040499 | T54: 44.859157 | U54: 41.266552 | V54: 42.903181 | W54: 43.74583 | X54: 43.232244
A55: Wind | B55: RA300 | C55: 1829.4058 | D55: 2213.1109 | E55: 3014.8337 | F55: 3723.7587 | G55: 4946.4045 | H55: 5855.0806 | I55: 6767.9451 | J55: 8590.4925 | K55: 9736.4429 | L55: 10709.881 | M55: 12024.262 | N55: 14217.274 | O55: 16119.425 | P55: 18012.474 | Q55: 19119.231 | R55: 22631.534 | S55: 22941.928 | T55: 26854.095 | U55: 27568.005 | V55: 31566.45 | W55: 34220.354 | X55: 33251.945
A56: Solar photovoltaic | B56: RA420 | C56: 9.7351677 | D56: 15.520378 | E56: 22.892175 | F56: 35.712382 | G56: 59.407825 | H56: 125.42459 | I56: 214.05589 | J56: 323.86217 | K56: 638.1319 | L56: 1203.8677 | M56: 1931.4586 | N56: 3897.6383 | O56: 5706.4801 | P56: 6824.2462 | Q56: 7628.3004 | R56: 8191.0591 | S56: 8207.7483 | T56: 8774.7242 | U56: 9293.1902 | V56: 10148.34 | W56: 12022.219 | X56: 13679.083
A57: Solar thermal | B57: RA410 | C57: 477.86423 | D57: 519.58951 | E57: 561.48418 | F57: 644.93138 | G57: 676.0178 | H57: 735.49905 | I57: 835.52227 | J57: 956.44488 | K57: 1118.8521 | L57: 1340.4867 | M57: 1797.4497 | N57: 2177.1017 | O57: 3254.7726 | P57: 3731.0929 | Q57: 4124.3837 | R57: 4296.0688 | S57: 4356.9684 | T57: 4549.006 | U57: 4311.4036 | V57: 4668.3715 | W57: 4501.5144 | X57: 3897.6389
A58: Geothermal | B58: RA200 | C58: 4584.9451 | D58: 4454.7979 | E58: 4603.9236 | F58: 5214.2152 | G58: 5300.3926 | H58: 5304.3396 | I58: 5478.5592 | J58: 5611.6813 | K58: 5609.2465 | L58: 5454.4567 | M58: 5493.1097 | N58: 5789.1515 | O58: 5709.8052 | P58: 5949.8641 | Q58: 6189.6232 | R58: 6502.3129 | S58: 6696.8364 | T58: 6771.7765 | U58: 6785.1745 | V58: 6898.1888 | W58: 6898.3974 | X58: 6790.4064
A59: Primary solid biofuels | B59: R5110-5150_W6000RI | C59: 53273.328 | D59: 53478.331 | E59: 54984.349 | F59: 61638.297 | G59: 63396.414 | H59: 67607.067 | I59: 70222.377 | J59: 73931.159 | K59: 78545.401 | L59: 79724.216 | M59: 87611.751 | N59: 82490.271 | O59: 90468.748 | P59: 91212.389 | Q59: 85409.219 | R59: 89269.399 | S59: 89940.191 | T59: 90795.133 | U59: 93604.123 | V59: 94913.125 | W59: 93269.386 | X59: 100830.24
A60: Charcoal | B60: R5160 | C60: 0 | D60: 0 | E60: 0 | F60: 0 | G60: 0 | H60: 0 | I60: 0 | J60: 0 | K60: 0 | L60: 0 | M60: 0 | N60: 0 | O60: 0 | P60: 0 | Q60: 0 | R60: 0 | S60: 0 | T60: 0 | U60: 0 | V60: 0 | W60: 0 | X60: 0
A61: Biogases | B61: R5300 | C61: 1376.3911 | D61: 1772.6107 | E61: 2349.4914 | F61: 2249.7484 | G61: 2344.1567 | H61: 2679.8424 | I61: 3036.2238 | J61: 4332.7858 | K61: 5151.1206 | L61: 5934.1725 | M61: 6995.7101 | N61: 8668.8515 | O61: 10299.638 | P61: 11890.306 | Q61: 12681.777 | R61: 13168.231 | S61: 13589.968 | T61: 13897.732 | U61: 13859.623 | V61: 14146.075 | W61: 14685.168 | X61: 15593.496
A62: Renewable municipal waste | B62: W6210 | C62: 3536.7737 | D62: 3712.9193 | E62: 3773.3039 | F62: 4596.4426 | G62: 4936.6469 | H62: 5668.1364 | I62: 6134.9683 | J62: 6882.3973 | K62: 6901.2661 | L62: 6973.8926 | M62: 7373.5639 | N62: 7511.2592 | O62: 7826.3398 | P62: 8298.7782 | Q62: 8539.4226 | R62: 8652.0712 | S62: 8796.8105 | T62: 9074.8354 | U62: 8891.3274 | V62: 9036.5227 | W62: 9171.3003 | X62: 9278.4488
A63: Pure biogasoline | B63: R5210P | C63: 59.651763 | D63: 70.593895 | E63: 160.28951 | F63: 264.05365 | G63: 311.72597 | H63: 382.97489 | I63: 636.29776 | J63: 864.66371 | K63: 1281.7043 | L63: 1537.8469 | M63: 1727.8651 | N63: 1823.6434 | O63: 2102.8021 | P63: 2407.8182 | Q63: 2187.6417 | R63: 2274.1034 | S63: 2240.1348 | T63: 2263.7396 | U63: 2367.7069 | V63: 2363.5941 | W63: 2288.9365 | X63: 2405.535
A64: Blended biogasoline | B64: R5210B | C64: 0 | D64: 0 | E64: 0 | F64: 0 | G64: 0 | H64: 0 | I64: 0 | J64: 0 | K64: 0 | L64: 0 | M64: 0 | N64: 0 | O64: 0 | P64: 0 | Q64: 0 | R64: 0 | S64: 0 | T64: 0 | U64: 0 | V64: 0 | W64: 0 | X64: 0
... A70: Ambient heat (heat pumps) | B70: RA600 | C70: 85.861565 | D70: 90.123388 | E70: 95.754342 | F70: 279.87704 | G70: 420.19364 | H70: 631.18117 | I70: 859.36629 | J70: 1136.7821 | K70: 1519.3866 | L70: 1909.1598 | M70: 2378.4839 | N70: 3840.8797 | O70: 4401.4418 | P70: 4820.2312 | Q70: 5694.3593 | R70: 6290.8861 | S70: 7102.8619 | T70: 11051.339 | U70: 11774.879 | V70: 12603.284 | W70: 13365.42 | X70: 15245.79
A71: Non-renewable waste | B71: W6100_6220 | C71: =SUM(C72:C73) -> 5869.0261 | D71: =SUM(D72:D73) -> 6493.2398 | E71: =SUM(E72:E73) -> 6327.161 | F71: =SUM(F72:F73) -> 6052.1279 | G71: =SUM(G72:G73) -> 6553.5318 | H71: =SUM(H72:H73) -> 7182.1776 | I71: =SUM(I72:I73) -> 7908.1237 | J71: =SUM(J72:J73) -> 8368.8658 | ... X71: =SUM(X72:X73) -> 13960.816
A72: Industrial waste (non-renewable) | B72: W6100 | C72: 2359.6885 | D72: 2781.9508 | E72: 2549.5519 | F72: 1263.9589 | G72: 1386.7724 | H72: 1253.5772 | I72: 1396.7021 | J72: 1587.7323 | K72: 2324.1244 | L72: 3062.0883 | M72: 3503.4722 | N72: 3959.1353 | O72: 3893.3374 | P72: 3698.0604 | Q72: 3970.0075 | R72: 4159.1504 | S72: 4567.6042 | T72: 4352.48 | U72: 4593.3598 | V72: 4713.8951 | W72: 4804.4838 | X72: 4875.4322
A73: Non-renewable municipal waste | B73: W6220 | C73: 3509.3376 | D73: 3711.289 | E73: 3777.609 | F73: 4788.169 | G73: 5166.7594 | H73: 5928.6004 | I73: 6511.4217 | J73: 6781.1334 | K73: 6770.2062 | L73: 6925.604 | M73: 7123.5882 | N73: 7231.4879 | O73: 7356.9795 | P73: 7945.6188 | Q73: 8188.6405 | R73: 8195.7122 | S73: 8745.1715 | T73: 9005.8258 | U73: 8843.3506 | V73: 8967.5646 | W73: 9094.2683 | X73: 9085.3841
A74: Nuclear heat | B74: N900H | C74: 222051.38 | D74: 229690.04 | E74: 233158.05 | F74: 234409.96 | G74: 239962.44 | H74: 236774.26 | I74: 236349.43 | J74: 225455.39 | K74: 228671.21 | L74: 212636.71 | M74: 219620.72 | N74: 215345.91 | O74: 208372.4 | P74: 206514.05 | Q74: 208966.15 | R74: 203781.65 | S74: 197052.79 | T74: 194898.86 | U74: 195247.61 | V74: 196180.92 | W74: 175176.13 | X74: 186662.51
A75: Heat | B75: H8000 | C75: 257.95357 | D75: 226.78418 | E75: 311.8276 | F75: 336.46698 | G75: 460.1939 | H75: 535.31634 | I75: 551.51316 | J75: 598.51505 | K75: 708.58727 | L75: 595.89776 | M75: 725.88323 | N75: 736.7227 | O75: 769.07627 | P75: 822.73242 | Q75: 869.33379 | R75: 968.72923 | S75: 1060.0892 | T75: 1132.1787 | U75: 1075.8086 | V75: 1087.0889 | W75: 1102.9251 | X75: 1098.2697
A76: Electricity | B76: E7000 | C76: 0 | D76: 0 | E76: 0 | F76: 0 | G76: 0 | H76: 0 | I76: 0 | J76: 0 | K76: 0 | L76: 0 | M76: 0 | N76: 0 | O76: 0 | P76: 0 | Q76: 0 | R76: 0 | S76: 0 | T76: 0 | U76: 0 | V76: 0 | W76: 0 | X76: 0

Sheet RCV_RCY
A1: Recovered & recycled products | B1: RCV_RCY | C1: 2000 | D1: 2001 | E1: 2002 | F1: 2003 | G1: 2004 | H1: 2005 | I1: 2006 | J1: 2007 | K1: 2008 | L1: 2009 | M1: 2010 | N1: 2011 | O1: 2012 | P1: 2013 | Q1: 2014 | R1: 2015 | S1: 2016 | T1: 2017 | U1: 2018 | V1: 2019 | W1: 2020 | X1: 2021
A2: Total | B2: TOTAL | C2: =SUM(C3,C17,C22,C25,C26,C51,C52,C71,C74,C75,C76) -> 2215.6619 | D2: =SUM(D3,D17,D22,D25,D26,D51,D52,D71,D74,D75,D76) -> 1861.5356 | E2: =SUM(E3,E17,E22,E25,E26,E51,E52,E71,E74,E75,E76) -> 2024.4978 | F2: =SUM(F3,F17,F22,F25,F26,F51,F52,F71,F74,F75,F76) -> 2142.2032 | G2: =SUM(G3,G17,G22,G25,G26,G51,G52,G71,G74,G75,G76) -> 3242.3794 | H2: =SUM(H3,H17,H22,H25,H26,H51,H52,H71,H74,H75,H76) -> 1835.6799 | I2: =SUM(I3,I17,I22,I25,I26,I51,I52,I71,I74,I75,I76) -> 1740.9143 | J2: =SUM(J3,J17,J22,J25,J26,J51,J52,J71,J74,J75,J76) -> 1928.6833 | ... X2: =SUM(X3,X17,X22,X25,X26,X51,X52,X71,X74,X75,X76) -> 1447.3628
A3: Solid fossil fuels | B3: C0000X0350-0370 | C3: =SUM(C4,C8,C11) -> 1189.6704 | D3: =SUM(D4,D8,D11) -> 712.2681 | E3: =SUM(E4,E8,E11) -> 878.4761 | F3: =SUM(F4,F8,F11) -> 1043.5072 | G3: =SUM(G4,G8,G11) -> 2228.7135 | H3: =SUM(H4,H8,H11) -> 923.57687 | I3: =SUM(I4,I8,I11) -> 808.41161 | J3: =SUM(J4,J8,J11) -> 905.24678 | ... X3: =SUM(X4,X8,X11) -> 265.76406
A4: Hard coal | B4: C0100 | C4: =SUM(C5:C7) -> 984.09579 | D4: =SUM(D5:D7) -> 602.46234 | E4: =SUM(E5:E7) -> 787.70774 | F4: =SUM(F5:F7) -> 975.82442 | G4: =SUM(G5:G7) -> 2133.7477 | H4: =SUM(H5:H7) -> 866.38753 | I4: =SUM(I5:I7) -> 793.19613 | J4: =SUM(J5:J7) -> 905.24678 | ... X4: =SUM(X5:X7) -> 227.22158
A5: Anthracite | B5: C0110 | C5: 0 | D5: 0 | E5: 0 | F5: 0 | G5: 0 | H5: 0 | I5: 0 | J5: 0 | K5: 0 | L5: 0 | M5: 0 | N5: 0 | O5: 0 | P5: 0 | Q5: 0 | R5: 0 | S5: 0 | T5: 0 | U5: 0 | V5: 0 | W5: 0 | X5: 0
A6: Coking coal | B6: C0121 | C6: 0 | D6: 0 | E6: 0 | F6: 0 | G6: 0 | H6: 0 | I6: 0 | J6: 0 | K6: 0 | L6: 0 | M6: 0 | N6: 11.502752 | O6: 25.059501 | P6: 0 | Q6: 0 | R6: 0 | S6: 0 | T6: 0 | U6: 0 | V6: 0 | W6: 0 | X6: 0
A7: Other bituminous coal | B7: C0129 | C7: 984.09579 | D7: 602.46234 | E7: 787.70774 | F7: 975.82442 | G7: 2133.7477 | H7: 866.38753 | I7: 793.19613 | J7: 905.24678 | K7: 597.18882 | L7: 501.69089 | M7: 654.70937 | N7: 696.1104 | O7: 680.88022 | P7: 660.9129 | Q7: 821.23233 | R7: 483.42253 | S7: 429.56174 | T7: 467.52769 | U7: 411.38693 | V7: 339.62717 | W7: 237.53405 | X7: 227.22158
A8: Brown coal | B8: C0200 | C8: =SUM(C9:C10) -> 205.57463 | D8: =SUM(D9:D10) -> 109.80576 | E8: =SUM(E9:E10) -> 90.768358 | F8: =SUM(F9:F10) -> 67.682803 | G8: =SUM(G9:G10) -> 94.965778 | H8: =SUM(H9:H10) -> 57.189338 | I8: =SUM(I9:I10) -> 15.215477 | J8: =SUM(J9:J10) -> 0 | ... X8: =SUM(X9:X10) -> 38.542476
A9: Sub-bituminous coal | B9: C0210 | C9: 205.57463 | D9: 109.80576 | E9: 90.768358 | F9: 67.682803 | G9: 94.965778 | H9: 57.189338 | I9: 15.215477 | J9: 0 | K9: 0 | L9: 0 | M9: 0 | N9: 0 | O9: 0 | P9: 16.782115 | Q9: 17.47601 | R9: 14.504815 | S9: 24.357782 | T9: 22.73147 | U9: 27.661307 | V9: 29.481513 | W9: 31.030954 | X9: 24.452537
A10: Lignite | B10: C0220 | C10: 0 | D10: 0 | E10: 0 | F10: 0 | G10: 0 | H10: 0 | I10: 0 | J10: 0 | K10: 45.694325 | L10: 0 | M10: 0 | N10: 0 | O10: 0 | P10: 0 | Q10: 0 | R10: 0 | S10: 0 | T10: 0 | U10: 62.43104 | V10: 57.554256 | W10: 42.551935 | X10: 14.08994
A11: Coal products | B11: C0300 | C11: =SUM(C12:C16) -> 0 | D11: =SUM(D12:D16) -> 0 | E11: =SUM(E12:E16) -> 0 | F11: =SUM(F12:F16) -> 0 | G11: =SUM(G12:G16) -> 0 | H11: =SUM(H12:H16) -> 0 | I11: =SUM(I12:I16) -> 0 | J11: =SUM(J12:J16) -> 0 | ... X11: =SUM(X12:X16) -> 0
A12: Patent fuel | B12: C0320 | C12: 0 | D12: 0 | E12: 0 | F12: 0 | G12: 0 | H12: 0 | I12: 0 | J12: 0 | K12: 0 | L12: 0 | M12: 0 | N12: 0 | O12: 0 | P12: 0 | Q12: 0 | R12: 0 | S12: 0 | T12: 0 | U12: 0 | V12: 0 | W12: 0 | X12: 0
A13: Coke oven coke | B13: C0311 | C13: 0 | D13: 0 | E13: 0 | F13: 0 | G13: 0 | H13: 0 | I13: 0 | J13: 0 | K13: 0 | L13: 0 | M13: 0 | N13: 0 | O13: 0 | P13: 0 | Q13: 0 | R13: 0 | S13: 0 | T13: 0 | U13: 0 | V13: 0 | W13: 0 | X13: 0
A14: Gas coke | B14: C0312 | C14: 0 | D14: 0 | E14: 0 | F14: 0 | G14: 0 | H14: 0 | I14: 0 | J14: 0 | K14: 0 | L14: 0 | M14: 0 | N14: 0 | O14: 0 | P14: 0 | Q14: 0 | R14: 0 | S14: 0 | T14: 0 | U14: 0 | V14: 0 | W14: 0 | X14: 0
A15: Coal tar | B15: C0340 | C15: 0 | D15: 0 | E15: 0 | F15: 0 | G15: 0 | H15: 0 | I15: 0 | J15: 0 | K15: 0 | L15: 0 | M15: 0 | N15: 0 | O15: 0 | P15: 0 | Q15: 0 | R15: 0 | S15: 0 | T15: 0 | U15: 0 | V15: 0 | W15: 0 | X15: 0
A16: Brown coal briquettes | B16: C0330 | C16: 0 | D16: 0 | E16: 0 | F16: 0 | G16: 0 | H16: 0 | I16: 0 | J16: 0 | K16: 0 | L16: 0 | M16: 0 | N16: 0 | O16: 0 | P16: 0 | Q16: 0 | R16: 0 | S16: 0 | T16: 0 | U16: 0 | V16: 0 | W16: 0 | X16: 0
A17: Manufactured gases | B17: C0350-0370 | C17: =SUM(C18:C21) -> 0 | D17: =SUM(D18:D21) -> 0 | E17: =SUM(E18:E21) -> 0 | F17: =SUM(F18:F21) -> 0 | G17: =SUM(G18:G21) -> 0 | H17: =SUM(H18:H21) -> 0 | I17: =SUM(I18:I21) -> 0 | J17: =SUM(J18:J21) -> 0 | ... X17: =SUM(X18:X21) -> 0
A18: Gas works gas | B18: C0360 | C18: 0 | D18: 0 | E18: 0 | F18: 0 | G18: 0 | H18: 0 | I18: 0 | J18: 0 | K18: 0 | L18: 0 | M18: 0 | N18: 0 | O18: 0 | P18: 0 | Q18: 0 | R18: 0 | S18: 0 | T18: 0 | U18: 0 | V18: 0 | W18: 0 | X18: 0
A19: Coke oven gas | B19: C0350 | C19: 0 | D19: 0 | E19: 0 | F19: 0 | G19: 0 | H19: 0 | I19: 0 | J19: 0 | K19: 0 | L19: 0 | M19: 0 | N19: 0 | O19: 0 | P19: 0 | Q19: 0 | R19: 0 | S19: 0 | T19: 0 | U19: 0 | V19: 0 | W19: 0 | X19: 0
A20: Blast furnace gas | B20: C0371 | C20: 0 | D20: 0 | E20: 0 | F20: 0 | G20: 0 | H20: 0 | I20: 0 | J20: 0 | K20: 0 | L20: 0 | M20: 0 | N20: 0 | O20: 0 | P20: 0 | Q20: 0 | R20: 0 | S20: 0 | T20: 0 | U20: 0 | V20: 0 | W20: 0 | X20: 0
A21: Other recovered gases | B21: C0379 | C21: 0 | D21: 0 | E21: 0 | F21: 0 | G21: 0 | H21: 0 | I21: 0 | J21: 0 | K21: 0 | L21: 0 | M21: 0 | N21: 0 | O21: 0 | P21: 0 | Q21: 0 | R21: 0 | S21: 0 | T21: 0 | U21: 0 | V21: 0 | W21: 0 | X21: 0
A22: Peat and peat products | B22: P1000 | C22: =SUM(C23:C24) -> 0 | D22: =SUM(D23:D24) -> 0 | E22: =SUM(E23:E24) -> 0 | F22: =SUM(F23:F24) -> 0 | G22: =SUM(G23:G24) -> 0 | H22: =SUM(H23:H24) -> 0 | I22: =SUM(I23:I24) -> 0 | J22: =SUM(J23:J24) -> 0 | ... X22: =SUM(X23:X24) -> 0
A23: Peat | B23: P1100 | C23: 0 | D23: 0 | E23: 0 | F23: 0 | G23: 0 | H23: 0 | I23: 0 | J23: 0 | K23: 0 | L23: 0 | M23: 0 | N23: 0 | O23: 0 | P23: 0 | Q23: 0 | R23: 0 | S23: 0 | T23: 0 | U23: 0 | V23: 0 | W23: 0 | X23: 0
A24: Peat products | B24: P1200 | C24: 0 | D24: 0 | E24: 0 | F24: 0 | G24: 0 | H24: 0 | I24: 0 | J24: 0 | K24: 0 | L24: 0 | M24: 0 | N24: 0 | O24: 0 | P24: 0 | Q24: 0 | R24: 0 | S24: 0 | T24: 0 | U24: 0 | V24: 0 | W24: 0 | X24: 0
A25: Oil shale and oil sands | B25: S2000 | C25: 0 | D25: 0 | E25: 0 | F25: 0 | G25: 0 | H25: 0 | I25: 0 | J25: 0 | K25: 0 | L25: 0 | M25: 0 | N25: 0 | O25: 0 | P25: 0 | Q25: 0 | R25: 0 | S25: 0 | T25: 0 | U25: 0 | V25: 0 | W25: 0 | X25: 0
A26: Oil and petroleum products | B26: O4000XBIO | C26: =SUM(C27,C33) -> 1025.9915 | D26: =SUM(D27,D33) -> 1149.2675 | E26: =SUM(E27,E33) -> 1146.0217 | F26: =SUM(F27,F33) -> 1098.696 | G26: =SUM(G27,G33) -> 1013.666 | H26: =SUM(H27,H33) -> 912.10301 | I26: =SUM(I27,I33) -> 932.50267 | J26: =SUM(J27,J33) -> 1023.4365 | ... X26: =SUM(X27,X33) -> 1181.3741
A27: Crude oil, NGL, refinery feedstocks, additives and oxygenates and other hydrocarbons (excluding biofuel portion) | B27: O4100_TOT_4200-4500XBIO | C27: =SUM(C28:C32) -> 0 | D27: =SUM(D28:D32) -> 0 | E27: =SUM(E28:E32) -> 0 | F27: =SUM(F28:F32) -> 0 | G27: =SUM(G28:G32) -> 0 | H27: =SUM(H28:H32) -> 0 | I27: =SUM(I28:I32) -> 0 | J27: =SUM(J28:J32) -> 0 | ... X27: =SUM(X28:X32) -> 0
A28: Crude oil | B28: O4100_TOT | C28: 0 | D28: 0 | E28: 0 | F28: 0 | G28: 0 | H28: 0 | I28: 0 | J28: 0 | K28: 0 | L28: 0 | M28: 0 | N28: 0 | O28: 0 | P28: 0 | Q28: 0 | R28: 0 | S28: 0 | T28: 0 | U28: 0 | V28: 0 | W28: 0 | X28: 0
A29: Natural gas liquids | B29: O4200 | C29: 0 | D29: 0 | E29: 0 | F29: 0 | G29: 0 | H29: 0 | I29: 0 | J29: 0 | K29: 0 | L29: 0 | M29: 0 | N29: 0 | O29: 0 | P29: 0 | Q29: 0 | R29: 0 | S29: 0 | T29: 0 | U29: 0 | V29: 0 | W29: 0 | X29: 0
A30: Refinery feedstocks | B30: O4300 | C30: 0 | D30: 0 | E30: 0 | F30: 0 | G30: 0 | H30: 0 | I30: 0 | J30: 0 | K30: 0 | L30: 0 | M30: 0 | N30: 0 | O30: 0 | P30: 0 | Q30: 0 | R30: 0 | S30: 0 | T30: 0 | U30: 0 | V30: 0 | W30: 0 | X30: 0
A31: Additives and oxygenates (excluding biofuel portion) | B31: O4400X4410 | C31: 0 | D31: 0 | E31: 0 | F31: 0 | G31: 0 | H31: 0 | I31: 0 | J31: 0 | K31: 0 | L31: 0 | M31: 0 | N31: 0 | O31: 0 | P31: 0 | Q31: 0 | R31: 0 | S31: 0 | T31: 0 | U31: 0 | V31: 0 | W31: 0 | X31: 0
A32: Other hydrocarbons | B32: O4500 | C32: 0 | D32: 0 | E32: 0 | F32: 0 | G32: 0 | H32: 0 | I32: 0 | J32: 0 | K32: 0 | L32: 0 | M32: 0 | N32: 0 | O32: 0 | P32: 0 | Q32: 0 | R32: 0 | S32: 0 | T32: 0 | U32: 0 | V32: 0 | W32: 0 | X32: 0
A33: Oil products (excluding biofuel portion) | B33: O4600XBIO | C33: =SUM(C34:C50) -> 1025.9915 | D33: =SUM(D34:D50) -> 1149.2675 | E33: =SUM(E34:E50) -> 1146.0217 | F33: =SUM(F34:F50) -> 1098.696 | G33: =SUM(G34:G50) -> 1013.666 | H33: =SUM(H34:H50) -> 912.10301 | I33: =SUM(I34:I50) -> 932.50267 | J33: =SUM(J34:J50) -> 1023.4365 | ... X33: =SUM(X34:X50) -> 1181.3741
A34: Refinery gas | B34: O4610 | C34: 301.17713 | D34: 289.30275 | E34: 270.9515 | F34: 250.44119 | G34: 261.23611 | H34: 262.31556 | I34: 290.38229 | J34: 367.02588 | K34: 367.02588 | L34: 255.83861 | M34: 322.7669 | N34: 357.31049 | O34: 425.28366 | P34: 395.77154 | Q34: 544.71496 | R34: 393.14334 | S34: 335.00653 | T34: 354.12003 | U34: 291.59312 | V34: 329.76638 | W34: 300.28865 | X34: 273.66569
A35: Ethane | B35: O4620 | C35: 0 | D35: 0 | E35: 0 | F35: 0 | G35: 0 | H35: 0 | I35: 0 | J35: 0 | K35: 0 | L35: 0 | M35: 0 | N35: 0 | O35: 0 | P35: 0 | Q35: 0 | R35: 0 | S35: 0 | T35: 0 | U35: 0 | V35: 0 | W35: 0 | X35: 0
A36: Liquefied petroleum gases | B36: O4630 | C36: 0 | D36: 0 | E36: 0 | F36: 0 | G36: 0 | H36: 0 | I36: 0 | J36: 0 | K36: 0 | L36: 0 | M36: 0 | N36: 0 | O36: 0 | P36: 0 | Q36: 0 | R36: 0 | S36: 0 | T36: 0 | U36: 0 | V36: 0 | W36: 0.31341359 | X36: 0.44101462
A37: Motor gasoline (excluding biofuel portion) | B37: O4652XR5210B | C37: 0 | D37: 0 | E37: 0 | F37: 0 | G37: 0 | H37: 0 | I37: 0 | J37: 0 | K37: 0 | L37: 0 | M37: 0 | N37: 0 | O37: 0 | P37: 0 | Q37: 0 | R37: 0 | S37: 0 | T37: 0 | U37: 0 | V37: 0 | W37: 0.5466896 | X37: 0.46732588
A38: Aviation gasoline | B38: O4651 | C38: 0 | D38: 0 | E38: 0 | F38: 0 | G38: 0 | H38: 0 | I38: 0 | J38: 0 | K38: 0 | L38: 0 | M38: 0 | N38: 0 | O38: 0 | P38: 0 | Q38: 0 | R38: 0 | S38: 0 | T38: 0 | U38: 0 | V38: 0 | W38: 0 | X38: 0.018916595
A39: Gasoline-type jet fuel | B39: O4653 | C39: 0 | D39: 0 | E39: 0 | F39: 0 | G39: 0 | H39: 0 | I39: 0 | J39: 0 | K39: 0 | L39: 0 | M39: 0 | N39: 0 | O39: 0 | P39: 0 | Q39: 0 | R39: 0 | S39: 0 | T39: 0 | U39: 0 | V39: 0 | W39: 0 | X39: 0
A40: Kerosene-type jet fuel (excluding biofuel portion) | B40: O4661XR5230B | C40: 0 | D40: 0 | E40: 0 | F40: 0 | G40: 0 | H40: 0 | I40: 0 | J40: 0 | K40: 0 | L40: 0 | M40: 0 | N40: 0 | O40: 0 | P40: 0 | Q40: 0 | R40: 0 | S40: 0 | T40: 0 | U40: 0 | V40: 0 | W40: 0 | X40: 0
A41: Other kerosene | B41: O4669 | C41: 0 | D41: 0 | E41: 0 | F41: 0 | G41: 0 | H41: 0 | I41: 0 | J41: 0 | K41: 0 | L41: 0 | M41: 0 | N41: 0 | O41: 0 | P41: 0 | Q41: 0 | R41: 0 | S41: 0 | T41: 0 | U41: 0 | V41: 0 | W41: 0 | X41: 0
A42: Naphtha | B42: O4640 | C42: 0 | D42: 0 | E42: 0 | F42: 0 | G42: 0 | H42: 0 | I42: 0 | J42: 0 | K42: 0 | L42: 0 | M42: 0 | N42: 0 | O42: 0 | P42: 0 | Q42: 0 | R42: 0 | S42: 0 | T42: 0 | U42: 0 | V42: 0 | W42: 0 | X42: 0
A43: Gas oil and diesel oil (excluding biofuel portion) | B43: O4671XR5220B | C43: 23.62184 | D43: 30.811092 | E43: 30.811092 | F43: 36.83534 | G43: 43.984351 | H43: 36.82141 | I43: 29.661565 | J43: 26.603697 | K43: 29.669905 | L43: 38.896217 | M43: 48.124764 | N43: 56.328289 | O43: 60.415993 | P43: 55.278762 | Q43: 55.942218 | R43: 51.094067 | S43: 44.266036 | T43: 24.576698 | U43: 24.570421 | V43: 22.525279 | W43: 24.894669 | X43: 41.832932
A44: Fuel oil | B44: O4680 | C44: 194.72347 | D44: 244.83422 | E44: 362.65426 | F44: 348.26801 | G44: 225.62915 | H44: 243.80353 | I44: 255.78598 | J44: 256.58659 | K44: 234.02218 | L44: 226.89622 | M44: 248.89966 | N44: 275.69209 | O44: 270.95219 | P44: 282.50009 | Q44: 273.83027 | R44: 260.89226 | S44: 272.88057 | T44: 235.11015 | U44: 221.11883 | V44: 228.55176 | W44: 227.48856 | X44: 214.29957
A45: White spirit and special boiling point industrial spirits | B45: O4691 | C45: 0 | D45: 0 | E45: 0 | F45: 0 | G45: 0 | H45: 0 | I45: 0 | J45: 0 | K45: 2.8804815 | L45: 0 | M45: 0 | N45: 0 | O45: 0 | P45: 2.0636285 | Q45: 5.1590714 | R45: 5.1590714 | S45: 6.1908856 | T45: 7.2226999 | U45: 7.2226999 | V45: 7.2226999 | W45: 8.2545142 | X45: 11.349957
... A51: Natural gas | B51: G3000 | C51: 0 | D51: 0 | E51: 0 | F51: 0 | G51: 0 | H51: 0 | I51: 0 | J51: 0 | K51: 0 | L51: 0 | M51: 0 | N51: 0 | O51: 0 | P51: 0 | Q51: 0 | R51: 0 | S51: 0 | T51: 0 | U51: 0 | V51: 0 | W51: 0 | X51: 0
A52: Renewables and biofuels | B52: RA000 | C52: =SUM(C53:C70) -> 0 | D52: =SUM(D53:D70) -> 0 | E52: =SUM(E53:E70) -> 0 | F52: =SUM(F53:F70) -> 0 | G52: =SUM(G53:G70) -> 0 | H52: =SUM(H53:H70) -> 0 | I52: =SUM(I53:I70) -> 0 | J52: =SUM(J53:J70) -> 0 | ... X52: =SUM(X53:X70) -> 0.22459157
A53: Hydro | B53: RA100 | C53: 0 | D53: 0 | E53: 0 | F53: 0 | G53: 0 | H53: 0 | I53: 0 | J53: 0 | K53: 0 | L53: 0 | M53: 0 | N53: 0 | O53: 0 | P53: 0 | Q53: 0 | R53: 0 | S53: 0 | T53: 0 | U53: 0 | V53: 0 | W53: 0 | X53: 0
A54: Tide, wave, ocean | B54: RA500 | C54: 0 | D54: 0 | E54: 0 | F54: 0 | G54: 0 | H54: 0 | I54: 0 | J54: 0 | K54: 0 | L54: 0 | M54: 0 | N54: 0 | O54: 0 | P54: 0 | Q54: 0 | R54: 0 | S54: 0 | T54: 0 | U54: 0 | V54: 0 | W54: 0 | X54: 0
A55: Wind | B55: RA300 | C55: 0 | D55: 0 | E55: 0 | F55: 0 | G55: 0 | H55: 0 | I55: 0 | J55: 0 | K55: 0 | L55: 0 | M55: 0 | N55: 0 | O55: 0 | P55: 0 | Q55: 0 | R55: 0 | S55: 0 | T55: 0 | U55: 0 | V55: 0 | W55: 0 | X55: 0
A56: Solar photovoltaic | B56: RA420 | C56: 0 | D56: 0 | E56: 0 | F56: 0 | G56: 0 | H56: 0 | I56: 0 | J56: 0 | K56: 0 | L56: 0 | M56: 0 | N56: 0 | O56: 0 | P56: 0 | Q56: 0 | R56: 0 | S56: 0 | T56: 0 | U56: 0 | V56: 0 | W56: 0 | X56: 0
A57: Solar thermal | B57: RA410 | C57: 0 | D57: 0 | E57: 0 | F57: 0 | G57: 0 | H57: 0 | I57: 0 | J57: 0 | K57: 0 | L57: 0 | M57: 0 | N57: 0 | O57: 0 | P57: 0 | Q57: 0 | R57: 0 | S57: 0 | T57: 0 | U57: 0 | V57: 0 | W57: 0 | X57: 0
A58: Geothermal | B58: RA200 | C58: 0 | D58: 0 | E58: 0 | F58: 0 | G58: 0 | H58: 0 | I58: 0 | J58: 0 | K58: 0 | L58: 0 | M58: 0 | N58: 0 | O58: 0 | P58: 0 | Q58: 0 | R58: 0 | S58: 0 | T58: 0 | U58: 0 | V58: 0 | W58: 0 | X58: 0
A59: Primary solid biofuels | B59: R5110-5150_W6000RI | C59: 0 | D59: 0 | E59: 0 | F59: 0 | G59: 0 | H59: 0 | I59: 0 | J59: 0 | K59: 0 | L59: 0 | M59: 0 | N59: 0 | O59: 0 | P59: 0 | Q59: 0 | R59: 0 | S59: 0 | T59: 0 | U59: 0 | V59: 0 | W59: 0 | X59: 0
A60: Charcoal | B60: R5160 | C60: 0 | D60: 0 | E60: 0 | F60: 0 | G60: 0 | H60: 0 | I60: 0 | J60: 0 | K60: 0 | L60: 0 | M60: 0 | N60: 0 | O60: 0 | P60: 0 | Q60: 0 | R60: 0 | S60: 0 | T60: 0 | U60: 0 | V60: 0 | W60: 0 | X60: 0
A61: Biogases | B61: R5300 | C61: 0 | D61: 0 | E61: 0 | F61: 0 | G61: 0 | H61: 0 | I61: 0 | J61: 0 | K61: 0 | L61: 0 | M61: 0 | N61: 0 | O61: 0 | P61: 0 | Q61: 0 | R61: 0 | S61: 0 | T61: 0 | U61: 0 | V61: 0 | W61: 0 | X61: 0
A62: Renewable municipal waste | B62: W6210 | C62: 0 | D62: 0 | E62: 0 | F62: 0 | G62: 0 | H62: 0 | I62: 0 | J62: 0 | K62: 0 | L62: 0 | M62: 0 | N62: 0 | O62: 0 | P62: 0 | Q62: 0 | R62: 0 | S62: 0 | T62: 0 | U62: 0 | V62: 0 | W62: 0 | X62: 0
A63: Pure biogasoline | B63: R5210P | C63: 0 | D63: 0 | E63: 0 | F63: 0 | G63: 0 | H63: 0 | I63: 0 | J63: 0 | K63: 0 | L63: 0 | M63: 0 | N63: 0 | O63: 0 | P63: 0 | Q63: 0 | R63: 0 | S63: 0 | T63: 0 | U63: 0 | V63: 0 | W63: 0 | X63: 0
A64: Blended biogasoline | B64: R5210B | C64: 0 | D64: 0 | E64: 0 | F64: 0 | G64: 0 | H64: 0 | I64: 0 | J64: 0 | K64: 0 | L64: 0 | M64: 0 | N64: 0 | O64: 0 | P64: 0 | Q64: 0 | R64: 0 | S64: 0 | T64: 0 | U64: 0 | V64: 0 | W64: 0 | X64: 0.22459157
... A70: Ambient heat (heat pumps) | B70: RA600 | C70: 0 | D70: 0 | E70: 0 | F70: 0 | G70: 0 | H70: 0 | I70: 0 | J70: 0 | K70: 0 | L70: 0 | M70: 0 | N70: 0 | O70: 0 | P70: 0 | Q70: 0 | R70: 0 | S70: 0 | T70: 0 | U70: 0 | V70: 0 | W70: 0 | X70: 0
A71: Non-renewable waste | B71: W6100_6220 | C71: =SUM(C72:C73) -> 0 | D71: =SUM(D72:D73) -> 0 | E71: =SUM(E72:E73) -> 0 | F71: =SUM(F72:F73) -> 0 | G71: =SUM(G72:G73) -> 0 | H71: =SUM(H72:H73) -> 0 | I71: =SUM(I72:I73) -> 0 | J71: =SUM(J72:J73) -> 0 | ... X71: =SUM(X72:X73) -> 0
A72: Industrial waste (non-renewable) | B72: W6100 | C72: 0 | D72: 0 | E72: 0 | F72: 0 | G72: 0 | H72: 0 | I72: 0 | J72: 0 | K72: 0 | L72: 0 | M72: 0 | N72: 0 | O72: 0 | P72: 0 | Q72: 0 | R72: 0 | S72: 0 | T72: 0 | U72: 0 | V72: 0 | W72: 0 | X72: 0
A73: Non-renewable municipal waste | B73: W6220 | C73: 0 | D73: 0 | E73: 0 | F73: 0 | G73: 0 | H73: 0 | I73: 0 | J73: 0 | K73: 0 | L73: 0 | M73: 0 | N73: 0 | O73: 0 | P73: 0 | Q73: 0 | R73: 0 | S73: 0 | T73: 0 | U73: 0 | V73: 0 | W73: 0 | X73: 0
A74: Nuclear heat | B74: N900H | C74: 0 | D74: 0 | E74: 0 | F74: 0 | G74: 0 | H74: 0 | I74: 0 | J74: 0 | K74: 0 | L74: 0 | M74: 0 | N74: 0 | O74: 0 | P74: 0 | Q74: 0 | R74: 0 | S74: 0 | T74: 0 | U74: 0 | V74: 0 | W74: 0 | X74: 0
A75: Heat | B75: H8000 | C75: 0 | D75: 0 | E75: 0 | F75: 0 | G75: 0 | H75: 0 | I75: 0 | J75: 0 | K75: 0 | L75: 0 | M75: 0 | N75: 0 | O75: 0 | P75: 0 | Q75: 0 | R75: 0 | S75: 0 | T75: 0 | U75: 0 | V75: 0 | W75: 0 | X75: 0
A76: Electricity | B76: E7000 | C76: 0 | D76: 0 | E76: 0 | F76: 0 | G76: 0 | H76: 0 | I76: 0 | J76: 0 | K76: 0 | L76: 0 | M76: 0 | N76: 0 | O76: 0 | P76: 0 | Q76: 0 | R76: 0 | S76: 0 | T76: 0 | U76: 0 | V76: 0 | W76: 0 | X76: 0

Sheet IMP
A1: Imports | B1: IMP | C1: 2000 | D1: 2001 | E1: 2002 | F1: 2003 | G1: 2004 | H1: 2005 | I1: 2006 | J1: 2007 | K1: 2008 | L1: 2009 | M1: 2010 | N1: 2011 | O1: 2012 | P1: 2013 | Q1: 2014 | R1: 2015 | S1: 2016 | T1: 2017 | U1: 2018 | V1: 2019 | W1: 2020 | X1: 2021
A2: Total | B2: TOTAL | C2: =SUM(C3,C17,C22,C25,C26,C51,C52,C71,C74,C75,C76) -> 1172345 | D2: =SUM(D3,D17,D22,D25,D26,D51,D52,D71,D74,D75,D76) -> 1190822.6 | E2: =SUM(E3,E17,E22,E25,E26,E51,E52,E71,E74,E75,E76) -> 1206557.5 | F2: =SUM(F3,F17,F22,F25,F26,F51,F52,F71,F74,F75,F76) -> 1249419.6 | G2: =SUM(G3,G17,G22,G25,G26,G51,G52,G71,G74,G75,G76) -> 1296364.6 | H2: =SUM(H3,H17,H22,H25,H26,H51,H52,H71,H74,H75,H76) -> 1339489.5 | I2: =SUM(I3,I17,I22,I25,I26,I51,I52,I71,I74,I75,I76) -> 1361921.6 | J2: =SUM(J3,J17,J22,J25,J26,J51,J52,J71,J74,J75,J76) -> 1327293.1 | ... X2: =SUM(X3,X17,X22,X25,X26,X51,X52,X71,X74,X75,X76) -> 1224290.7
A3: Solid fossil fuels | B3: C0000X0350-0370 | C3: =SUM(C4,C8,C11) -> 110153.93 | D3: =SUM(D4,D8,D11) -> 114041.56 | E3: =SUM(E4,E8,E11) -> 115148.31 | F3: =SUM(F4,F8,F11) -> 119238.41 | G3: =SUM(G4,G8,G11) -> 127448.36 | H3: =SUM(H4,H8,H11) -> 121064.49 | I3: =SUM(I4,I8,I11) -> 131089.85 | J3: =SUM(J4,J8,J11) -> 131239.45 | ... X3: =SUM(X4,X8,X11) -> 75097.225
A4: Hard coal | B4: C0100 | C4: =SUM(C5:C7) -> 99258.433 | D4: =SUM(D5:D7) -> 101993.85 | E4: =SUM(E5:E7) -> 104392.17 | F4: =SUM(F5:F7) -> 107652.67 | G4: =SUM(G5:G7) -> 116853.68 | H4: =SUM(H5:H7) -> 111265.75 | I4: =SUM(I5:I7) -> 120721.28 | J4: =SUM(J5:J7) -> 120338.24 | ... X4: =SUM(X5:X7) -> 67883.595
A5: Anthracite | B5: C0110 | C5: 94.865692 | D5: 93.009974 | E5: 871.87334 | F5: 2153.5041 | G5: 2941.5752 | H5: 2852.38 | I5: 2325.9482 | J5: 3081.7748 | K5: 3931.016 | L5: 2872.4272 | M5: 3000.653 | N5: 4695.1251 | O5: 4193.654 | P5: 3699.9064 | Q5: 3366.5132 | R5: 3260.8685 | S5: 2202.4893 | T5: 2392.2547 | U5: 2702.7443 | V5: 2901.3735 | W5: 2698.9223 | X5: 2348.7162
A6: Coking coal | B6: C0121 | C6: 31242.945 | D6: 30303.999 | E6: 28694.178 | F6: 27856.608 | G6: 31662.026 | H6: 31931.336 | I6: 33368.503 | J6: 35311.242 | K6: 34541.448 | L6: 21455.014 | M6: 28831.107 | N6: 28228.957 | O6: 27185.713 | P6: 25526.61 | Q6: 26826.41 | R6: 24450.029 | S6: 27756.263 | T6: 29225.664 | U6: 28790.746 | V6: 26758.112 | W6: 21851.315 | X6: 23560.359
A7: Other bituminous coal | B7: C0129 | C7: 67920.623 | D7: 71596.838 | E7: 74826.114 | F7: 77642.558 | G7: 82250.082 | H7: 76482.038 | I7: 85026.83 | J7: 81945.222 | K7: 79913.581 | L7: 71955.95 | M7: 72247.651 | N7: 77217.02 | O7: 77665.338 | P7: 77181 | Q7: 75896.018 | R7: 77378.326 | S7: 71964.637 | T7: 70474.471 | U7: 66178.976 | V7: 50157.139 | W7: 32605.123 | X7: 41974.52
A8: Brown coal | B8: C0200 | C8: =SUM(C9:C10) -> 1574.1162 | D8: =SUM(D9:D10) -> 1679.6328 | E8: =SUM(E9:E10) -> 1069.8773 | F8: =SUM(F9:F10) -> 1213.7032 | G8: =SUM(G9:G10) -> 1153.5044 | H8: =SUM(H9:H10) -> 1514.9954 | I8: =SUM(I9:I10) -> 1701.9218 | J8: =SUM(J9:J10) -> 2158.4298 | ... X8: =SUM(X9:X10) -> 615.40705
A9: Sub-bituminous coal | B9: C0210 | C9: 502.62777 | D9: 432.33345 | E9: 499.10817 | F9: 543.55426 | G9: 856.31049 | H9: 1126.6319 | I9: 1181.6871 | J9: 1594.6396 | K9: 1463.0071 | L9: 1087.7996 | M9: 1017.8722 | N9: 879.66165 | O9: 1183.227 | P9: 951.61316 | Q9: 831.90387 | R9: 875.71599 | S9: 697.94961 | T9: 603.0877 | U9: 542.52502 | V9: 699.56612 | W9: 452.77154 | X9: 427.0221
A10: Lignite | B10: C0220 | C10: 1071.4884 | D10: 1247.2993 | E10: 570.76913 | F10: 670.14893 | G10: 297.1939 | H10: 388.36346 | I10: 520.23465 | J10: 563.79011 | K10: 556.87059 | L10: 460.54901 | M10: 382.83749 | N10: 417.86053 | O10: 520.2258 | P10: 493.89071 | Q10: 787.43938 | R10: 685.21565 | S10: 425.27945 | T10: 483.22691 | U10: 459.12726 | V10: 346.37747 | W10: 292.25426 | X10: 188.38495
A11: Coal products | B11: C0300 | C11: =SUM(C12:C16) -> 9321.3856 | D11: =SUM(D12:D16) -> 10368.08 | E11: =SUM(E12:E16) -> 9686.2703 | F11: =SUM(F12:F16) -> 10372.036 | G11: =SUM(G12:G16) -> 9441.1702 | H11: =SUM(H12:H16) -> 8283.7445 | I11: =SUM(I12:I16) -> 8666.6482 | J11: =SUM(J12:J16) -> 8742.7837 | ... X11: =SUM(X12:X16) -> 6598.2229
A12: Patent fuel | B12: C0320 | C12: 92.247721 | D12: 94.056836 | E12: 93.817111 | F12: 76.9908 | G12: 75.800258 | H12: 117.71625 | I12: 117.63061 | J12: 112.75916 | K12: 149.89811 | L12: 151.18151 | M12: 365.96406 | N12: 273.8595 | O12: 199.13689 | P12: 179.41298 | Q12: 123.89682 | R12: 158.0589 | S12: 147.78942 | T12: 128.39097 | U12: 128.60249 | V12: 82.786156 | W12: 67.008512 | X12: 74.451161
A13: Coke oven coke | B13: C0311 | C13: 8864.8316 | D13: 9875.1103 | E13: 9002.2598 | F13: 9683.6536 | G13: 8677.3784 | H13: 7560.9392 | I13: 7845.0534 | J13: 7934.8815 | K13: 7855.4659 | L13: 4599.9312 | M13: 7379.7853 | N13: 6112.9409 | O13: 5179.9966 | P13: 5855.0708 | Q13: 6441.2796 | R13: 5256.9175 | S13: 4980.4823 | T13: 4947.4834 | U13: 5224.2095 | V13: 5186.1918 | W13: 4244.8236 | X13: 5778.3844
A14: Gas coke | B14: C0312 | C14: 0 | D14: 0 | E14: 0 | F14: 0 | G14: 0 | H14: 0 | I14: 0 | J14: 0 | K14: 0 | L14: 0 | M14: 0 | N14: 0 | O14: 0 | P14: 0 | Q14: 0 | R14: 0 | S14: 0 | T14: 0 | U14: 0 | V14: 0 | W14: 0 | X14: 0
A15: Coal tar | B15: C0340 | C15: 96.155804 | D15: 134.56371 | E15: 347.29665 | F15: 367.96002 | G15: 477.38074 | H15: 382.28409 | I15: 415.47558 | J15: 406.12451 | K15: 408.35658 | L15: 404.3405 | M15: 371.84875 | N15: 350.35477 | O15: 419.90954 | P15: 464.7491 | Q15: 502.01617 | R15: 524.68607 | S15: 519.58598 | T15: 461.19699 | U15: 465.09493 | V15: 461.38856 | W15: 410.37197 | X15: 413.2681
A16: Brown coal briquettes | B16: C0330 | C16: 268.15039 | D16: 264.34875 | E16: 242.89682 | F16: 243.43164 | G16: 210.61075 | H16: 222.80499 | I16: 288.48865 | J16: 289.01849 | K16: 280.57635 | L16: 295 | M16: 361.16836 | N16: 433.57885 | O16: 432.47206 | P16: 452.3448 | Q16: 421.07532 | R16: 376.18306 | S16: 372.69596 | T16: 393.18659 | U16: 398.80026 | V16: 370.67326 | W16: 271.77988 | X16: 332.11926
A17: Manufactured gases | B17: C0350-0370 | C17: =SUM(C18:C21) -> 0 | D17: =SUM(D18:D21) -> 0 | E17: =SUM(E18:E21) -> 0 | F17: =SUM(F18:F21) -> 0 | G17: =SUM(G18:G21) -> 0 | H17: =SUM(H18:H21) -> 0 | I17: =SUM(I18:I21) -> 0 | J17: =SUM(J18:J21) -> 0 | ... X17: =SUM(X18:X21) -> 0
A18: Gas works gas | B18: C0360 | C18: 0 | D18: 0 | E18: 0 | F18: 0 | G18: 0 | H18: 0 | I18: 0 | J18: 0 | K18: 0 | L18: 0 | M18: 0 | N18: 0 | O18: 0 | P18: 0 | Q18: 0 | R18: 0 | S18: 0 | T18: 0 | U18: 0 | V18: 0 | W18: 0 | X18: 0
A19: Coke oven gas | B19: C0350 | C19: 0 | D19: 0 | E19: 0 | F19: 0 | G19: 0 | H19: 0 | I19: 0 | J19: 0 | K19: 0 | L19: 0 | M19: 0 | N19: 0 | O19: 0 | P19: 0 | Q19: 0 | R19: 0 | S19: 0 | T19: 0 | U19: 0 | V19: 0 | W19: 0 | X19: 0
A20: Blast furnace gas | B20: C0371 | C20: 0 | D20: 0 | E20: 0 | F20: 0 | G20: 0 | H20: 0 | I20: 0 | J20: 0 | K20: 0 | L20: 0 | M20: 0 | N20: 0 | O20: 0 | P20: 0 | Q20: 0 | R20: 0 | S20: 0 | T20: 0 | U20: 0 | V20: 0 | W20: 0 | X20: 0
A21: Other recovered gases | B21: C0379 | C21: 0 | D21: 0 | E21: 0 | F21: 0 | G21: 0 | H21: 0 | I21: 0 | J21: 0 | K21: 0 | L21: 0 | M21: 0 | N21: 0 | O21: 0 | P21: 0 | Q21: 0 | R21: 0 | S21: 0 | T21: 0 | U21: 0 | V21: 0 | W21: 0 | X21: 0
A22: Peat and peat products | B22: P1000 | C22: =SUM(C23:C24) -> 69.685211 | D22: =SUM(D23:D24) -> 82.106191 | E22: =SUM(E23:E24) -> 103.33353 | F22: =SUM(F23:F24) -> 104.25383 | G22: =SUM(G23:G24) -> 131.00533 | H22: =SUM(H23:H24) -> 104.465 | I22: =SUM(I23:I24) -> 92.698624 | J22: =SUM(J23:J24) -> 143.2638 | ... X22: =SUM(X23:X24) -> 43.607051
A23: Peat | B23: P1100 | C23: 69.685211 | D23: 82.106191 | E23: 103.33353 | F23: 103.30086 | G23: 129.73465 | H23: 100.97068 | I23: 87.93362 | J23: 135.63981 | K23: 166.48409 | L23: 169.19888 | M23: 122.26681 | N23: 144.78581 | O23: 133.27283 | P23: 62.63147 | Q23: 52.822614 | R23: 47.543938 | S23: 36.498968 | T23: 39.529579 | U23: 54.342476 | V23: 46.720808 | W23: 28.08779 | X23: 27.374377
A24: Peat products | B24: P1200 | C24: 0 | D24: 0 | E24: 0 | F24: 0.95296647 | G24: 1.2706793 | H24: 3.494325 | I24: 4.7650043 | J24: 7.6239897 | K24: 11.118315 | L24: 12.706621 | M24: 16.518573 | N24: 21.601204 | O24: 24.142562 | P24: 27.319175 | Q24: 18.106879 | R24: 14.294927 | S24: 19.059931 | T24: 18.774033 | U24: 23.307051 | V24: 18.361049 | W24: 12.261909 | X24: 16.232674
A25: Oil shale and oil sands | B25: S2000 | C25: 261.78504 | D25: 226.48512 | E25: 137.35821 | F25: 213.13534 | G25: 229.25004 | H25: 34.531384 | I25: 0 | J25: 0 | K25: 5.9470335 | L25: 4.3947549 | M25: 0 | N25: 0 | O25: 0 | P25: 0 | Q25: 0 | R25: 0 | S25: 0 | T25: 0 | U25: 0 | V25: 0 | W25: 0 | X25: 0
A26: Oil and petroleum products | B26: O4000XBIO | C26: =SUM(C27,C33) -> 798954.47 | D26: =SUM(D27,D33) -> 808755.05 | E26: =SUM(E27,E33) -> 802937.33 | F26: =SUM(F27,F33) -> 824687.94 | G26: =SUM(G27,G33) -> 853034.67 | H26: =SUM(H27,H33) -> 877161.38 | I26: =SUM(I27,I33) -> 883759.48 | J26: =SUM(J27,J33) -> 861151.3 | ... X26: =SUM(X27,X33) -> 780658
A27: Crude oil, NGL, refinery feedstocks, additives and oxygenates and other hydrocarbons (excluding biofuel portion) | B27: O4100_TOT_4200-4500XBIO | C27: =SUM(C28:C32) -> 576965.85 | D27: =SUM(D28:D32) -> 579481.27 | E27: =SUM(E28:E32) -> 565690.08 | F27: =SUM(F28:F32) -> 586382.79 | G27: =SUM(G28:G32) -> 600512.27 | H27: =SUM(H28:H32) -> 603280.83 | I27: =SUM(I28:I32) -> 603022.81 | J27: =SUM(J28:J32) -> 594811.97 | ... X27: =SUM(X28:X32) -> 480258.22
A28: Crude oil | B28: O4100_TOT | C28: 553537.18 | D28: 553577.73 | E28: 537935.99 | F28: 560624.98 | G28: 575650.4 | H28: 577740.83 | I28: 571024.77 | J28: 562522.7 | K28: 566738.91 | L28: 519148.33 | M28: 518799.87 | N28: 499694.85 | O28: 508059.27 | P28: 482077.18 | Q28: 480623.27 | R28: 515230.08 | S28: 512195.09 | T28: 525770.35 | U28: 514735.55 | V28: 512982.43 | W28: 444800.49 | X28: 451777.56
A29: Natural gas liquids | B29: O4200 | C29: 6770.6216 | D29: 7678.3468 | E29: 9560.249 | F29: 10146.614 | G29: 9380.531 | H29: 10385.856 | I29: 13368.305 | J29: 11001.372 | K29: 9374.8922 | L29: 10748.736 | M29: 9510.4948 | N29: 8797.2357 | O29: 8796.3532 | P29: 9155.88 | Q29: 8829.2027 | R29: 6322.9485 | S29: 6780.0426 | T29: 7030.3396 | U29: 5488.3921 | V29: 5857.6869 | W29: 7582.4493 | X29: 5534.5832
A30: Refinery feedstocks | B30: O4300 | C30: 14857.975 | D30: 16438.213 | E30: 16816.73 | F30: 14447.808 | G30: 13748.485 | H30: 13738.704 | I30: 16688.461 | J30: 19220.348 | K30: 18235.37 | L30: 18198.248 | M30: 15878.279 | N30: 17776.892 | O30: 17378.679 | P30: 24956.857 | Q30: 24200.573 | R30: 21076.494 | S30: 19864.133 | T30: 18228.559 | U30: 17063.644 | V30: 16290.76 | W30: 16646.38 | X30: 20746.805
A31: Additives and oxygenates (excluding biofuel portion) | B31: O4400X4410 | C31: 876.76586 | D31: 908.90567 | E31: 852.0595 | F31: 1103.4388 | G31: 1286.5989 | H31: 1363.3612 | I31: 1880.0087 | J31: 2040.2932 | K31: 1784.4193 | L31: 1709.8414 | M31: 1949.1129 | N31: 1770.5469 | O31: 1527.0242 | P31: 1596.368 | Q31: 1608.3105 | R31: 1543.1037 | S31: 1529.3541 | T31: 1459.1996 | U31: 2077.2199 | V31: 1864.6314 | W31: 1739.6662 | X31: 2199.268
A32: Other hydrocarbons | B32: O4500 | C32: 923.30017 | D32: 878.07635 | E32: 525.04755 | F32: 59.944368 | G32: 446.25348 | H32: 52.076268 | I32: 61.263972 | J32: 27.25589 | K32: 35.732588 | L32: 1.8797077 | M32: 6.9552021 | N32: 3.7594153 | O32: 19.954428 | P32: 8.5519347 | Q32: 3.7904557 | R32: 0.93989682 | S32: 0.93989682 | T32: 0.43233018 | U32: 0.20017197 | V32: 0.20868444 | W32: 0.01883061 | X32: 0.00094582975
A33: Oil products (excluding biofuel portion) | B33: O4600XBIO | C33: =SUM(C34:C50) -> 221988.63 | D33: =SUM(D34:D50) -> 229273.78 | E33: =SUM(E34:E50) -> 237247.25 | F33: =SUM(F34:F50) -> 238305.16 | G33: =SUM(G34:G50) -> 252522.4 | H33: =SUM(H34:H50) -> 273880.56 | I33: =SUM(I34:I50) -> 280736.67 | J33: =SUM(J34:J50) -> 266339.33 | ... X33: =SUM(X34:X50) -> 300399.78
A34: Refinery gas | B34: O4610 | C34: 0 | D34: 0 | E34: 0 | F34: 0 | G34: 0 | H34: 0 | I34: 0 | J34: 0 | K34: 0 | L34: 0 | M34: 0 | N34: 0 | O34: 0 | P34: 0 | Q34: 0 | R34: 0 | S34: 0 | T34: 0 | U34: 0 | V34: 0 | W34: 0 | X34: 0
A35: Ethane | B35: O4620 | C35: 14.407223 | D35: 212.78306 | E35: 294.79312 | F35: 264.87051 | G35: 262.65408 | H35: 347.98891 | I35: 377.91152 | J35: 396.75168 | K35: 363.50439 | L35: 324.71574 | M35: 370.15383 | N35: 391.21049 | O35: 384.56096 | P35: 339.12296 | Q35: 381.23629 | R35: 291.46844 | S35: 425.56604 | T35: 490.99484 | U35: 502.07825 | V35: 495.4282 | W35: 170.12132 | X35: 392.97756
A36: Liquefied petroleum gases | B36: O4630 | C36: 11932.965 | D36: 11880.2 | E36: 12368.28 | F36: 11887.625 | G36: 13185.17 | H36: 13886.087 | I36: 14731.341 | J36: 14739.343 | K36: 15590.16 | L36: 15480.558 | M36: 15937.377 | N36: 16754.431 | O36: 16002.762 | P36: 18813.338 | Q36: 20818.485 | R36: 22179.897 | S36: 22421 | T36: 21889.817 | U36: 23134.498 | V36: 23195.518 | W36: 21573.443 | X36: 22038.152
A37: Motor gasoline (excluding biofuel portion) | B37: O4652XR5210B | C37: 29867.981 | D37: 27077.849 | E37: 25060.131 | F37: 24055.237 | G37: 23165.649 | H37: 25065.337 | I37: 24144.238 | J37: 23302.659 | K37: 24320.118 | L37: 23938.737 | M37: 23760.185 | N37: 24031.163 | O37: 24150.946 | P37: 22104.179 | Q37: 22722.003 | R37: 24448.419 | S37: 25290.743 | T37: 25731.349 | U37: 22416.635 | V37: 24020.169 | W37: 21288.66 | X37: 23288.827
A38: Aviation gasoline | B38: O4651 | C38: 131.27859 | D38: 82.492003 | E38: 69.237833 | F38: 68.787274 | G38: 75.963285 | H38: 96.504987 | I38: 127.17438 | J38: 61.699484 | K38: 64.047979 | L38: 73.321754 | M38: 80.199656 | N38: 71.665864 | O38: 49.916767 | P38: 44.21092 | Q38: 57.445744 | R38: 93.89166 | S38: 83.553052 | T38: 62.83448 | U38: 54.827171 | V38: 62.10129 | W38: 70.027601 | X38: 42.825623
A39: Gasoline-type jet fuel | B39: O4653 | C39: 10.550301 | D39: 27.189252 | E39: 18.816337 | F39: 16.791831 | G39: 30.332932 | H39: 14.526913 | I39: 9.3926053 | J39: 9.4824592 | K39: 5.2904557 | L39: 0 | M39: 0 | N39: 0 | O39: 12.384609 | P39: 1.0320722 | Q39: 0 | R39: 0 | S39: 0 | T39: 0.0010318143 | U39: 0.0041272571 | V39: 0 | W39: 0 | X39: 0
A40: Kerosene-type jet fuel (excluding biofuel portion) | B40: O4661XR5230B | C40: 10574.381 | D40: 12612.496 | E40: 11868.819 | F40: 12343.028 | G40: 14555.515 | H40: 17350.621 | I40: 18123.711 | J40: 19857.176 | K40: 22584.791 | L40: 23067.785 | M40: 22745.983 | N40: 21828.904 | O40: 21922.071 | P40: 22614.107 | Q40: 21468.557 | R40: 23487.663 | S40: 25103.912 | T40: 26324.766 | U40: 28078.363 | V40: 29057.094 | W40: 18366.691 | X40: 19676.142
A41: Other kerosene | B41: O4669 | C41: 2009.5322 | D41: 1728.8147 | E41: 1434.7199 | F41: 1396.7541 | G41: 1717.4811 | H41: 1953.3947 | I41: 1947.6473 | J41: 1512.5035 | K41: 1756.3809 | L41: 2451.7371 | M41: 2991.6604 | N41: 2990.2786 | O41: 1658.4303 | P41: 2360.5033 | Q41: 1894.8942 | R41: 1625.3789 | S41: 1887.6806 | T41: 1925.2043 | U41: 2052.6027 | V41: 1861.269 | W41: 2170.2656 | X41: 1862.3091
A42: Naphtha | B42: O4640 | C42: 32300.144 | D42: 30091.658 | E42: 30103.38 | F42: 32705.759 | G42: 37273.504 | H42: 35590.081 | I42: 35720.821 | J42: 34827.181 | K42: 30580.78 | L42: 30860.314 | M42: 34356.392 | N42: 30278.23 | O42: 33793.265 | P42: 32656.308 | Q42: 34000.49 | R42: 33946.236 | S42: 35409.962 | T42: 40303.622 | U42: 42672.346 | V42: 42103.704 | W42: 42403.835 | X42: 47777.232
A43: Gas oil and diesel oil (excluding biofuel portion) | B43: O4671XR5220B | C43: 70350.944 | D43: 81607.271 | E43: 85833.866 | F43: 87616.776 | G43: 93322.976 | H43: 101797.78 | I43: 104299.92 | J43: 90045.868 | K43: 99598.539 | L43: 103800.19 | M43: 109221.59 | N43: 107372.05 | O43: 104736.92 | P43: 113461.13 | Q43: 106876.36 | R43: 116363.07 | S43: 123713.77 | T43: 121660.61 | U43: 114450.16 | V43: 118721.59 | W43: 112952.52 | X43: 110202.68
A44: Fuel oil | B44: O4680 | C44: 44721.097 | D44: 43490.363 | E44: 49073.372 | F44: 46035.387 | G44: 44178.196 | H44: 50922.018 | I44: 54723.158 | J44: 55617.63 | K44: 59410.828 | L44: 59005.204 | M44: 60173.47 | N44: 63352.319 | O44: 59249.123 | P44: 60220.517 | Q44: 61233.788 | R44: 62767.236 | S44: 60462.832 | T44: 43249.414 | U44: 42853.459 | V44: 39141.93 | W44: 42024.549 | X44: 49416.722
A45: White spirit and special boiling point industrial spirits | B45: O4691 | C45: 821.46389 | D45: 771.84867 | E45: 1008.4351 | F45: 877.5724 | G45: 1197.1171 | H45: 1384.7156 | I45: 1067.5501 | J45: 1126.8469 | K45: 1025.308 | L45: 884.7957 | M45: 867.04205 | N45: 894.94359 | O45: 1104.9277 | P45: 1310.0697 | Q45: 1346.9355 | R45: 1906.3072 | S45: 2666.3408 | T45: 2737.6077 | U45: 2614.377 | V45: 2561.3926 | W45: 1754.839 | X45: 2409.0709
... A51: Natural gas | B51: G3000 | C51: 240413.1 | D51: 245021.8 | E51: 262854.22 | F51: 278321.57 | G51: 289221.81 | H51: 309508.24 | I51: 315020.68 | J51: 301212.8 | K51: 316444.27 | L51: 299949.89 | M51: 316036.6 | N51: 309102.21 | O51: 299124.15 | P51: 302824.76 | Q51: 281594.45 | R51: 299301.68 | S51: 307903.83 | T51: 320902.72 | U51: 298064.43 | V51: 333854.44 | W51: 299799.86 | X51: 310648.26
A52: Renewables and biofuels | B52: RA000 | C52: =SUM(C53:C70) -> 838.30567 | D52: =SUM(D53:D70) -> 1008.7996 | E52: =SUM(E53:E70) -> 1323.6464 | F52: =SUM(F53:F70) -> 1921.277 | G52: =SUM(G53:G70) -> 2460.6182 | H52: =SUM(H53:H70) -> 3753.7187 | I52: =SUM(I53:I70) -> 5393.1906 | J52: =SUM(J53:J70) -> 6268.2254 | ... X52: =SUM(X53:X70) -> 22742.567
A53: Hydro | B53: RA100 | C53: 0 | D53: 0 | E53: 0 | F53: 0 | G53: 0 | H53: 0 | I53: 0 | J53: 0 | K53: 0 | L53: 0 | M53: 0 | N53: 0 | O53: 0 | P53: 0 | Q53: 0 | R53: 0 | S53: 0 | T53: 0 | U53: 0 | V53: 0 | W53: 0 | X53: 0
A54: Tide, wave, ocean | B54: RA500 | C54: 0 | D54: 0 | E54: 0 | F54: 0 | G54: 0 | H54: 0 | I54: 0 | J54: 0 | K54: 0 | L54: 0 | M54: 0 | N54: 0 | O54: 0 | P54: 0 | Q54: 0 | R54: 0 | S54: 0 | T54: 0 | U54: 0 | V54: 0 | W54: 0 | X54: 0
A55: Wind | B55: RA300 | C55: 0 | D55: 0 | E55: 0 | F55: 0 | G55: 0 | H55: 0 | I55: 0 | J55: 0 | K55: 0 | L55: 0 | M55: 0 | N55: 0 | O55: 0 | P55: 0 | Q55: 0 | R55: 0 | S55: 0 | T55: 0 | U55: 0 | V55: 0 | W55: 0 | X55: 0
A56: Solar photovoltaic | B56: RA420 | C56: 0 | D56: 0 | E56: 0 | F56: 0 | G56: 0 | H56: 0 | I56: 0 | J56: 0 | K56: 0 | L56: 0 | M56: 0 | N56: 0 | O56: 0 | P56: 0 | Q56: 0 | R56: 0 | S56: 0 | T56: 0 | U56: 0 | V56: 0 | W56: 0 | X56: 0
A57: Solar thermal | B57: RA410 | C57: 0 | D57: 0 | E57: 0 | F57: 0 | G57: 0 | H57: 0 | I57: 0 | J57: 0 | K57: 0 | L57: 0 | M57: 0 | N57: 0 | O57: 0 | P57: 0 | Q57: 0 | R57: 0 | S57: 0 | T57: 0 | U57: 0 | V57: 0 | W57: 0 | X57: 0
A58: Geothermal | B58: RA200 | C58: 0 | D58: 0 | E58: 0 | F58: 0 | G58: 0 | H58: 0 | I58: 0 | J58: 0 | K58: 0 | L58: 0 | M58: 0 | N58: 0 | O58: 0 | P58: 0 | Q58: 0 | R58: 0 | S58: 0 | T58: 0 | U58: 0 | V58: 0 | W58: 0 | X58: 0
A59: Primary solid biofuels | B59: R5110-5150_W6000RI | C59: 775.50877 | D59: 923.87979 | E59: 1214.5553 | F59: 1586.0801 | G59: 2052.8085 | H59: 2553.2658 | I59: 3251.9807 | J59: 3511.7097 | K59: 3373.2506 | L59: 4108.7874 | M59: 4928.2171 | N59: 5276.2552 | O59: 5288.7157 | P59: 6238.8156 | Q59: 6965.1623 | R59: 6235.3707 | S59: 6434.358 | T59: 6672.5923 | U59: 7202.4533 | V59: 7449.7834 | W59: 8178.0687 | X59: 9236.4296
A60: Charcoal | B60: R5160 | C60: 52.550903 | D60: 51.175064 | E60: 53.99828 | F60: 162.29106 | G60: 179.25262 | H60: 217.74411 | I60: 217.46638 | J60: 287.01857 | K60: 285.74824 | L60: 339.78315 | M60: 320.81531 | N60: 401.09475 | O60: 461.62459 | P60: 435.69811 | Q60: 436.04488 | R60: 431.29097 | S60: 406.2098 | T60: 423.619 | U60: 457.45073 | V60: 405.24368 | W60: 380.94488 | X60: 358.00774
A61: Biogases | B61: R5300 | C61: 0 | D61: 0 | E61: 0 | F61: 0 | G61: 0 | H61: 0 | I61: 0 | J61: 0 | K61: 0 | L61: 0 | M61: 0.46096303 | N61: 1.9680997 | O61: 1.8892519 | P61: 0 | Q61: 0 | R61: 0 | S61: 0 | T61: 0 | U61: 0 | V61: 0 | W61: 0 | X61: 18.940757
A62: Renewable municipal waste | B62: W6210 | C62: 0 | D62: 0 | E62: 0.21496131 | F62: 0.38211522 | G62: 0.31049011 | H62: 3.2483233 | I62: 5.5411866 | J62: 17.173001 | K62: 3.8932072 | L62: 19.585383 | M62: 35.182029 | N62: 103.82631 | O62: 217.27807 | P62: 320.8417 | Q62: 339.63414 | R62: 381.7466 | S62: 442.21178 | T62: 462.18779 | U62: 464.26483 | V62: 441.67343 | W62: 410.89802 | X62: 503.71376
A63: Pure biogasoline | B63: R5210P | C63: 0 | D63: 0 | E63: 0.79174549 | F63: 4.3325881 | G63: 46.465348 | H63: 225.55718 | I63: 249.19742 | J63: 397.92734 | K63: 750.28598 | L63: 990.45821 | M63: 1177.9077 | N63: 1264.7896 | O63: 1146.7896 | P63: 880.77025 | Q63: 966.64213 | R63: 1102.411 | S63: 1075.879 | T63: 1162.3394 | U63: 1327.387 | V63: 1566.5335 | W63: 1677.8508 | X63: 1817.2322
A64: Blended biogasoline | B64: R5210B | C64: 0 | D64: 0 | E64: 0 | F64: 0 | G64: 0 | H64: 0 | I64: 9.716509 | J64: 9.7045572 | K64: 45.898022 | L64: 75.647463 | M64: 103.4994 | N64: 192.99226 | O64: 116.2834 | P64: 64.908598 | Q64: 75.937231 | R64: 81.76466 | S64: 87.505933 | T64: 97.641617 | U64: 103.09398 | V64: 119.31221 | W64: 129.76122 | X64: 166.04755
... A70: Ambient heat (heat pumps) | B70: RA600 | C70: 0 | D70: 0 | E70: 0 | F70: 0 | G70: 0 | H70: 0 | I70: 0 | J70: 0 | K70: 0 | L70: 0 | M70: 0 | N70: 0 | O70: 0 | P70: 0 | Q70: 0 | R70: 0 | S70: 0 | T70: 0 | U70: 0 | V70: 0 | W70: 0 | X70: 0
A71: Non-renewable waste | B71: W6100_6220 | C71: =SUM(C72:C73) -> 0 | D71: =SUM(D72:D73) -> 0 | E71: =SUM(E72:E73) -> 0.74041273 | F71: =SUM(F72:F73) -> 0.93155632 | G71: =SUM(G72:G73) -> 0.28658641 | H71: =SUM(H72:H73) -> 3.1766122 | I71: =SUM(I72:I73) -> 5.4695615 | J71: =SUM(J72:J73) -> 20.660103 | ... X71: =SUM(X72:X73) -> 578.9951
A72: Industrial waste (non-renewable) | B72: W6100 | C72: 0 | D72: 0 | E72: 0.54935512 | F72: 0.57325881 | G72: 0 | H72: 0.16715391 | I72: 0.35829751 | J72: 3.749871 | K72: 6.6398968 | L72: 2.6989682 | M72: 0.97927773 | N72: 46.049527 | O72: 13.90086 | P72: 39.314015 | Q72: 30.166294 | R72: 59.544196 | S72: 60.404041 | T72: 74.085125 | U72: 86.143336 | V72: 107.97704 | W72: 123.13233 | X72: 127.57008
A73: Non-renewable municipal waste | B73: W6220 | C73: 0 | D73: 0 | E73: 0.19105761 | F73: 0.35829751 | G73: 0.28658641 | H73: 3.0094583 | I73: 5.111264 | J73: 16.910232 | K73: 3.5827171 | L73: 18.080653 | M73: 50.659243 | N73: 134.92408 | O73: 228.07412 | P73: 306.1049 | Q73: 336.47893 | R73: 364.12846 | S73: 407.69518 | T73: 421.00868 | U73: 401.76303 | V73: 387.14282 | W73: 358.33543 | X73: 451.42502
A74: Nuclear heat | B74: N900H | C74: 0 | D74: 0 | E74: 0 | F74: 0 | G74: 0 | H74: 0 | I74: 0 | J74: 0 | K74: 0 | L74: 0 | M74: 0 | N74: 0 | O74: 0 | P74: 0 | Q74: 0 | R74: 0 | S74: 0 | T74: 0 | U74: 0 | V74: 0 | W74: 0 | X74: 0
A75: Heat | B75: H8000 | C75: 3.4393809 | D75: 3.6304385 | E75: 3.6304385 | F75: 3.6304385 | G75: 3.7021496 | H75: 3.6543422 | I75: 3.6543422 | J75: 3.5349097 | K75: 3.6543422 | L75: 3.8693035 | M75: 4.6097163 | N75: 4.0364574 | O75: 4.227515 | P75: 4.466466 | Q75: 5.7801376 | R75: 6.200258 | S75: 5.8314703 | T75: 6.2158212 | U75: 5.7599312 | V75: 5.4236457 | W75: 5.3368014 | X75: 5.616681
A76: Electricity | B76: E7000 | C76: 21650.247 | D76: 21683.169 | E76: 24048.894 | F76: 24928.476 | G76: 23834.936 | H76: 27855.842 | I76: 26556.601 | J76: 27253.833 | K76: 26236.304 | L76: 25131.277 | M76: 25067.936 | N76: 27610.892 | O76: 30047.648 | P76: 28552.215 | Q76: 31271.446 | R76: 33330.924 | S76: 31171.504 | T76: 31517.999 | U76: 32016.189 | V76: 31765.473 | W76: 32760.864 | X76: 34516.408

Sheet EXP
A1: Exports | B1: EXP | C1: 2000 | D1: 2001 | E1: 2002 | F1: 2003 | G1: 2004 | H1: 2005 | I1: 2006 | J1: 2007 | K1: 2008 | L1: 2009 | M1: 2010 | N1: 2011 | O1: 2012 | P1: 2013 | Q1: 2014 | R1: 2015 | S1: 2016 | T1: 2017 | U1: 2018 | V1: 2019 | W1: 2020 | X1: 2021
A2: Total | B2: TOTAL | C2: =SUM(C3,C17,C22,C25,C26,C51,C52,C71,C74,C75,C76) -> 306387.77 | D2: =SUM(D3,D17,D22,D25,D26,D51,D52,D71,D74,D75,D76) -> 310943.31 | E2: =SUM(E3,E17,E22,E25,E26,E51,E52,E71,E74,E75,E76) -> 317179.43 | F2: =SUM(F3,F17,F22,F25,F26,F51,F52,F71,F74,F75,F76) -> 328023.63 | G2: =SUM(G3,G17,G22,G25,G26,G51,G52,G71,G74,G75,G76) -> 362134.61 | H2: =SUM(H3,H17,H22,H25,H26,H51,H52,H71,H74,H75,H76) -> 384902.63 | I2: =SUM(I3,I17,I22,I25,I26,I51,I52,I71,I74,I75,I76) -> 390436.26 | J2: =SUM(J3,J17,J22,J25,J26,J51,J52,J71,J74,J75,J76) -> 383641.1 | ... X2: =SUM(X3,X17,X22,X25,X26,X51,X52,X71,X74,X75,X76) -> 412377.39
A3: Solid fossil fuels | B3: C0000X0350-0370 | C3: =SUM(C4,C8,C11) -> 26867.098 | D3: =SUM(D4,D8,D11) -> 26904.741 | E3: =SUM(E4,E8,E11) -> 26089.258 | F3: =SUM(F4,F8,F11) -> 24226.311 | G3: =SUM(G4,G8,G11) -> 24941.912 | H3: =SUM(H4,H8,H11) -> 23125.046 | I3: =SUM(I4,I8,I11) -> 25170.573 | J3: =SUM(J4,J8,J11) -> 22859.975 | ... X3: =SUM(X4,X8,X11) -> 14224.367
A4: Hard coal | B4: C0100 | C4: =SUM(C5:C7) -> 20253.314 | D4: =SUM(D5:D7) -> 20275.241 | E4: =SUM(E5:E7) -> 19698.685 | F4: =SUM(F5:F7) -> 17472.928 | G4: =SUM(G5:G7) -> 17421.611 | H4: =SUM(H5:H7) -> 16441.866 | I4: =SUM(I5:I7) -> 16191.61 | J4: =SUM(J5:J7) -> 14215.209 | ... X4: =SUM(X5:X7) -> 6464.5494
A5: Anthracite | B5: C0110 | C5: 0 | D5: 0 | E5: 577.50267 | F5: 490.20318 | G5: 561.9313 | H5: 475.92657 | I5: 405.0485 | J5: 518.93302 | K5: 508.96449 | L5: 612.61986 | M5: 623.41771 | N5: 506.36466 | O5: 544.10499 | P5: 259.75684 | Q5: 358.74764 | R5: 247.33259 | S5: 164.22812 | T5: 153.50292 | U5: 136.50499 | V5: 607.26965 | W5: 885.8399 | X5: 182.57369
A6: Coking coal | B6: C0121 | C6: 6186.2682 | D6: 4881.3813 | E6: 4773.7537 | F6: 4439.0885 | G6: 4419.7261 | H6: 4365.6559 | I6: 5484.0774 | J6: 4980.2509 | K6: 3992.1821 | L6: 4103.2329 | M6: 3837.6715 | N6: 2909.9774 | O6: 3207.477 | P6: 3109.6169 | Q6: 3171.4416 | R6: 2932.5006 | S6: 3115.2751 | T6: 2956.7735 | U6: 2882.6655 | V6: 2427.5371 | W6: 2227.9381 | X6: 3133.572
A7: Other bituminous coal | B7: C0129 | C7: 14067.046 | D7: 15393.859 | E7: 14347.428 | F7: 12543.636 | G7: 12439.954 | H7: 11600.284 | I7: 10302.484 | J7: 8716.025 | K7: 7487.0377 | L7: 7096.6327 | M7: 7660.1185 | N7: 6190.5787 | O7: 6152.2605 | P7: 7875.0216 | Q7: 6442.917 | R7: 5980.2527 | S7: 5411.6206 | T7: 3497.4358 | U7: 1897.5837 | V7: 2151.8608 | W7: 2299.478 | X7: 3148.4038
A8: Brown coal | B8: C0200 | C8: =SUM(C9:C10) -> 940.0098 | D8: =SUM(D9:D10) -> 1029.0772 | E8: =SUM(E9:E10) -> 710.97954 | F8: =SUM(F9:F10) -> 412.26122 | G8: =SUM(G9:G10) -> 425.1632 | H8: =SUM(H9:H10) -> 478.58083 | I8: =SUM(I9:I10) -> 639.7031 | J8: =SUM(J9:J10) -> 495.43852 | ... X8: =SUM(X9:X10) -> 148.08555
A9: Sub-bituminous coal | B9: C0210 | C9: 26.682803 | D9: 16.937919 | E9: 15.600688 | F9: 20.614875 | G9: 45.092605 | H9: 22.011092 | I9: 29.679708 | J9: 5.2492691 | K9: 7.8152193 | L9: 10.436973 | M9: 25.039811 | N9: 3.2538263 | O9: 7.0289768 | P9: 0 | Q9: 0 | R9: 0.1950129 | S9: 0.1950129 | T9: 1.4299226 | U9: 0.216681 | V9: 0.2816853 | W9: 0.043336199 | X9: 0.043336199
A10: Lignite | B10: C0220 | C10: 913.327 | D10: 1012.1393 | E10: 695.37885 | F10: 391.64635 | G10: 380.07059 | H10: 456.56973 | I10: 610.02339 | J10: 490.18925 | K10: 602.37077 | L10: 483.54893 | M10: 459.30103 | N10: 527.68917 | O10: 606.37051 | P10: 578.79407 | Q10: 820.14566 | R10: 774.56019 | S10: 448.35744 | T10: 461.18547 | U10: 422.41677 | V10: 332.42631 | W10: 224.66922 | X10: 148.04222
A11: Coal products | B11: C0300 | C11: =SUM(C12:C16) -> 5673.7739 | D11: =SUM(D12:D16) -> 5600.423 | E11: =SUM(E12:E16) -> 5679.5941 | F11: =SUM(F12:F16) -> 6341.122 | G11: =SUM(G12:G16) -> 7095.1372 | H11: =SUM(H12:H16) -> 6204.5992 | I11: =SUM(I12:I16) -> 8339.2604 | J11: =SUM(J12:J16) -> 8149.3278 | ... X11: =SUM(X12:X16) -> 7611.7322
A12: Patent fuel | B12: C0320 | C12: 55.170593 | D12: 57.23448 | E12: 60.034566 | F12: 49.498968 | G12: 48.248753 | H12: 41.104127 | I12: 48.987962 | J12: 35.984781 | K12: 10.7 | L12: 11.735856 | M12: 9.2630267 | N12: 21.250301 | O12: 12.022098 | P12: 8.4102322 | Q12: 10.445658 | R12: 11.538779 | S12: 6.9106621 | T12: 6.1412726 | U12: 7.8067928 | V12: 15.566036 | W12: 12.962855 | X12: 14.882717
A13: Coke oven coke | B13: C0311 | C13: 5221.991 | D13: 5076.9052 | E13: 5039.9361 | F13: 5753.988 | G13: 6149.0479 | H13: 5229.2535 | I13: 7176.6357 | J13: 7058.5167 | K13: 6661.3568 | L13: 5231.5983 | M13: 6404.3596 | N13: 5930.9355 | O13: 6029.146 | P13: 6111.0497 | Q13: 6502.7197 | R13: 5671.6606 | S13: 6341.5858 | T13: 6100.5344 | U13: 6134.0089 | V13: 5794.007 | W13: 5900.3932 | X13: 6401.6921
A14: Gas coke | B14: C0312 | C14: 0 | D14: 0 | E14: 0 | F14: 0 | G14: 0 | H14: 0 | I14: 0 | J14: 0 | K14: 0 | L14: 0 | M14: 0 | N14: 0 | O14: 0 | P14: 0 | Q14: 0 | R14: 0 | S14: 0 | T14: 0 | U14: 0 | V14: 0 | W14: 0 | X14: 0
A15: Coal tar | B15: C0340 | C15: 80.300344 | D15: 93.064402 | E15: 98.546776 | F15: 116.60817 | G15: 483.91754 | H15: 478.65322 | I15: 548.40851 | J15: 517.30155 | K15: 483.85692 | L15: 420.26371 | M15: 525.55873 | N15: 498.52055 | O15: 486.05039 | P15: 441.14979 | Q15: 483.45795 | R15: 526.97928 | S15: 502.21685 | T15: 499.34265 | U15: 508.95245 | V15: 481.04463 | W15: 413.32244 | X15: 505.90112
A16: Brown coal briquettes | B16: C0330 | C16: 316.31204 | D16: 373.21892 | E16: 481.07661 | F16: 421.02683 | G16: 413.92304 | H16: 455.58839 | I16: 565.2282 | J16: 537.52476 | K16: 619.90868 | L16: 624.20378 | M16: 706.47446 | N16: 765.58031 | O16: 810.16956 | P16: 804.173 | Q16: 833.65271 | R16: 854.04703 | S16: 771.55632 | T16: 826.0055 | U16: 843.06887 | V16: 739.57739 | W16: 624.03164 | X16: 689.25632
A17: Manufactured gases | B17: C0350-0370 | C17: =SUM(C18:C21) -> 0 | D17: =SUM(D18:D21) -> 0 | E17: =SUM(E18:E21) -> 0 | F17: =SUM(F18:F21) -> 0 | G17: =SUM(G18:G21) -> 0 | H17: =SUM(H18:H21) -> 0 | I17: =SUM(I18:I21) -> 0 | J17: =SUM(J18:J21) -> 0 | ... X17: =SUM(X18:X21) -> 0
A18: Gas works gas | B18: C0360 | C18: 0 | D18: 0 | E18: 0 | F18: 0 | G18: 0 | H18: 0 | I18: 0 | J18: 0 | K18: 0 | L18: 0 | M18: 0 | N18: 0 | O18: 0 | P18: 0 | Q18: 0 | R18: 0 | S18: 0 | T18: 0 | U18: 0 | V18: 0 | W18: 0 | X18: 0
A19: Coke oven gas | B19: C0350 | C19: 0 | D19: 0 | E19: 0 | F19: 0 | G19: 0 | H19: 0 | I19: 0 | J19: 0 | K19: 0 | L19: 0 | M19: 0 | N19: 0 | O19: 0 | P19: 0 | Q19: 0 | R19: 0 | S19: 0 | T19: 0 | U19: 0 | V19: 0 | W19: 0 | X19: 0
A20: Blast furnace gas | B20: C0371 | C20: 0 | D20: 0 | E20: 0 | F20: 0 | G20: 0 | H20: 0 | I20: 0 | J20: 0 | K20: 0 | L20: 0 | M20: 0 | N20: 0 | O20: 0 | P20: 0 | Q20: 0 | R20: 0 | S20: 0 | T20: 0 | U20: 0 | V20: 0 | W20: 0 | X20: 0
A21: Other recovered gases | B21: C0379 | C21: 0 | D21: 0 | E21: 0 | F21: 0 | G21: 0 | H21: 0 | I21: 0 | J21: 0 | K21: 0 | L21: 0 | M21: 0 | N21: 0 | O21: 0 | P21: 0 | Q21: 0 | R21: 0 | S21: 0 | T21: 0 | U21: 0 | V21: 0 | W21: 0 | X21: 0
A22: Peat and peat products | B22: P1000 | C22: =SUM(C23:C24) -> 89.477816 | D22: =SUM(D23:D24) -> 108.60043 | E22: =SUM(E23:E24) -> 110.69347 | F22: =SUM(F23:F24) -> 98.893121 | G22: =SUM(G23:G24) -> 79.278762 | H22: =SUM(H23:H24) -> 66.060619 | I22: =SUM(I23:I24) -> 75.108942 | J22: =SUM(J23:J24) -> 77.723302 | ... X22: =SUM(X23:X24) -> 3.6079106
A23: Peat | B23: P1100 | C23: 60.758555 | D23: 70.029321 | E23: 58.471625 | F23: 48.214015 | G23: 39.281771 | H23: 41.82055 | I23: 33.370593 | J23: 33.139209 | K23: 14.247893 | L23: 18.68031 | M23: 31.469046 | N23: 11.808598 | O23: 12.882287 | P23: 9.0362855 | Q23: 3.6262253 | R23: 13.007567 | S23: 5.6490112 | T23: 8.2255374 | U23: 1.0872743 | V23: 0.69561479 | W23: 0.50748065 | X23: 0.6516767
A24: Peat products | B24: P1200 | C24: 28.719261 | D24: 38.571109 | E24: 52.22184 | F24: 50.679106 | G24: 39.996991 | H24: 24.240069 | I24: 41.738349 | J24: 44.584093 | K24: 44.500688 | L24: 17.141874 | M24: 35.374377 | N24: 39.788392 | O24: 27.884265 | P24: 30.321668 | Q24: 23.959501 | R24: 7.6192605 | S24: 6.2562339 | T24: 6.772399 | U24: 7.5145314 | V24: 6.3122958 | W24: 6.0012038 | X24: 2.9562339
A25: Oil shale and oil sands | B25: S2000 | C25: 2.7466036 | D25: 2.3645744 | E25: 2.7100602 | F25: 1.8392089 | G25: 1.8761823 | H25: 0.8338779 | I25: 1.7674119 | J25: 1.0717111 | K25: 0 | L25: 0 | M25: 0 | N25: 0 | O25: 0 | P25: 0 | Q25: 0 | R25: 0 | S25: 0 | T25: 0 | U25: 0 | V25: 0 | W25: 0 | X25: 0
A26: Oil and petroleum products | B26: O4000XBIO | C26: =SUM(C27,C33) -> 220435.56 | D26: =SUM(D27,D33) -> 215999.42 | E26: =SUM(E27,E33) -> 218491.36 | F26: =SUM(F27,F33) -> 226746.35 | G26: =SUM(G27,G33) -> 253180.35 | H26: =SUM(H27,H33) -> 271075.57 | I26: =SUM(I27,I33) -> 276831.13 | J26: =SUM(J27,J33) -> 272491.09 | ... X26: =SUM(X27,X33) -> 321745.85
A27: Crude oil, NGL, refinery feedstocks, additives and oxygenates and other hydrocarbons (excluding biofuel portion) | B27: O4100_TOT_4200-4500XBIO | C27: =SUM(C28:C32) -> 24851.057 | D27: =SUM(D28:D32) -> 18674.515 | E27: =SUM(E28:E32) -> 21584.31 | F27: =SUM(F28:F32) -> 22593.553 | G27: =SUM(G28:G32) -> 24562.611 | H27: =SUM(H28:H32) -> 23703.988 | I27: =SUM(I28:I32) -> 21355.566 | J27: =SUM(J28:J32) -> 20870.94 | ... X27: =SUM(X28:X32) -> 14693.808
A28: Crude oil | B28: O4100_TOT | C28: 18007.471 | D28: 14719.58 | E28: 17627.279 | F28: 18152.315 | G28: 19635.98 | H28: 18254.956 | I28: 16358.854 | J28: 14641.739 | K28: 12951.938 | L28: 11334.8 | M28: 10958.279 | N28: 10394.776 | O28: 8667.8646 | P28: 8290.4301 | Q28: 6612.0481 | R28: 6600.7356 | S28: 5603.2494 | T28: 6118.9874 | U28: 4798.0867 | V28: 3783.2253 | W28: 2873.7999 | X28: 2540.8946
A29: Natural gas liquids | B29: O4200 | C29: 1.0509028 | D29: 1.0509028 | E29: 12.348323 | F29: 15.45331 | G29: 43.121238 | H29: 95.251763 | I29: 35.373087 | J29: 71.056664 | K29: 21.639467 | L29: 142.49544 | M29: 66.852966 | N29: 23.765176 | O29: 39.457352 | P29: 33.127859 | Q29: 111.80378 | R29: 60.069218 | S29: 120.86784 | T29: 104.44316 | U29: 20.91307 | V29: 128.29819 | W29: 101.06389 | X29: 70.313672
A30: Refinery feedstocks | B30: O4300 | C30: 6436.5091 | D30: 3496.6273 | E30: 3548.6086 | F30: 3816.6469 | G30: 4394.7169 | H30: 4845.3438 | I30: 4364.858 | J30: 5129.4993 | K30: 5398.5586 | L30: 6060.2604 | M30: 6331.4411 | N30: 4956.7665 | O30: 8421.4659 | P30: 8720.7054 | Q30: 9730.3496 | R30: 8651.1145 | S30: 9354.1653 | T30: 9247.6198 | U30: 8620.9835 | V30: 8379.2134 | W30: 9226.7613 | X30: 9854.8493
A31: Additives and oxygenates (excluding biofuel portion) | B31: O4400X4410 | C31: 291.05279 | D31: 338.54592 | E31: 246.51574 | F31: 454.90585 | G31: 299.9761 | H31: 300.92433 | I31: 366.53525 | J31: 692.13964 | K31: 545.46836 | L31: 719.06681 | M31: 925.93001 | N31: 644.36268 | O31: 509.68418 | P31: 377.97902 | Q31: 516.69106 | R31: 446.88203 | S31: 482.16303 | T31: 524.11488 | U31: 556.5264 | V31: 712.18538 | W31: 675.39407 | X31: 1131.7056
A32: Other hydrocarbons | B32: O4500 | C32: 114.97283 | D32: 118.71178 | E32: 149.55821 | F32: 154.2319 | G32: 188.8172 | H32: 207.51204 | I32: 229.94574 | J32: 336.50593 | K32: 272.00894 | L32: 367.35236 | M32: 362.97979 | N32: 396.97962 | O32: 444.42966 | P32: 507.64772 | Q32: 565.94041 | R32: 724.02571 | S32: 599.41195 | T32: 866.8583 | U32: 1003.4233 | V32: 1061.9703 | W32: 1051.8419 | X32: 1096.0453
A33: Oil products (excluding biofuel portion) | B33: O4600XBIO | C33: =SUM(C34:C50) -> 195584.5 | D33: =SUM(D34:D50) -> 197324.9 | E33: =SUM(E34:E50) -> 196907.05 | F33: =SUM(F34:F50) -> 204152.79 | G33: =SUM(G34:G50) -> 228617.74 | H33: =SUM(H34:H50) -> 247371.58 | I33: =SUM(I34:I50) -> 255475.56 | J33: =SUM(J34:J50) -> 251620.15 | ... X33: =SUM(X34:X50) -> 307052.05
A34: Refinery gas | B34: O4610 | C34: 0 | D34: 0 | E34: 0 | F34: 0 | G34: 0 | H34: 0 | I34: 0 | J34: 0 | K34: 0 | L34: 0 | M34: 0 | N34: 0 | O34: 0 | P34: 0 | Q34: 0 | R34: 0 | S34: 0 | T34: 0 | U34: 0 | V34: 0 | W34: 0 | X34: 0
A35: Ethane | B35: O4620 | C35: 0 | D35: 0 | E35: 0 | F35: 0 | G35: 0 | H35: 0 | I35: 0 | J35: 0 | K35: 0 | L35: 0 | M35: 0 | N35: 0 | O35: 0 | P35: 0 | Q35: 0 | R35: 0 | S35: 0 | T35: 0 | U35: 0 | V35: 0 | W35: 0 | X35: 0
A36: Liquefied petroleum gases | B36: O4630 | C36: 5939.8465 | D36: 5295.0559 | E36: 5521.0083 | F36: 6102.8807 | G36: 6640.1774 | H36: 6743.2997 | I36: 6599.3126 | J36: 6519.888 | K36: 7025.0504 | L36: 6418.7391 | M36: 6526.0431 | N36: 6655.4512 | O36: 7180.1642 | P36: 7016.1632 | Q36: 6797.61 | R36: 8458.2062 | S36: 8750.3567 | T36: 8710.3007 | U36: 8411.033 | V36: 8424.3557 | W36: 7759.269 | X36: 8752.4966
A37: Motor gasoline (excluding biofuel portion) | B37: O4652XR5210B | C37: 44281.955 | D37: 45259.738 | E37: 45664.739 | F37: 47661.013 | G37: 54219.294 | H37: 59603.971 | I37: 63318.806 | J37: 60185.621 | K37: 65266.233 | L37: 62592.823 | M37: 62884.658 | N37: 59697.035 | O37: 67676.303 | P37: 63159.557 | Q37: 65271.628 | R37: 73325.684 | S37: 73235.444 | T37: 75654.982 | U37: 75582.217 | V37: 76568.358 | W37: 65423.899 | X37: 73049.19
A38: Aviation gasoline | B38: O4651 | C38: 215.92855 | D38: 106.48229 | E38: 94.838607 | F38: 93.429407 | G38: 99.717799 | H38: 82.149957 | I38: 74.818917 | J38: 132.05168 | K38: 142.17541 | L38: 112.5865 | M38: 108.5669 | N38: 109.14205 | O38: 112.8258 | P38: 99.298452 | Q38: 121.14643 | R38: 143.22975 | S38: 117.06346 | T38: 110.20679 | U38: 91.585125 | V38: 97.534738 | W38: 122.3006 | X38: 143.16346
A39: Gasoline-type jet fuel | B39: O4653 | C39: 80.414617 | D39: 32.800688 | E39: 0 | F39: 0 | G39: 2.1161651 | H39: 1.0581255 | I39: 0 | J39: 0 | K39: 0 | L39: 0 | M39: 0 | N39: 0 | O39: 12.384609 | P39: 1.0320722 | Q39: 0 | R39: 0 | S39: 0 | T39: 0.0010318143 | U39: 0.0041272571 | V39: 0 | W39: 0 | X39: 0
A40: Kerosene-type jet fuel (excluding biofuel portion) | B40: O4661XR5230B | C40: 10180.892 | D40: 10407.11 | E40: 9322.5809 | F40: 9992.5468 | G40: 10975.369 | H40: 11581.001 | I40: 11964.408 | J40: 12049.233 | K40: 12426.254 | L40: 12880.236 | M40: 12933.813 | N40: 12798.345 | O40: 13380.114 | P40: 13839.242 | Q40: 12632.841 | R40: 13456.434 | S40: 14761.504 | T40: 15805.831 | U40: 17756.565 | V40: 17808.027 | W40: 12033.095 | X40: 12580.731
A41: Other kerosene | B41: O4669 | C41: 642.64162 | D41: 582.01255 | E41: 690.64738 | F41: 577.24523 | G41: 574.16165 | H41: 838.87248 | I41: 583.64325 | J41: 508.22141 | K41: 551.53233 | L41: 619.60387 | M41: 968.64609 | N41: 1071.6666 | O41: 845.77429 | P41: 872.2945 | Q41: 855.96776 | R41: 1119.4466 | S41: 1411.3259 | T41: 1586.231 | U41: 1449.6561 | V41: 1327.0328 | W41: 1327.1202 | X41: 1215.8457
A42: Naphtha | B42: O4640 | C42: 21209.297 | D42: 19164.08 | E42: 18489.168 | F42: 19285.372 | G42: 23424 | H42: 21392.939 | I42: 20663.917 | J42: 19306.86 | K42: 20669.851 | L42: 19285.139 | M42: 19933.456 | N42: 20610.414 | O42: 20811.71 | P42: 21213.997 | Q42: 20289.809 | R42: 21893.076 | S42: 24469.616 | T42: 25473.979 | U42: 26962.932 | V42: 24166.82 | W42: 23287.537 | X42: 24011.422
A43: Gas oil and diesel oil (excluding biofuel portion) | B43: O4671XR5220B | C43: 59730.774 | D43: 64790.638 | E43: 65492.397 | F43: 65197.58 | G43: 68793.372 | H43: 75370.635 | I43: 78961.478 | J43: 77257.595 | K43: 80956.237 | L43: 82037.253 | M43: 83501.023 | N43: 83075.068 | O43: 93220.674 | P43: 94923.207 | Q43: 93601.245 | R43: 101528.22 | S43: 107508.9 | T43: 109381.3 | U43: 96942.028 | V43: 94529.829 | W43: 90111.085 | X43: 97051.453
A44: Fuel oil | B44: O4680 | C44: 38783.928 | D44: 36709.389 | E44: 35447.855 | F44: 38431.667 | G44: 45355.556 | H44: 53055.525 | I44: 53405.072 | J44: 55386.846 | K44: 53746.14 | L44: 51486.494 | M44: 59370.067 | N44: 61503.275 | O44: 62212.964 | P44: 64585.979 | Q44: 66686.127 | R44: 77041.427 | S44: 73714.486 | T44: 56851.982 | U44: 53226.505 | V44: 43881.112 | W44: 48048.191 | X44: 56830.203
A45: White spirit and special boiling point industrial spirits | B45: O4691 | C45: 783.52451 | D45: 762.97206 | E45: 844.56569 | F45: 798.68212 | G45: 787.05933 | H45: 794.89424 | I45: 975.24729 | J45: 787.6043 | K45: 831.59398 | L45: 878.40129 | M45: 1198.5552 | N45: 1666.0179 | O45: 1602.2624 | P45: 1225.7029 | Q45: 1338.7423 | R45: 1787.3167 | S45: 2332.4701 | T45: 2083.8786 | U45: 2273.8543 | V45: 2738.5674 | W45: 2476.6554 | X45: 2533.242
... A51: Natural gas | B51: G3000 | C51: 37600.868 | D51: 45232.942 | E51: 48109.009 | F51: 50281.907 | G51: 57167.259 | H51: 61354.443 | I51: 59164.77 | J51: 58795.871 | K51: 64455.073 | L51: 61272.364 | M51: 70163.962 | N51: 70222.095 | O51: 72408.897 | P51: 83385.841 | Q51: 77704.693 | R51: 78743.466 | S51: 70718.546 | T51: 55539.769 | U51: 27560.984 | V51: 33306.917 | W51: 26294 | X51: 26805.467
A52: Renewables and biofuels | B52: RA000 | C52: =SUM(C53:C70) -> 495.76432 | D52: =SUM(D53:D70) -> 715.23689 | E52: =SUM(E53:E70) -> 931.6951 | F52: =SUM(F53:F70) -> 1552.9376 | G52: =SUM(G53:G70) -> 1904.1837 | H52: =SUM(H53:H70) -> 2048.1409 | I52: =SUM(I53:I70) -> 2666.5227 | J52: =SUM(J53:J70) -> 3065.2207 | ... X52: =SUM(X53:X70) -> 15689.921
A53: Hydro | B53: RA100 | C53: 0 | D53: 0 | E53: 0 | F53: 0 | G53: 0 | H53: 0 | I53: 0 | J53: 0 | K53: 0 | L53: 0 | M53: 0 | N53: 0 | O53: 0 | P53: 0 | Q53: 0 | R53: 0 | S53: 0 | T53: 0 | U53: 0 | V53: 0 | W53: 0 | X53: 0
A54: Tide, wave, ocean | B54: RA500 | C54: 0 | D54: 0 | E54: 0 | F54: 0 | G54: 0 | H54: 0 | I54: 0 | J54: 0 | K54: 0 | L54: 0 | M54: 0 | N54: 0 | O54: 0 | P54: 0 | Q54: 0 | R54: 0 | S54: 0 | T54: 0 | U54: 0 | V54: 0 | W54: 0 | X54: 0
A55: Wind | B55: RA300 | C55: 0 | D55: 0 | E55: 0 | F55: 0 | G55: 0 | H55: 0 | I55: 0 | J55: 0 | K55: 0 | L55: 0 | M55: 0 | N55: 0 | O55: 0 | P55: 0 | Q55: 0 | R55: 0 | S55: 0 | T55: 0 | U55: 0 | V55: 0 | W55: 0 | X55: 0
A56: Solar photovoltaic | B56: RA420 | C56: 0 | D56: 0 | E56: 0 | F56: 0 | G56: 0 | H56: 0 | I56: 0 | J56: 0 | K56: 0 | L56: 0 | M56: 0 | N56: 0 | O56: 0 | P56: 0 | Q56: 0 | R56: 0 | S56: 0 | T56: 0 | U56: 0 | V56: 0 | W56: 0 | X56: 0
A57: Solar thermal | B57: RA410 | C57: 0 | D57: 0 | E57: 0 | F57: 0 | G57: 0 | H57: 0 | I57: 0 | J57: 0 | K57: 0 | L57: 0 | M57: 0 | N57: 0 | O57: 0 | P57: 0 | Q57: 0 | R57: 0 | S57: 0 | T57: 0 | U57: 0 | V57: 0 | W57: 0 | X57: 0
A58: Geothermal | B58: RA200 | C58: 0 | D58: 0 | E58: 0 | F58: 0 | G58: 0 | H58: 0 | I58: 0 | J58: 0 | K58: 0 | L58: 0 | M58: 0 | N58: 0 | O58: 0 | P58: 0 | Q58: 0 | R58: 0 | S58: 0 | T58: 0 | U58: 0 | V58: 0 | W58: 0 | X58: 0
A59: Primary solid biofuels | B59: R5110-5150_W6000RI | C59: 482.80301 | D59: 656.77842 | E59: 835.00525 | F59: 1392.376 | G59: 1662.2776 | H59: 1565.6796 | I59: 1870.5469 | J59: 2046.4098 | K59: 1991.6932 | L59: 2122.0647 | M59: 2607.8874 | N59: 2899.9095 | O59: 3275.9537 | P59: 3745.1049 | Q59: 4143.9248 | R59: 4367.1724 | S59: 4422.4542 | T59: 4381.6049 | U59: 4687.4358 | V59: 5154.5267 | W59: 5113.9299 | X59: 5796.6958
A60: Charcoal | B60: R5160 | C60: 12.897678 | D60: 14.330696 | E60: 17.196905 | F60: 23.78908 | G60: 26.58951 | H60: 47.801548 | I60: 42.738521 | J60: 54.0773 | K60: 51.366466 | L60: 61.92399 | M60: 55.937575 | N60: 71.123904 | O60: 95.101548 | P60: 82.146002 | Q60: 75.716767 | R60: 51.548409 | S60: 54.439209 | T60: 61.370249 | U60: 48.1546 | V60: 44.176698 | W60: 51.636801 | X60: 55.007137
A61: Biogases | B61: R5300 | C61: 0 | D61: 0 | E61: 0 | F61: 0 | G61: 0 | H61: 0 | I61: 0 | J61: 0 | K61: 0 | L61: 0 | M61: 0 | N61: 0 | O61: 0 | P61: 0 | Q61: 0 | R61: 0 | S61: 0 | T61: 0 | U61: 0 | V61: 0 | W61: 0 | X61: 0
A62: Renewable municipal waste | B62: W6210 | C62: 0 | D62: 0 | E62: 0 | F62: 0.023903697 | G62: 0 | H62: 0 | I62: 0.095528805 | J62: 0.023903697 | K62: 0 | L62: 0.023903697 | M62: 0.023903697 | N62: 29.97515 | O62: 35.325279 | P62: 34.60877 | Q62: 33.916165 | R62: 34.537145 | S62: 33.892261 | T62: 41.191402 | U62: 40.040155 | V62: 40.952537 | W62: 42.963629 | X62: 22.533792
A63: Pure biogasoline | B63: R5210P | C63: 0 | D63: 0 | E63: 0 | F63: 0 | G63: 7.3478074 | H63: 50.805073 | I63: 36.759071 | J63: 155.11737 | K63: 304.84832 | L63: 444.23723 | M63: 473.34428 | N63: 630.66492 | O63: 783.6141 | P63: 949.15297 | Q63: 894.65271 | R63: 1021.0418 | S63: 938.60903 | T63: 920.7417 | U63: 994.45357 | V63: 1053.7093 | W63: 1020.6583 | X63: 1020.3269
A64: Blended biogasoline | B64: R5210B | C64: 0 | D64: 0 | E64: 0 | F64: 0 | G64: 0 | H64: 0 | I64: 2.5716251 | J64: 7.6935512 | K64: 72.904643 | L64: 59.616939 | M64: 51.692691 | N64: 67.004041 | O64: 73.73491 | P64: 78.219948 | Q64: 72.718917 | R64: 83.751677 | S64: 126.51445 | T64: 135.00567 | U64: 179.73371 | V64: 195.69261 | W64: 248.28788 | X64: 203.81986
... A70: Ambient heat (heat pumps) | B70: RA600 | C70: 0 | D70: 0 | E70: 0 | F70: 0 | G70: 0 | H70: 0 | I70: 0 | J70: 0 | K70: 0 | L70: 0 | M70: 0 | N70: 0 | O70: 0 | P70: 0 | Q70: 0 | R70: 0 | S70: 0 | T70: 0 | U70: 0 | V70: 0 | W70: 0 | X70: 0
A71: Non-renewable waste | B71: W6100_6220 | C71: =SUM(C72:C73) -> 0 | D71: =SUM(D72:D73) -> 0.16715391 | E71: =SUM(E72:E73) -> 0 | F71: =SUM(F72:F73) -> 2.4840069 | G71: =SUM(G72:G73) -> 0.16715391 | H71: =SUM(H72:H73) -> 0 | I71: =SUM(I72:I73) -> 0.095528805 | J71: =SUM(J72:J73) -> 0.023903697 | ... X71: =SUM(X72:X73) -> 19.185727
A72: Industrial waste (non-renewable) | B72: W6100 | C72: 0 | D72: 0.16715391 | E72: 0 | F72: 2.4601032 | G72: 0.16715391 | H72: 0 | I72: 0 | J72: 0 | K72: 0 | L72: 0.023903697 | M72: 0 | N72: 0 | O72: 0 | P72: 17.411866 | Q72: 0 | R72: 0 | S72: 0 | T72: 0 | U72: 0 | V72: 0 | W72: 0 | X72: 0
A73: Non-renewable municipal waste | B73: W6220 | C73: 0 | D73: 0 | E73: 0 | F73: 0.023903697 | G73: 0 | H73: 0 | I73: 0.095528805 | J73: 0.023903697 | K73: 0 | L73: 0.023903697 | M73: 0.023903697 | N73: 25.532588 | O73: 27.801634 | P73: 28.303181 | Q73: 28.876526 | R73: 28.25546 | S73: 28.852623 | T73: 36.529063 | U73: 36.963801 | V73: 36.314101 | W73: 36.691488 | X73: 19.185727
A74: Nuclear heat | B74: N900H | C74: 0 | D74: 0 | E74: 0 | F74: 0 | G74: 0 | H74: 0 | I74: 0 | J74: 0 | K74: 0 | L74: 0 | M74: 0 | N74: 0 | O74: 0 | P74: 0 | Q74: 0 | R74: 0 | S74: 0 | T74: 0 | U74: 0 | V74: 0 | W74: 0 | X74: 0
A75: Heat | B75: H8000 | C75: 6.7593293 | D75: 7.2847807 | E75: 7.0459157 | F75: 6.9503869 | G75: 8.4551161 | H75: 9.1 | I75: 8.6700774 | J75: 8.0251935 | K75: 8.5029235 | L75: 8.0730009 | M75: 8.9328461 | N75: 7.9535684 | O75: 8.0968186 | P75: 5.827859 | Q75: 5.1352537 | R75: 5.3740327 | S75: 5.0874463 | T75: 4.9624248 | U75: 1.8146174 | V75: 1.7694755 | W75: 1.6419604 | X75: 1.7627687
A76: Electricity | B76: E7000 | C76: 20889.497 | D76: 21972.553 | E76: 23437.654 | F76: 25105.968 | G76: 24851.125 | H76: 27223.438 | I76: 26517.625 | J76: 26342.097 | K76: 25199.907 | L76: 23645.213 | M76: 24646.664 | N76: 27527.796 | O76: 29464.189 | P76: 28708.736 | Q76: 31703.383 | R76: 33904.88 | S76: 31115.925 | T76: 31911.438 | U76: 31255.181 | V76: 31512.272 | W76: 31560.323 | X76: 33887.223

Sheet STK_CHG
A1: Change in stock | B1: STK_CHG | C1: 2000 | D1: 2001 | E1: 2002 | F1: 2003 | G1: 2004 | H1: 2005 | I1: 2006 | J1: 2007 | K1: 2008 | L1: 2009 | M1: 2010 | N1: 2011 | O1: 2012 | P1: 2013 | Q1: 2014 | R1: 2015 | S1: 2016 | T1: 2017 | U1: 2018 | V1: 2019 | W1: 2020 | X1: 2021
A2: Total | B2: TOTAL | C2: =SUM(C3,C17,C22,C25,C26,C51,C52,C71,C74,C75,C76) -> -5503.1859 | D2: =SUM(D3,D17,D22,D25,D26,D51,D52,D71,D74,D75,D76) -> 10616.241 | E2: =SUM(E3,E17,E22,E25,E26,E51,E52,E71,E74,E75,E76) -> 3.9048151 | F2: =SUM(F3,F17,F22,F25,F26,F51,F52,F71,F74,F75,F76) -> 2063.3333 | G2: =SUM(G3,G17,G22,G25,G26,G51,G52,G71,G74,G75,G76) -> -4569.1306 | H2: =SUM(H3,H17,H22,H25,H26,H51,H52,H71,H74,H75,H76) -> -8643.3816 | I2: =SUM(I3,I17,I22,I25,I26,I51,I52,I71,I74,I75,I76) -> -9035.809 | J2: =SUM(J3,J17,J22,J25,J26,J51,J52,J71,J74,J75,J76) -> 13230.007 | ... X2: =SUM(X3,X17,X22,X25,X26,X51,X52,X71,X74,X75,X76) -> 50854.821
A3: Solid fossil fuels | B3: C0000X0350-0370 | C3: =SUM(C4,C8,C11) -> 4774.217 | D3: =SUM(D4,D8,D11) -> 3123.3412 | E3: =SUM(E4,E8,E11) -> 2160.0513 | F3: =SUM(F4,F8,F11) -> 4571.8482 | G3: =SUM(G4,G8,G11) -> -1763.3373 | H3: =SUM(H4,H8,H11) -> -1460.6891 | I3: =SUM(I4,I8,I11) -> 2350.4857 | J3: =SUM(J4,J8,J11) -> 4177.8063 | ... X3: =SUM(X4,X8,X11) -> 11260.429
A4: Hard coal | B4: C0100 | C4: =SUM(C5:C7) -> 2964.0469 | D4: =SUM(D5:D7) -> 3043.0545 | E4: =SUM(E5:E7) -> 921.35916 | F4: =SUM(F5:F7) -> 3699.9544 | G4: =SUM(G5:G7) -> -2094.5555 | H4: =SUM(H5:H7) -> -1469.02 | I4: =SUM(I5:I7) -> 1407.756 | J4: =SUM(J5:J7) -> 4489.5837 | ... X4: =SUM(X5:X7) -> 8881.1534
A5: Anthracite | B5: C0110 | C5: 0 | D5: 0 | E5: 31.795787 | F5: -80.4773 | G5: -170.56242 | H5: -245.07687 | I5: -286.90129 | J5: 3.0484953 | K5: -1223.905 | L5: -1643.3023 | M5: -1924.5779 | N5: 537.50499 | O5: 1153.2412 | P5: 886.76956 | Q5: 409.29037 | R5: 521.43439 | S5: 273.58684 | T5: 134.01367 | U5: 44.339725 | V5: -45.760619 | W5: -91.84712 | X5: -184.50146
A6: Coking coal | B6: C0121 | C6: 634.72683 | D6: -462.17326 | E6: -82.931642 | F6: 886.58478 | G6: -159.70671 | H6: -1070.0535 | I6: 799.72777 | J6: 17.188908 | K6: -809.01462 | L6: 2046.2561 | M6: -1146.2915 | N6: 348.57163 | O6: 2615.3277 | P6: 607.34488 | Q6: -145.65787 | R6: 455.7988 | S6: 443.69484 | T6: 198.64901 | U6: 879.66371 | V6: -475.2724 | W6: 869.90576 | X6: 210.15813
A7: Other bituminous coal | B7: C0129 | C7: 2329.3201 | D7: 3505.2278 | E7: 972.49501 | F7: 2893.8469 | G7: -1764.2863 | H7: -153.88968 | I7: 894.92949 | J7: 4469.3463 | K7: -5183.7086 | L7: -4050.6129 | M7: 7057.5133 | N7: -1829.7252 | O7: -5620.3304 | P7: 6078.6877 | Q7: -1014.2107 | R7: 2917.3025 | S7: 6022.8473 | T7: 877.41797 | U7: 860.23603 | V7: -1812.6118 | W7: 4750.7483 | X7: 8855.4967
A8: Brown coal | B8: C0200 | C8: =SUM(C9:C10) -> 1047.3693 | D8: =SUM(D9:D10) -> 99.223646 | E8: =SUM(E9:E10) -> -82.381857 | F8: =SUM(F9:F10) -> 653.72554 | G8: =SUM(G9:G10) -> 573.27524 | H8: =SUM(H9:H10) -> 887.18633 | I8: =SUM(I9:I10) -> 436.50129 | J8: =SUM(J9:J10) -> -125.93018 | ... X8: =SUM(X9:X10) -> 621.64807
A9: Sub-bituminous coal | B9: C0210 | C9: 250.31625 | D9: 26.926827 | E9: 80.1773 | F9: 75.376784 | G9: 21.731986 | H9: 201.73259 | I9: 41.915735 | J9: 85.008684 | K9: -231.26285 | L9: -256.21427 | M9: -527.75675 | N9: 156.73603 | O9: -44.084179 | P9: -58.167412 | Q9: 325.83869 | R9: 322.87868 | S9: 227.31788 | T9: 35.573861 | U9: -59.863887 | V9: 137.75271 | W9: 79.149871 | X9: 98.970077
A10: Lignite | B10: C0220 | C10: 797.05305 | D10: 72.296819 | E10: -162.55916 | F10: 578.34875 | G10: 551.54325 | H10: 685.45374 | I10: 394.58555 | J10: -210.93887 | K10: -563.32485 | L10: -192.3675 | M10: 667.80722 | N10: -107.78598 | O10: -189.84798 | P10: 299.66122 | Q10: 322.45494 | R10: -236.96277 | S10: 227.11402 | T10: -124.27971 | U10: 480.25572 | V10: -372.70301 | W10: 424.17016 | X10: 522.67799
A11: Coal products | B11: C0300 | C11: =SUM(C12:C16) -> 762.80077 | D11: =SUM(D12:D16) -> -18.936973 | E11: =SUM(E12:E16) -> 1321.074 | F11: =SUM(F12:F16) -> 218.16819 | G11: =SUM(G12:G16) -> -242.05709 | H11: =SUM(H12:H16) -> -878.85537 | I11: =SUM(I12:I16) -> 506.22846 | J11: =SUM(J12:J16) -> -185.84721 | ... X11: =SUM(X12:X16) -> 1757.6271
A12: Patent fuel | B12: C0320 | C12: -3.416767 | D12: -12.98951 | E12: 20.758469 | F12: 20.850129 | G12: 4.0009458 | H12: -8.9438521 | I12: -4.1766982 | J12: -1.549957 | K12: -1.9827171 | L12: -2.5739467 | M12: 1.5763543 | N12: -2.4509028 | O12: 3.022356 | P12: -1.6619089 | Q12: 0.52545142 | R12: 0 | S12: 0.74952709 | T12: -0.86534824 | U12: -2.6459157 | V12: 3.316853 | W12: 0.26706793 | X12: 0.045657782
A13: Coke oven coke | B13: C0311 | C13: 750.59054 | D13: -2.7987962 | E13: 1302.7287 | F13: 203.55623 | G13: -222.30525 | H13: -873.89243 | I13: 526.03568 | J13: -176.89132 | K13: -917.20688 | L13: 747.3552 | M13: -67.984351 | N13: -26.489768 | O13: 6.7466036 | P13: -39.674549 | Q13: 203.87954 | R13: -175.89166 | S13: -55.550301 | T13: -36.608512 | U13: -476.64024 | V13: -452.25899 | W13: 279.33792 | X13: 1760.5718
A14: Gas coke | B14: C0312 | C14: 0 | D14: 0 | E14: 0 | F14: 0 | G14: 0 | H14: 0 | I14: 0 | J14: 0 | K14: 0 | L14: 0 | M14: 0 | N14: 0 | O14: 0 | P14: 0 | Q14: 0 | R14: 0 | S14: 0 | T14: 0 | U14: 0 | V14: 0 | W14: 0 | X14: 0
A15: Coal tar | B15: C0340 | C15: -1.0007739 | D15: 0 | E15: 0 | F15: 0 | G15: -9.7034394 | H15: 19.636973 | I15: -3.8698194 | J15: -12.828375 | K15: 23.793723 | L15: -3.4294927 | M15: 17.303955 | N15: -8.3714531 | O15: -4.9795357 | P15: 0.84711952 | Q15: 1.4759243 | R15: 9.9031814 | S15: -2.9674119 | T15: 3.6007739 | U15: -11.385297 | V15: 3.2128117 | W15: 3.239123 | X15: -17.244884
A16: Brown coal briquettes | B16: C0330 | C16: 16.627773 | D16: -3.1486672 | E16: -2.4131556 | F16: -6.2381771 | G16: -14.049355 | H16: -15.656062 | I16: -11.760705 | J16: 5.422442 | K16: -24.714015 | L16: -13.061823 | M16: 20.132158 | N16: 52.415735 | O16: -6.1429923 | P16: 45.485985 | Q16: 22.106879 | R16: 21.044024 | S16: 20.463199 | T16: -37.675064 | U16: -103.04256 | V16: -66.79742 | W16: 9.8956148 | X16: 14.254514
A17: Manufactured gases | B17: C0350-0370 | C17: =SUM(C18:C21) -> 0 | D17: =SUM(D18:D21) -> 0 | E17: =SUM(E18:E21) -> 0 | F17: =SUM(F18:F21) -> 0 | G17: =SUM(G18:G21) -> 0 | H17: =SUM(H18:H21) -> 0 | I17: =SUM(I18:I21) -> 0 | J17: =SUM(J18:J21) -> 0 | ... X17: =SUM(X18:X21) -> 0
A18: Gas works gas | B18: C0360 | C18: 0 | D18: 0 | E18: 0 | F18: 0 | G18: 0 | H18: 0 | I18: 0 | J18: 0 | K18: 0 | L18: 0 | M18: 0 | N18: 0 | O18: 0 | P18: 0 | Q18: 0 | R18: 0 | S18: 0 | T18: 0 | U18: 0 | V18: 0 | W18: 0 | X18: 0
A19: Coke oven gas | B19: C0350 | C19: 0 | D19: 0 | E19: 0 | F19: 0 | G19: 0 | H19: 0 | I19: 0 | J19: 0 | K19: 0 | L19: 0 | M19: 0 | N19: 0 | O19: 0 | P19: 0 | Q19: 0 | R19: 0 | S19: 0 | T19: 0 | U19: 0 | V19: 0 | W19: 0 | X19: 0
A20: Blast furnace gas | B20: C0371 | C20: 0 | D20: 0 | E20: 0 | F20: 0 | G20: 0 | H20: 0 | I20: 0 | J20: 0 | K20: 0 | L20: 0 | M20: 0 | N20: 0 | O20: 0 | P20: 0 | Q20: 0 | R20: 0 | S20: 0 | T20: 0 | U20: 0 | V20: 0 | W20: 0 | X20: 0
A21: Other recovered gases | B21: C0379 | C21: 0 | D21: 0 | E21: 0 | F21: 0 | G21: 0 | H21: 0 | I21: 0 | J21: 0 | K21: 0 | L21: 0 | M21: 0 | N21: 0 | O21: 0 | P21: 0 | Q21: 0 | R21: 0 | S21: 0 | T21: 0 | U21: 0 | V21: 0 | W21: 0 | X21: 0
A22: Peat and peat products | B22: P1000 | C22: =SUM(C23:C24) -> 193.08169 | D22: =SUM(D23:D24) -> 422.42588 | E22: =SUM(E23:E24) -> 460.57403 | F22: =SUM(F23:F24) -> 255.47515 | G22: =SUM(G23:G24) -> 765.24222 | H22: =SUM(H23:H24) -> -573.02287 | I22: =SUM(I23:I24) -> -1028.8985 | J22: =SUM(J23:J24) -> 1546.5172 | ... X22: =SUM(X23:X24) -> 884.11591
A23: Peat | B23: P1100 | C23: 182.77102 | D23: 426.76836 | E23: 455.56225 | F23: 272.37008 | G23: 747.21049 | H23: -577.14729 | I23: -1017.0043 | J23: 1555.2036 | K23: 1277.0723 | L23: 40.139897 | M23: 130.09175 | N23: 271.77549 | O23: 1368.5942 | P23: -1282.2543 | Q23: -509.42046 | R23: 515.33104 | S23: 737.59252 | T23: 536.892 | U23: -584.72975 | V23: 664.27257 | W23: 920.8061 | X23: 884.74721
A24: Peat products | B24: P1200 | C24: 10.310662 | D24: -4.3424764 | E24: 5.0117799 | F24: -16.894927 | G24: 18.031728 | H24: 4.1244196 | I24: -11.894239 | J24: -8.6864144 | K24: 29.191058 | L24: -7.7456578 | M24: -12.148409 | N24: -4.872313 | O24: 9.5768702 | P24: -11.888134 | Q24: -4.1114359 | R24: 18.032588 | S24: -7.9348237 | T24: -6.5503009 | U24: 13.40834 | V24: 7.960963 | W24: 7.8673259 | X24: -0.63129837
A25: Oil shale and oil sands | B25: S2000 | C25: -195.60258 | D25: -147.83379 | E25: -213.40739 | F25: -371.55426 | G25: -137.92597 | H25: 69.500602 | I25: 36.849785 | J25: 379.67309 | K25: -36.404901 | L25: -365.32958 | M25: 134.72158 | N25: 62.973517 | O25: -221.54566 | P25: -13.606105 | Q25: -82.635512 | R25: -334.12451 | S25: 505.75658 | T25: 55.605761 | U25: -107.62949 | V25: -130.87094 | W25: -23.849441 | X25: 297.46801
A26: Oil and petroleum products | B26: O4000XBIO | C26: =SUM(C27,C33) -> -3886.5345 | D26: =SUM(D27,D33) -> 1648.7641 | E26: =SUM(E27,E33) -> 3250.6426 | F26: =SUM(F27,F33) -> -4096.9646 | G26: =SUM(G27,G33) -> -889.40413 | H26: =SUM(H27,H33) -> -7057.0764 | I26: =SUM(I27,I33) -> -3524.5715 | J26: =SUM(J27,J33) -> 1869.9442 | ... X26: =SUM(X27,X33) -> 20211.452
A27: Crude oil, NGL, refinery feedstocks, additives and oxygenates and other hydrocarbons (excluding biofuel portion) | B27: O4100_TOT_4200-4500XBIO | C27: =SUM(C28:C32) -> 1122.0451 | D27: =SUM(D28:D32) -> -1779.4697 | E27: =SUM(E28:E32) -> 319.98848 | F27: =SUM(F28:F32) -> -2622.7279 | G27: =SUM(G28:G32) -> -3064.0933 | H27: =SUM(H28:H32) -> 317.46303 | I27: =SUM(I28:I32) -> -1839.9205 | J27: =SUM(J28:J32) -> -462.32107 | ... X27: =SUM(X28:X32) -> 5919.7412
A28: Crude oil | B28: O4100_TOT | C28: 1459.3375 | D28: -2116.188 | E28: 753.43895 | F28: -2005.2469 | G28: -2723.2879 | H28: 266.57635 | I28: -2236.7776 | J28: 49.51006 | K28: -2556.8914 | L28: 226.41943 | M28: 319.28968 | N28: 2629.1354 | O28: -1468.0017 | P28: -1724.8438 | Q28: 752.1969 | R28: -4215.7276 | S28: 2983.0899 | T28: 1300.9684 | U28: 1379.1604 | V28: -2744.5447 | W28: -397.85245 | X28: 4980.7197
A29: Natural gas liquids | B29: O4200 | C29: -102.25709 | D29: -28.143938 | E29: -54.315735 | F29: -114.26432 | G29: 221.62992 | H29: -37.019776 | I29: 60.478848 | J29: -180.6644 | K29: 220.08134 | L29: -7.7236457 | M29: -225.92855 | N29: 161.25985 | O29: -45.115133 | P29: 193.22932 | Q29: -55.147721 | R29: -83.875752 | S29: -28.22141 | T29: 119.70361 | U29: -201.4233 | V29: 254.39218 | W29: -397.41462 | X29: 168.15262
A30: Refinery feedstocks | B30: O4300 | C30: -232.54084 | D30: 487.52081 | E30: -485.28272 | F30: -479.1178 | G30: -529.76019 | H30: 47.851849 | I30: 427.4503 | J30: -311.0055 | K30: -497.15537 | L30: 849.38186 | M30: -381.20258 | N30: 489.7632 | O30: 627.18306 | P30: -540.86879 | Q30: 358.99037 | R30: -8.3754084 | S30: 99.062081 | T30: 403.25701 | U30: 211.72433 | V30: -647.24282 | W30: -22.543508 | X30: 560.01221
A31: Additives and oxygenates (excluding biofuel portion) | B31: O4400X4410 | C31: -8.5514187 | D31: -48.972743 | E31: -11.403697 | F31: -41.469733 | G31: -72.368702 | H31: -10.037403 | I31: -73.557868 | J31: -66.454858 | K31: -35.935512 | L31: 28.501806 | M31: 108.10292 | N31: 62.121496 | O31: -35.483921 | P31: -61.944626 | Q31: 15.07773 | R31: -29.118315 | S31: 4.2744626 | T31: 11.342046 | U31: -246.82296 | V31: 96.329837 | W31: -112.87051 | X31: 210.80404
A32: Other hydrocarbons | B32: O4500 | C32: 6.0569218 | D32: -73.685813 | E32: 117.55168 | F32: 17.370851 | G32: 39.693551 | H32: 50.092003 | I32: -17.514101 | J32: 46.293637 | K32: 1.4153912 | L32: 0.93989682 | M32: 3.0249355 | N32: 1.8952709 | O32: 0 | P32: 1.9107481 | Q32: 0 | R32: 0 | S32: 0 | T32: 0.010318143 | U32: 0.13817713 | V32: 0.0018916595 | W32: 0.0028374893 | X32: 0.052622528
A33: Oil products (excluding biofuel portion) | B33: O4600XBIO | C33: =SUM(C34:C50) -> -5008.5795 | D33: =SUM(D34:D50) -> 3428.2339 | E33: =SUM(E34:E50) -> 2930.6541 | F33: =SUM(F34:F50) -> -1474.2366 | G33: =SUM(G34:G50) -> 2174.6892 | H33: =SUM(H34:H50) -> -7374.5395 | I33: =SUM(I34:I50) -> -1684.6511 | J33: =SUM(J34:J50) -> 2332.2653 | ... X33: =SUM(X34:X50) -> 14291.711
A34: Refinery gas | B34: O4610 | C34: 0 | D34: 0 | E34: 0 | F34: 0 | G34: 0 | H34: 0 | I34: 0 | J34: 0 | K34: 0 | L34: 0 | M34: 0 | N34: 0 | O34: 0 | P34: 0 | Q34: 0 | R34: 0 | S34: 0 | T34: 0 | U34: 0 | V34: 0 | W34: 0 | X34: 0
A35: Ethane | B35: O4620 | C35: -4.4330181 | D35: 0 | E35: -1.1082545 | F35: -1.1082545 | G35: 1.1082545 | H35: 2.216509 | I35: -1.1082545 | J35: 1.1082545 | K35: -1.1082545 | L35: 0 | M35: 0 | N35: 2.216509 | O35: -3.3247635 | P35: 3.3247635 | Q35: -2.216509 | R35: 0 | S35: -17.7319 | T35: 16.625107 | U35: -15.454686 | V35: -1.6203783 | W35: -3.9091144 | X35: 16.165176
A36: Liquefied petroleum gases | B36: O4630 | C36: -184.38169 | D36: -118.94179 | E36: 316.1834 | F36: -2.4625967 | G36: 68.401118 | H36: -91.876698 | I36: -50.661651 | J36: 118.95494 | K36: -354.36836 | L36: -28.227945 | M36: 55.8319 | N36: -560.15555 | O36: 377.39114 | P36: 181.8405 | Q36: -340.35881 | R36: 67.257438 | S36: 170.71608 | T36: 45.920378 | U36: -11.891831 | V36: 84.95331 | W36: 133.14205 | X36: 104.72244
A37: Motor gasoline (excluding biofuel portion) | B37: O4652XR5210B | C37: -170.74557 | D37: 75.341531 | E37: 1604.816 | F37: -561.65254 | G37: 797.65993 | H37: -1077.2398 | I37: 454.87971 | J37: 298.1196 | K37: 1435.9439 | L37: 81.469819 | M37: 281.28401 | N37: 335.73809 | O37: 494.62932 | P37: -343.55907 | Q37: 115.592 | R37: 150.26655 | S37: -622.08684 | T37: 386.85451 | U37: 637.78401 | V37: -107.29166 | W37: -920.25168 | X37: 1226.8882
A38: Aviation gasoline | B38: O4651 | C38: -1.0199484 | D38: -12.656406 | E38: 8.416853 | F38: -6.2909716 | G38: 11.560275 | H38: 3.5810834 | I38: -6.0620808 | J38: -4.8952709 | K38: -1.6914875 | L38: 4.0060189 | M38: 12.751763 | N38: -13.461737 | O38: 11.045658 | P38: 4.0203783 | Q38: 4.8796217 | R38: -2.2823732 | S38: -15.760705 | T38: 2.6963887 | U38: 18.138091 | V38: 0.76964746 | W38: 3.8171109 | X38: -0.53465176
A39: Gasoline-type jet fuel | B39: O4653 | C39: -1.027515 | D39: 7.3913156 | E39: 1.0581255 | F39: 1.0428203 | G39: 1.0581255 | H39: -1.0581255 | I39: -7.4066208 | J39: 9.5227859 | K39: 1.0581255 | L39: 0 | M39: 0 | N39: 0 | O39: 0 | P39: 0 | Q39: 0 | R39: 0 | S39: 0 | T39: 0 | U39: 0 | V39: 0 | W39: 0 | X39: 0
A40: Kerosene-type jet fuel (excluding biofuel portion) | B40: O4661XR5230B | C40: -576.42313 | D40: 101.41316 | E40: -7.7101462 | F40: -133.00525 | G40: 14.25374 | H40: -444.03551 | I40: -337.56621 | J40: 467.99768 | K40: -829.98246 | L40: -279.8896 | M40: -186.78942 | N40: 180.9399 | O40: 554.74308 | P40: -629.06303 | Q40: 36.706707 | R40: -1105.4291 | S40: -48.534136 | T40: 657.96268 | U40: -444.76905 | V40: -383.71694 | W40: -1082.7116 | X40: 2051.7041
A41: Other kerosene | B41: O4669 | C41: -121.81496 | D41: 43.529923 | E41: 31.207395 | F41: 21.455374 | G41: -59.941445 | H41: 26.814445 | I41: -135.61496 | J41: -86.617627 | K41: 100.72038 | L41: -82.742562 | M41: 144.48934 | N41: 4.4660361 | O41: 52.699484 | P41: -148.12588 | Q41: 75.067928 | R41: -26.863715 | S41: 1.8310404 | T41: 17.476698 | U41: -127.35873 | V41: 50.268788 | W41: -54.081341 | X41: 491.32803
A42: Naphtha | B42: O4640 | C42: -289.88263 | D42: 437.26113 | E42: 364.08607 | F42: -232.51169 | G42: -182.66965 | H42: -9.2413586 | I42: -45.008426 | J42: -154.68083 | K42: -279.55107 | L42: 13.391316 | M42: 44.381857 | N42: 292.28831 | O42: 157.92571 | P42: 28.275408 | Q42: -181.73353 | R42: 440.26328 | S42: -112.25099 | T42: -1100.9924 | U42: -211.47558 | V42: -176.88487 | W42: -155.49768 | X42: 2268.9929
A43: Gas oil and diesel oil (excluding biofuel portion) | B43: O4671XR5220B | C43: -2452.2184 | D43: -108.14222 | E43: 1265.824 | F43: -749.52261 | G43: 561.77283 | H43: -5111.2156 | I43: -1643.3508 | J43: 2018.679 | K43: -2116.8641 | L43: -2413.6844 | M43: 830.61556 | N43: 1591.9105 | O43: 1442.1748 | P43: -832.10808 | Q43: -191.94807 | R43: -6482.0307 | S43: -833.32683 | T43: 4881.5565 | U43: 2925.5518 | V43: -1863.8951 | W43: -4908.017 | X43: 6442.4058
A44: Fuel oil | B44: O4680 | C44: 35.924506 | D44: 3210.9773 | E44: -1024.9236 | F44: -157.88332 | G44: 1124.4525 | H44: -644.35821 | I44: -160.99054 | J44: 250.77163 | K44: 534.87429 | L44: 613.34428 | M44: 349.39441 | N44: 871.77042 | O44: 43.269304 | P44: 2068.5389 | Q44: 824.78392 | R44: -608.82975 | S44: 817.3331 | T44: 2184.1929 | U44: 335.71797 | V44: -476.71109 | W44: -1143.0123 | X44: 1867.569
A45: White spirit and special boiling point industrial spirits | B45: O4691 | C45: -22.977042 | D45: -4.0846948 | E45: 31.522614 | F45: -0.88134136 | G45: 14.87558 | H45: 0.27987962 | I45: -10.488564 | J45: -19.16767 | K45: -19.569218 | L45: 39.536371 | M45: 1.066724 | N45: -50.241015 | O45: 17.942992 | P45: 31.284523 | Q45: 22.804557 | R45: -99.706363 | S45: -4.5641445 | T45: 62.104299 | U45: -44.537661 | V45: -9.7912296 | W45: -15.234566 | X45: 20.86939
... A51: Natural gas | B51: G3000 | C51: -6445.7945 | D51: 5423.6077 | E51: -5741.36 | F51: 1740.5867 | G51: -2518.264 | H51: 438.56922 | I51: -6791.1218 | J51: 5452.6316 | K51: -3177.9414 | L51: -4177.3912 | M51: 7465.9419 | N51: -8236.2351 | O51: 1298.4929 | P51: 2483.6756 | Q51: -6235.5746 | R51: 3145.1321 | S51: 4733.5698 | T51: -928.45512 | U51: -4930.9457 | V51: -17513.329 | W51: 12455.898 | X51: 17589.126
A52: Renewables and biofuels | B52: RA000 | C52: =SUM(C53:C70) -> 52.980567 | D52: =SUM(D53:D70) -> 144.07291 | E52: =SUM(E53:E70) -> 81.289854 | F52: =SUM(F53:F70) -> -37.610404 | G52: =SUM(G53:G70) -> -25.728031 | H52: =SUM(H53:H70) -> -60.376354 | I52: =SUM(I53:I70) -> -78.28994 | J52: =SUM(J53:J70) -> -195.58598 | ... X52: =SUM(X53:X70) -> 608.27696
A53: Hydro | B53: RA100 | C53: 0 | D53: 0 | E53: 0 | F53: 0 | G53: 0 | H53: 0 | I53: 0 | J53: 0 | K53: 0 | L53: 0 | M53: 0 | N53: 0 | O53: 0 | P53: 0 | Q53: 0 | R53: 0 | S53: 0 | T53: 0 | U53: 0 | V53: 0 | W53: 0 | X53: 0
A54: Tide, wave, ocean | B54: RA500 | C54: 0 | D54: 0 | E54: 0 | F54: 0 | G54: 0 | H54: 0 | I54: 0 | J54: 0 | K54: 0 | L54: 0 | M54: 0 | N54: 0 | O54: 0 | P54: 0 | Q54: 0 | R54: 0 | S54: 0 | T54: 0 | U54: 0 | V54: 0 | W54: 0 | X54: 0
A55: Wind | B55: RA300 | C55: 0 | D55: 0 | E55: 0 | F55: 0 | G55: 0 | H55: 0 | I55: 0 | J55: 0 | K55: 0 | L55: 0 | M55: 0 | N55: 0 | O55: 0 | P55: 0 | Q55: 0 | R55: 0 | S55: 0 | T55: 0 | U55: 0 | V55: 0 | W55: 0 | X55: 0
A56: Solar photovoltaic | B56: RA420 | C56: 0 | D56: 0 | E56: 0 | F56: 0 | G56: 0 | H56: 0 | I56: 0 | J56: 0 | K56: 0 | L56: 0 | M56: 0 | N56: 0 | O56: 0 | P56: 0 | Q56: 0 | R56: 0 | S56: 0 | T56: 0 | U56: 0 | V56: 0 | W56: 0 | X56: 0
A57: Solar thermal | B57: RA410 | C57: 0 | D57: 0 | E57: 0 | F57: 0 | G57: 0 | H57: 0 | I57: 0 | J57: 0 | K57: 0 | L57: 0 | M57: 0 | N57: 0 | O57: 0 | P57: 0 | Q57: 0 | R57: 0 | S57: 0 | T57: 0 | U57: 0 | V57: 0 | W57: 0 | X57: 0
A58: Geothermal | B58: RA200 | C58: 0 | D58: 0 | E58: 0 | F58: 0 | G58: 0 | H58: 0 | I58: 0 | J58: 0 | K58: 0 | L58: 0 | M58: 0 | N58: 0 | O58: 0 | P58: 0 | Q58: 0 | R58: 0 | S58: 0 | T58: 0 | U58: 0 | V58: 0 | W58: 0 | X58: 0
A59: Primary solid biofuels | B59: R5110-5150_W6000RI | C59: -11.894497 | D59: 80.682029 | E59: 25.293723 | F59: -18.797163 | G59: -32.674205 | H59: -57.77687 | I59: -67.804041 | J59: -43.764488 | K59: -61.767068 | L59: -145.11092 | M59: 106.70043 | N59: -185.84764 | O59: -76.638951 | P59: 126.18065 | Q59: -66.66638 | R59: -51.882201 | S59: 9.3704213 | T59: 141.79888 | U59: -228.30026 | V59: -64.462081 | W59: -195.55856 | X59: 243.83104
A60: Charcoal | B60: R5160 | C60: 0 | D60: 0 | E60: 0 | F60: 0 | G60: 0 | H60: 0 | I60: 0 | J60: -0.71650903 | K60: 0 | L60: -0.71650903 | M60: 0.71650903 | N60: 0 | O60: 0 | P60: 0 | Q60: -1.4039553 | R60: -1.433104 | S60: -0.66878762 | T60: 0.4600172 | U60: -0.21298366 | V60: -1.9307825 | W60: -2.000086 | X60: 2.6042992
A61: Biogases | B61: R5300 | C61: 0 | D61: 0 | E61: 0 | F61: 0 | G61: 0 | H61: 0 | I61: 0 | J61: 0 | K61: 0 | L61: 0 | M61: 0 | N61: 0 | O61: 0 | P61: 0 | Q61: 0 | R61: 0 | S61: 0 | T61: 0 | U61: 0 | V61: 0 | W61: 0 | X61: 0
A62: Renewable municipal waste | B62: W6210 | C62: 0.095528805 | D62: 0 | E62: 0 | F62: 0 | G62: 0 | H62: 0 | I62: 0.071625107 | J62: 0 | K62: -0.16715391 | L62: 0.38211522 | M62: -0.16715391 | N62: -0.19105761 | O62: -0.047807395 | P62: -0.04772141 | Q62: 0.047807395 | R62: 0.21496131 | S62: -1.9585555 | T62: 0.99707653 | U62: -2.9144454 | V62: -3.2926053 | W62: 3.5628547 | X62: 1.6504729
A63: Pure biogasoline | B63: R5210P | C63: -0.96732588 | D63: -4.8674119 | E63: -1.872313 | F63: -2.6407567 | G63: -0.4749785 | H63: 5.194411 | I63: -4.8982803 | J63: -28.517283 | K63: 0.59036973 | L63: 0.20868444 | M63: 0.47214101 | N63: -11.518573 | O63: -0.60739467 | P63: -16.914359 | Q63: 35.21049 | R63: 25.570851 | S63: -22.566552 | T63: -0.82949269 | U63: 2.6183147 | V63: -20.968444 | W63: -106.36698 | X63: 1.9932932
A64: Blended biogasoline | B64: R5210B | C64: 0 | D64: 0 | E64: 0 | F64: 0 | G64: 0 | H64: 0 | I64: -4.4138435 | J64: -6.9906277 | K64: -4.2031814 | L64: -3.7621668 | M64: 0.087188306 | N64: 0.3177988 | O64: -2.2107481 | P64: 11.609458 | Q64: -5.6340499 | R64: -40.549871 | S64: -6.4239037 | T64: 27.421324 | U64: -39.650817 | V64: -12.353138 | W64: -4.0204643 | X64: 7.7755804
... A70: Ambient heat (heat pumps) | B70: RA600 | C70: 0 | D70: 0 | E70: 0 | F70: 0 | G70: 0 | H70: 0 | I70: 0 | J70: 0 | K70: 0 | L70: 0 | M70: 0 | N70: 0 | O70: 0 | P70: 0 | Q70: 0 | R70: 0 | S70: 0 | T70: 0 | U70: 0 | V70: 0 | W70: 0 | X70: 0
A71: Non-renewable waste | B71: W6100_6220 | C71: =SUM(C72:C73) -> 4.4663801 | D71: =SUM(D72:D73) -> 1.8630267 | E71: =SUM(E72:E73) -> 6.1144454 | F71: =SUM(F72:F73) -> 1.5525365 | G71: =SUM(G72:G73) -> 0.28658641 | H71: =SUM(H72:H73) -> -0.2866724 | I71: =SUM(I72:I73) -> -0.26268272 | J71: =SUM(J72:J73) -> -0.97936371 | ... X71: =SUM(X72:X73) -> 3.9528805
A72: Industrial waste (non-renewable) | B72: W6100 | C72: 4.3708512 | D72: 1.8630267 | E72: 6.1144454 | F72: 1.5525365 | G72: 0.28658641 | H72: -0.2866724 | I72: -0.26268272 | J72: -0.97936371 | K72: -2.4123818 | L72: 0.047807395 | M72: -0.071625107 | N72: 0.54935512 | O72: 1.5525365 | P72: 3.1288908 | Q72: 1.6718831 | R72: 0.52545142 | S72: -1.3852966 | T72: -3.2098022 | U72: -4.3850387 | V72: 5.0760103 | W72: -0.63645744 | X72: 1.6981083
A73: Non-renewable municipal waste | B73: W6220 | C73: 0.095528805 | D73: 0 | E73: 0 | F73: 0 | G73: 0 | H73: 0 | I73: 0 | J73: 0 | K73: -0.1433362 | L73: 0.238865 | M73: -0.45382631 | N73: -2.1735168 | O73: -2.8662081 | P73: -2.7466896 | Q73: 3.8931212 | R73: 0.59707653 | S73: 1.2419604 | T73: 0.53396389 | U73: -0.023645744 | V73: -1.2036973 | W73: -1.9920034 | X73: 2.2547721
A74: Nuclear heat | B74: N900H | C74: 0 | D74: 0 | E74: 0 | F74: 0 | G74: 0 | H74: 0 | I74: 0 | J74: 0 | K74: 0 | L74: 0 | M74: 0 | N74: 0 | O74: 0 | P74: 0 | Q74: 0 | R74: 0 | S74: 0 | T74: 0 | U74: 0 | V74: 0 | W74: 0 | X74: 0
A75: Heat | B75: H8000 | C75: 0 | D75: 0 | E75: 0 | F75: 0 | G75: 0 | H75: 0 | I75: 0 | J75: 0 | K75: 0 | L75: 0 | M75: 0 | N75: 0 | O75: 0 | P75: 0 | Q75: 0 | R75: 0 | S75: 0 | T75: 0 | U75: 0 | V75: 0 | W75: 0 | X75: 0
A76: Electricity | B76: E7000 | C76: 0 | D76: 0 | E76: 0 | F76: 0 | G76: 0 | H76: 0 | I76: 0 | J76: 0 | K76: 0 | L76: 0 | M76: 0 | N76: 0 | O76: 0 | P76: 0 | Q76: 0 | R76: 0 | S76: 0 | T76: 0 | U76: 0 | V76: 0 | W76: 0 | X76: 0

Sheet GAE
A1: Gross available energy | B1: GAE | C1: 2000 | D1: 2001 | E1: 2002 | F1: 2003 | G1: 2004 | H1: 2005 | I1: 2006 | J1: 2007 | K1: 2008 | L1: 2009 | M1: 2010 | N1: 2011 | O1: 2012 | P1: 2013 | Q1: 2014 | R1: 2015 | S1: 2016 | T1: 2017 | U1: 2018 | V1: 2019 | W1: 2020 | X1: 2021
A2: Total | B2: TOTAL | C2: =SUM(C3,C17,C22,C25,C26,C51,C52,C71,C74,C75,C76) -> 1538534.9 | D2: =SUM(D3,D17,D22,D25,D26,D51,D52,D71,D74,D75,D76) -> 1577717.8 | E2: =SUM(E3,E17,E22,E25,E26,E51,E52,E71,E74,E75,E76) -> 1580939.9 | F2: =SUM(F3,F17,F22,F25,F26,F51,F52,F71,F74,F75,F76) -> 1619949.4 | G2: =SUM(G3,G17,G22,G25,G26,G51,G52,G71,G74,G75,G76) -> 1643206.2 | H2: =SUM(H3,H17,H22,H25,H26,H51,H52,H71,H74,H75,H76) -> 1650988.9 | I2: =SUM(I3,I17,I22,I25,I26,I51,I52,I71,I74,I75,I76) -> 1667952.6 | J2: =SUM(J3,J17,J22,J25,J26,J51,J52,J71,J74,J75,J76) -> 1649189.3 | ... X2: =SUM(X3,X17,X22,X25,X26,X51,X52,X71,X74,X75,X76) -> 1462342.2
A3: Solid fossil fuels | B3: C0000X0350-0370 | C3: =SUM(C4,C8,C11) -> 279028.25 | D3: =SUM(D4,D8,D11) -> 278228.15 | E3: =SUM(E4,E8,E11) -> 278119.46 | F3: =SUM(F4,F8,F11) -> 285424.8 | G3: =SUM(G4,G8,G11) -> 283903.62 | H3: =SUM(H4,H8,H11) -> 274253.82 | I3: =SUM(I4,I8,I11) -> 281811.85 | J3: =SUM(J4,J8,J11) -> 282736.26 | ... X3: =SUM(X4,X8,X11) -> 163365.54
A4: Hard coal | B4: C0100 | C4: =SUM(C5:C7) -> 182691.01 | D4: =SUM(D5:D7) -> 179971.52 | E4: =SUM(E5:E7) -> 178633.09 | F4: =SUM(F5:F7) -> 185672.99 | G4: =SUM(G5:G7) -> 186926.04 | H4: =SUM(H5:H7) -> 180536.02 | I4: =SUM(I5:I7) -> 188734.86 | J4: =SUM(J5:J7) -> 189256.56 | ... X4: =SUM(X5:X7) -> 103690.5
A5: Anthracite | B5: C0110 | C5: =PPRD!C5+RCV_RCY!C5+IMP!C5-EXP!C5+STK_CHG!C5 -> 94.865692 | D5: =PPRD!D5+RCV_RCY!D5+IMP!D5-EXP!D5+STK_CHG!D5 -> 93.009974 | E5: =PPRD!E5+RCV_RCY!E5+IMP!E5-EXP!E5+STK_CHG!E5 -> 326.16647 | F5: =PPRD!F5+RCV_RCY!F5+IMP!F5-EXP!F5+STK_CHG!F5 -> 2929.9782 | G5: =PPRD!G5+RCV_RCY!G5+IMP!G5-EXP!G5+STK_CHG!G5 -> 5347.4648 | H5: =PPRD!H5+RCV_RCY!H5+IMP!H5-EXP!H5+STK_CHG!H5 -> 5337.2917 | I5: =PPRD!I5+RCV_RCY!I5+IMP!I5-EXP!I5+STK_CHG!I5 -> 4676.51 | J5: =PPRD!J5+RCV_RCY!J5+IMP!J5-EXP!J5+STK_CHG!J5 -> 5537.0926 | ... X5: =PPRD!X5+RCV_RCY!X5+IMP!X5-EXP!X5+STK_CHG!X5 -> 1981.641
A6: Coking coal | B6: C0121 | C6: =PPRD!C6+RCV_RCY!C6+IMP!C6-EXP!C6+STK_CHG!C6 -> 56377.294 | D6: =PPRD!D6+RCV_RCY!D6+IMP!D6-EXP!D6+STK_CHG!D6 -> 54215.721 | E6: =PPRD!E6+RCV_RCY!E6+IMP!E6-EXP!E6+STK_CHG!E6 -> 52628.36 | F6: =PPRD!F6+RCV_RCY!F6+IMP!F6-EXP!F6+STK_CHG!F6 -> 52981.828 | G6: =PPRD!G6+RCV_RCY!G6+IMP!G6-EXP!G6+STK_CHG!G6 -> 55260.621 | H6: =PPRD!H6+RCV_RCY!H6+IMP!H6-EXP!H6+STK_CHG!H6 -> 51795.754 | I6: =PPRD!I6+RCV_RCY!I6+IMP!I6-EXP!I6+STK_CHG!I6 -> 53339.292 | J6: =PPRD!J6+RCV_RCY!J6+IMP!J6-EXP!J6+STK_CHG!J6 -> 54717.853 | ... X6: =PPRD!X6+RCV_RCY!X6+IMP!X6-EXP!X6+STK_CHG!X6 -> 30539.293
A7: Other bituminous coal | B7: C0129 | C7: =PPRD!C7+RCV_RCY!C7+IMP!C7-EXP!C7+STK_CHG!C7 -> 126218.85 | D7: =PPRD!D7+RCV_RCY!D7+IMP!D7-EXP!D7+STK_CHG!D7 -> 125662.79 | E7: =PPRD!E7+RCV_RCY!E7+IMP!E7-EXP!E7+STK_CHG!E7 -> 125678.56 | F7: =PPRD!F7+RCV_RCY!F7+IMP!F7-EXP!F7+STK_CHG!F7 -> 129761.19 | G7: =PPRD!G7+RCV_RCY!G7+IMP!G7-EXP!G7+STK_CHG!G7 -> 126317.96 | H7: =PPRD!H7+RCV_RCY!H7+IMP!H7-EXP!H7+STK_CHG!H7 -> 123402.98 | I7: =PPRD!I7+RCV_RCY!I7+IMP!I7-EXP!I7+STK_CHG!I7 -> 130719.05 | J7: =PPRD!J7+RCV_RCY!J7+IMP!J7-EXP!J7+STK_CHG!J7 -> 129001.62 | ... X7: =PPRD!X7+RCV_RCY!X7+IMP!X7-EXP!X7+STK_CHG!X7 -> 71169.569
A8: Brown coal | B8: C0200 | C8: =SUM(C9:C10) -> 91926.821 | D8: =SUM(D9:D10) -> 93507.911 | E8: =SUM(E9:E10) -> 94158.616 | F8: =SUM(F9:F10) -> 95502.724 | G8: =SUM(G9:G10) -> 94873.602 | H8: =SUM(H9:H10) -> 92517.509 | I8: =SUM(I9:I10) -> 92243.382 | J8: =SUM(J9:J10) -> 93072.092 | ... X8: =SUM(X9:X10) -> 58930.921
A9: Sub-bituminous coal | B9: C0210 | C9: =PPRD!C9+RCV_RCY!C9+IMP!C9-EXP!C9+STK_CHG!C9 -> 1986.034 | D9: =PPRD!D9+RCV_RCY!D9+IMP!D9-EXP!D9+STK_CHG!D9 -> 1560.5282 | E9: =PPRD!E9+RCV_RCY!E9+IMP!E9-EXP!E9+STK_CHG!E9 -> 1747.1239 | F9: =PPRD!F9+RCV_RCY!F9+IMP!F9-EXP!F9+STK_CHG!F9 -> 1624.4562 | G9: =PPRD!G9+RCV_RCY!G9+IMP!G9-EXP!G9+STK_CHG!G9 -> 1910.985 | H9: =PPRD!H9+RCV_RCY!H9+IMP!H9-EXP!H9+STK_CHG!H9 -> 2342.0692 | I9: =PPRD!I9+RCV_RCY!I9+IMP!I9-EXP!I9+STK_CHG!I9 -> 2227.2403 | J9: =PPRD!J9+RCV_RCY!J9+IMP!J9-EXP!J9+STK_CHG!J9 -> 2559.6074 | ... X9: =PPRD!X9+RCV_RCY!X9+IMP!X9-EXP!X9+STK_CHG!X9 -> 550.40138
A10: Lignite | B10: C0220 | C10: =PPRD!C10+RCV_RCY!C10+IMP!C10-EXP!C10+STK_CHG!C10 -> 89940.787 | D10: =PPRD!D10+RCV_RCY!D10+IMP!D10-EXP!D10+STK_CHG!D10 -> 91947.383 | E10: =PPRD!E10+RCV_RCY!E10+IMP!E10-EXP!E10+STK_CHG!E10 -> 92411.492 | F10: =PPRD!F10+RCV_RCY!F10+IMP!F10-EXP!F10+STK_CHG!F10 -> 93878.268 | G10: =PPRD!G10+RCV_RCY!G10+IMP!G10-EXP!G10+STK_CHG!G10 -> 92962.617 | H10: =PPRD!H10+RCV_RCY!H10+IMP!H10-EXP!H10+STK_CHG!H10 -> 90175.44 | I10: =PPRD!I10+RCV_RCY!I10+IMP!I10-EXP!I10+STK_CHG!I10 -> 90016.142 | J10: =PPRD!J10+RCV_RCY!J10+IMP!J10-EXP!J10+STK_CHG!J10 -> 90512.484 | ... X10: =PPRD!X10+RCV_RCY!X10+IMP!X10-EXP!X10+STK_CHG!X10 -> 58380.52
A11: Coal products | B11: C0300 | C11: =SUM(C12:C16) -> 4410.4124 | D11: =SUM(D12:D16) -> 4748.7197 | E11: =SUM(E12:E16) -> 5327.7503 | F11: =SUM(F12:F16) -> 4249.0822 | G11: =SUM(G12:G16) -> 2103.9758 | H11: =SUM(H12:H16) -> 1200.2899 | I11: =SUM(I12:I16) -> 833.61634 | J11: =SUM(J12:J16) -> 407.60868 | ... X11: =SUM(X12:X16) -> 744.11771
A12: Patent fuel | B12: C0320 | C12: =PPRD!C12+RCV_RCY!C12+IMP!C12-EXP!C12+STK_CHG!C12 -> 33.660361 | D12: =PPRD!D12+RCV_RCY!D12+IMP!D12-EXP!D12+STK_CHG!D12 -> 23.832846 | E12: =PPRD!E12+RCV_RCY!E12+IMP!E12-EXP!E12+STK_CHG!E12 -> 54.541015 | F12: =PPRD!F12+RCV_RCY!F12+IMP!F12-EXP!F12+STK_CHG!F12 -> 48.34196 | G12: =PPRD!G12+RCV_RCY!G12+IMP!G12-EXP!G12+STK_CHG!G12 -> 31.552451 | H12: =PPRD!H12+RCV_RCY!H12+IMP!H12-EXP!H12+STK_CHG!H12 -> 67.668272 | I12: =PPRD!I12+RCV_RCY!I12+IMP!I12-EXP!I12+STK_CHG!I12 -> 64.46595 | J12: =PPRD!J12+RCV_RCY!J12+IMP!J12-EXP!J12+STK_CHG!J12 -> 75.22442 | ... X12: =PPRD!X12+RCV_RCY!X12+IMP!X12-EXP!X12+STK_CHG!X12 -> 59.614101
A13: Coke oven coke | B13: C0311 | C13: =PPRD!C13+RCV_RCY!C13+IMP!C13-EXP!C13+STK_CHG!C13 -> 4393.4312 | D13: =PPRD!D13+RCV_RCY!D13+IMP!D13-EXP!D13+STK_CHG!D13 -> 4795.4064 | E13: =PPRD!E13+RCV_RCY!E13+IMP!E13-EXP!E13+STK_CHG!E13 -> 5265.0524 | F13: =PPRD!F13+RCV_RCY!F13+IMP!F13-EXP!F13+STK_CHG!F13 -> 4133.2218 | G13: =PPRD!G13+RCV_RCY!G13+IMP!G13-EXP!G13+STK_CHG!G13 -> 2306.0253 | H13: =PPRD!H13+RCV_RCY!H13+IMP!H13-EXP!H13+STK_CHG!H13 -> 1457.7933 | I13: =PPRD!I13+RCV_RCY!I13+IMP!I13-EXP!I13+STK_CHG!I13 -> 1194.4534 | J13: =PPRD!J13+RCV_RCY!J13+IMP!J13-EXP!J13+STK_CHG!J13 -> 699.47352 | ... X13: =PPRD!X13+RCV_RCY!X13+IMP!X13-EXP!X13+STK_CHG!X13 -> 1137.2641
A14: Gas coke | B14: C0312 | C14: =PPRD!C14+RCV_RCY!C14+IMP!C14-EXP!C14+STK_CHG!C14 -> 0 | D14: =PPRD!D14+RCV_RCY!D14+IMP!D14-EXP!D14+STK_CHG!D14 -> 0 | E14: =PPRD!E14+RCV_RCY!E14+IMP!E14-EXP!E14+STK_CHG!E14 -> 0 | F14: =PPRD!F14+RCV_RCY!F14+IMP!F14-EXP!F14+STK_CHG!F14 -> 0 | G14: =PPRD!G14+RCV_RCY!G14+IMP!G14-EXP!G14+STK_CHG!G14 -> 0 | H14: =PPRD!H14+RCV_RCY!H14+IMP!H14-EXP!H14+STK_CHG!H14 -> 0 | I14: =PPRD!I14+RCV_RCY!I14+IMP!I14-EXP!I14+STK_CHG!I14 -> 0 | J14: =PPRD!J14+RCV_RCY!J14+IMP!J14-EXP!J14+STK_CHG!J14 -> 0 | ... X14: =PPRD!X14+RCV_RCY!X14+IMP!X14-EXP!X14+STK_CHG!X14 -> 0
A15: Coal tar | B15: C0340 | C15: =PPRD!C15+RCV_RCY!C15+IMP!C15-EXP!C15+STK_CHG!C15 -> 14.854686 | D15: =PPRD!D15+RCV_RCY!D15+IMP!D15-EXP!D15+STK_CHG!D15 -> 41.499312 | E15: =PPRD!E15+RCV_RCY!E15+IMP!E15-EXP!E15+STK_CHG!E15 -> 248.74987 | F15: =PPRD!F15+RCV_RCY!F15+IMP!F15-EXP!F15+STK_CHG!F15 -> 251.35185 | G15: =PPRD!G15+RCV_RCY!G15+IMP!G15-EXP!G15+STK_CHG!G15 -> -16.240241 | H15: =PPRD!H15+RCV_RCY!H15+IMP!H15-EXP!H15+STK_CHG!H15 -> -76.732158 | I15: =PPRD!I15+RCV_RCY!I15+IMP!I15-EXP!I15+STK_CHG!I15 -> -136.80275 | J15: =PPRD!J15+RCV_RCY!J15+IMP!J15-EXP!J15+STK_CHG!J15 -> -124.00542 | ... X15: =PPRD!X15+RCV_RCY!X15+IMP!X15-EXP!X15+STK_CHG!X15 -> -109.8779
A16: Brown coal briquettes | B16: C0330 | C16: =PPRD!C16+RCV_RCY!C16+IMP!C16-EXP!C16+STK_CHG!C16 -> -31.533878 | D16: =PPRD!D16+RCV_RCY!D16+IMP!D16-EXP!D16+STK_CHG!D16 -> -112.01883 | E16: =PPRD!E16+RCV_RCY!E16+IMP!E16-EXP!E16+STK_CHG!E16 -> -240.59295 | F16: =PPRD!F16+RCV_RCY!F16+IMP!F16-EXP!F16+STK_CHG!F16 -> -183.83336 | G16: =PPRD!G16+RCV_RCY!G16+IMP!G16-EXP!G16+STK_CHG!G16 -> -217.36165 | H16: =PPRD!H16+RCV_RCY!H16+IMP!H16-EXP!H16+STK_CHG!H16 -> -248.43947 | I16: =PPRD!I16+RCV_RCY!I16+IMP!I16-EXP!I16+STK_CHG!I16 -> -288.50026 | J16: =PPRD!J16+RCV_RCY!J16+IMP!J16-EXP!J16+STK_CHG!J16 -> -243.08383 | ... X16: =PPRD!X16+RCV_RCY!X16+IMP!X16-EXP!X16+STK_CHG!X16 -> -342.88255
A17: Manufactured gases | B17: C0350-0370 | C17: =SUM(C18:C21) -> 0 | D17: =SUM(D18:D21) -> 0 | E17: =SUM(E18:E21) -> 0 | F17: =SUM(F18:F21) -> 0 | G17: =SUM(G18:G21) -> 0 | H17: =SUM(H18:H21) -> 0 | I17: =SUM(I18:I21) -> 0 | J17: =SUM(J18:J21) -> 0 | ... X17: =SUM(X18:X21) -> 0
A18: Gas works gas | B18: C0360 | C18: =PPRD!C18+RCV_RCY!C18+IMP!C18-EXP!C18+STK_CHG!C18 -> 0 | D18: =PPRD!D18+RCV_RCY!D18+IMP!D18-EXP!D18+STK_CHG!D18 -> 0 | E18: =PPRD!E18+RCV_RCY!E18+IMP!E18-EXP!E18+STK_CHG!E18 -> 0 | F18: =PPRD!F18+RCV_RCY!F18+IMP!F18-EXP!F18+STK_CHG!F18 -> 0 | G18: =PPRD!G18+RCV_RCY!G18+IMP!G18-EXP!G18+STK_CHG!G18 -> 0 | H18: =PPRD!H18+RCV_RCY!H18+IMP!H18-EXP!H18+STK_CHG!H18 -> 0 | I18: =PPRD!I18+RCV_RCY!I18+IMP!I18-EXP!I18+STK_CHG!I18 -> 0 | J18: =PPRD!J18+RCV_RCY!J18+IMP!J18-EXP!J18+STK_CHG!J18 -> 0 | ... X18: =PPRD!X18+RCV_RCY!X18+IMP!X18-EXP!X18+STK_CHG!X18 -> 0
A19: Coke oven gas | B19: C0350 | C19: =PPRD!C19+RCV_RCY!C19+IMP!C19-EXP!C19+STK_CHG!C19 -> 0 | D19: =PPRD!D19+RCV_RCY!D19+IMP!D19-EXP!D19+STK_CHG!D19 -> 0 | E19: =PPRD!E19+RCV_RCY!E19+IMP!E19-EXP!E19+STK_CHG!E19 -> 0 | F19: =PPRD!F19+RCV_RCY!F19+IMP!F19-EXP!F19+STK_CHG!F19 -> 0 | G19: =PPRD!G19+RCV_RCY!G19+IMP!G19-EXP!G19+STK_CHG!G19 -> 0 | H19: =PPRD!H19+RCV_RCY!H19+IMP!H19-EXP!H19+STK_CHG!H19 -> 0 | I19: =PPRD!I19+RCV_RCY!I19+IMP!I19-EXP!I19+STK_CHG!I19 -> 0 | J19: =PPRD!J19+RCV_RCY!J19+IMP!J19-EXP!J19+STK_CHG!J19 -> 0 | ... X19: =PPRD!X19+RCV_RCY!X19+IMP!X19-EXP!X19+STK_CHG!X19 -> 0
A20: Blast furnace gas | B20: C0371 | C20: =PPRD!C20+RCV_RCY!C20+IMP!C20-EXP!C20+STK_CHG!C20 -> 0 | D20: =PPRD!D20+RCV_RCY!D20+IMP!D20-EXP!D20+STK_CHG!D20 -> 0 | E20: =PPRD!E20+RCV_RCY!E20+IMP!E20-EXP!E20+STK_CHG!E20 -> 0 | F20: =PPRD!F20+RCV_RCY!F20+IMP!F20-EXP!F20+STK_CHG!F20 -> 0 | G20: =PPRD!G20+RCV_RCY!G20+IMP!G20-EXP!G20+STK_CHG!G20 -> 0 | H20: =PPRD!H20+RCV_RCY!H20+IMP!H20-EXP!H20+STK_CHG!H20 -> 0 | I20: =PPRD!I20+RCV_RCY!I20+IMP!I20-EXP!I20+STK_CHG!I20 -> 0 | J20: =PPRD!J20+RCV_RCY!J20+IMP!J20-EXP!J20+STK_CHG!J20 -> 0 | ... X20: =PPRD!X20+RCV_RCY!X20+IMP!X20-EXP!X20+STK_CHG!X20 -> 0
A21: Other recovered gases | B21: C0379 | C21: =PPRD!C21+RCV_RCY!C21+IMP!C21-EXP!C21+STK_CHG!C21 -> 0 | D21: =PPRD!D21+RCV_RCY!D21+IMP!D21-EXP!D21+STK_CHG!D21 -> 0 | E21: =PPRD!E21+RCV_RCY!E21+IMP!E21-EXP!E21+STK_CHG!E21 -> 0 | F21: =PPRD!F21+RCV_RCY!F21+IMP!F21-EXP!F21+STK_CHG!F21 -> 0 | G21: =PPRD!G21+RCV_RCY!G21+IMP!G21-EXP!G21+STK_CHG!G21 -> 0 | H21: =PPRD!H21+RCV_RCY!H21+IMP!H21-EXP!H21+STK_CHG!H21 -> 0 | I21: =PPRD!I21+RCV_RCY!I21+IMP!I21-EXP!I21+STK_CHG!I21 -> 0 | J21: =PPRD!J21+RCV_RCY!J21+IMP!J21-EXP!J21+STK_CHG!J21 -> 0 | ... X21: =PPRD!X21+RCV_RCY!X21+IMP!X21-EXP!X21+STK_CHG!X21 -> 0
A22: Peat and peat products | B22: P1000 | C22: =SUM(C23:C24) -> 2529.379 | D22: =SUM(D23:D24) -> 3288.9608 | E22: =SUM(E23:E24) -> 3722.7888 | F22: =SUM(F23:F24) -> 3521.7078 | G22: =SUM(G23:G24) -> 2996.7764 | H22: =SUM(H23:H24) -> 2793.9697 | I22: =SUM(I23:I24) -> 3318.004 | J22: =SUM(J23:J24) -> 3634.7278 | ... X22: =SUM(X23:X24) -> 1372.1133
A23: Peat | B23: P1100 | C23: =PPRD!C23+RCV_RCY!C23+IMP!C23-EXP!C23+STK_CHG!C23 -> 2547.7876 | D23: =PPRD!D23+RCV_RCY!D23+IMP!D23-EXP!D23+STK_CHG!D23 -> 3331.8744 | E23: =PPRD!E23+RCV_RCY!E23+IMP!E23-EXP!E23+STK_CHG!E23 -> 3769.9989 | F23: =PPRD!F23+RCV_RCY!F23+IMP!F23-EXP!F23+STK_CHG!F23 -> 3588.3289 | G23: =PPRD!G23+RCV_RCY!G23+IMP!G23-EXP!G23+STK_CHG!G23 -> 3017.471 | H23: =PPRD!H23+RCV_RCY!H23+IMP!H23-EXP!H23+STK_CHG!H23 -> 2810.5911 | I23: =PPRD!I23+RCV_RCY!I23+IMP!I23-EXP!I23+STK_CHG!I23 -> 3366.8716 | J23: =PPRD!J23+RCV_RCY!J23+IMP!J23-EXP!J23+STK_CHG!J23 -> 3680.3743 | ... X23: =PPRD!X23+RCV_RCY!X23+IMP!X23-EXP!X23+STK_CHG!X23 -> 1359.4682
A24: Peat products | B24: P1200 | C24: =PPRD!C24+RCV_RCY!C24+IMP!C24-EXP!C24+STK_CHG!C24 -> -18.408598 | D24: =PPRD!D24+RCV_RCY!D24+IMP!D24-EXP!D24+STK_CHG!D24 -> -42.913586 | E24: =PPRD!E24+RCV_RCY!E24+IMP!E24-EXP!E24+STK_CHG!E24 -> -47.21006 | F24: =PPRD!F24+RCV_RCY!F24+IMP!F24-EXP!F24+STK_CHG!F24 -> -66.621066 | G24: =PPRD!G24+RCV_RCY!G24+IMP!G24-EXP!G24+STK_CHG!G24 -> -20.694583 | H24: =PPRD!H24+RCV_RCY!H24+IMP!H24-EXP!H24+STK_CHG!H24 -> -16.621324 | I24: =PPRD!I24+RCV_RCY!I24+IMP!I24-EXP!I24+STK_CHG!I24 -> -48.867584 | J24: =PPRD!J24+RCV_RCY!J24+IMP!J24-EXP!J24+STK_CHG!J24 -> -45.646518 | ... X24: =PPRD!X24+RCV_RCY!X24+IMP!X24-EXP!X24+STK_CHG!X24 -> 12.645142
A25: Oil shale and oil sands | B25: S2000 | C25: =PPRD!C25+RCV_RCY!C25+IMP!C25-EXP!C25+STK_CHG!C25 -> 2851.9615 | D25: =PPRD!D25+RCV_RCY!D25+IMP!D25-EXP!D25+STK_CHG!D25 -> 2847.7956 | E25: =PPRD!E25+RCV_RCY!E25+IMP!E25-EXP!E25+STK_CHG!E25 -> 2677.8083 | F25: =PPRD!F25+RCV_RCY!F25+IMP!F25-EXP!F25+STK_CHG!F25 -> 3016.8929 | G25: =PPRD!G25+RCV_RCY!G25+IMP!G25-EXP!G25+STK_CHG!G25 -> 3321.3753 | H25: =PPRD!H25+RCV_RCY!H25+IMP!H25-EXP!H25+STK_CHG!H25 -> 3366.1093 | I25: =PPRD!I25+RCV_RCY!I25+IMP!I25-EXP!I25+STK_CHG!I25 -> 3283.1244 | J25: =PPRD!J25+RCV_RCY!J25+IMP!J25-EXP!J25+STK_CHG!J25 -> 4230.5593 | ... X25: =PPRD!X25+RCV_RCY!X25+IMP!X25-EXP!X25+STK_CHG!X25 -> 2725.7886
A26: Oil and petroleum products | B26: O4000XBIO | C26: =SUM(C27,C33) -> 620225.26 | D26: =SUM(D27,D33) -> 637942.44 | E26: =SUM(E27,E33) -> 636145.52 | F26: =SUM(F27,F33) -> 642336.91 | G26: =SUM(G27,G33) -> 646902.21 | H26: =SUM(H27,H33) -> 645822.09 | I26: =SUM(I27,I33) -> 647213.97 | J26: =SUM(J27,J33) -> 632218.32 | ... X26: =SUM(X27,X33) -> 500454.54
A27: Crude oil, NGL, refinery feedstocks, additives and oxygenates and other hydrocarbons (excluding biofuel portion) | B27: O4100_TOT_4200-4500XBIO | C27: =SUM(C28:C32) -> 597803.72 | D27: =SUM(D28:D32) -> 601416.07 | E27: =SUM(E28:E32) -> 591728.64 | F27: =SUM(F28:F32) -> 608560.08 | G27: =SUM(G28:G32) -> 619809.2 | H27: =SUM(H28:H32) -> 625775.55 | I27: =SUM(I28:I32) -> 622705.01 | J27: =SUM(J28:J32) -> 614143.44 | ... X27: =SUM(X28:X32) -> 491633.72
A28: Crude oil | B28: O4100_TOT | C28: =PPRD!C28+RCV_RCY!C28+IMP!C28-EXP!C28+STK_CHG!C28 -> 576969.19 | D28: =PPRD!D28+RCV_RCY!D28+IMP!D28-EXP!D28+STK_CHG!D28 -> 575188.74 | E28: =PPRD!E28+RCV_RCY!E28+IMP!E28-EXP!E28+STK_CHG!E28 -> 563047.79 | F28: =PPRD!F28+RCV_RCY!F28+IMP!F28-EXP!F28+STK_CHG!F28 -> 582519.42 | G28: =PPRD!G28+RCV_RCY!G28+IMP!G28-EXP!G28+STK_CHG!G28 -> 595784.26 | H28: =PPRD!H28+RCV_RCY!H28+IMP!H28-EXP!H28+STK_CHG!H28 -> 600454.05 | I28: =PPRD!I28+RCV_RCY!I28+IMP!I28-EXP!I28+STK_CHG!I28 -> 590160.95 | J28: =PPRD!J28+RCV_RCY!J28+IMP!J28-EXP!J28+STK_CHG!J28 -> 584147.09 | ... X28: =PPRD!X28+RCV_RCY!X28+IMP!X28-EXP!X28+STK_CHG!X28 -> 471847.52
A29: Natural gas liquids | B29: O4200 | C29: =PPRD!C29+RCV_RCY!C29+IMP!C29-EXP!C29+STK_CHG!C29 -> 9043.4648 | D29: =PPRD!D29+RCV_RCY!D29+IMP!D29-EXP!D29+STK_CHG!D29 -> 9914.0425 | E29: =PPRD!E29+RCV_RCY!E29+IMP!E29-EXP!E29+STK_CHG!E29 -> 11756.667 | F29: =PPRD!F29+RCV_RCY!F29+IMP!F29-EXP!F29+STK_CHG!F29 -> 12079.292 | G29: =PPRD!G29+RCV_RCY!G29+IMP!G29-EXP!G29+STK_CHG!G29 -> 11684.274 | H29: =PPRD!H29+RCV_RCY!H29+IMP!H29-EXP!H29+STK_CHG!H29 -> 12251.994 | I29: =PPRD!I29+RCV_RCY!I29+IMP!I29-EXP!I29+STK_CHG!I29 -> 15167.461 | J29: =PPRD!J29+RCV_RCY!J29+IMP!J29-EXP!J29+STK_CHG!J29 -> 12251.015 | ... X29: =PPRD!X29+RCV_RCY!X29+IMP!X29-EXP!X29+STK_CHG!X29 -> 6115.9163
A30: Refinery feedstocks | B30: O4300 | C30: =PPRD!C30+RCV_RCY!C30+IMP!C30-EXP!C30+STK_CHG!C30 -> 8188.9251 | D30: =PPRD!D30+RCV_RCY!D30+IMP!D30-EXP!D30+STK_CHG!D30 -> 13429.106 | E30: =PPRD!E30+RCV_RCY!E30+IMP!E30-EXP!E30+STK_CHG!E30 -> 12782.839 | F30: =PPRD!F30+RCV_RCY!F30+IMP!F30-EXP!F30+STK_CHG!F30 -> 10152.043 | G30: =PPRD!G30+RCV_RCY!G30+IMP!G30-EXP!G30+STK_CHG!G30 -> 8824.0075 | H30: =PPRD!H30+RCV_RCY!H30+IMP!H30-EXP!H30+STK_CHG!H30 -> 8941.2122 | I30: =PPRD!I30+RCV_RCY!I30+IMP!I30-EXP!I30+STK_CHG!I30 -> 12751.053 | J30: =PPRD!J30+RCV_RCY!J30+IMP!J30-EXP!J30+STK_CHG!J30 -> 13779.843 | ... X30: =PPRD!X30+RCV_RCY!X30+IMP!X30-EXP!X30+STK_CHG!X30 -> 11451.968
A31: Additives and oxygenates (excluding biofuel portion) | B31: O4400X4410 | C31: =PPRD!C31+RCV_RCY!C31+IMP!C31-EXP!C31+STK_CHG!C31 -> 2588.8545 | D31: =PPRD!D31+RCV_RCY!D31+IMP!D31-EXP!D31+STK_CHG!D31 -> 2020.8714 | E31: =PPRD!E31+RCV_RCY!E31+IMP!E31-EXP!E31+STK_CHG!E31 -> 2201.7898 | F31: =PPRD!F31+RCV_RCY!F31+IMP!F31-EXP!F31+STK_CHG!F31 -> 2447.8582 | G31: =PPRD!G31+RCV_RCY!G31+IMP!G31-EXP!G31+STK_CHG!G31 -> 2956.6236 | H31: =PPRD!H31+RCV_RCY!H31+IMP!H31-EXP!H31+STK_CHG!H31 -> 3673.3053 | I31: =PPRD!I31+RCV_RCY!I31+IMP!I31-EXP!I31+STK_CHG!I31 -> 4058.5433 | J31: =PPRD!J31+RCV_RCY!J31+IMP!J31-EXP!J31+STK_CHG!J31 -> 3971.2093 | ... X31: =PPRD!X31+RCV_RCY!X31+IMP!X31-EXP!X31+STK_CHG!X31 -> 3233.1305
A32: Other hydrocarbons | B32: O4500 | C32: =PPRD!C32+RCV_RCY!C32+IMP!C32-EXP!C32+STK_CHG!C32 -> 1013.2825 | D32: =PPRD!D32+RCV_RCY!D32+IMP!D32-EXP!D32+STK_CHG!D32 -> 863.30533 | E32: =PPRD!E32+RCV_RCY!E32+IMP!E32-EXP!E32+STK_CHG!E32 -> 1939.5515 | F32: =PPRD!F32+RCV_RCY!F32+IMP!F32-EXP!F32+STK_CHG!F32 -> 1361.473 | G32: =PPRD!G32+RCV_RCY!G32+IMP!G32-EXP!G32+STK_CHG!G32 -> 560.03947 | H32: =PPRD!H32+RCV_RCY!H32+IMP!H32-EXP!H32+STK_CHG!H32 -> 454.98865 | I32: =PPRD!I32+RCV_RCY!I32+IMP!I32-EXP!I32+STK_CHG!I32 -> 567.00464 | J32: =PPRD!J32+RCV_RCY!J32+IMP!J32-EXP!J32+STK_CHG!J32 -> -5.7193465 | ... X32: =PPRD!X32+RCV_RCY!X32+IMP!X32-EXP!X32+STK_CHG!X32 -> -1014.8171
A33: Oil products (excluding biofuel portion) | B33: O4600XBIO | C33: =SUM(C34:C50) -> 22421.54 | D33: =SUM(D34:D50) -> 36526.378 | E33: =SUM(E34:E50) -> 44416.876 | F33: =SUM(F34:F50) -> 33776.824 | G33: =SUM(G34:G50) -> 27093.01 | H33: =SUM(H34:H50) -> 20046.541 | I33: =SUM(I34:I50) -> 24508.961 | J33: =SUM(J34:J50) -> 18074.883 | ... X33: =SUM(X34:X50) -> 8820.8241
A34: Refinery gas | B34: O4610 | C34: =PPRD!C34+RCV_RCY!C34+IMP!C34-EXP!C34+STK_CHG!C34 -> 301.17713 | D34: =PPRD!D34+RCV_RCY!D34+IMP!D34-EXP!D34+STK_CHG!D34 -> 289.30275 | E34: =PPRD!E34+RCV_RCY!E34+IMP!E34-EXP!E34+STK_CHG!E34 -> 270.9515 | F34: =PPRD!F34+RCV_RCY!F34+IMP!F34-EXP!F34+STK_CHG!F34 -> 250.44119 | G34: =PPRD!G34+RCV_RCY!G34+IMP!G34-EXP!G34+STK_CHG!G34 -> 261.23611 | H34: =PPRD!H34+RCV_RCY!H34+IMP!H34-EXP!H34+STK_CHG!H34 -> 262.31556 | I34: =PPRD!I34+RCV_RCY!I34+IMP!I34-EXP!I34+STK_CHG!I34 -> 290.38229 | J34: =PPRD!J34+RCV_RCY!J34+IMP!J34-EXP!J34+STK_CHG!J34 -> 367.02588 | ... X34: =PPRD!X34+RCV_RCY!X34+IMP!X34-EXP!X34+STK_CHG!X34 -> 273.66569
A35: Ethane | B35: O4620 | C35: =PPRD!C35+RCV_RCY!C35+IMP!C35-EXP!C35+STK_CHG!C35 -> 9.9742046 | D35: =PPRD!D35+RCV_RCY!D35+IMP!D35-EXP!D35+STK_CHG!D35 -> 212.78306 | E35: =PPRD!E35+RCV_RCY!E35+IMP!E35-EXP!E35+STK_CHG!E35 -> 293.68487 | F35: =PPRD!F35+RCV_RCY!F35+IMP!F35-EXP!F35+STK_CHG!F35 -> 263.76225 | G35: =PPRD!G35+RCV_RCY!G35+IMP!G35-EXP!G35+STK_CHG!G35 -> 263.76234 | H35: =PPRD!H35+RCV_RCY!H35+IMP!H35-EXP!H35+STK_CHG!H35 -> 350.20542 | I35: =PPRD!I35+RCV_RCY!I35+IMP!I35-EXP!I35+STK_CHG!I35 -> 376.80327 | J35: =PPRD!J35+RCV_RCY!J35+IMP!J35-EXP!J35+STK_CHG!J35 -> 397.85993 | ... X35: =PPRD!X35+RCV_RCY!X35+IMP!X35-EXP!X35+STK_CHG!X35 -> 409.14273
A36: Liquefied petroleum gases | B36: O4630 | C36: =PPRD!C36+RCV_RCY!C36+IMP!C36-EXP!C36+STK_CHG!C36 -> 5808.7367 | D36: =PPRD!D36+RCV_RCY!D36+IMP!D36-EXP!D36+STK_CHG!D36 -> 6466.2021 | E36: =PPRD!E36+RCV_RCY!E36+IMP!E36-EXP!E36+STK_CHG!E36 -> 7163.4555 | F36: =PPRD!F36+RCV_RCY!F36+IMP!F36-EXP!F36+STK_CHG!F36 -> 5782.2819 | G36: =PPRD!G36+RCV_RCY!G36+IMP!G36-EXP!G36+STK_CHG!G36 -> 6613.3939 | H36: =PPRD!H36+RCV_RCY!H36+IMP!H36-EXP!H36+STK_CHG!H36 -> 7050.9106 | I36: =PPRD!I36+RCV_RCY!I36+IMP!I36-EXP!I36+STK_CHG!I36 -> 8081.3665 | J36: =PPRD!J36+RCV_RCY!J36+IMP!J36-EXP!J36+STK_CHG!J36 -> 8338.41 | ... X36: =PPRD!X36+RCV_RCY!X36+IMP!X36-EXP!X36+STK_CHG!X36 -> 13390.818
A37: Motor gasoline (excluding biofuel portion) | B37: O4652XR5210B | C37: =PPRD!C37+RCV_RCY!C37+IMP!C37-EXP!C37+STK_CHG!C37 -> -14584.72 | D37: =PPRD!D37+RCV_RCY!D37+IMP!D37-EXP!D37+STK_CHG!D37 -> -18106.548 | E37: =PPRD!E37+RCV_RCY!E37+IMP!E37-EXP!E37+STK_CHG!E37 -> -18999.791 | F37: =PPRD!F37+RCV_RCY!F37+IMP!F37-EXP!F37+STK_CHG!F37 -> -24167.428 | G37: =PPRD!G37+RCV_RCY!G37+IMP!G37-EXP!G37+STK_CHG!G37 -> -30255.984 | H37: =PPRD!H37+RCV_RCY!H37+IMP!H37-EXP!H37+STK_CHG!H37 -> -35615.874 | I37: =PPRD!I37+RCV_RCY!I37+IMP!I37-EXP!I37+STK_CHG!I37 -> -38719.688 | J37: =PPRD!J37+RCV_RCY!J37+IMP!J37-EXP!J37+STK_CHG!J37 -> -36584.842 | ... X37: =PPRD!X37+RCV_RCY!X37+IMP!X37-EXP!X37+STK_CHG!X37 -> -48533.008
A38: Aviation gasoline | B38: O4651 | C38: =PPRD!C38+RCV_RCY!C38+IMP!C38-EXP!C38+STK_CHG!C38 -> -85.669905 | D38: =PPRD!D38+RCV_RCY!D38+IMP!D38-EXP!D38+STK_CHG!D38 -> -36.64669 | E38: =PPRD!E38+RCV_RCY!E38+IMP!E38-EXP!E38+STK_CHG!E38 -> -17.183921 | F38: =PPRD!F38+RCV_RCY!F38+IMP!F38-EXP!F38+STK_CHG!F38 -> -30.933104 | G38: =PPRD!G38+RCV_RCY!G38+IMP!G38-EXP!G38+STK_CHG!G38 -> -12.194239 | H38: =PPRD!H38+RCV_RCY!H38+IMP!H38-EXP!H38+STK_CHG!H38 -> 17.936113 | I38: =PPRD!I38+RCV_RCY!I38+IMP!I38-EXP!I38+STK_CHG!I38 -> 46.293379 | J38: =PPRD!J38+RCV_RCY!J38+IMP!J38-EXP!J38+STK_CHG!J38 -> -75.247463 | ... X38: =PPRD!X38+RCV_RCY!X38+IMP!X38-EXP!X38+STK_CHG!X38 -> -100.85357
A39: Gasoline-type jet fuel | B39: O4653 | C39: =PPRD!C39+RCV_RCY!C39+IMP!C39-EXP!C39+STK_CHG!C39 -> -70.891831 | D39: =PPRD!D39+RCV_RCY!D39+IMP!D39-EXP!D39+STK_CHG!D39 -> 1.7798796 | E39: =PPRD!E39+RCV_RCY!E39+IMP!E39-EXP!E39+STK_CHG!E39 -> 19.874463 | F39: =PPRD!F39+RCV_RCY!F39+IMP!F39-EXP!F39+STK_CHG!F39 -> 17.834652 | G39: =PPRD!G39+RCV_RCY!G39+IMP!G39-EXP!G39+STK_CHG!G39 -> 29.274893 | H39: =PPRD!H39+RCV_RCY!H39+IMP!H39-EXP!H39+STK_CHG!H39 -> 12.410662 | I39: =PPRD!I39+RCV_RCY!I39+IMP!I39-EXP!I39+STK_CHG!I39 -> 1.9859845 | J39: =PPRD!J39+RCV_RCY!J39+IMP!J39-EXP!J39+STK_CHG!J39 -> 19.005245 | ... X39: =PPRD!X39+RCV_RCY!X39+IMP!X39-EXP!X39+STK_CHG!X39 -> 0
A40: Kerosene-type jet fuel (excluding biofuel portion) | B40: O4661XR5230B | C40: =PPRD!C40+RCV_RCY!C40+IMP!C40-EXP!C40+STK_CHG!C40 -> -182.93405 | D40: =PPRD!D40+RCV_RCY!D40+IMP!D40-EXP!D40+STK_CHG!D40 -> 2306.7998 | E40: =PPRD!E40+RCV_RCY!E40+IMP!E40-EXP!E40+STK_CHG!E40 -> 2538.528 | F40: =PPRD!F40+RCV_RCY!F40+IMP!F40-EXP!F40+STK_CHG!F40 -> 2217.4756 | G40: =PPRD!G40+RCV_RCY!G40+IMP!G40-EXP!G40+STK_CHG!G40 -> 3594.3997 | H40: =PPRD!H40+RCV_RCY!H40+IMP!H40-EXP!H40+STK_CHG!H40 -> 5325.585 | I40: =PPRD!I40+RCV_RCY!I40+IMP!I40-EXP!I40+STK_CHG!I40 -> 5821.7362 | J40: =PPRD!J40+RCV_RCY!J40+IMP!J40-EXP!J40+STK_CHG!J40 -> 8275.9406 | ... X40: =PPRD!X40+RCV_RCY!X40+IMP!X40-EXP!X40+STK_CHG!X40 -> 9147.115
A41: Other kerosene | B41: O4669 | C41: =PPRD!C41+RCV_RCY!C41+IMP!C41-EXP!C41+STK_CHG!C41 -> 1245.0757 | D41: =PPRD!D41+RCV_RCY!D41+IMP!D41-EXP!D41+STK_CHG!D41 -> 1190.3321 | E41: =PPRD!E41+RCV_RCY!E41+IMP!E41-EXP!E41+STK_CHG!E41 -> 775.27988 | F41: =PPRD!F41+RCV_RCY!F41+IMP!F41-EXP!F41+STK_CHG!F41 -> 840.96423 | G41: =PPRD!G41+RCV_RCY!G41+IMP!G41-EXP!G41+STK_CHG!G41 -> 1083.378 | H41: =PPRD!H41+RCV_RCY!H41+IMP!H41-EXP!H41+STK_CHG!H41 -> 1141.3366 | I41: =PPRD!I41+RCV_RCY!I41+IMP!I41-EXP!I41+STK_CHG!I41 -> 1228.3891 | J41: =PPRD!J41+RCV_RCY!J41+IMP!J41-EXP!J41+STK_CHG!J41 -> 917.66449 | ... X41: =PPRD!X41+RCV_RCY!X41+IMP!X41-EXP!X41+STK_CHG!X41 -> 1137.7914
A42: Naphtha | B42: O4640 | C42: =PPRD!C42+RCV_RCY!C42+IMP!C42-EXP!C42+STK_CHG!C42 -> 10800.965 | D42: =PPRD!D42+RCV_RCY!D42+IMP!D42-EXP!D42+STK_CHG!D42 -> 11364.838 | E42: =PPRD!E42+RCV_RCY!E42+IMP!E42-EXP!E42+STK_CHG!E42 -> 11978.298 | F42: =PPRD!F42+RCV_RCY!F42+IMP!F42-EXP!F42+STK_CHG!F42 -> 13187.875 | G42: =PPRD!G42+RCV_RCY!G42+IMP!G42-EXP!G42+STK_CHG!G42 -> 13666.834 | H42: =PPRD!H42+RCV_RCY!H42+IMP!H42-EXP!H42+STK_CHG!H42 -> 14187.9 | I42: =PPRD!I42+RCV_RCY!I42+IMP!I42-EXP!I42+STK_CHG!I42 -> 15011.896 | J42: =PPRD!J42+RCV_RCY!J42+IMP!J42-EXP!J42+STK_CHG!J42 -> 15365.64 | ... X42: =PPRD!X42+RCV_RCY!X42+IMP!X42-EXP!X42+STK_CHG!X42 -> 26034.802
A43: Gas oil and diesel oil (excluding biofuel portion) | B43: O4671XR5220B | C43: =PPRD!C43+RCV_RCY!C43+IMP!C43-EXP!C43+STK_CHG!C43 -> 8191.5738 | D43: =PPRD!D43+RCV_RCY!D43+IMP!D43-EXP!D43+STK_CHG!D43 -> 16739.302 | E43: =PPRD!E43+RCV_RCY!E43+IMP!E43-EXP!E43+STK_CHG!E43 -> 21638.105 | F43: =PPRD!F43+RCV_RCY!F43+IMP!F43-EXP!F43+STK_CHG!F43 -> 21706.509 | G43: =PPRD!G43+RCV_RCY!G43+IMP!G43-EXP!G43+STK_CHG!G43 -> 25135.362 | H43: =PPRD!H43+RCV_RCY!H43+IMP!H43-EXP!H43+STK_CHG!H43 -> 21352.755 | I43: =PPRD!I43+RCV_RCY!I43+IMP!I43-EXP!I43+STK_CHG!I43 -> 23724.756 | J43: =PPRD!J43+RCV_RCY!J43+IMP!J43-EXP!J43+STK_CHG!J43 -> 14833.555 | ... X43: =PPRD!X43+RCV_RCY!X43+IMP!X43-EXP!X43+STK_CHG!X43 -> 19635.464
A44: Fuel oil | B44: O4680 | C44: =PPRD!C44+RCV_RCY!C44+IMP!C44-EXP!C44+STK_CHG!C44 -> 6167.8171 | D44: =PPRD!D44+RCV_RCY!D44+IMP!D44-EXP!D44+STK_CHG!D44 -> 10236.786 | E44: =PPRD!E44+RCV_RCY!E44+IMP!E44-EXP!E44+STK_CHG!E44 -> 12963.248 | F44: =PPRD!F44+RCV_RCY!F44+IMP!F44-EXP!F44+STK_CHG!F44 -> 7794.1052 | G44: =PPRD!G44+RCV_RCY!G44+IMP!G44-EXP!G44+STK_CHG!G44 -> 172.72158 | H44: =PPRD!H44+RCV_RCY!H44+IMP!H44-EXP!H44+STK_CHG!H44 -> -2534.0622 | I44: =PPRD!I44+RCV_RCY!I44+IMP!I44-EXP!I44+STK_CHG!I44 -> 1412.8813 | J44: =PPRD!J44+RCV_RCY!J44+IMP!J44-EXP!J44+STK_CHG!J44 -> 738.14187 | ... X44: =PPRD!X44+RCV_RCY!X44+IMP!X44-EXP!X44+STK_CHG!X44 -> -5331.6129
A45: White spirit and special boiling point industrial spirits | B45: O4691 | C45: =PPRD!C45+RCV_RCY!C45+IMP!C45-EXP!C45+STK_CHG!C45 -> 14.962339 | D45: =PPRD!D45+RCV_RCY!D45+IMP!D45-EXP!D45+STK_CHG!D45 -> 4.7919175 | E45: =PPRD!E45+RCV_RCY!E45+IMP!E45-EXP!E45+STK_CHG!E45 -> 195.392 | F45: =PPRD!F45+RCV_RCY!F45+IMP!F45-EXP!F45+STK_CHG!F45 -> 78.008942 | G45: =PPRD!G45+RCV_RCY!G45+IMP!G45-EXP!G45+STK_CHG!G45 -> 424.93336 | H45: =PPRD!H45+RCV_RCY!H45+IMP!H45-EXP!H45+STK_CHG!H45 -> 590.10129 | I45: =PPRD!I45+RCV_RCY!I45+IMP!I45-EXP!I45+STK_CHG!I45 -> 81.814273 | J45: =PPRD!J45+RCV_RCY!J45+IMP!J45-EXP!J45+STK_CHG!J45 -> 320.07498 | ... X45: =PPRD!X45+RCV_RCY!X45+IMP!X45-EXP!X45+STK_CHG!X45 -> -91.951763
... A51: Natural gas | B51: G3000 | C51: =PPRD!C51+RCV_RCY!C51+IMP!C51-EXP!C51+STK_CHG!C51 -> 308597.4 | D51: =PPRD!D51+RCV_RCY!D51+IMP!D51-EXP!D51+STK_CHG!D51 -> 319655.44 | E51: =PPRD!E51+RCV_RCY!E51+IMP!E51-EXP!E51+STK_CHG!E51 -> 321954.03 | F51: =PPRD!F51+RCV_RCY!F51+IMP!F51-EXP!F51+STK_CHG!F51 -> 338619.51 | G51: =PPRD!G51+RCV_RCY!G51+IMP!G51-EXP!G51+STK_CHG!G51 -> 347546.36 | H51: =PPRD!H51+RCV_RCY!H51+IMP!H51-EXP!H51+STK_CHG!H51 -> 359711.1 | I51: =PPRD!I51+RCV_RCY!I51+IMP!I51-EXP!I51+STK_CHG!I51 -> 359550.27 | J51: =PPRD!J51+RCV_RCY!J51+IMP!J51-EXP!J51+STK_CHG!J51 -> 353037.39 | ... X51: =PPRD!X51+RCV_RCY!X51+IMP!X51-EXP!X51+STK_CHG!X51 -> 339376.14
A52: Renewables and biofuels | B52: RA000 | C52: =SUM(C53:C70) -> 96362.406 | D52: =SUM(D53:D70) -> 99636.282 | E52: =SUM(E53:E70) -> 97908.56 | F52: =SUM(F53:F70) -> 106411.8 | G52: =SUM(G53:G70) -> 112580.25 | H52: =SUM(H53:H70) -> 119920.17 | I52: =SUM(I53:I70) -> 127927.2 | J52: =SUM(J53:J70) -> 137982.35 | ... X52: =SUM(X53:X70) -> 252129.69
A53: Hydro | B53: RA100 | C53: =PPRD!C53+RCV_RCY!C53+IMP!C53-EXP!C53+STK_CHG!C53 -> 30110.359 | D53: =PPRD!D53+RCV_RCY!D53+IMP!D53-EXP!D53+STK_CHG!D53 -> 32107.785 | E53: =PPRD!E53+RCV_RCY!E53+IMP!E53-EXP!E53+STK_CHG!E53 -> 26879.172 | F53: =PPRD!F53+RCV_RCY!F53+IMP!F53-EXP!F53+STK_CHG!F53 -> 26195.754 | G53: =PPRD!G53+RCV_RCY!G53+IMP!G53-EXP!G53+STK_CHG!G53 -> 27790.954 | H53: =PPRD!H53+RCV_RCY!H53+IMP!H53-EXP!H53+STK_CHG!H53 -> 26398.12 | I53: =PPRD!I53+RCV_RCY!I53+IMP!I53-EXP!I53+STK_CHG!I53 -> 26654.088 | J53: =PPRD!J53+RCV_RCY!J53+IMP!J53-EXP!J53+STK_CHG!J53 -> 26457.848 | ... X53: =PPRD!X53+RCV_RCY!X53+IMP!X53-EXP!X53+STK_CHG!X53 -> 29949.095
A54: Tide, wave, ocean | B54: RA500 | C54: =PPRD!C54+RCV_RCY!C54+IMP!C54-EXP!C54+STK_CHG!C54 -> 43.62055 | D54: =PPRD!D54+RCV_RCY!D54+IMP!D54-EXP!D54+STK_CHG!D54 -> 41.696733 | E54: =PPRD!E54+RCV_RCY!E54+IMP!E54-EXP!E54+STK_CHG!E54 -> 42.513586 | F54: =PPRD!F54+RCV_RCY!F54+IMP!F54-EXP!F54+STK_CHG!F54 -> 42.164058 | G54: =PPRD!G54+RCV_RCY!G54+IMP!G54-EXP!G54+STK_CHG!G54 -> 40.427859 | H54: =PPRD!H54+RCV_RCY!H54+IMP!H54-EXP!H54+STK_CHG!H54 -> 41.349527 | I54: =PPRD!I54+RCV_RCY!I54+IMP!I54-EXP!I54+STK_CHG!I54 -> 39.919604 | J54: =PPRD!J54+RCV_RCY!J54+IMP!J54-EXP!J54+STK_CHG!J54 -> 40.007911 | ... X54: =PPRD!X54+RCV_RCY!X54+IMP!X54-EXP!X54+STK_CHG!X54 -> 43.232244
A55: Wind | B55: RA300 | C55: =PPRD!C55+RCV_RCY!C55+IMP!C55-EXP!C55+STK_CHG!C55 -> 1829.4058 | D55: =PPRD!D55+RCV_RCY!D55+IMP!D55-EXP!D55+STK_CHG!D55 -> 2213.1109 | E55: =PPRD!E55+RCV_RCY!E55+IMP!E55-EXP!E55+STK_CHG!E55 -> 3014.8337 | F55: =PPRD!F55+RCV_RCY!F55+IMP!F55-EXP!F55+STK_CHG!F55 -> 3723.7587 | G55: =PPRD!G55+RCV_RCY!G55+IMP!G55-EXP!G55+STK_CHG!G55 -> 4946.4045 | H55: =PPRD!H55+RCV_RCY!H55+IMP!H55-EXP!H55+STK_CHG!H55 -> 5855.0806 | I55: =PPRD!I55+RCV_RCY!I55+IMP!I55-EXP!I55+STK_CHG!I55 -> 6767.9451 | J55: =PPRD!J55+RCV_RCY!J55+IMP!J55-EXP!J55+STK_CHG!J55 -> 8590.4925 | ... X55: =PPRD!X55+RCV_RCY!X55+IMP!X55-EXP!X55+STK_CHG!X55 -> 33251.945
A56: Solar photovoltaic | B56: RA420 | C56: =PPRD!C56+RCV_RCY!C56+IMP!C56-EXP!C56+STK_CHG!C56 -> 9.7351677 | D56: =PPRD!D56+RCV_RCY!D56+IMP!D56-EXP!D56+STK_CHG!D56 -> 15.520378 | E56: =PPRD!E56+RCV_RCY!E56+IMP!E56-EXP!E56+STK_CHG!E56 -> 22.892175 | F56: =PPRD!F56+RCV_RCY!F56+IMP!F56-EXP!F56+STK_CHG!F56 -> 35.712382 | G56: =PPRD!G56+RCV_RCY!G56+IMP!G56-EXP!G56+STK_CHG!G56 -> 59.407825 | H56: =PPRD!H56+RCV_RCY!H56+IMP!H56-EXP!H56+STK_CHG!H56 -> 125.42459 | I56: =PPRD!I56+RCV_RCY!I56+IMP!I56-EXP!I56+STK_CHG!I56 -> 214.05589 | J56: =PPRD!J56+RCV_RCY!J56+IMP!J56-EXP!J56+STK_CHG!J56 -> 323.86217 | ... X56: =PPRD!X56+RCV_RCY!X56+IMP!X56-EXP!X56+STK_CHG!X56 -> 13679.083
A57: Solar thermal | B57: RA410 | C57: =PPRD!C57+RCV_RCY!C57+IMP!C57-EXP!C57+STK_CHG!C57 -> 477.86423 | D57: =PPRD!D57+RCV_RCY!D57+IMP!D57-EXP!D57+STK_CHG!D57 -> 519.58951 | E57: =PPRD!E57+RCV_RCY!E57+IMP!E57-EXP!E57+STK_CHG!E57 -> 561.48418 | F57: =PPRD!F57+RCV_RCY!F57+IMP!F57-EXP!F57+STK_CHG!F57 -> 644.93138 | G57: =PPRD!G57+RCV_RCY!G57+IMP!G57-EXP!G57+STK_CHG!G57 -> 676.0178 | H57: =PPRD!H57+RCV_RCY!H57+IMP!H57-EXP!H57+STK_CHG!H57 -> 735.49905 | I57: =PPRD!I57+RCV_RCY!I57+IMP!I57-EXP!I57+STK_CHG!I57 -> 835.52227 | J57: =PPRD!J57+RCV_RCY!J57+IMP!J57-EXP!J57+STK_CHG!J57 -> 956.44488 | ... X57: =PPRD!X57+RCV_RCY!X57+IMP!X57-EXP!X57+STK_CHG!X57 -> 3897.6389
A58: Geothermal | B58: RA200 | C58: =PPRD!C58+RCV_RCY!C58+IMP!C58-EXP!C58+STK_CHG!C58 -> 4584.9451 | D58: =PPRD!D58+RCV_RCY!D58+IMP!D58-EXP!D58+STK_CHG!D58 -> 4454.7979 | E58: =PPRD!E58+RCV_RCY!E58+IMP!E58-EXP!E58+STK_CHG!E58 -> 4603.9236 | F58: =PPRD!F58+RCV_RCY!F58+IMP!F58-EXP!F58+STK_CHG!F58 -> 5214.2152 | G58: =PPRD!G58+RCV_RCY!G58+IMP!G58-EXP!G58+STK_CHG!G58 -> 5300.3926 | H58: =PPRD!H58+RCV_RCY!H58+IMP!H58-EXP!H58+STK_CHG!H58 -> 5304.3396 | I58: =PPRD!I58+RCV_RCY!I58+IMP!I58-EXP!I58+STK_CHG!I58 -> 5478.5592 | J58: =PPRD!J58+RCV_RCY!J58+IMP!J58-EXP!J58+STK_CHG!J58 -> 5611.6813 | ... X58: =PPRD!X58+RCV_RCY!X58+IMP!X58-EXP!X58+STK_CHG!X58 -> 6790.4064
A59: Primary solid biofuels | B59: R5110-5150_W6000RI | C59: =PPRD!C59+RCV_RCY!C59+IMP!C59-EXP!C59+STK_CHG!C59 -> 53554.139 | D59: =PPRD!D59+RCV_RCY!D59+IMP!D59-EXP!D59+STK_CHG!D59 -> 53826.114 | E59: =PPRD!E59+RCV_RCY!E59+IMP!E59-EXP!E59+STK_CHG!E59 -> 55389.193 | F59: =PPRD!F59+RCV_RCY!F59+IMP!F59-EXP!F59+STK_CHG!F59 -> 61813.204 | G59: =PPRD!G59+RCV_RCY!G59+IMP!G59-EXP!G59+STK_CHG!G59 -> 63754.27 | H59: =PPRD!H59+RCV_RCY!H59+IMP!H59-EXP!H59+STK_CHG!H59 -> 68536.876 | I59: =PPRD!I59+RCV_RCY!I59+IMP!I59-EXP!I59+STK_CHG!I59 -> 71536.006 | J59: =PPRD!J59+RCV_RCY!J59+IMP!J59-EXP!J59+STK_CHG!J59 -> 75352.694 | ... X59: =PPRD!X59+RCV_RCY!X59+IMP!X59-EXP!X59+STK_CHG!X59 -> 104513.81
A60: Charcoal | B60: R5160 | C60: =PPRD!C60+RCV_RCY!C60+IMP!C60-EXP!C60+STK_CHG!C60 -> 39.653224 | D60: =PPRD!D60+RCV_RCY!D60+IMP!D60-EXP!D60+STK_CHG!D60 -> 36.844368 | E60: =PPRD!E60+RCV_RCY!E60+IMP!E60-EXP!E60+STK_CHG!E60 -> 36.801376 | F60: =PPRD!F60+RCV_RCY!F60+IMP!F60-EXP!F60+STK_CHG!F60 -> 138.50198 | G60: =PPRD!G60+RCV_RCY!G60+IMP!G60-EXP!G60+STK_CHG!G60 -> 152.66311 | H60: =PPRD!H60+RCV_RCY!H60+IMP!H60-EXP!H60+STK_CHG!H60 -> 169.94256 | I60: =PPRD!I60+RCV_RCY!I60+IMP!I60-EXP!I60+STK_CHG!I60 -> 174.72786 | J60: =PPRD!J60+RCV_RCY!J60+IMP!J60-EXP!J60+STK_CHG!J60 -> 232.22476 | ... X60: =PPRD!X60+RCV_RCY!X60+IMP!X60-EXP!X60+STK_CHG!X60 -> 305.6049
A61: Biogases | B61: R5300 | C61: =PPRD!C61+RCV_RCY!C61+IMP!C61-EXP!C61+STK_CHG!C61 -> 1376.3911 | D61: =PPRD!D61+RCV_RCY!D61+IMP!D61-EXP!D61+STK_CHG!D61 -> 1772.6107 | E61: =PPRD!E61+RCV_RCY!E61+IMP!E61-EXP!E61+STK_CHG!E61 -> 2349.4914 | F61: =PPRD!F61+RCV_RCY!F61+IMP!F61-EXP!F61+STK_CHG!F61 -> 2249.7484 | G61: =PPRD!G61+RCV_RCY!G61+IMP!G61-EXP!G61+STK_CHG!G61 -> 2344.1567 | H61: =PPRD!H61+RCV_RCY!H61+IMP!H61-EXP!H61+STK_CHG!H61 -> 2679.8424 | I61: =PPRD!I61+RCV_RCY!I61+IMP!I61-EXP!I61+STK_CHG!I61 -> 3036.2238 | J61: =PPRD!J61+RCV_RCY!J61+IMP!J61-EXP!J61+STK_CHG!J61 -> 4332.7858 | ... X61: =PPRD!X61+RCV_RCY!X61+IMP!X61-EXP!X61+STK_CHG!X61 -> 15612.436
A62: Renewable municipal waste | B62: W6210 | C62: =PPRD!C62+RCV_RCY!C62+IMP!C62-EXP!C62+STK_CHG!C62 -> 3536.8692 | D62: =PPRD!D62+RCV_RCY!D62+IMP!D62-EXP!D62+STK_CHG!D62 -> 3712.9193 | E62: =PPRD!E62+RCV_RCY!E62+IMP!E62-EXP!E62+STK_CHG!E62 -> 3773.5188 | F62: =PPRD!F62+RCV_RCY!F62+IMP!F62-EXP!F62+STK_CHG!F62 -> 4596.8008 | G62: =PPRD!G62+RCV_RCY!G62+IMP!G62-EXP!G62+STK_CHG!G62 -> 4936.9574 | H62: =PPRD!H62+RCV_RCY!H62+IMP!H62-EXP!H62+STK_CHG!H62 -> 5671.3847 | I62: =PPRD!I62+RCV_RCY!I62+IMP!I62-EXP!I62+STK_CHG!I62 -> 6140.4856 | J62: =PPRD!J62+RCV_RCY!J62+IMP!J62-EXP!J62+STK_CHG!J62 -> 6899.5464 | ... X62: =PPRD!X62+RCV_RCY!X62+IMP!X62-EXP!X62+STK_CHG!X62 -> 9761.2793
A63: Pure biogasoline | B63: R5210P | C63: =PPRD!C63+RCV_RCY!C63+IMP!C63-EXP!C63+STK_CHG!C63 -> 58.684437 | D63: =PPRD!D63+RCV_RCY!D63+IMP!D63-EXP!D63+STK_CHG!D63 -> 65.726483 | E63: =PPRD!E63+RCV_RCY!E63+IMP!E63-EXP!E63+STK_CHG!E63 -> 159.20894 | F63: =PPRD!F63+RCV_RCY!F63+IMP!F63-EXP!F63+STK_CHG!F63 -> 265.74549 | G63: =PPRD!G63+RCV_RCY!G63+IMP!G63-EXP!G63+STK_CHG!G63 -> 350.36853 | H63: =PPRD!H63+RCV_RCY!H63+IMP!H63-EXP!H63+STK_CHG!H63 -> 562.92141 | I63: =PPRD!I63+RCV_RCY!I63+IMP!I63-EXP!I63+STK_CHG!I63 -> 843.83783 | J63: =PPRD!J63+RCV_RCY!J63+IMP!J63-EXP!J63+STK_CHG!J63 -> 1078.9564 | ... X63: =PPRD!X63+RCV_RCY!X63+IMP!X63-EXP!X63+STK_CHG!X63 -> 3204.4335
A64: Blended biogasoline | B64: R5210B | C64: =PPRD!C64+RCV_RCY!C64+IMP!C64-EXP!C64+STK_CHG!C64 -> 0 | D64: =PPRD!D64+RCV_RCY!D64+IMP!D64-EXP!D64+STK_CHG!D64 -> 0 | E64: =PPRD!E64+RCV_RCY!E64+IMP!E64-EXP!E64+STK_CHG!E64 -> 0 | F64: =PPRD!F64+RCV_RCY!F64+IMP!F64-EXP!F64+STK_CHG!F64 -> 0 | G64: =PPRD!G64+RCV_RCY!G64+IMP!G64-EXP!G64+STK_CHG!G64 -> 0 | H64: =PPRD!H64+RCV_RCY!H64+IMP!H64-EXP!H64+STK_CHG!H64 -> 0 | I64: =PPRD!I64+RCV_RCY!I64+IMP!I64-EXP!I64+STK_CHG!I64 -> 2.7310404 | J64: =PPRD!J64+RCV_RCY!J64+IMP!J64-EXP!J64+STK_CHG!J64 -> -4.9796217 | ... X64: =PPRD!X64+RCV_RCY!X64+IMP!X64-EXP!X64+STK_CHG!X64 -> -29.772141
... A70: Ambient heat (heat pumps) | B70: RA600 | C70: =PPRD!C70+RCV_RCY!C70+IMP!C70-EXP!C70+STK_CHG!C70 -> 85.861565 | D70: =PPRD!D70+RCV_RCY!D70+IMP!D70-EXP!D70+STK_CHG!D70 -> 90.123388 | E70: =PPRD!E70+RCV_RCY!E70+IMP!E70-EXP!E70+STK_CHG!E70 -> 95.754342 | F70: =PPRD!F70+RCV_RCY!F70+IMP!F70-EXP!F70+STK_CHG!F70 -> 279.87704 | G70: =PPRD!G70+RCV_RCY!G70+IMP!G70-EXP!G70+STK_CHG!G70 -> 420.19364 | H70: =PPRD!H70+RCV_RCY!H70+IMP!H70-EXP!H70+STK_CHG!H70 -> 631.18117 | I70: =PPRD!I70+RCV_RCY!I70+IMP!I70-EXP!I70+STK_CHG!I70 -> 859.36629 | J70: =PPRD!J70+RCV_RCY!J70+IMP!J70-EXP!J70+STK_CHG!J70 -> 1136.7821 | ... X70: =PPRD!X70+RCV_RCY!X70+IMP!X70-EXP!X70+STK_CHG!X70 -> 15245.79
A71: Non-renewable waste | B71: W6100_6220 | C71: =SUM(C72:C73) -> 5873.4924 | D71: =SUM(D72:D73) -> 6494.9357 | E71: =SUM(E72:E73) -> 6334.0158 | F71: =SUM(F72:F73) -> 6052.1279 | G71: =SUM(G72:G73) -> 6553.9378 | H71: =SUM(H72:H73) -> 7185.0676 | I71: =SUM(I72:I73) -> 7913.2351 | J71: =SUM(J72:J73) -> 8388.5226 | ... X71: =SUM(X72:X73) -> 14524.579
A72: Industrial waste (non-renewable) | B72: W6100 | C72: =PPRD!C72+RCV_RCY!C72+IMP!C72-EXP!C72+STK_CHG!C72 -> 2364.0593 | D72: =PPRD!D72+RCV_RCY!D72+IMP!D72-EXP!D72+STK_CHG!D72 -> 2783.6467 | E72: =PPRD!E72+RCV_RCY!E72+IMP!E72-EXP!E72+STK_CHG!E72 -> 2556.2157 | F72: =PPRD!F72+RCV_RCY!F72+IMP!F72-EXP!F72+STK_CHG!F72 -> 1263.6246 | G72: =PPRD!G72+RCV_RCY!G72+IMP!G72-EXP!G72+STK_CHG!G72 -> 1386.8918 | H72: =PPRD!H72+RCV_RCY!H72+IMP!H72-EXP!H72+STK_CHG!H72 -> 1253.4577 | I72: =PPRD!I72+RCV_RCY!I72+IMP!I72-EXP!I72+STK_CHG!I72 -> 1396.7977 | J72: =PPRD!J72+RCV_RCY!J72+IMP!J72-EXP!J72+STK_CHG!J72 -> 1590.5028 | ... X72: =PPRD!X72+RCV_RCY!X72+IMP!X72-EXP!X72+STK_CHG!X72 -> 5004.7003
A73: Non-renewable municipal waste | B73: W6220 | C73: =PPRD!C73+RCV_RCY!C73+IMP!C73-EXP!C73+STK_CHG!C73 -> 3509.4331 | D73: =PPRD!D73+RCV_RCY!D73+IMP!D73-EXP!D73+STK_CHG!D73 -> 3711.289 | E73: =PPRD!E73+RCV_RCY!E73+IMP!E73-EXP!E73+STK_CHG!E73 -> 3777.8001 | F73: =PPRD!F73+RCV_RCY!F73+IMP!F73-EXP!F73+STK_CHG!F73 -> 4788.5034 | G73: =PPRD!G73+RCV_RCY!G73+IMP!G73-EXP!G73+STK_CHG!G73 -> 5167.046 | H73: =PPRD!H73+RCV_RCY!H73+IMP!H73-EXP!H73+STK_CHG!H73 -> 5931.6099 | I73: =PPRD!I73+RCV_RCY!I73+IMP!I73-EXP!I73+STK_CHG!I73 -> 6516.4374 | J73: =PPRD!J73+RCV_RCY!J73+IMP!J73-EXP!J73+STK_CHG!J73 -> 6798.0198 | ... X73: =PPRD!X73+RCV_RCY!X73+IMP!X73-EXP!X73+STK_CHG!X73 -> 9519.8782
A74: Nuclear heat | B74: N900H | C74: =PPRD!C74+RCV_RCY!C74+IMP!C74-EXP!C74+STK_CHG!C74 -> 222051.38 | D74: =PPRD!D74+RCV_RCY!D74+IMP!D74-EXP!D74+STK_CHG!D74 -> 229690.04 | E74: =PPRD!E74+RCV_RCY!E74+IMP!E74-EXP!E74+STK_CHG!E74 -> 233158.05 | F74: =PPRD!F74+RCV_RCY!F74+IMP!F74-EXP!F74+STK_CHG!F74 -> 234409.96 | G74: =PPRD!G74+RCV_RCY!G74+IMP!G74-EXP!G74+STK_CHG!G74 -> 239962.44 | H74: =PPRD!H74+RCV_RCY!H74+IMP!H74-EXP!H74+STK_CHG!H74 -> 236774.26 | I74: =PPRD!I74+RCV_RCY!I74+IMP!I74-EXP!I74+STK_CHG!I74 -> 236349.43 | J74: =PPRD!J74+RCV_RCY!J74+IMP!J74-EXP!J74+STK_CHG!J74 -> 225455.39 | ... X74: =PPRD!X74+RCV_RCY!X74+IMP!X74-EXP!X74+STK_CHG!X74 -> 186662.51
A75: Heat | B75: H8000 | C75: =PPRD!C75+RCV_RCY!C75+IMP!C75-EXP!C75+STK_CHG!C75 -> 254.63362 | D75: =PPRD!D75+RCV_RCY!D75+IMP!D75-EXP!D75+STK_CHG!D75 -> 223.12984 | E75: =PPRD!E75+RCV_RCY!E75+IMP!E75-EXP!E75+STK_CHG!E75 -> 308.41212 | F75: =PPRD!F75+RCV_RCY!F75+IMP!F75-EXP!F75+STK_CHG!F75 -> 333.14703 | G75: =PPRD!G75+RCV_RCY!G75+IMP!G75-EXP!G75+STK_CHG!G75 -> 455.44093 | H75: =PPRD!H75+RCV_RCY!H75+IMP!H75-EXP!H75+STK_CHG!H75 -> 529.87068 | I75: =PPRD!I75+RCV_RCY!I75+IMP!I75-EXP!I75+STK_CHG!I75 -> 546.49742 | J75: =PPRD!J75+RCV_RCY!J75+IMP!J75-EXP!J75+STK_CHG!J75 -> 594.02476 | ... X75: =PPRD!X75+RCV_RCY!X75+IMP!X75-EXP!X75+STK_CHG!X75 -> 1102.1236
A76: Electricity | B76: E7000 | C76: =PPRD!C76+RCV_RCY!C76+IMP!C76-EXP!C76+STK_CHG!C76 -> 760.75013 | D76: =PPRD!D76+RCV_RCY!D76+IMP!D76-EXP!D76+STK_CHG!D76 -> -289.38401 | E76: =PPRD!E76+RCV_RCY!E76+IMP!E76-EXP!E76+STK_CHG!E76 -> 611.24007 | F76: =PPRD!F76+RCV_RCY!F76+IMP!F76-EXP!F76+STK_CHG!F76 -> -177.49192 | G76: =PPRD!G76+RCV_RCY!G76+IMP!G76-EXP!G76+STK_CHG!G76 -> -1016.1885 | H76: =PPRD!H76+RCV_RCY!H76+IMP!H76-EXP!H76+STK_CHG!H76 -> 632.4049 | I76: =PPRD!I76+RCV_RCY!I76+IMP!I76-EXP!I76+STK_CHG!I76 -> 38.975924 | J76: =PPRD!J76+RCV_RCY!J76+IMP!J76-EXP!J76+STK_CHG!J76 -> 911.73534 | ... X76: =PPRD!X76+RCV_RCY!X76+IMP!X76-EXP!X76+STK_CHG!X76 -> 629.18487

Sheet INTMARB
A1: International maritime bunkers | B1: INTMARB | C1: 2000 | D1: 2001 | E1: 2002 | F1: 2003 | G1: 2004 | H1: 2005 | I1: 2006 | J1: 2007 | K1: 2008 | L1: 2009 | M1: 2010 | N1: 2011 | O1: 2012 | P1: 2013 | Q1: 2014 | R1: 2015 | S1: 2016 | T1: 2017 | U1: 2018 | V1: 2019 | W1: 2020 | X1: 2021
A2: Total | B2: TOTAL | C2: =SUM(C3,C17,C22,C25,C26,C51,C52,C71,C74,C75,C76) -> 40355.427 | D2: =SUM(D3,D17,D22,D25,D26,D51,D52,D71,D74,D75,D76) -> 41594.502 | E2: =SUM(E3,E17,E22,E25,E26,E51,E52,E71,E74,E75,E76) -> 42789.175 | F2: =SUM(F3,F17,F22,F25,F26,F51,F52,F71,F74,F75,F76) -> 44042.576 | G2: =SUM(G3,G17,G22,G25,G26,G51,G52,G71,G74,G75,G76) -> 46270.016 | H2: =SUM(H3,H17,H22,H25,H26,H51,H52,H71,H74,H75,H76) -> 47173.61 | I2: =SUM(I3,I17,I22,I25,I26,I51,I52,I71,I74,I75,I76) -> 50290.715 | J2: =SUM(J3,J17,J22,J25,J26,J51,J52,J71,J74,J75,J76) -> 52441.628 | ... X2: =SUM(X3,X17,X22,X25,X26,X51,X52,X71,X74,X75,X76) -> 40756.205
A3: Solid fossil fuels | B3: C0000X0350-0370 | C3: =SUM(C4,C8,C11) -> 0 | D3: =SUM(D4,D8,D11) -> 0 | E3: =SUM(E4,E8,E11) -> 0 | F3: =SUM(F4,F8,F11) -> 0 | G3: =SUM(G4,G8,G11) -> 0 | H3: =SUM(H4,H8,H11) -> 0 | I3: =SUM(I4,I8,I11) -> 0 | J3: =SUM(J4,J8,J11) -> 0 | ... X3: =SUM(X4,X8,X11) -> 0
A4: Hard coal | B4: C0100 | C4: =SUM(C5:C7) -> 0 | D4: =SUM(D5:D7) -> 0 | E4: =SUM(E5:E7) -> 0 | F4: =SUM(F5:F7) -> 0 | G4: =SUM(G5:G7) -> 0 | H4: =SUM(H5:H7) -> 0 | I4: =SUM(I5:I7) -> 0 | J4: =SUM(J5:J7) -> 0 | ... X4: =SUM(X5:X7) -> 0
A5: Anthracite | B5: C0110 | C5: =INTMARB_IN!C5+INTMARB_EX!C5 -> 0 | D5: =INTMARB_IN!D5+INTMARB_EX!D5 -> 0 | E5: =INTMARB_IN!E5+INTMARB_EX!E5 -> 0 | F5: =INTMARB_IN!F5+INTMARB_EX!F5 -> 0 | G5: =INTMARB_IN!G5+INTMARB_EX!G5 -> 0 | H5: =INTMARB_IN!H5+INTMARB_EX!H5 -> 0 | I5: =INTMARB_IN!I5+INTMARB_EX!I5 -> 0 | J5: =INTMARB_IN!J5+INTMARB_EX!J5 -> 0 | ... X5: =INTMARB_IN!X5+INTMARB_EX!X5 -> 0
A6: Coking coal | B6: C0121 | C6: =INTMARB_IN!C6+INTMARB_EX!C6 -> 0 | D6: =INTMARB_IN!D6+INTMARB_EX!D6 -> 0 | E6: =INTMARB_IN!E6+INTMARB_EX!E6 -> 0 | F6: =INTMARB_IN!F6+INTMARB_EX!F6 -> 0 | G6: =INTMARB_IN!G6+INTMARB_EX!G6 -> 0 | H6: =INTMARB_IN!H6+INTMARB_EX!H6 -> 0 | I6: =INTMARB_IN!I6+INTMARB_EX!I6 -> 0 | J6: =INTMARB_IN!J6+INTMARB_EX!J6 -> 0 | ... X6: =INTMARB_IN!X6+INTMARB_EX!X6 -> 0
A7: Other bituminous coal | B7: C0129 | C7: =INTMARB_IN!C7+INTMARB_EX!C7 -> 0 | D7: =INTMARB_IN!D7+INTMARB_EX!D7 -> 0 | E7: =INTMARB_IN!E7+INTMARB_EX!E7 -> 0 | F7: =INTMARB_IN!F7+INTMARB_EX!F7 -> 0 | G7: =INTMARB_IN!G7+INTMARB_EX!G7 -> 0 | H7: =INTMARB_IN!H7+INTMARB_EX!H7 -> 0 | I7: =INTMARB_IN!I7+INTMARB_EX!I7 -> 0 | J7: =INTMARB_IN!J7+INTMARB_EX!J7 -> 0 | ... X7: =INTMARB_IN!X7+INTMARB_EX!X7 -> 0
A8: Brown coal | B8: C0200 | C8: =SUM(C9:C10) -> 0 | D8: =SUM(D9:D10) -> 0 | E8: =SUM(E9:E10) -> 0 | F8: =SUM(F9:F10) -> 0 | G8: =SUM(G9:G10) -> 0 | H8: =SUM(H9:H10) -> 0 | I8: =SUM(I9:I10) -> 0 | J8: =SUM(J9:J10) -> 0 | ... X8: =SUM(X9:X10) -> 0
A9: Sub-bituminous coal | B9: C0210 | C9: =INTMARB_IN!C9+INTMARB_EX!C9 -> 0 | D9: =INTMARB_IN!D9+INTMARB_EX!D9 -> 0 | E9: =INTMARB_IN!E9+INTMARB_EX!E9 -> 0 | F9: =INTMARB_IN!F9+INTMARB_EX!F9 -> 0 | G9: =INTMARB_IN!G9+INTMARB_EX!G9 -> 0 | H9: =INTMARB_IN!H9+INTMARB_EX!H9 -> 0 | I9: =INTMARB_IN!I9+INTMARB_EX!I9 -> 0 | J9: =INTMARB_IN!J9+INTMARB_EX!J9 -> 0 | ... X9: =INTMARB_IN!X9+INTMARB_EX!X9 -> 0
A10: Lignite | B10: C0220 | C10: =INTMARB_IN!C10+INTMARB_EX!C10 -> 0 | D10: =INTMARB_IN!D10+INTMARB_EX!D10 -> 0 | E10: =INTMARB_IN!E10+INTMARB_EX!E10 -> 0 | F10: =INTMARB_IN!F10+INTMARB_EX!F10 -> 0 | G10: =INTMARB_IN!G10+INTMARB_EX!G10 -> 0 | H10: =INTMARB_IN!H10+INTMARB_EX!H10 -> 0 | I10: =INTMARB_IN!I10+INTMARB_EX!I10 -> 0 | J10: =INTMARB_IN!J10+INTMARB_EX!J10 -> 0 | ... X10: =INTMARB_IN!X10+INTMARB_EX!X10 -> 0
A11: Coal products | B11: C0300 | C11: =SUM(C12:C16) -> 0 | D11: =SUM(D12:D16) -> 0 | E11: =SUM(E12:E16) -> 0 | F11: =SUM(F12:F16) -> 0 | G11: =SUM(G12:G16) -> 0 | H11: =SUM(H12:H16) -> 0 | I11: =SUM(I12:I16) -> 0 | J11: =SUM(J12:J16) -> 0 | ... X11: =SUM(X12:X16) -> 0
A12: Patent fuel | B12: C0320 | C12: =INTMARB_IN!C12+INTMARB_EX!C12 -> 0 | D12: =INTMARB_IN!D12+INTMARB_EX!D12 -> 0 | E12: =INTMARB_IN!E12+INTMARB_EX!E12 -> 0 | F12: =INTMARB_IN!F12+INTMARB_EX!F12 -> 0 | G12: =INTMARB_IN!G12+INTMARB_EX!G12 -> 0 | H12: =INTMARB_IN!H12+INTMARB_EX!H12 -> 0 | I12: =INTMARB_IN!I12+INTMARB_EX!I12 -> 0 | J12: =INTMARB_IN!J12+INTMARB_EX!J12 -> 0 | ... X12: =INTMARB_IN!X12+INTMARB_EX!X12 -> 0
A13: Coke oven coke | B13: C0311 | C13: =INTMARB_IN!C13+INTMARB_EX!C13 -> 0 | D13: =INTMARB_IN!D13+INTMARB_EX!D13 -> 0 | E13: =INTMARB_IN!E13+INTMARB_EX!E13 -> 0 | F13: =INTMARB_IN!F13+INTMARB_EX!F13 -> 0 | G13: =INTMARB_IN!G13+INTMARB_EX!G13 -> 0 | H13: =INTMARB_IN!H13+INTMARB_EX!H13 -> 0 | I13: =INTMARB_IN!I13+INTMARB_EX!I13 -> 0 | J13: =INTMARB_IN!J13+INTMARB_EX!J13 -> 0 | ... X13: =INTMARB_IN!X13+INTMARB_EX!X13 -> 0
A14: Gas coke | B14: C0312 | C14: =INTMARB_IN!C14+INTMARB_EX!C14 -> 0 | D14: =INTMARB_IN!D14+INTMARB_EX!D14 -> 0 | E14: =INTMARB_IN!E14+INTMARB_EX!E14 -> 0 | F14: =INTMARB_IN!F14+INTMARB_EX!F14 -> 0 | G14: =INTMARB_IN!G14+INTMARB_EX!G14 -> 0 | H14: =INTMARB_IN!H14+INTMARB_EX!H14 -> 0 | I14: =INTMARB_IN!I14+INTMARB_EX!I14 -> 0 | J14: =INTMARB_IN!J14+INTMARB_EX!J14 -> 0 | ... X14: =INTMARB_IN!X14+INTMARB_EX!X14 -> 0
A15: Coal tar | B15: C0340 | C15: =INTMARB_IN!C15+INTMARB_EX!C15 -> 0 | D15: =INTMARB_IN!D15+INTMARB_EX!D15 -> 0 | E15: =INTMARB_IN!E15+INTMARB_EX!E15 -> 0 | F15: =INTMARB_IN!F15+INTMARB_EX!F15 -> 0 | G15: =INTMARB_IN!G15+INTMARB_EX!G15 -> 0 | H15: =INTMARB_IN!H15+INTMARB_EX!H15 -> 0 | I15: =INTMARB_IN!I15+INTMARB_EX!I15 -> 0 | J15: =INTMARB_IN!J15+INTMARB_EX!J15 -> 0 | ... X15: =INTMARB_IN!X15+INTMARB_EX!X15 -> 0
A16: Brown coal briquettes | B16: C0330 | C16: =INTMARB_IN!C16+INTMARB_EX!C16 -> 0 | D16: =INTMARB_IN!D16+INTMARB_EX!D16 -> 0 | E16: =INTMARB_IN!E16+INTMARB_EX!E16 -> 0 | F16: =INTMARB_IN!F16+INTMARB_EX!F16 -> 0 | G16: =INTMARB_IN!G16+INTMARB_EX!G16 -> 0 | H16: =INTMARB_IN!H16+INTMARB_EX!H16 -> 0 | I16: =INTMARB_IN!I16+INTMARB_EX!I16 -> 0 | J16: =INTMARB_IN!J16+INTMARB_EX!J16 -> 0 | ... X16: =INTMARB_IN!X16+INTMARB_EX!X16 -> 0
A17: Manufactured gases | B17: C0350-0370 | C17: =SUM(C18:C21) -> 0 | D17: =SUM(D18:D21) -> 0 | E17: =SUM(E18:E21) -> 0 | F17: =SUM(F18:F21) -> 0 | G17: =SUM(G18:G21) -> 0 | H17: =SUM(H18:H21) -> 0 | I17: =SUM(I18:I21) -> 0 | J17: =SUM(J18:J21) -> 0 | ... X17: =SUM(X18:X21) -> 0
A18: Gas works gas | B18: C0360 | C18: =INTMARB_IN!C18+INTMARB_EX!C18 -> 0 | D18: =INTMARB_IN!D18+INTMARB_EX!D18 -> 0 | E18: =INTMARB_IN!E18+INTMARB_EX!E18 -> 0 | F18: =INTMARB_IN!F18+INTMARB_EX!F18 -> 0 | G18: =INTMARB_IN!G18+INTMARB_EX!G18 -> 0 | H18: =INTMARB_IN!H18+INTMARB_EX!H18 -> 0 | I18: =INTMARB_IN!I18+INTMARB_EX!I18 -> 0 | J18: =INTMARB_IN!J18+INTMARB_EX!J18 -> 0 | ... X18: =INTMARB_IN!X18+INTMARB_EX!X18 -> 0
A19: Coke oven gas | B19: C0350 | C19: =INTMARB_IN!C19+INTMARB_EX!C19 -> 0 | D19: =INTMARB_IN!D19+INTMARB_EX!D19 -> 0 | E19: =INTMARB_IN!E19+INTMARB_EX!E19 -> 0 | F19: =INTMARB_IN!F19+INTMARB_EX!F19 -> 0 | G19: =INTMARB_IN!G19+INTMARB_EX!G19 -> 0 | H19: =INTMARB_IN!H19+INTMARB_EX!H19 -> 0 | I19: =INTMARB_IN!I19+INTMARB_EX!I19 -> 0 | J19: =INTMARB_IN!J19+INTMARB_EX!J19 -> 0 | ... X19: =INTMARB_IN!X19+INTMARB_EX!X19 -> 0
A20: Blast furnace gas | B20: C0371 | C20: =INTMARB_IN!C20+INTMARB_EX!C20 -> 0 | D20: =INTMARB_IN!D20+INTMARB_EX!D20 -> 0 | E20: =INTMARB_IN!E20+INTMARB_EX!E20 -> 0 | F20: =INTMARB_IN!F20+INTMARB_EX!F20 -> 0 | G20: =INTMARB_IN!G20+INTMARB_EX!G20 -> 0 | H20: =INTMARB_IN!H20+INTMARB_EX!H20 -> 0 | I20: =INTMARB_IN!I20+INTMARB_EX!I20 -> 0 | J20: =INTMARB_IN!J20+INTMARB_EX!J20 -> 0 | ... X20: =INTMARB_IN!X20+INTMARB_EX!X20 -> 0
A21: Other recovered gases | B21: C0379 | C21: =INTMARB_IN!C21+INTMARB_EX!C21 -> 0 | D21: =INTMARB_IN!D21+INTMARB_EX!D21 -> 0 | E21: =INTMARB_IN!E21+INTMARB_EX!E21 -> 0 | F21: =INTMARB_IN!F21+INTMARB_EX!F21 -> 0 | G21: =INTMARB_IN!G21+INTMARB_EX!G21 -> 0 | H21: =INTMARB_IN!H21+INTMARB_EX!H21 -> 0 | I21: =INTMARB_IN!I21+INTMARB_EX!I21 -> 0 | J21: =INTMARB_IN!J21+INTMARB_EX!J21 -> 0 | ... X21: =INTMARB_IN!X21+INTMARB_EX!X21 -> 0
A22: Peat and peat products | B22: P1000 | C22: =SUM(C23:C24) -> 0 | D22: =SUM(D23:D24) -> 0 | E22: =SUM(E23:E24) -> 0 | F22: =SUM(F23:F24) -> 0 | G22: =SUM(G23:G24) -> 0 | H22: =SUM(H23:H24) -> 0 | I22: =SUM(I23:I24) -> 0 | J22: =SUM(J23:J24) -> 0 | ... X22: =SUM(X23:X24) -> 0
A23: Peat | B23: P1100 | C23: =INTMARB_IN!C23+INTMARB_EX!C23 -> 0 | D23: =INTMARB_IN!D23+INTMARB_EX!D23 -> 0 | E23: =INTMARB_IN!E23+INTMARB_EX!E23 -> 0 | F23: =INTMARB_IN!F23+INTMARB_EX!F23 -> 0 | G23: =INTMARB_IN!G23+INTMARB_EX!G23 -> 0 | H23: =INTMARB_IN!H23+INTMARB_EX!H23 -> 0 | I23: =INTMARB_IN!I23+INTMARB_EX!I23 -> 0 | J23: =INTMARB_IN!J23+INTMARB_EX!J23 -> 0 | ... X23: =INTMARB_IN!X23+INTMARB_EX!X23 -> 0
A24: Peat products | B24: P1200 | C24: =INTMARB_IN!C24+INTMARB_EX!C24 -> 0 | D24: =INTMARB_IN!D24+INTMARB_EX!D24 -> 0 | E24: =INTMARB_IN!E24+INTMARB_EX!E24 -> 0 | F24: =INTMARB_IN!F24+INTMARB_EX!F24 -> 0 | G24: =INTMARB_IN!G24+INTMARB_EX!G24 -> 0 | H24: =INTMARB_IN!H24+INTMARB_EX!H24 -> 0 | I24: =INTMARB_IN!I24+INTMARB_EX!I24 -> 0 | J24: =INTMARB_IN!J24+INTMARB_EX!J24 -> 0 | ... X24: =INTMARB_IN!X24+INTMARB_EX!X24 -> 0
