Workbook

Sheet cover
B6: JRC-IDEES-2021 - Integrated Database of the European Energy System
C15: International maritime bunkers - EU split
L28: Prepared by JRC C.6
L30: 45432.79
L31: v2021-1.00
B33: Legal Notice
B35: The information made available is property of the Joint Research Centre of the European Commission.
B36: Neither the European Commission nor any person acting on behalf of the Commission is responsible for the use which might be made of this information.
B38: Use conditions
B39: This work is licensed under
B40: CC BY 4.0

Sheet EU27
A1: EU27 - European Union - 27 countries (from 2020) | B1: 1990 | C1: 1991 | D1: 1992 | E1: 1993 | F1: 1994 | G1: 1995 | H1: 1996 | I1: 1997 | J1: 1998 | K1: 1999 | L1: 2000 | M1: 2001 | N1: 2002 | O1: 2003 | P1: 2004 | Q1: 2005 | R1: 2006 | S1: 2007 | T1: 2008 | U1: 2009 | V1: 2010 | W1: 2011 | X1: 2012 | Y1: 2013 | Z1: 2014 | AA1: 2015 | AB1: 2016 | AC1: 2017 | AD1: 2018 | AE1: 2019 | AF1: 2020 | AG1: 2021
A3: Transport activity (Mtkm) | B3: =SUM(B4:B5) -> 5260244.1 | C3: =SUM(C4:C5) -> 5056483.1 | D3: =SUM(D4:D5) -> 4958716.1 | E3: =SUM(E4:E5) -> 4927827.7 | F3: =SUM(F4:F5) -> 4816013.9 | G3: =SUM(G4:G5) -> 4787796.6 | H3: =SUM(H4:H5) -> 4835398.5 | I3: =SUM(I4:I5) -> 5047205 | ... AG3: =SUM(AG4:AG5) -> 8135819.2
A4: Intra-EU27 | B4: =AT!B4+BE!B4+BG!B4+CY!B4+CZ!B4+DE!B4+DK!B4+EE!B4+EL!B4+ES!B4+FI!B4+FR!B4+HR!B4+HU!B4+IE!B4+IT!B4+LT!B4+LU!B4+LV!B4+MT!B4+NL!B4+PL!B4+PT!B4+RO!B4+SE!B4+SI!B4+SK!B4 -> 675560.78 | C4: =AT!C4+BE!C4+BG!C4+CY!C4+CZ!C4+DE!C4+DK!C4+EE!C4+EL!C4+ES!C4+FI!C4+FR!C4+HR!C4+HU!C4+IE!C4+IT!C4+LT!C4+LU!C4+LV!C4+MT!C4+NL!C4+PL!C4+PT!C4+RO!C4+SE!C4+SI!C4+SK!C4 -> 631381.38 | D4: =AT!D4+BE!D4+BG!D4+CY!D4+CZ!D4+DE!D4+DK!D4+EE!D4+EL!D4+ES!D4+FI!D4+FR!D4+HR!D4+HU!D4+IE!D4+IT!D4+LT!D4+LU!D4+LV!D4+MT!D4+NL!D4+PL!D4+PT!D4+RO!D4+SE!D4+SI!D4+SK!D4 -> 637361.83 | E4: =AT!E4+BE!E4+BG!E4+CY!E4+CZ!E4+DE!E4+DK!E4+EE!E4+EL!E4+ES!E4+FI!E4+FR!E4+HR!E4+HU!E4+IE!E4+IT!E4+LT!E4+LU!E4+LV!E4+MT!E4+NL!E4+PL!E4+PT!E4+RO!E4+SE!E4+SI!E4+SK!E4 -> 626240.24 | F4: =AT!F4+BE!F4+BG!F4+CY!F4+CZ!F4+DE!F4+DK!F4+EE!F4+EL!F4+ES!F4+FI!F4+FR!F4+HR!F4+HU!F4+IE!F4+IT!F4+LT!F4+LU!F4+LV!F4+MT!F4+NL!F4+PL!F4+PT!F4+RO!F4+SE!F4+SI!F4+SK!F4 -> 618441.68 | G4: =AT!G4+BE!G4+BG!G4+CY!G4+CZ!G4+DE!G4+DK!G4+EE!G4+EL!G4+ES!G4+FI!G4+FR!G4+HR!G4+HU!G4+IE!G4+IT!G4+LT!G4+LU!G4+LV!G4+MT!G4+NL!G4+PL!G4+PT!G4+RO!G4+SE!G4+SI!G4+SK!G4 -> 596189.02 | H4: =AT!H4+BE!H4+BG!H4+CY!H4+CZ!H4+DE!H4+DK!H4+EE!H4+EL!H4+ES!H4+FI!H4+FR!H4+HR!H4+HU!H4+IE!H4+IT!H4+LT!H4+LU!H4+LV!H4+MT!H4+NL!H4+PL!H4+PT!H4+RO!H4+SE!H4+SI!H4+SK!H4 -> 609855.98 | I4: =AT!I4+BE!I4+BG!I4+CY!I4+CZ!I4+DE!I4+DK!I4+EE!I4+EL!I4+ES!I4+FI!I4+FR!I4+HR!I4+HU!I4+IE!I4+IT!I4+LT!I4+LU!I4+LV!I4+MT!I4+NL!I4+PL!I4+PT!I4+RO!I4+SE!I4+SI!I4+SK!I4 -> 614714.87 | ... AG4: =AT!AG4+BE!AG4+BG!AG4+CY!AG4+CZ!AG4+DE!AG4+DK!AG4+EE!AG4+EL!AG4+ES!AG4+FI!AG4+FR!AG4+HR!AG4+HU!AG4+IE!AG4+IT!AG4+LT!AG4+LU!AG4+LV!AG4+MT!AG4+NL!AG4+PL!AG4+PT!AG4+RO!AG4+SE!AG4+SI!AG4+SK!AG4 -> 855766.18
A5: Extra-EU27 | B5: =AT!B5+BE!B5+BG!B5+CY!B5+CZ!B5+DE!B5+DK!B5+EE!B5+EL!B5+ES!B5+FI!B5+FR!B5+HR!B5+HU!B5+IE!B5+IT!B5+LT!B5+LU!B5+LV!B5+MT!B5+NL!B5+PL!B5+PT!B5+RO!B5+SE!B5+SI!B5+SK!B5 -> 4584683.4 | C5: =AT!C5+BE!C5+BG!C5+CY!C5+CZ!C5+DE!C5+DK!C5+EE!C5+EL!C5+ES!C5+FI!C5+FR!C5+HR!C5+HU!C5+IE!C5+IT!C5+LT!C5+LU!C5+LV!C5+MT!C5+NL!C5+PL!C5+PT!C5+RO!C5+SE!C5+SI!C5+SK!C5 -> 4425101.7 | D5: =AT!D5+BE!D5+BG!D5+CY!D5+CZ!D5+DE!D5+DK!D5+EE!D5+EL!D5+ES!D5+FI!D5+FR!D5+HR!D5+HU!D5+IE!D5+IT!D5+LT!D5+LU!D5+LV!D5+MT!D5+NL!D5+PL!D5+PT!D5+RO!D5+SE!D5+SI!D5+SK!D5 -> 4321354.3 | E5: =AT!E5+BE!E5+BG!E5+CY!E5+CZ!E5+DE!E5+DK!E5+EE!E5+EL!E5+ES!E5+FI!E5+FR!E5+HR!E5+HU!E5+IE!E5+IT!E5+LT!E5+LU!E5+LV!E5+MT!E5+NL!E5+PL!E5+PT!E5+RO!E5+SE!E5+SI!E5+SK!E5 -> 4301587.5 | F5: =AT!F5+BE!F5+BG!F5+CY!F5+CZ!F5+DE!F5+DK!F5+EE!F5+EL!F5+ES!F5+FI!F5+FR!F5+HR!F5+HU!F5+IE!F5+IT!F5+LT!F5+LU!F5+LV!F5+MT!F5+NL!F5+PL!F5+PT!F5+RO!F5+SE!F5+SI!F5+SK!F5 -> 4197572.2 | G5: =AT!G5+BE!G5+BG!G5+CY!G5+CZ!G5+DE!G5+DK!G5+EE!G5+EL!G5+ES!G5+FI!G5+FR!G5+HR!G5+HU!G5+IE!G5+IT!G5+LT!G5+LU!G5+LV!G5+MT!G5+NL!G5+PL!G5+PT!G5+RO!G5+SE!G5+SI!G5+SK!G5 -> 4191607.6 | H5: =AT!H5+BE!H5+BG!H5+CY!H5+CZ!H5+DE!H5+DK!H5+EE!H5+EL!H5+ES!H5+FI!H5+FR!H5+HR!H5+HU!H5+IE!H5+IT!H5+LT!H5+LU!H5+LV!H5+MT!H5+NL!H5+PL!H5+PT!H5+RO!H5+SE!H5+SI!H5+SK!H5 -> 4225542.5 | I5: =AT!I5+BE!I5+BG!I5+CY!I5+CZ!I5+DE!I5+DK!I5+EE!I5+EL!I5+ES!I5+FI!I5+FR!I5+HR!I5+HU!I5+IE!I5+IT!I5+LT!I5+LU!I5+LV!I5+MT!I5+NL!I5+PL!I5+PT!I5+RO!I5+SE!I5+SI!I5+SK!I5 -> 4432490.1 | ... AG5: =AT!AG5+BE!AG5+BG!AG5+CY!AG5+CZ!AG5+DE!AG5+DK!AG5+EE!AG5+EL!AG5+ES!AG5+FI!AG5+FR!AG5+HR!AG5+HU!AG5+IE!AG5+IT!AG5+LT!AG5+LU!AG5+LV!AG5+MT!AG5+NL!AG5+PL!AG5+PT!AG5+RO!AG5+SE!AG5+SI!AG5+SK!AG5 -> 7280053
A6: * Considering both inwards and outwards flows of goods transported with half of the distance of the voyages (thus the total distance for Intra-EU in the EU aggregation)
A8: Market shares of activity (% of tkm) | B8: =IF(B3=0,0,B3/B$3) -> 1 | C8: =IF(C3=0,0,C3/C$3) -> 1 | D8: =IF(D3=0,0,D3/D$3) -> 1 | E8: =IF(E3=0,0,E3/E$3) -> 1 | F8: =IF(F3=0,0,F3/F$3) -> 1 | G8: =IF(G3=0,0,G3/G$3) -> 1 | H8: =IF(H3=0,0,H3/H$3) -> 1 | I8: =IF(I3=0,0,I3/I$3) -> 1 | ... AG8: =IF(AG3=0,0,AG3/AG$3) -> 1
A9: Intra-EU27 | B9: =IF(B4=0,0,B4/B$3) -> 0.12842765 | C9: =IF(C4=0,0,C4/C$3) -> 0.12486572 | D9: =IF(D4=0,0,D4/D$3) -> 0.12853364 | E9: =IF(E4=0,0,E4/E$3) -> 0.12708241 | F9: =IF(F4=0,0,F4/F$3) -> 0.1284136 | G9: =IF(G4=0,0,G4/G$3) -> 0.12452263 | H9: =IF(H4=0,0,H4/H$3) -> 0.12612321 | I9: =IF(I4=0,0,I4/I$3) -> 0.12179313 | ... AG9: =IF(AG4=0,0,AG4/AG$3) -> 0.105185
A10: Extra-EU27 | B10: =IF(B5=0,0,B5/B$3) -> 0.87157235 | C10: =IF(C5=0,0,C5/C$3) -> 0.87513428 | D10: =IF(D5=0,0,D5/D$3) -> 0.87146636 | E10: =IF(E5=0,0,E5/E$3) -> 0.87291759 | F10: =IF(F5=0,0,F5/F$3) -> 0.8715864 | G10: =IF(G5=0,0,G5/G$3) -> 0.87547737 | H10: =IF(H5=0,0,H5/H$3) -> 0.87387679 | I10: =IF(I5=0,0,I5/I$3) -> 0.87820687 | ... AG10: =IF(AG5=0,0,AG5/AG$3) -> 0.894815
A12: Vehicle-km (Mvkm) | B12: =SUM(B13:B14) -> 362.91279 | C12: =SUM(C13:C14) -> 334.56875 | D12: =SUM(D13:D14) -> 331.78253 | E12: =SUM(E13:E14) -> 332.52903 | F12: =SUM(F13:F14) -> 331.3739 | G12: =SUM(G13:G14) -> 326.6431 | H12: =SUM(H13:H14) -> 326.43785 | I12: =SUM(I13:I14) -> 331.64998 | ... AG12: =SUM(AG13:AG14) -> 301.27333
A13: Intra-EU27 | B13: =AT!B13+BE!B13+BG!B13+CY!B13+CZ!B13+DE!B13+DK!B13+EE!B13+EL!B13+ES!B13+FI!B13+FR!B13+HR!B13+HU!B13+IE!B13+IT!B13+LT!B13+LU!B13+LV!B13+MT!B13+NL!B13+PL!B13+PT!B13+RO!B13+SE!B13+SI!B13+SK!B13 -> 137.55843 | C13: =AT!C13+BE!C13+BG!C13+CY!C13+CZ!C13+DE!C13+DK!C13+EE!C13+EL!C13+ES!C13+FI!C13+FR!C13+HR!C13+HU!C13+IE!C13+IT!C13+LT!C13+LU!C13+LV!C13+MT!C13+NL!C13+PL!C13+PT!C13+RO!C13+SE!C13+SI!C13+SK!C13 -> 124.47235 | D13: =AT!D13+BE!D13+BG!D13+CY!D13+CZ!D13+DE!D13+DK!D13+EE!D13+EL!D13+ES!D13+FI!D13+FR!D13+HR!D13+HU!D13+IE!D13+IT!D13+LT!D13+LU!D13+LV!D13+MT!D13+NL!D13+PL!D13+PT!D13+RO!D13+SE!D13+SI!D13+SK!D13 -> 126.00158 | E13: =AT!E13+BE!E13+BG!E13+CY!E13+CZ!E13+DE!E13+DK!E13+EE!E13+EL!E13+ES!E13+FI!E13+FR!E13+HR!E13+HU!E13+IE!E13+IT!E13+LT!E13+LU!E13+LV!E13+MT!E13+NL!E13+PL!E13+PT!E13+RO!E13+SE!E13+SI!E13+SK!E13 -> 125.37252 | F13: =AT!F13+BE!F13+BG!F13+CY!F13+CZ!F13+DE!F13+DK!F13+EE!F13+EL!F13+ES!F13+FI!F13+FR!F13+HR!F13+HU!F13+IE!F13+IT!F13+LT!F13+LU!F13+LV!F13+MT!F13+NL!F13+PL!F13+PT!F13+RO!F13+SE!F13+SI!F13+SK!F13 -> 126.09139 | G13: =AT!G13+BE!G13+BG!G13+CY!G13+CZ!G13+DE!G13+DK!G13+EE!G13+EL!G13+ES!G13+FI!G13+FR!G13+HR!G13+HU!G13+IE!G13+IT!G13+LT!G13+LU!G13+LV!G13+MT!G13+NL!G13+PL!G13+PT!G13+RO!G13+SE!G13+SI!G13+SK!G13 -> 121.92408 | H13: =AT!H13+BE!H13+BG!H13+CY!H13+CZ!H13+DE!H13+DK!H13+EE!H13+EL!H13+ES!H13+FI!H13+FR!H13+HR!H13+HU!H13+IE!H13+IT!H13+LT!H13+LU!H13+LV!H13+MT!H13+NL!H13+PL!H13+PT!H13+RO!H13+SE!H13+SI!H13+SK!H13 -> 122.28962 | I13: =AT!I13+BE!I13+BG!I13+CY!I13+CZ!I13+DE!I13+DK!I13+EE!I13+EL!I13+ES!I13+FI!I13+FR!I13+HR!I13+HU!I13+IE!I13+IT!I13+LT!I13+LU!I13+LV!I13+MT!I13+NL!I13+PL!I13+PT!I13+RO!I13+SE!I13+SI!I13+SK!I13 -> 121.62621 | ... AG13: =AT!AG13+BE!AG13+BG!AG13+CY!AG13+CZ!AG13+DE!AG13+DK!AG13+EE!AG13+EL!AG13+ES!AG13+FI!AG13+FR!AG13+HR!AG13+HU!AG13+IE!AG13+IT!AG13+LT!AG13+LU!AG13+LV!AG13+MT!AG13+NL!AG13+PL!AG13+PT!AG13+RO!AG13+SE!AG13+SI!AG13+SK!AG13 -> 110.70642
A14: Extra-EU27 | B14: =AT!B14+BE!B14+BG!B14+CY!B14+CZ!B14+DE!B14+DK!B14+EE!B14+EL!B14+ES!B14+FI!B14+FR!B14+HR!B14+HU!B14+IE!B14+IT!B14+LT!B14+LU!B14+LV!B14+MT!B14+NL!B14+PL!B14+PT!B14+RO!B14+SE!B14+SI!B14+SK!B14 -> 225.35436 | C14: =AT!C14+BE!C14+BG!C14+CY!C14+CZ!C14+DE!C14+DK!C14+EE!C14+EL!C14+ES!C14+FI!C14+FR!C14+HR!C14+HU!C14+IE!C14+IT!C14+LT!C14+LU!C14+LV!C14+MT!C14+NL!C14+PL!C14+PT!C14+RO!C14+SE!C14+SI!C14+SK!C14 -> 210.0964 | D14: =AT!D14+BE!D14+BG!D14+CY!D14+CZ!D14+DE!D14+DK!D14+EE!D14+EL!D14+ES!D14+FI!D14+FR!D14+HR!D14+HU!D14+IE!D14+IT!D14+LT!D14+LU!D14+LV!D14+MT!D14+NL!D14+PL!D14+PT!D14+RO!D14+SE!D14+SI!D14+SK!D14 -> 205.78094 | E14: =AT!E14+BE!E14+BG!E14+CY!E14+CZ!E14+DE!E14+DK!E14+EE!E14+EL!E14+ES!E14+FI!E14+FR!E14+HR!E14+HU!E14+IE!E14+IT!E14+LT!E14+LU!E14+LV!E14+MT!E14+NL!E14+PL!E14+PT!E14+RO!E14+SE!E14+SI!E14+SK!E14 -> 207.1565 | F14: =AT!F14+BE!F14+BG!F14+CY!F14+CZ!F14+DE!F14+DK!F14+EE!F14+EL!F14+ES!F14+FI!F14+FR!F14+HR!F14+HU!F14+IE!F14+IT!F14+LT!F14+LU!F14+LV!F14+MT!F14+NL!F14+PL!F14+PT!F14+RO!F14+SE!F14+SI!F14+SK!F14 -> 205.2825 | G14: =AT!G14+BE!G14+BG!G14+CY!G14+CZ!G14+DE!G14+DK!G14+EE!G14+EL!G14+ES!G14+FI!G14+FR!G14+HR!G14+HU!G14+IE!G14+IT!G14+LT!G14+LU!G14+LV!G14+MT!G14+NL!G14+PL!G14+PT!G14+RO!G14+SE!G14+SI!G14+SK!G14 -> 204.71903 | H14: =AT!H14+BE!H14+BG!H14+CY!H14+CZ!H14+DE!H14+DK!H14+EE!H14+EL!H14+ES!H14+FI!H14+FR!H14+HR!H14+HU!H14+IE!H14+IT!H14+LT!H14+LU!H14+LV!H14+MT!H14+NL!H14+PL!H14+PT!H14+RO!H14+SE!H14+SI!H14+SK!H14 -> 204.14823 | I14: =AT!I14+BE!I14+BG!I14+CY!I14+CZ!I14+DE!I14+DK!I14+EE!I14+EL!I14+ES!I14+FI!I14+FR!I14+HR!I14+HU!I14+IE!I14+IT!I14+LT!I14+LU!I14+LV!I14+MT!I14+NL!I14+PL!I14+PT!I14+RO!I14+SE!I14+SI!I14+SK!I14 -> 210.02377 | ... AG14: =AT!AG14+BE!AG14+BG!AG14+CY!AG14+CZ!AG14+DE!AG14+DK!AG14+EE!AG14+EL!AG14+ES!AG14+FI!AG14+FR!AG14+HR!AG14+HU!AG14+IE!AG14+IT!AG14+LT!AG14+LU!AG14+LV!AG14+MT!AG14+NL!AG14+PL!AG14+PT!AG14+RO!AG14+SE!AG14+SI!AG14+SK!AG14 -> 190.56691
A15: * Considering half of the distance of the voyages (thus the total distance for Intra-EU in the EU aggregation)
A17: Market shares of vehicle km (% of km) | B17: =IF(B12=0,0,B12/B$12) -> 1 | C17: =IF(C12=0,0,C12/C$12) -> 1 | D17: =IF(D12=0,0,D12/D$12) -> 1 | E17: =IF(E12=0,0,E12/E$12) -> 1 | F17: =IF(F12=0,0,F12/F$12) -> 1 | G17: =IF(G12=0,0,G12/G$12) -> 1 | H17: =IF(H12=0,0,H12/H$12) -> 1 | I17: =IF(I12=0,0,I12/I$12) -> 1 | ... AG17: =IF(AG12=0,0,AG12/AG$12) -> 1
A18: Intra-EU27 | B18: =IF(B13=0,0,B13/B$12) -> 0.3790399 | C18: =IF(C13=0,0,C13/C$12) -> 0.37203818 | D18: =IF(D13=0,0,D13/D$12) -> 0.37977161 | E18: =IF(E13=0,0,E13/E$12) -> 0.37702731 | F18: =IF(F13=0,0,F13/F$12) -> 0.38051094 | G18: =IF(G13=0,0,G13/G$12) -> 0.37326389 | H18: =IF(H13=0,0,H13/H$12) -> 0.37461839 | I18: =IF(I13=0,0,I13/I$12) -> 0.36673063 | ... AG18: =IF(AG13=0,0,AG13/AG$12) -> 0.36746173
A19: Extra-EU27 | B19: =IF(B14=0,0,B14/B$12) -> 0.6209601 | C19: =IF(C14=0,0,C14/C$12) -> 0.62796182 | D19: =IF(D14=0,0,D14/D$12) -> 0.62022839 | E19: =IF(E14=0,0,E14/E$12) -> 0.62297269 | F19: =IF(F14=0,0,F14/F$12) -> 0.61948906 | G19: =IF(G14=0,0,G14/G$12) -> 0.62673611 | H19: =IF(H14=0,0,H14/H$12) -> 0.62538161 | I19: =IF(I14=0,0,I14/I$12) -> 0.63326937 | ... AG19: =IF(AG14=0,0,AG14/AG$12) -> 0.63253827
A21: Load factor of vessels (t/movement) | B21: =IF(B3=0,0,B3/B12) -> 14494.513 | C21: =IF(C3=0,0,C3/C12) -> 15113.435 | D21: =IF(D3=0,0,D3/D12) -> 14945.682 | E21: =IF(E3=0,0,E3/E12) -> 14819.241 | F21: =IF(F3=0,0,F3/F12) -> 14533.474 | G21: =IF(G3=0,0,G3/G12) -> 14657.577 | H21: =IF(H3=0,0,H3/H12) -> 14812.616 | I21: =IF(I3=0,0,I3/I12) -> 15218.469 | ... AG21: =IF(AG3=0,0,AG3/AG12) -> 27004.777
A22: Intra-EU27 | B22: =IF(B4=0,0,B4/B13) -> 4911.0825 | C22: =IF(C4=0,0,C4/C13) -> 5072.463 | D22: =IF(D4=0,0,D4/D13) -> 5058.3636 | E22: =IF(E4=0,0,E4/E13) -> 4995.0357 | F22: =IF(F4=0,0,F4/F13) -> 4904.7096 | G22: =IF(G4=0,0,G4/G13) -> 4889.8383 | H22: =IF(H4=0,0,H4/H13) -> 4986.9806 | I22: =IF(I4=0,0,I4/I13) -> 5054.1317 | ... AG22: =IF(AG4=0,0,AG4/AG13) -> 7730.0504
A23: Extra-EU27 | B23: =IF(B5=0,0,B5/B14) -> 20344.329 | C23: =IF(C5=0,0,C5/C14) -> 21062.244 | D23: =IF(D5=0,0,D5/D14) -> 20999.779 | E23: =IF(E5=0,0,E5/E14) -> 20764.916 | F23: =IF(F5=0,0,F5/F14) -> 20447.783 | G23: =IF(G5=0,0,G5/G14) -> 20474.929 | H23: =IF(H5=0,0,H5/H14) -> 20698.404 | I23: =IF(I5=0,0,I5/I14) -> 21104.707 | ... AG23: =IF(AG5=0,0,AG5/AG14) -> 38202.083
A25: Total energy consumption (ktoe) | B25: =SUM(B26,B32) -> 33136.348 | C25: =SUM(C26,C32) -> 32882.736 | D25: =SUM(D26,D32) -> 33177.888 | E25: =SUM(E26,E32) -> 33059.931 | F25: =SUM(F26,F32) -> 32585.648 | G25: =SUM(G26,G32) -> 32778.737 | H25: =SUM(H26,H32) -> 34472.748 | I25: =SUM(I26,I32) -> 36998.102 | ... AG25: =SUM(AG26,AG32) -> 40756.205
A26: Intra-EU27 | B26: =SUM(B27:B31) -> 8807.0163 | C26: =SUM(C27:C31) -> 8621.1681 | D26: =SUM(D27:D31) -> 8892.8083 | E26: =SUM(E27:E31) -> 8989.4812 | F26: =SUM(F27:F31) -> 8953.8183 | G26: =SUM(G27:G31) -> 9044.7408 | H26: =SUM(H27:H31) -> 9542.9335 | I26: =SUM(I27:I31) -> 10194.121 | ... AG26: =SUM(AG27:AG31) -> 10190.723
A27: Gas oil and diesel oil (excluding biofuel portion) | B27: =AT!B27+BE!B27+BG!B27+CY!B27+CZ!B27+DE!B27+DK!B27+EE!B27+EL!B27+ES!B27+FI!B27+FR!B27+HR!B27+HU!B27+IE!B27+IT!B27+LT!B27+LU!B27+LV!B27+MT!B27+NL!B27+PL!B27+PT!B27+RO!B27+SE!B27+SI!B27+SK!B27 -> 4500.282 | C27: =AT!C27+BE!C27+BG!C27+CY!C27+CZ!C27+DE!C27+DK!C27+EE!C27+EL!C27+ES!C27+FI!C27+FR!C27+HR!C27+HU!C27+IE!C27+IT!C27+LT!C27+LU!C27+LV!C27+MT!C27+NL!C27+PL!C27+PT!C27+RO!C27+SE!C27+SI!C27+SK!C27 -> 4471.163 | D27: =AT!D27+BE!D27+BG!D27+CY!D27+CZ!D27+DE!D27+DK!D27+EE!D27+EL!D27+ES!D27+FI!D27+FR!D27+HR!D27+HU!D27+IE!D27+IT!D27+LT!D27+LU!D27+LV!D27+MT!D27+NL!D27+PL!D27+PT!D27+RO!D27+SE!D27+SI!D27+SK!D27 -> 4789.6758 | E27: =AT!E27+BE!E27+BG!E27+CY!E27+CZ!E27+DE!E27+DK!E27+EE!E27+EL!E27+ES!E27+FI!E27+FR!E27+HR!E27+HU!E27+IE!E27+IT!E27+LT!E27+LU!E27+LV!E27+MT!E27+NL!E27+PL!E27+PT!E27+RO!E27+SE!E27+SI!E27+SK!E27 -> 4369.3352 | F27: =AT!F27+BE!F27+BG!F27+CY!F27+CZ!F27+DE!F27+DK!F27+EE!F27+EL!F27+ES!F27+FI!F27+FR!F27+HR!F27+HU!F27+IE!F27+IT!F27+LT!F27+LU!F27+LV!F27+MT!F27+NL!F27+PL!F27+PT!F27+RO!F27+SE!F27+SI!F27+SK!F27 -> 4233.3953 | G27: =AT!G27+BE!G27+BG!G27+CY!G27+CZ!G27+DE!G27+DK!G27+EE!G27+EL!G27+ES!G27+FI!G27+FR!G27+HR!G27+HU!G27+IE!G27+IT!G27+LT!G27+LU!G27+LV!G27+MT!G27+NL!G27+PL!G27+PT!G27+RO!G27+SE!G27+SI!G27+SK!G27 -> 4656.1994 | H27: =AT!H27+BE!H27+BG!H27+CY!H27+CZ!H27+DE!H27+DK!H27+EE!H27+EL!H27+ES!H27+FI!H27+FR!H27+HR!H27+HU!H27+IE!H27+IT!H27+LT!H27+LU!H27+LV!H27+MT!H27+NL!H27+PL!H27+PT!H27+RO!H27+SE!H27+SI!H27+SK!H27 -> 4955.3874 | I27: =AT!I27+BE!I27+BG!I27+CY!I27+CZ!I27+DE!I27+DK!I27+EE!I27+EL!I27+ES!I27+FI!I27+FR!I27+HR!I27+HU!I27+IE!I27+IT!I27+LT!I27+LU!I27+LV!I27+MT!I27+NL!I27+PL!I27+PT!I27+RO!I27+SE!I27+SI!I27+SK!I27 -> 5245.7676 | ... AG27: =AT!AG27+BE!AG27+BG!AG27+CY!AG27+CZ!AG27+DE!AG27+DK!AG27+EE!AG27+EL!AG27+ES!AG27+FI!AG27+FR!AG27+HR!AG27+HU!AG27+IE!AG27+IT!AG27+LT!AG27+LU!AG27+LV!AG27+MT!AG27+NL!AG27+PL!AG27+PT!AG27+RO!AG27+SE!AG27+SI!AG27+SK!AG27 -> 6528.7287
A28: Fuel oil and Other oil products | B28: =AT!B28+BE!B28+BG!B28+CY!B28+CZ!B28+DE!B28+DK!B28+EE!B28+EL!B28+ES!B28+FI!B28+FR!B28+HR!B28+HU!B28+IE!B28+IT!B28+LT!B28+LU!B28+LV!B28+MT!B28+NL!B28+PL!B28+PT!B28+RO!B28+SE!B28+SI!B28+SK!B28 -> 4306.7343 | C28: =AT!C28+BE!C28+BG!C28+CY!C28+CZ!C28+DE!C28+DK!C28+EE!C28+EL!C28+ES!C28+FI!C28+FR!C28+HR!C28+HU!C28+IE!C28+IT!C28+LT!C28+LU!C28+LV!C28+MT!C28+NL!C28+PL!C28+PT!C28+RO!C28+SE!C28+SI!C28+SK!C28 -> 4150.0051 | D28: =AT!D28+BE!D28+BG!D28+CY!D28+CZ!D28+DE!D28+DK!D28+EE!D28+EL!D28+ES!D28+FI!D28+FR!D28+HR!D28+HU!D28+IE!D28+IT!D28+LT!D28+LU!D28+LV!D28+MT!D28+NL!D28+PL!D28+PT!D28+RO!D28+SE!D28+SI!D28+SK!D28 -> 4103.1325 | E28: =AT!E28+BE!E28+BG!E28+CY!E28+CZ!E28+DE!E28+DK!E28+EE!E28+EL!E28+ES!E28+FI!E28+FR!E28+HR!E28+HU!E28+IE!E28+IT!E28+LT!E28+LU!E28+LV!E28+MT!E28+NL!E28+PL!E28+PT!E28+RO!E28+SE!E28+SI!E28+SK!E28 -> 4620.1459 | F28: =AT!F28+BE!F28+BG!F28+CY!F28+CZ!F28+DE!F28+DK!F28+EE!F28+EL!F28+ES!F28+FI!F28+FR!F28+HR!F28+HU!F28+IE!F28+IT!F28+LT!F28+LU!F28+LV!F28+MT!F28+NL!F28+PL!F28+PT!F28+RO!F28+SE!F28+SI!F28+SK!F28 -> 4720.423 | G28: =AT!G28+BE!G28+BG!G28+CY!G28+CZ!G28+DE!G28+DK!G28+EE!G28+EL!G28+ES!G28+FI!G28+FR!G28+HR!G28+HU!G28+IE!G28+IT!G28+LT!G28+LU!G28+LV!G28+MT!G28+NL!G28+PL!G28+PT!G28+RO!G28+SE!G28+SI!G28+SK!G28 -> 4388.5415 | H28: =AT!H28+BE!H28+BG!H28+CY!H28+CZ!H28+DE!H28+DK!H28+EE!H28+EL!H28+ES!H28+FI!H28+FR!H28+HR!H28+HU!H28+IE!H28+IT!H28+LT!H28+LU!H28+LV!H28+MT!H28+NL!H28+PL!H28+PT!H28+RO!H28+SE!H28+SI!H28+SK!H28 -> 4587.5461 | I28: =AT!I28+BE!I28+BG!I28+CY!I28+CZ!I28+DE!I28+DK!I28+EE!I28+EL!I28+ES!I28+FI!I28+FR!I28+HR!I28+HU!I28+IE!I28+IT!I28+LT!I28+LU!I28+LV!I28+MT!I28+NL!I28+PL!I28+PT!I28+RO!I28+SE!I28+SI!I28+SK!I28 -> 4948.3532 | ... AG28: =AT!AG28+BE!AG28+BG!AG28+CY!AG28+CZ!AG28+DE!AG28+DK!AG28+EE!AG28+EL!AG28+ES!AG28+FI!AG28+FR!AG28+HR!AG28+HU!AG28+IE!AG28+IT!AG28+LT!AG28+LU!AG28+LV!AG28+MT!AG28+NL!AG28+PL!AG28+PT!AG28+RO!AG28+SE!AG28+SI!AG28+SK!AG28 -> 3577.9652
A29: Blended biofuels | B29: =AT!B29+BE!B29+BG!B29+CY!B29+CZ!B29+DE!B29+DK!B29+EE!B29+EL!B29+ES!B29+FI!B29+FR!B29+HR!B29+HU!B29+IE!B29+IT!B29+LT!B29+LU!B29+LV!B29+MT!B29+NL!B29+PL!B29+PT!B29+RO!B29+SE!B29+SI!B29+SK!B29 -> 0 | C29: =AT!C29+BE!C29+BG!C29+CY!C29+CZ!C29+DE!C29+DK!C29+EE!C29+EL!C29+ES!C29+FI!C29+FR!C29+HR!C29+HU!C29+IE!C29+IT!C29+LT!C29+LU!C29+LV!C29+MT!C29+NL!C29+PL!C29+PT!C29+RO!C29+SE!C29+SI!C29+SK!C29 -> 0 | D29: =AT!D29+BE!D29+BG!D29+CY!D29+CZ!D29+DE!D29+DK!D29+EE!D29+EL!D29+ES!D29+FI!D29+FR!D29+HR!D29+HU!D29+IE!D29+IT!D29+LT!D29+LU!D29+LV!D29+MT!D29+NL!D29+PL!D29+PT!D29+RO!D29+SE!D29+SI!D29+SK!D29 -> 0 | E29: =AT!E29+BE!E29+BG!E29+CY!E29+CZ!E29+DE!E29+DK!E29+EE!E29+EL!E29+ES!E29+FI!E29+FR!E29+HR!E29+HU!E29+IE!E29+IT!E29+LT!E29+LU!E29+LV!E29+MT!E29+NL!E29+PL!E29+PT!E29+RO!E29+SE!E29+SI!E29+SK!E29 -> 0 | F29: =AT!F29+BE!F29+BG!F29+CY!F29+CZ!F29+DE!F29+DK!F29+EE!F29+EL!F29+ES!F29+FI!F29+FR!F29+HR!F29+HU!F29+IE!F29+IT!F29+LT!F29+LU!F29+LV!F29+MT!F29+NL!F29+PL!F29+PT!F29+RO!F29+SE!F29+SI!F29+SK!F29 -> 0 | G29: =AT!G29+BE!G29+BG!G29+CY!G29+CZ!G29+DE!G29+DK!G29+EE!G29+EL!G29+ES!G29+FI!G29+FR!G29+HR!G29+HU!G29+IE!G29+IT!G29+LT!G29+LU!G29+LV!G29+MT!G29+NL!G29+PL!G29+PT!G29+RO!G29+SE!G29+SI!G29+SK!G29 -> 0 | H29: =AT!H29+BE!H29+BG!H29+CY!H29+CZ!H29+DE!H29+DK!H29+EE!H29+EL!H29+ES!H29+FI!H29+FR!H29+HR!H29+HU!H29+IE!H29+IT!H29+LT!H29+LU!H29+LV!H29+MT!H29+NL!H29+PL!H29+PT!H29+RO!H29+SE!H29+SI!H29+SK!H29 -> 0 | I29: =AT!I29+BE!I29+BG!I29+CY!I29+CZ!I29+DE!I29+DK!I29+EE!I29+EL!I29+ES!I29+FI!I29+FR!I29+HR!I29+HU!I29+IE!I29+IT!I29+LT!I29+LU!I29+LV!I29+MT!I29+NL!I29+PL!I29+PT!I29+RO!I29+SE!I29+SI!I29+SK!I29 -> 0 | ... AG29: =AT!AG29+BE!AG29+BG!AG29+CY!AG29+CZ!AG29+DE!AG29+DK!AG29+EE!AG29+EL!AG29+ES!AG29+FI!AG29+FR!AG29+HR!AG29+HU!AG29+IE!AG29+IT!AG29+LT!AG29+LU!AG29+LV!AG29+MT!AG29+NL!AG29+PL!AG29+PT!AG29+RO!AG29+SE!AG29+SI!AG29+SK!AG29 -> 23.561438
A30: Natural gas | B30: =AT!B30+BE!B30+BG!B30+CY!B30+CZ!B30+DE!B30+DK!B30+EE!B30+EL!B30+ES!B30+FI!B30+FR!B30+HR!B30+HU!B30+IE!B30+IT!B30+LT!B30+LU!B30+LV!B30+MT!B30+NL!B30+PL!B30+PT!B30+RO!B30+SE!B30+SI!B30+SK!B30 -> 0 | C30: =AT!C30+BE!C30+BG!C30+CY!C30+CZ!C30+DE!C30+DK!C30+EE!C30+EL!C30+ES!C30+FI!C30+FR!C30+HR!C30+HU!C30+IE!C30+IT!C30+LT!C30+LU!C30+LV!C30+MT!C30+NL!C30+PL!C30+PT!C30+RO!C30+SE!C30+SI!C30+SK!C30 -> 0 | D30: =AT!D30+BE!D30+BG!D30+CY!D30+CZ!D30+DE!D30+DK!D30+EE!D30+EL!D30+ES!D30+FI!D30+FR!D30+HR!D30+HU!D30+IE!D30+IT!D30+LT!D30+LU!D30+LV!D30+MT!D30+NL!D30+PL!D30+PT!D30+RO!D30+SE!D30+SI!D30+SK!D30 -> 0 | E30: =AT!E30+BE!E30+BG!E30+CY!E30+CZ!E30+DE!E30+DK!E30+EE!E30+EL!E30+ES!E30+FI!E30+FR!E30+HR!E30+HU!E30+IE!E30+IT!E30+LT!E30+LU!E30+LV!E30+MT!E30+NL!E30+PL!E30+PT!E30+RO!E30+SE!E30+SI!E30+SK!E30 -> 0 | F30: =AT!F30+BE!F30+BG!F30+CY!F30+CZ!F30+DE!F30+DK!F30+EE!F30+EL!F30+ES!F30+FI!F30+FR!F30+HR!F30+HU!F30+IE!F30+IT!F30+LT!F30+LU!F30+LV!F30+MT!F30+NL!F30+PL!F30+PT!F30+RO!F30+SE!F30+SI!F30+SK!F30 -> 0 | G30: =AT!G30+BE!G30+BG!G30+CY!G30+CZ!G30+DE!G30+DK!G30+EE!G30+EL!G30+ES!G30+FI!G30+FR!G30+HR!G30+HU!G30+IE!G30+IT!G30+LT!G30+LU!G30+LV!G30+MT!G30+NL!G30+PL!G30+PT!G30+RO!G30+SE!G30+SI!G30+SK!G30 -> 0 | H30: =AT!H30+BE!H30+BG!H30+CY!H30+CZ!H30+DE!H30+DK!H30+EE!H30+EL!H30+ES!H30+FI!H30+FR!H30+HR!H30+HU!H30+IE!H30+IT!H30+LT!H30+LU!H30+LV!H30+MT!H30+NL!H30+PL!H30+PT!H30+RO!H30+SE!H30+SI!H30+SK!H30 -> 0 | I30: =AT!I30+BE!I30+BG!I30+CY!I30+CZ!I30+DE!I30+DK!I30+EE!I30+EL!I30+ES!I30+FI!I30+FR!I30+HR!I30+HU!I30+IE!I30+IT!I30+LT!I30+LU!I30+LV!I30+MT!I30+NL!I30+PL!I30+PT!I30+RO!I30+SE!I30+SI!I30+SK!I30 -> 0 | ... AG30: =AT!AG30+BE!AG30+BG!AG30+CY!AG30+CZ!AG30+DE!AG30+DK!AG30+EE!AG30+EL!AG30+ES!AG30+FI!AG30+FR!AG30+HR!AG30+HU!AG30+IE!AG30+IT!AG30+LT!AG30+LU!AG30+LV!AG30+MT!AG30+NL!AG30+PL!AG30+PT!AG30+RO!AG30+SE!AG30+SI!AG30+SK!AG30 -> 60.467536
A31: Biogases | B31: =AT!B31+BE!B31+BG!B31+CY!B31+CZ!B31+DE!B31+DK!B31+EE!B31+EL!B31+ES!B31+FI!B31+FR!B31+HR!B31+HU!B31+IE!B31+IT!B31+LT!B31+LU!B31+LV!B31+MT!B31+NL!B31+PL!B31+PT!B31+RO!B31+SE!B31+SI!B31+SK!B31 -> 0 | C31: =AT!C31+BE!C31+BG!C31+CY!C31+CZ!C31+DE!C31+DK!C31+EE!C31+EL!C31+ES!C31+FI!C31+FR!C31+HR!C31+HU!C31+IE!C31+IT!C31+LT!C31+LU!C31+LV!C31+MT!C31+NL!C31+PL!C31+PT!C31+RO!C31+SE!C31+SI!C31+SK!C31 -> 0 | D31: =AT!D31+BE!D31+BG!D31+CY!D31+CZ!D31+DE!D31+DK!D31+EE!D31+EL!D31+ES!D31+FI!D31+FR!D31+HR!D31+HU!D31+IE!D31+IT!D31+LT!D31+LU!D31+LV!D31+MT!D31+NL!D31+PL!D31+PT!D31+RO!D31+SE!D31+SI!D31+SK!D31 -> 0 | E31: =AT!E31+BE!E31+BG!E31+CY!E31+CZ!E31+DE!E31+DK!E31+EE!E31+EL!E31+ES!E31+FI!E31+FR!E31+HR!E31+HU!E31+IE!E31+IT!E31+LT!E31+LU!E31+LV!E31+MT!E31+NL!E31+PL!E31+PT!E31+RO!E31+SE!E31+SI!E31+SK!E31 -> 0 | F31: =AT!F31+BE!F31+BG!F31+CY!F31+CZ!F31+DE!F31+DK!F31+EE!F31+EL!F31+ES!F31+FI!F31+FR!F31+HR!F31+HU!F31+IE!F31+IT!F31+LT!F31+LU!F31+LV!F31+MT!F31+NL!F31+PL!F31+PT!F31+RO!F31+SE!F31+SI!F31+SK!F31 -> 0 | G31: =AT!G31+BE!G31+BG!G31+CY!G31+CZ!G31+DE!G31+DK!G31+EE!G31+EL!G31+ES!G31+FI!G31+FR!G31+HR!G31+HU!G31+IE!G31+IT!G31+LT!G31+LU!G31+LV!G31+MT!G31+NL!G31+PL!G31+PT!G31+RO!G31+SE!G31+SI!G31+SK!G31 -> 0 | H31: =AT!H31+BE!H31+BG!H31+CY!H31+CZ!H31+DE!H31+DK!H31+EE!H31+EL!H31+ES!H31+FI!H31+FR!H31+HR!H31+HU!H31+IE!H31+IT!H31+LT!H31+LU!H31+LV!H31+MT!H31+NL!H31+PL!H31+PT!H31+RO!H31+SE!H31+SI!H31+SK!H31 -> 0 | I31: =AT!I31+BE!I31+BG!I31+CY!I31+CZ!I31+DE!I31+DK!I31+EE!I31+EL!I31+ES!I31+FI!I31+FR!I31+HR!I31+HU!I31+IE!I31+IT!I31+LT!I31+LU!I31+LV!I31+MT!I31+NL!I31+PL!I31+PT!I31+RO!I31+SE!I31+SI!I31+SK!I31 -> 0 | ... AG31: =AT!AG31+BE!AG31+BG!AG31+CY!AG31+CZ!AG31+DE!AG31+DK!AG31+EE!AG31+EL!AG31+ES!AG31+FI!AG31+FR!AG31+HR!AG31+HU!AG31+IE!AG31+IT!AG31+LT!AG31+LU!AG31+LV!AG31+MT!AG31+NL!AG31+PL!AG31+PT!AG31+RO!AG31+SE!AG31+SI!AG31+SK!AG31 -> 0
A32: Extra-EU27 | B32: =SUM(B33:B37) -> 24329.332 | C32: =SUM(C33:C37) -> 24261.568 | D32: =SUM(D33:D37) -> 24285.08 | E32: =SUM(E33:E37) -> 24070.45 | F32: =SUM(F33:F37) -> 23631.83 | G32: =SUM(G33:G37) -> 23733.996 | H32: =SUM(H33:H37) -> 24929.815 | I32: =SUM(I33:I37) -> 26803.981 | ... AG32: =SUM(AG33:AG37) -> 30565.482
A33: Gas oil and diesel oil (excluding biofuel portion) | B33: =AT!B33+BE!B33+BG!B33+CY!B33+CZ!B33+DE!B33+DK!B33+EE!B33+EL!B33+ES!B33+FI!B33+FR!B33+HR!B33+HU!B33+IE!B33+IT!B33+LT!B33+LU!B33+LV!B33+MT!B33+NL!B33+PL!B33+PT!B33+RO!B33+SE!B33+SI!B33+SK!B33 -> 2672.1781 | C33: =AT!C33+BE!C33+BG!C33+CY!C33+CZ!C33+DE!C33+DK!C33+EE!C33+EL!C33+ES!C33+FI!C33+FR!C33+HR!C33+HU!C33+IE!C33+IT!C33+LT!C33+LU!C33+LV!C33+MT!C33+NL!C33+PL!C33+PT!C33+RO!C33+SE!C33+SI!C33+SK!C33 -> 2709.3584 | D33: =AT!D33+BE!D33+BG!D33+CY!D33+CZ!D33+DE!D33+DK!D33+EE!D33+EL!D33+ES!D33+FI!D33+FR!D33+HR!D33+HU!D33+IE!D33+IT!D33+LT!D33+LU!D33+LV!D33+MT!D33+NL!D33+PL!D33+PT!D33+RO!D33+SE!D33+SI!D33+SK!D33 -> 2787.7601 | E33: =AT!E33+BE!E33+BG!E33+CY!E33+CZ!E33+DE!E33+DK!E33+EE!E33+EL!E33+ES!E33+FI!E33+FR!E33+HR!E33+HU!E33+IE!E33+IT!E33+LT!E33+LU!E33+LV!E33+MT!E33+NL!E33+PL!E33+PT!E33+RO!E33+SE!E33+SI!E33+SK!E33 -> 2503.3826 | F33: =AT!F33+BE!F33+BG!F33+CY!F33+CZ!F33+DE!F33+DK!F33+EE!F33+EL!F33+ES!F33+FI!F33+FR!F33+HR!F33+HU!F33+IE!F33+IT!F33+LT!F33+LU!F33+LV!F33+MT!F33+NL!F33+PL!F33+PT!F33+RO!F33+SE!F33+SI!F33+SK!F33 -> 2288.4124 | G33: =AT!G33+BE!G33+BG!G33+CY!G33+CZ!G33+DE!G33+DK!G33+EE!G33+EL!G33+ES!G33+FI!G33+FR!G33+HR!G33+HU!G33+IE!G33+IT!G33+LT!G33+LU!G33+LV!G33+MT!G33+NL!G33+PL!G33+PT!G33+RO!G33+SE!G33+SI!G33+SK!G33 -> 2485.2589 | H33: =AT!H33+BE!H33+BG!H33+CY!H33+CZ!H33+DE!H33+DK!H33+EE!H33+EL!H33+ES!H33+FI!H33+FR!H33+HR!H33+HU!H33+IE!H33+IT!H33+LT!H33+LU!H33+LV!H33+MT!H33+NL!H33+PL!H33+PT!H33+RO!H33+SE!H33+SI!H33+SK!H33 -> 2622.9272 | I33: =AT!I33+BE!I33+BG!I33+CY!I33+CZ!I33+DE!I33+DK!I33+EE!I33+EL!I33+ES!I33+FI!I33+FR!I33+HR!I33+HU!I33+IE!I33+IT!I33+LT!I33+LU!I33+LV!I33+MT!I33+NL!I33+PL!I33+PT!I33+RO!I33+SE!I33+SI!I33+SK!I33 -> 2759.5811 | ... AG33: =AT!AG33+BE!AG33+BG!AG33+CY!AG33+CZ!AG33+DE!AG33+DK!AG33+EE!AG33+EL!AG33+ES!AG33+FI!AG33+FR!AG33+HR!AG33+HU!AG33+IE!AG33+IT!AG33+LT!AG33+LU!AG33+LV!AG33+MT!AG33+NL!AG33+PL!AG33+PT!AG33+RO!AG33+SE!AG33+SI!AG33+SK!AG33 -> 4763.8051
A34: Fuel oil and Other oil products | B34: =AT!B34+BE!B34+BG!B34+CY!B34+CZ!B34+DE!B34+DK!B34+EE!B34+EL!B34+ES!B34+FI!B34+FR!B34+HR!B34+HU!B34+IE!B34+IT!B34+LT!B34+LU!B34+LV!B34+MT!B34+NL!B34+PL!B34+PT!B34+RO!B34+SE!B34+SI!B34+SK!B34 -> 21657.154 | C34: =AT!C34+BE!C34+BG!C34+CY!C34+CZ!C34+DE!C34+DK!C34+EE!C34+EL!C34+ES!C34+FI!C34+FR!C34+HR!C34+HU!C34+IE!C34+IT!C34+LT!C34+LU!C34+LV!C34+MT!C34+NL!C34+PL!C34+PT!C34+RO!C34+SE!C34+SI!C34+SK!C34 -> 21552.21 | D34: =AT!D34+BE!D34+BG!D34+CY!D34+CZ!D34+DE!D34+DK!D34+EE!D34+EL!D34+ES!D34+FI!D34+FR!D34+HR!D34+HU!D34+IE!D34+IT!D34+LT!D34+LU!D34+LV!D34+MT!D34+NL!D34+PL!D34+PT!D34+RO!D34+SE!D34+SI!D34+SK!D34 -> 21497.32 | E34: =AT!E34+BE!E34+BG!E34+CY!E34+CZ!E34+DE!E34+DK!E34+EE!E34+EL!E34+ES!E34+FI!E34+FR!E34+HR!E34+HU!E34+IE!E34+IT!E34+LT!E34+LU!E34+LV!E34+MT!E34+NL!E34+PL!E34+PT!E34+RO!E34+SE!E34+SI!E34+SK!E34 -> 21567.067 | F34: =AT!F34+BE!F34+BG!F34+CY!F34+CZ!F34+DE!F34+DK!F34+EE!F34+EL!F34+ES!F34+FI!F34+FR!F34+HR!F34+HU!F34+IE!F34+IT!F34+LT!F34+LU!F34+LV!F34+MT!F34+NL!F34+PL!F34+PT!F34+RO!F34+SE!F34+SI!F34+SK!F34 -> 21343.417 | G34: =AT!G34+BE!G34+BG!G34+CY!G34+CZ!G34+DE!G34+DK!G34+EE!G34+EL!G34+ES!G34+FI!G34+FR!G34+HR!G34+HU!G34+IE!G34+IT!G34+LT!G34+LU!G34+LV!G34+MT!G34+NL!G34+PL!G34+PT!G34+RO!G34+SE!G34+SI!G34+SK!G34 -> 21248.737 | H34: =AT!H34+BE!H34+BG!H34+CY!H34+CZ!H34+DE!H34+DK!H34+EE!H34+EL!H34+ES!H34+FI!H34+FR!H34+HR!H34+HU!H34+IE!H34+IT!H34+LT!H34+LU!H34+LV!H34+MT!H34+NL!H34+PL!H34+PT!H34+RO!H34+SE!H34+SI!H34+SK!H34 -> 22306.888 | I34: =AT!I34+BE!I34+BG!I34+CY!I34+CZ!I34+DE!I34+DK!I34+EE!I34+EL!I34+ES!I34+FI!I34+FR!I34+HR!I34+HU!I34+IE!I34+IT!I34+LT!I34+LU!I34+LV!I34+MT!I34+NL!I34+PL!I34+PT!I34+RO!I34+SE!I34+SI!I34+SK!I34 -> 24044.4 | ... AG34: =AT!AG34+BE!AG34+BG!AG34+CY!AG34+CZ!AG34+DE!AG34+DK!AG34+EE!AG34+EL!AG34+ES!AG34+FI!AG34+FR!AG34+HR!AG34+HU!AG34+IE!AG34+IT!AG34+LT!AG34+LU!AG34+LV!AG34+MT!AG34+NL!AG34+PL!AG34+PT!AG34+RO!AG34+SE!AG34+SI!AG34+SK!AG34 -> 25454.273
A35: Blended biofuels | B35: =AT!B35+BE!B35+BG!B35+CY!B35+CZ!B35+DE!B35+DK!B35+EE!B35+EL!B35+ES!B35+FI!B35+FR!B35+HR!B35+HU!B35+IE!B35+IT!B35+LT!B35+LU!B35+LV!B35+MT!B35+NL!B35+PL!B35+PT!B35+RO!B35+SE!B35+SI!B35+SK!B35 -> 0 | C35: =AT!C35+BE!C35+BG!C35+CY!C35+CZ!C35+DE!C35+DK!C35+EE!C35+EL!C35+ES!C35+FI!C35+FR!C35+HR!C35+HU!C35+IE!C35+IT!C35+LT!C35+LU!C35+LV!C35+MT!C35+NL!C35+PL!C35+PT!C35+RO!C35+SE!C35+SI!C35+SK!C35 -> 0 | D35: =AT!D35+BE!D35+BG!D35+CY!D35+CZ!D35+DE!D35+DK!D35+EE!D35+EL!D35+ES!D35+FI!D35+FR!D35+HR!D35+HU!D35+IE!D35+IT!D35+LT!D35+LU!D35+LV!D35+MT!D35+NL!D35+PL!D35+PT!D35+RO!D35+SE!D35+SI!D35+SK!D35 -> 0 | E35: =AT!E35+BE!E35+BG!E35+CY!E35+CZ!E35+DE!E35+DK!E35+EE!E35+EL!E35+ES!E35+FI!E35+FR!E35+HR!E35+HU!E35+IE!E35+IT!E35+LT!E35+LU!E35+LV!E35+MT!E35+NL!E35+PL!E35+PT!E35+RO!E35+SE!E35+SI!E35+SK!E35 -> 0 | F35: =AT!F35+BE!F35+BG!F35+CY!F35+CZ!F35+DE!F35+DK!F35+EE!F35+EL!F35+ES!F35+FI!F35+FR!F35+HR!F35+HU!F35+IE!F35+IT!F35+LT!F35+LU!F35+LV!F35+MT!F35+NL!F35+PL!F35+PT!F35+RO!F35+SE!F35+SI!F35+SK!F35 -> 0 | G35: =AT!G35+BE!G35+BG!G35+CY!G35+CZ!G35+DE!G35+DK!G35+EE!G35+EL!G35+ES!G35+FI!G35+FR!G35+HR!G35+HU!G35+IE!G35+IT!G35+LT!G35+LU!G35+LV!G35+MT!G35+NL!G35+PL!G35+PT!G35+RO!G35+SE!G35+SI!G35+SK!G35 -> 0 | H35: =AT!H35+BE!H35+BG!H35+CY!H35+CZ!H35+DE!H35+DK!H35+EE!H35+EL!H35+ES!H35+FI!H35+FR!H35+HR!H35+HU!H35+IE!H35+IT!H35+LT!H35+LU!H35+LV!H35+MT!H35+NL!H35+PL!H35+PT!H35+RO!H35+SE!H35+SI!H35+SK!H35 -> 0 | I35: =AT!I35+BE!I35+BG!I35+CY!I35+CZ!I35+DE!I35+DK!I35+EE!I35+EL!I35+ES!I35+FI!I35+FR!I35+HR!I35+HU!I35+IE!I35+IT!I35+LT!I35+LU!I35+LV!I35+MT!I35+NL!I35+PL!I35+PT!I35+RO!I35+SE!I35+SI!I35+SK!I35 -> 0 | ... AG35: =AT!AG35+BE!AG35+BG!AG35+CY!AG35+CZ!AG35+DE!AG35+DK!AG35+EE!AG35+EL!AG35+ES!AG35+FI!AG35+FR!AG35+HR!AG35+HU!AG35+IE!AG35+IT!AG35+LT!AG35+LU!AG35+LV!AG35+MT!AG35+NL!AG35+PL!AG35+PT!AG35+RO!AG35+SE!AG35+SI!AG35+SK!AG35 -> 143.82429
A36: Natural gas | B36: =AT!B36+BE!B36+BG!B36+CY!B36+CZ!B36+DE!B36+DK!B36+EE!B36+EL!B36+ES!B36+FI!B36+FR!B36+HR!B36+HU!B36+IE!B36+IT!B36+LT!B36+LU!B36+LV!B36+MT!B36+NL!B36+PL!B36+PT!B36+RO!B36+SE!B36+SI!B36+SK!B36 -> 0 | C36: =AT!C36+BE!C36+BG!C36+CY!C36+CZ!C36+DE!C36+DK!C36+EE!C36+EL!C36+ES!C36+FI!C36+FR!C36+HR!C36+HU!C36+IE!C36+IT!C36+LT!C36+LU!C36+LV!C36+MT!C36+NL!C36+PL!C36+PT!C36+RO!C36+SE!C36+SI!C36+SK!C36 -> 0 | D36: =AT!D36+BE!D36+BG!D36+CY!D36+CZ!D36+DE!D36+DK!D36+EE!D36+EL!D36+ES!D36+FI!D36+FR!D36+HR!D36+HU!D36+IE!D36+IT!D36+LT!D36+LU!D36+LV!D36+MT!D36+NL!D36+PL!D36+PT!D36+RO!D36+SE!D36+SI!D36+SK!D36 -> 0 | E36: =AT!E36+BE!E36+BG!E36+CY!E36+CZ!E36+DE!E36+DK!E36+EE!E36+EL!E36+ES!E36+FI!E36+FR!E36+HR!E36+HU!E36+IE!E36+IT!E36+LT!E36+LU!E36+LV!E36+MT!E36+NL!E36+PL!E36+PT!E36+RO!E36+SE!E36+SI!E36+SK!E36 -> 0 | F36: =AT!F36+BE!F36+BG!F36+CY!F36+CZ!F36+DE!F36+DK!F36+EE!F36+EL!F36+ES!F36+FI!F36+FR!F36+HR!F36+HU!F36+IE!F36+IT!F36+LT!F36+LU!F36+LV!F36+MT!F36+NL!F36+PL!F36+PT!F36+RO!F36+SE!F36+SI!F36+SK!F36 -> 0 | G36: =AT!G36+BE!G36+BG!G36+CY!G36+CZ!G36+DE!G36+DK!G36+EE!G36+EL!G36+ES!G36+FI!G36+FR!G36+HR!G36+HU!G36+IE!G36+IT!G36+LT!G36+LU!G36+LV!G36+MT!G36+NL!G36+PL!G36+PT!G36+RO!G36+SE!G36+SI!G36+SK!G36 -> 0 | H36: =AT!H36+BE!H36+BG!H36+CY!H36+CZ!H36+DE!H36+DK!H36+EE!H36+EL!H36+ES!H36+FI!H36+FR!H36+HR!H36+HU!H36+IE!H36+IT!H36+LT!H36+LU!H36+LV!H36+MT!H36+NL!H36+PL!H36+PT!H36+RO!H36+SE!H36+SI!H36+SK!H36 -> 0 | I36: =AT!I36+BE!I36+BG!I36+CY!I36+CZ!I36+DE!I36+DK!I36+EE!I36+EL!I36+ES!I36+FI!I36+FR!I36+HR!I36+HU!I36+IE!I36+IT!I36+LT!I36+LU!I36+LV!I36+MT!I36+NL!I36+PL!I36+PT!I36+RO!I36+SE!I36+SI!I36+SK!I36 -> 0 | ... AG36: =AT!AG36+BE!AG36+BG!AG36+CY!AG36+CZ!AG36+DE!AG36+DK!AG36+EE!AG36+EL!AG36+ES!AG36+FI!AG36+FR!AG36+HR!AG36+HU!AG36+IE!AG36+IT!AG36+LT!AG36+LU!AG36+LV!AG36+MT!AG36+NL!AG36+PL!AG36+PT!AG36+RO!AG36+SE!AG36+SI!AG36+SK!AG36 -> 203.57924
A37: Biogases | B37: =AT!B37+BE!B37+BG!B37+CY!B37+CZ!B37+DE!B37+DK!B37+EE!B37+EL!B37+ES!B37+FI!B37+FR!B37+HR!B37+HU!B37+IE!B37+IT!B37+LT!B37+LU!B37+LV!B37+MT!B37+NL!B37+PL!B37+PT!B37+RO!B37+SE!B37+SI!B37+SK!B37 -> 0 | C37: =AT!C37+BE!C37+BG!C37+CY!C37+CZ!C37+DE!C37+DK!C37+EE!C37+EL!C37+ES!C37+FI!C37+FR!C37+HR!C37+HU!C37+IE!C37+IT!C37+LT!C37+LU!C37+LV!C37+MT!C37+NL!C37+PL!C37+PT!C37+RO!C37+SE!C37+SI!C37+SK!C37 -> 0 | D37: =AT!D37+BE!D37+BG!D37+CY!D37+CZ!D37+DE!D37+DK!D37+EE!D37+EL!D37+ES!D37+FI!D37+FR!D37+HR!D37+HU!D37+IE!D37+IT!D37+LT!D37+LU!D37+LV!D37+MT!D37+NL!D37+PL!D37+PT!D37+RO!D37+SE!D37+SI!D37+SK!D37 -> 0 | E37: =AT!E37+BE!E37+BG!E37+CY!E37+CZ!E37+DE!E37+DK!E37+EE!E37+EL!E37+ES!E37+FI!E37+FR!E37+HR!E37+HU!E37+IE!E37+IT!E37+LT!E37+LU!E37+LV!E37+MT!E37+NL!E37+PL!E37+PT!E37+RO!E37+SE!E37+SI!E37+SK!E37 -> 0 | F37: =AT!F37+BE!F37+BG!F37+CY!F37+CZ!F37+DE!F37+DK!F37+EE!F37+EL!F37+ES!F37+FI!F37+FR!F37+HR!F37+HU!F37+IE!F37+IT!F37+LT!F37+LU!F37+LV!F37+MT!F37+NL!F37+PL!F37+PT!F37+RO!F37+SE!F37+SI!F37+SK!F37 -> 0 | G37: =AT!G37+BE!G37+BG!G37+CY!G37+CZ!G37+DE!G37+DK!G37+EE!G37+EL!G37+ES!G37+FI!G37+FR!G37+HR!G37+HU!G37+IE!G37+IT!G37+LT!G37+LU!G37+LV!G37+MT!G37+NL!G37+PL!G37+PT!G37+RO!G37+SE!G37+SI!G37+SK!G37 -> 0 | H37: =AT!H37+BE!H37+BG!H37+CY!H37+CZ!H37+DE!H37+DK!H37+EE!H37+EL!H37+ES!H37+FI!H37+FR!H37+HR!H37+HU!H37+IE!H37+IT!H37+LT!H37+LU!H37+LV!H37+MT!H37+NL!H37+PL!H37+PT!H37+RO!H37+SE!H37+SI!H37+SK!H37 -> 0 | I37: =AT!I37+BE!I37+BG!I37+CY!I37+CZ!I37+DE!I37+DK!I37+EE!I37+EL!I37+ES!I37+FI!I37+FR!I37+HR!I37+HU!I37+IE!I37+IT!I37+LT!I37+LU!I37+LV!I37+MT!I37+NL!I37+PL!I37+PT!I37+RO!I37+SE!I37+SI!I37+SK!I37 -> 0 | ... AG37: =AT!AG37+BE!AG37+BG!AG37+CY!AG37+CZ!AG37+DE!AG37+DK!AG37+EE!AG37+EL!AG37+ES!AG37+FI!AG37+FR!AG37+HR!AG37+HU!AG37+IE!AG37+IT!AG37+LT!AG37+LU!AG37+LV!AG37+MT!AG37+NL!AG37+PL!AG37+PT!AG37+RO!AG37+SE!AG37+SI!AG37+SK!AG37 -> 0
A38: * As reported in the Eurostat energy balances
A40: Energy intensity over activity (kgoe / 000 tkm) | B40: =IF(B25=0,0,B25/(B3/1000)) -> 6.2993936 | C40: =IF(C25=0,0,C25/(C3/1000)) -> 6.5030844 | D40: =IF(D25=0,0,D25/(D3/1000)) -> 6.6908223 | E40: =IF(E25=0,0,E25/(E3/1000)) -> 6.7088244 | F40: =IF(F25=0,0,F25/(F3/1000)) -> 6.7661035 | G40: =IF(G25=0,0,G25/(G3/1000)) -> 6.8463095 | H40: =IF(H25=0,0,H25/(H3/1000)) -> 7.1292466 | I40: =IF(I25=0,0,I25/(I3/1000)) -> 7.330414 | ... AG40: =IF(AG25=0,0,AG25/(AG3/1000)) -> 5.0094777
A41: Intra-EU27 | B41: =IF(B26=0,0,B26/(B4/1000)) -> 13.036601 | C41: =IF(C26=0,0,C26/(C4/1000)) -> 13.654454 | D41: =IF(D26=0,0,D26/(D4/1000)) -> 13.952527 | E41: =IF(E26=0,0,E26/(E4/1000)) -> 14.354685 | F41: =IF(F26=0,0,F26/(F4/1000)) -> 14.478032 | G41: =IF(G26=0,0,G26/(G4/1000)) -> 15.170928 | H41: =IF(H26=0,0,H26/(H4/1000)) -> 15.647848 | I41: =IF(I26=0,0,I26/(I4/1000)) -> 16.583495 | ... AG41: =IF(AG26=0,0,AG26/(AG4/1000)) -> 11.908303
A42: Extra-EU27 | B42: =IF(B32=0,0,B32/(B5/1000)) -> 5.3066548 | C42: =IF(C32=0,0,C32/(C5/1000)) -> 5.4827142 | D42: =IF(D32=0,0,D32/(D5/1000)) -> 5.6197846 | E42: =IF(E32=0,0,E32/(E5/1000)) -> 5.5957132 | F42: =IF(F32=0,0,F32/(F5/1000)) -> 5.6298805 | G42: =IF(G32=0,0,G32/(G5/1000)) -> 5.6622658 | H42: =IF(H32=0,0,H32/(H5/1000)) -> 5.8997903 | I42: =IF(I32=0,0,I32/(I5/1000)) -> 6.047161 | ... AG42: =IF(AG32=0,0,AG32/(AG5/1000)) -> 4.1985246
A44: Shares of total energy consumption (%) | B44: =IF(B25=0,0,B25/B$25) -> 1 | C44: =IF(C25=0,0,C25/C$25) -> 1 | D44: =IF(D25=0,0,D25/D$25) -> 1 | E44: =IF(E25=0,0,E25/E$25) -> 1 | F44: =IF(F25=0,0,F25/F$25) -> 1 | G44: =IF(G25=0,0,G25/G$25) -> 1 | H44: =IF(H25=0,0,H25/H$25) -> 1 | I44: =IF(I25=0,0,I25/I$25) -> 1 | ... AG44: =IF(AG25=0,0,AG25/AG$25) -> 1
A45: Intra-EU27 | B45: =IF(B26=0,0,B26/B$25) -> 0.26578114 | C45: =IF(C26=0,0,C26/C$25) -> 0.26217916 | D45: =IF(D26=0,0,D26/D$25) -> 0.26803418 | E45: =IF(E26=0,0,E26/E$25) -> 0.2719147 | F45: =IF(F26=0,0,F26/F$25) -> 0.27477797 | G45: =IF(G26=0,0,G26/G$25) -> 0.27593317 | H45: =IF(H26=0,0,H26/H$25) -> 0.27682543 | I45: =IF(I26=0,0,I26/I$25) -> 0.27553091 | ... AG45: =IF(AG26=0,0,AG26/AG$25) -> 0.25004102
A46: Extra-EU27 | B46: =IF(B32=0,0,B32/B$25) -> 0.73421886 | C46: =IF(C32=0,0,C32/C$25) -> 0.73782084 | D46: =IF(D32=0,0,D32/D$25) -> 0.73196582 | E46: =IF(E32=0,0,E32/E$25) -> 0.7280853 | F46: =IF(F32=0,0,F32/F$25) -> 0.72522203 | G46: =IF(G32=0,0,G32/G$25) -> 0.72406683 | H46: =IF(H32=0,0,H32/H$25) -> 0.72317457 | I46: =IF(I32=0,0,I32/I$25) -> 0.72446909 | ... AG46: =IF(AG32=0,0,AG32/AG$25) -> 0.74995898
A48: Vehicle-efficiency - effective (kgoe/100 km) | B48: =IF(B25=0,0,100*B25/B12) -> 9130.6643 | C48: =IF(C25=0,0,100*C25/C12) -> 9828.3945 | D48: =IF(D25=0,0,100*D25/D12) -> 9999.8901 | E48: =IF(E25=0,0,100*E25/E12) -> 9941.9684 | F48: =IF(F25=0,0,100*F25/F12) -> 9833.4986 | G48: =IF(G25=0,0,100*G25/G12) -> 10035.031 | H48: =IF(H25=0,0,100*H25/H12) -> 10560.279 | I48: =IF(I25=0,0,100*I25/I12) -> 11155.768 | ... AG48: =IF(AG25=0,0,100*AG25/AG12) -> 13527.983
A49: Intra-EU27 | B49: =IF(B26=0,0,100*B26/B13) -> 6402.3823 | C49: =IF(C26=0,0,100*C26/C13) -> 6926.1714 | D49: =IF(D26=0,0,100*D26/D13) -> 7057.6955 | E49: =IF(E26=0,0,100*E26/E13) -> 7170.2163 | F49: =IF(F26=0,0,100*F26/F13) -> 7101.0542 | G49: =IF(G26=0,0,100*G26/G13) -> 7418.3386 | H49: =IF(H26=0,0,100*H26/H13) -> 7803.5513 | I49: =IF(I26=0,0,100*I26/I13) -> 8381.5168 | ... AG49: =IF(AG26=0,0,100*AG26/AG13) -> 9205.1782
A50: Extra-EU27 | B50: =IF(B32=0,0,100*B32/B14) -> 10796.033 | C50: =IF(C32=0,0,100*C32/C14) -> 11547.827 | D50: =IF(D32=0,0,100*D32/D14) -> 11801.423 | E50: =IF(E32=0,0,100*E32/E14) -> 11619.452 | F50: =IF(F32=0,0,100*F32/F14) -> 11511.858 | G50: =IF(G32=0,0,100*G32/G14) -> 11593.449 | H50: =IF(H32=0,0,100*H32/H14) -> 12211.624 | I50: =IF(I32=0,0,100*I32/I14) -> 12762.356 | ... AG50: =IF(AG32=0,0,100*AG32/AG14) -> 16039.239
A51: * Based on the energy consumption figures reported in the Eurostat energy balances
A53: Vehicle-efficiency - theoretical (kgoe/100 km) | B53: 5376.1807 | C53: 5502.5692 | D53: 5506.1649 | E53: 5450.9263 | F53: 5378.1516 | G53: 5362.1092 | H53: 5414.8885 | I53: 5462.2619 | J53: 5458.8121 | K53: 5550.7824 | L53: 5561.8845 | M53: 5718.4769 | N53: 5931.2793 | O53: 5839.7109 | P53: 5942.2871 | Q53: 6058.2269 | R53: 6298.7809 | S53: 6423.9438 | T53: 6601.5435 | U53: 6728.1171 | V53: 7053.4692 | W53: 7205.3641 | X53: 7402.5207 | Y53: 7538.7051 | Z53: 7674.6617 | AA53: 7944.838 | AB53: 8125.9704 | AC53: 8159.1854 | AD53: 8134.231 | AE53: 7984.2118 | AF53: 7724.9266 | AG53: 7861.9371
A54: Intra-EU27 | B54: 6041.0641 | C54: 6211.7549 | D54: 6197.1426 | E54: 6130.0212 | F54: 6033.3789 | G54: 6016.6139 | H54: 6116.978 | I54: 6187.4984 | J54: 6196.9701 | K54: 6281.4778 | L54: 6290.1152 | M54: 6432.8851 | N54: 6753.345 | O54: 6649.2943 | P54: 6734.8446 | Q54: 6941.5507 | R54: 7251.9775 | S54: 7333.7885 | T54: 7528.3361 | U54: 7854.562 | V54: 7892.9008 | W54: 7939.5423 | X54: 8052.0724 | Y54: 8060.4179 | Z54: 8266.5738 | AA54: 8515.7256 | AB54: 8751.8859 | AC54: 8769.3656 | AD54: 8600.2005 | AE54: 8400.8301 | AF54: 7947.9169 | AG54: 8491.0884
A55: Extra-EU27 | B55: 4970.3296 | C55: 5082.4096 | D55: 5083.0728 | E55: 5039.9334 | F55: 4975.689 | G55: 4972.3072 | H55: 4994.3203 | I55: 5042.2725 | J55: 5042.6102 | K55: 5101.0483 | L55: 5122.2717 | M55: 5287.9251 | N55: 5453.7618 | O55: 5377.2057 | P55: 5490.5657 | Q55: 5591.1379 | R55: 5827.9577 | S55: 5973.4664 | T55: 6153.9311 | U55: 6166.4111 | V55: 6594.1181 | W55: 6812.8074 | X55: 7046.6604 | Y55: 7228.8201 | Z55: 7338.8359 | AA55: 7620.8426 | AB55: 7761.4806 | AC55: 7809.666 | AD55: 7848.1616 | AE55: 7729.918 | AF55: 7597.1394 | AG55: 7496.443
A56: * Based on the total mileage
A58: Discrepancy between effective and theoretical efficiencies (ratio) | B58: =IF(B48=0,0,B48/B53) -> 1.6983552 | C58: =IF(C48=0,0,C48/C53) -> 1.7861465 | D58: =IF(D48=0,0,D48/D53) -> 1.8161262 | E58: =IF(E48=0,0,E48/E53) -> 1.8239044 | F58: =IF(F48=0,0,F48/F53) -> 1.8284161 | G58: =IF(G48=0,0,G48/G53) -> 1.8714709 | H58: =IF(H48=0,0,H48/H53) -> 1.9502302 | I58: =IF(I48=0,0,I48/I53) -> 2.0423349 | ... AG58: =IF(AG48=0,0,AG48/AG53) -> 1.7206934
A59: Intra-EU27 | B59: =IF(B49=0,0,B49/B54) -> 1.0598104 | C59: =IF(C49=0,0,C49/C54) -> 1.1150104 | D59: =IF(D49=0,0,D49/D54) -> 1.1388629 | E59: =IF(E49=0,0,E49/E54) -> 1.1696887 | F59: =IF(F49=0,0,F49/F54) -> 1.1769614 | G59: =IF(G49=0,0,G49/G54) -> 1.2329757 | H59: =IF(H49=0,0,H49/H54) -> 1.27572 | I59: =IF(I49=0,0,I49/I54) -> 1.3545889 | ... AG59: =IF(AG49=0,0,AG49/AG54) -> 1.0840987
A60: Extra-EU27 | B60: =IF(B50=0,0,B50/B55) -> 2.1720961 | C60: =IF(C50=0,0,C50/C55) -> 2.2721165 | D60: =IF(D50=0,0,D50/D55) -> 2.3217105 | E60: =IF(E50=0,0,E50/E55) -> 2.3054772 | F60: =IF(F50=0,0,F50/F55) -> 2.3136208 | G60: =IF(G50=0,0,G50/G55) -> 2.3316036 | H60: =IF(H50=0,0,H50/H55) -> 2.4451024 | I60: =IF(I50=0,0,I50/I55) -> 2.5310722 | ... AG60: =IF(AG50=0,0,AG50/AG55) -> 2.1395799
A62: Emission factors (kt CO2 / ktoe) | B62: =IF(B66=0,0,B66/B25) -> 3.2093201 | C62: =IF(C66=0,0,C66/C25) -> 3.2088908 | D62: =IF(D66=0,0,D66/D25) -> 3.2075308 | E62: =IF(E66=0,0,E66/E25) -> 3.2104696 | F62: =IF(F66=0,0,F66/F25) -> 3.2114335 | G62: =IF(G66=0,0,G66/G25) -> 3.2089629 | H62: =IF(H66=0,0,H66/H25) -> 3.2087184 | I62: =IF(I66=0,0,I66/I25) -> 3.209281 | ... AG62: =IF(AG66=0,0,AG66/AG25) -> 3.1825508
A63: Intra-EU27 | B63: =IF(B67=0,0,B67/B26) -> 3.1690673 | C63: =IF(C67=0,0,C67/C26) -> 3.1679422 | D63: =IF(D67=0,0,D67/D26) -> 3.1652416 | E63: =IF(E67=0,0,E67/E26) -> 3.1725116 | F63: =IF(F67=0,0,F67/F26) -> 3.1743135 | G63: =IF(G67=0,0,G67/G26) -> 3.1685309 | H63: =IF(H67=0,0,H67/H26) -> 3.1679923 | I63: =IF(I67=0,0,I67/I26) -> 3.1687003 | ... AG63: =IF(AG67=0,0,AG67/AG26) -> 3.1390324
A64: Extra-EU27 | B64: =IF(B68=0,0,B68/B32) -> 3.2238913 | C64: =IF(C68=0,0,C68/C32) -> 3.2234416 | D64: =IF(D68=0,0,D68/D32) -> 3.2230164 | E64: =IF(E68=0,0,E68/E32) -> 3.2246457 | F64: =IF(F68=0,0,F68/F32) -> 3.2254979 | G64: =IF(G68=0,0,G68/G32) -> 3.2243711 | H64: =IF(H68=0,0,H68/H32) -> 3.224308 | I64: =IF(I68=0,0,I68/I32) -> 3.2247147 | ... AG64: =IF(AG68=0,0,AG68/AG32) -> 3.1970601
A66: CO2 emissions (kt CO2) | B66: =SUM(B67:B68) -> 106345.15 | C66: =SUM(C67:C68) -> 105517.11 | D66: =SUM(D67:D68) -> 106419.1 | E66: =SUM(E67:E68) -> 106137.91 | F66: =SUM(F67:F68) -> 104646.64 | G66: =SUM(G67:G68) -> 105185.75 | H66: =SUM(H67:H68) -> 110613.34 | I66: =SUM(I67:I68) -> 118737.31 | ... AG66: =SUM(AG67:AG68) -> 129708.69
A67: Intra-EU27 | B67: =AT!B67+BE!B67+BG!B67+CY!B67+CZ!B67+DE!B67+DK!B67+EE!B67+EL!B67+ES!B67+FI!B67+FR!B67+HR!B67+HU!B67+IE!B67+IT!B67+LT!B67+LU!B67+LV!B67+MT!B67+NL!B67+PL!B67+PT!B67+RO!B67+SE!B67+SI!B67+SK!B67 -> 27910.028 | C67: =AT!C67+BE!C67+BG!C67+CY!C67+CZ!C67+DE!C67+DK!C67+EE!C67+EL!C67+ES!C67+FI!C67+FR!C67+HR!C67+HU!C67+IE!C67+IT!C67+LT!C67+LU!C67+LV!C67+MT!C67+NL!C67+PL!C67+PT!C67+RO!C67+SE!C67+SI!C67+SK!C67 -> 27311.362 | D67: =AT!D67+BE!D67+BG!D67+CY!D67+CZ!D67+DE!D67+DK!D67+EE!D67+EL!D67+ES!D67+FI!D67+FR!D67+HR!D67+HU!D67+IE!D67+IT!D67+LT!D67+LU!D67+LV!D67+MT!D67+NL!D67+PL!D67+PT!D67+RO!D67+SE!D67+SI!D67+SK!D67 -> 28147.887 | E67: =AT!E67+BE!E67+BG!E67+CY!E67+CZ!E67+DE!E67+DK!E67+EE!E67+EL!E67+ES!E67+FI!E67+FR!E67+HR!E67+HU!E67+IE!E67+IT!E67+LT!E67+LU!E67+LV!E67+MT!E67+NL!E67+PL!E67+PT!E67+RO!E67+SE!E67+SI!E67+SK!E67 -> 28519.233 | F67: =AT!F67+BE!F67+BG!F67+CY!F67+CZ!F67+DE!F67+DK!F67+EE!F67+EL!F67+ES!F67+FI!F67+FR!F67+HR!F67+HU!F67+IE!F67+IT!F67+LT!F67+LU!F67+LV!F67+MT!F67+NL!F67+PL!F67+PT!F67+RO!F67+SE!F67+SI!F67+SK!F67 -> 28422.226 | G67: =AT!G67+BE!G67+BG!G67+CY!G67+CZ!G67+DE!G67+DK!G67+EE!G67+EL!G67+ES!G67+FI!G67+FR!G67+HR!G67+HU!G67+IE!G67+IT!G67+LT!G67+LU!G67+LV!G67+MT!G67+NL!G67+PL!G67+PT!G67+RO!G67+SE!G67+SI!G67+SK!G67 -> 28658.54 | H67: =AT!H67+BE!H67+BG!H67+CY!H67+CZ!H67+DE!H67+DK!H67+EE!H67+EL!H67+ES!H67+FI!H67+FR!H67+HR!H67+HU!H67+IE!H67+IT!H67+LT!H67+LU!H67+LV!H67+MT!H67+NL!H67+PL!H67+PT!H67+RO!H67+SE!H67+SI!H67+SK!H67 -> 30231.94 | I67: =AT!I67+BE!I67+BG!I67+CY!I67+CZ!I67+DE!I67+DK!I67+EE!I67+EL!I67+ES!I67+FI!I67+FR!I67+HR!I67+HU!I67+IE!I67+IT!I67+LT!I67+LU!I67+LV!I67+MT!I67+NL!I67+PL!I67+PT!I67+RO!I67+SE!I67+SI!I67+SK!I67 -> 32302.114 | ... AG67: =AT!AG67+BE!AG67+BG!AG67+CY!AG67+CZ!AG67+DE!AG67+DK!AG67+EE!AG67+EL!AG67+ES!AG67+FI!AG67+FR!AG67+HR!AG67+HU!AG67+IE!AG67+IT!AG67+LT!AG67+LU!AG67+LV!AG67+MT!AG67+NL!AG67+PL!AG67+PT!AG67+RO!AG67+SE!AG67+SI!AG67+SK!AG67 -> 31989.01
A68: Extra-EU27 | B68: =AT!B68+BE!B68+BG!B68+CY!B68+CZ!B68+DE!B68+DK!B68+EE!B68+EL!B68+ES!B68+FI!B68+FR!B68+HR!B68+HU!B68+IE!B68+IT!B68+LT!B68+LU!B68+LV!B68+MT!B68+NL!B68+PL!B68+PT!B68+RO!B68+SE!B68+SI!B68+SK!B68 -> 78435.121 | C68: =AT!C68+BE!C68+BG!C68+CY!C68+CZ!C68+DE!C68+DK!C68+EE!C68+EL!C68+ES!C68+FI!C68+FR!C68+HR!C68+HU!C68+IE!C68+IT!C68+LT!C68+LU!C68+LV!C68+MT!C68+NL!C68+PL!C68+PT!C68+RO!C68+SE!C68+SI!C68+SK!C68 -> 78205.748 | D68: =AT!D68+BE!D68+BG!D68+CY!D68+CZ!D68+DE!D68+DK!D68+EE!D68+EL!D68+ES!D68+FI!D68+FR!D68+HR!D68+HU!D68+IE!D68+IT!D68+LT!D68+LU!D68+LV!D68+MT!D68+NL!D68+PL!D68+PT!D68+RO!D68+SE!D68+SI!D68+SK!D68 -> 78271.21 | E68: =AT!E68+BE!E68+BG!E68+CY!E68+CZ!E68+DE!E68+DK!E68+EE!E68+EL!E68+ES!E68+FI!E68+FR!E68+HR!E68+HU!E68+IE!E68+IT!E68+LT!E68+LU!E68+LV!E68+MT!E68+NL!E68+PL!E68+PT!E68+RO!E68+SE!E68+SI!E68+SK!E68 -> 77618.672 | F68: =AT!F68+BE!F68+BG!F68+CY!F68+CZ!F68+DE!F68+DK!F68+EE!F68+EL!F68+ES!F68+FI!F68+FR!F68+HR!F68+HU!F68+IE!F68+IT!F68+LT!F68+LU!F68+LV!F68+MT!F68+NL!F68+PL!F68+PT!F68+RO!F68+SE!F68+SI!F68+SK!F68 -> 76224.417 | G68: =AT!G68+BE!G68+BG!G68+CY!G68+CZ!G68+DE!G68+DK!G68+EE!G68+EL!G68+ES!G68+FI!G68+FR!G68+HR!G68+HU!G68+IE!G68+IT!G68+LT!G68+LU!G68+LV!G68+MT!G68+NL!G68+PL!G68+PT!G68+RO!G68+SE!G68+SI!G68+SK!G68 -> 76527.211 | H68: =AT!H68+BE!H68+BG!H68+CY!H68+CZ!H68+DE!H68+DK!H68+EE!H68+EL!H68+ES!H68+FI!H68+FR!H68+HR!H68+HU!H68+IE!H68+IT!H68+LT!H68+LU!H68+LV!H68+MT!H68+NL!H68+PL!H68+PT!H68+RO!H68+SE!H68+SI!H68+SK!H68 -> 80381.403 | I68: =AT!I68+BE!I68+BG!I68+CY!I68+CZ!I68+DE!I68+DK!I68+EE!I68+EL!I68+ES!I68+FI!I68+FR!I68+HR!I68+HU!I68+IE!I68+IT!I68+LT!I68+LU!I68+LV!I68+MT!I68+NL!I68+PL!I68+PT!I68+RO!I68+SE!I68+SI!I68+SK!I68 -> 86435.192 | ... AG68: =AT!AG68+BE!AG68+BG!AG68+CY!AG68+CZ!AG68+DE!AG68+DK!AG68+EE!AG68+EL!AG68+ES!AG68+FI!AG68+FR!AG68+HR!AG68+HU!AG68+IE!AG68+IT!AG68+LT!AG68+LU!AG68+LV!AG68+MT!AG68+NL!AG68+PL!AG68+PT!AG68+RO!AG68+SE!AG68+SI!AG68+SK!AG68 -> 97719.683
A69: * Based on the energy consumption figures reported in the Eurostat energy balances
A71: Emission intensity (kg of CO2 / 100 km) | B71: =IF(B66=0,0,100*B66/B12) -> 29303.225 | C71: =IF(C66=0,0,100*C66/C12) -> 31538.245 | D71: =IF(D66=0,0,100*D66/D12) -> 32074.955 | E71: =IF(E66=0,0,100*E66/E12) -> 31918.388 | F71: =IF(F66=0,0,100*F66/F12) -> 31579.627 | G71: =IF(G66=0,0,100*G66/G12) -> 32202.042 | H71: =IF(H66=0,0,100*H66/H12) -> 33884.962 | I71: =IF(I66=0,0,100*I66/I12) -> 35801.994 | ... AG71: =IF(AG66=0,0,100*AG66/AG12) -> 43053.494
A72: Intra-EU27 | B72: =IF(B67=0,0,100*B67/B13) -> 20289.581 | C72: =IF(C67=0,0,100*C67/C13) -> 21941.711 | D72: =IF(D67=0,0,100*D67/D13) -> 22339.312 | E72: =IF(E67=0,0,100*E67/E13) -> 22747.594 | F72: =IF(F67=0,0,100*F67/F13) -> 22540.972 | G72: =IF(G67=0,0,100*G67/G13) -> 23505.235 | H72: =IF(H67=0,0,100*H67/H13) -> 24721.591 | I72: =IF(I67=0,0,100*I67/I13) -> 26558.514 | ... AG72: =IF(AG67=0,0,100*AG67/AG13) -> 28895.353
A73: Extra-EU27 | B73: =IF(B68=0,0,100*B68/B14) -> 34805.238 | C73: =IF(C68=0,0,100*C68/C14) -> 37223.745 | D73: =IF(D68=0,0,100*D68/D14) -> 38036.18 | E73: =IF(E68=0,0,100*E68/E14) -> 37468.615 | F73: =IF(F68=0,0,100*F68/F14) -> 37131.472 | G73: =IF(G68=0,0,100*G68/G14) -> 37381.582 | H73: =IF(H68=0,0,100*H68/H14) -> 39374.038 | I73: =IF(I68=0,0,100*I68/I14) -> 41154.957 | ... AG73: =IF(AG68=0,0,100*AG68/AG14) -> 51278.411
A75: Emission intensity over activity (kg of CO2 / thousand tkm) | B75: =IF(B66=0,0,1000*B66/B3) -> 20.216771 | C75: =IF(C66=0,0,1000*C66/C3) -> 20.867688 | D75: =IF(D66=0,0,1000*D66/D3) -> 21.461018 | E75: =IF(E66=0,0,1000*E66/E3) -> 21.538477 | F75: =IF(F66=0,0,1000*F66/F3) -> 21.728892 | G75: =IF(G66=0,0,1000*G66/G3) -> 21.969553 | H75: =IF(H66=0,0,1000*H66/H3) -> 22.875745 | I75: =IF(I66=0,0,1000*I66/I3) -> 23.525358 | ... AG75: =IF(AG66=0,0,1000*AG66/AG3) -> 15.942917
A76: Intra-EU27 | B76: =IF(B67=0,0,1000*B67/B4) -> 41.313867 | C76: =IF(C67=0,0,1000*C67/C4) -> 43.256522 | D76: =IF(D67=0,0,1000*D67/D4) -> 44.16312 | E76: =IF(E67=0,0,1000*E67/E4) -> 45.540403 | F76: =IF(F67=0,0,1000*F67/F4) -> 45.957812 | G76: =IF(G67=0,0,1000*G67/G4) -> 48.069554 | H76: =IF(H67=0,0,1000*H67/H4) -> 49.572261 | I76: =IF(I67=0,0,1000*I67/I4) -> 52.548125 | ... AG76: =IF(AG67=0,0,1000*AG67/AG4) -> 37.380549
A77: Extra-EU27 | B77: =IF(B68=0,0,1000*B68/B5) -> 17.108078 | C77: =IF(C68=0,0,1000*C68/C5) -> 17.673209 | D77: =IF(D68=0,0,1000*D68/D5) -> 18.112658 | E77: =IF(E68=0,0,1000*E68/E5) -> 18.044192 | F77: =IF(F68=0,0,1000*F68/F5) -> 18.159168 | G77: =IF(G68=0,0,1000*G68/G5) -> 18.257246 | H77: =IF(H68=0,0,1000*H68/H5) -> 19.022741 | I77: =IF(I68=0,0,1000*I68/I5) -> 19.500369 | ... AG77: =IF(AG68=0,0,1000*AG68/AG5) -> 13.422936
A79: Shares of CO2 emissions (%) | B79: =IF(B66=0,0,B66/B$66) -> 1 | C79: =IF(C66=0,0,C66/C$66) -> 1 | D79: =IF(D66=0,0,D66/D$66) -> 1 | E79: =IF(E66=0,0,E66/E$66) -> 1 | F79: =IF(F66=0,0,F66/F$66) -> 1 | G79: =IF(G66=0,0,G66/G$66) -> 1 | H79: =IF(H66=0,0,H66/H$66) -> 1 | I79: =IF(I66=0,0,I66/I$66) -> 1 | ... AG79: =IF(AG66=0,0,AG66/AG$66) -> 1
A80: Intra-EU27 | B80: =IF(B67=0,0,B67/B$66) -> 0.26244759 | C80: =IF(C67=0,0,C67/C$66) -> 0.25883349 | D80: =IF(D67=0,0,D67/D$66) -> 0.26450034 | E80: =IF(E67=0,0,E67/E$66) -> 0.26869979 | F80: =IF(F67=0,0,F67/F$66) -> 0.27160189 | G80: =IF(G67=0,0,G67/G$66) -> 0.27245649 | H80: =IF(H67=0,0,H67/H$66) -> 0.27331187 | I80: =IF(I67=0,0,I67/I$66) -> 0.27204688 | ... AG80: =IF(AG67=0,0,AG67/AG$66) -> 0.24662194
A81: Extra-EU27 | B81: =IF(B68=0,0,B68/B$66) -> 0.73755241 | C81: =IF(C68=0,0,C68/C$66) -> 0.74116651 | D81: =IF(D68=0,0,D68/D$66) -> 0.73549966 | E81: =IF(E68=0,0,E68/E$66) -> 0.73130021 | F81: =IF(F68=0,0,F68/F$66) -> 0.72839811 | G81: =IF(G68=0,0,G68/G$66) -> 0.72754351 | H81: =IF(H68=0,0,H68/H$66) -> 0.72668813 | I81: =IF(I68=0,0,I68/I$66) -> 0.72795312 | ... AG81: =IF(AG68=0,0,AG68/AG$66) -> 0.75337806
A83: CO2 emissions - MRV compliant (kt CO2) | AD83: =SUM(AD84:AD85) -> 125196.23 | AE83: =SUM(AE84:AE85) -> 127361.3 | AF83: =SUM(AF84:AF85) -> 113077.88 | AG83: =SUM(AG84:AG85) -> 116824.4
A84: Intra-EU27 | AD84: =AT!AD84+BE!AD84+BG!AD84+CY!AD84+CZ!AD84+DE!AD84+DK!AD84+EE!AD84+EL!AD84+ES!AD84+FI!AD84+FR!AD84+HR!AD84+HU!AD84+IE!AD84+IT!AD84+LT!AD84+LU!AD84+LV!AD84+MT!AD84+NL!AD84+PL!AD84+PT!AD84+RO!AD84+SE!AD84+SI!AD84+SK!AD84 -> 34793.523 | AE84: =AT!AE84+BE!AE84+BG!AE84+CY!AE84+CZ!AE84+DE!AE84+DK!AE84+EE!AE84+EL!AE84+ES!AE84+FI!AE84+FR!AE84+HR!AE84+HU!AE84+IE!AE84+IT!AE84+LT!AE84+LU!AE84+LV!AE84+MT!AE84+NL!AE84+PL!AE84+PT!AE84+RO!AE84+SE!AE84+SI!AE84+SK!AE84 -> 34930.445 | AF84: =AT!AF84+BE!AF84+BG!AF84+CY!AF84+CZ!AF84+DE!AF84+DK!AF84+EE!AF84+EL!AF84+ES!AF84+FI!AF84+FR!AF84+HR!AF84+HU!AF84+IE!AF84+IT!AF84+LT!AF84+LU!AF84+LV!AF84+MT!AF84+NL!AF84+PL!AF84+PT!AF84+RO!AF84+SE!AF84+SI!AF84+SK!AF84 -> 29248.024 | AG84: =AT!AG84+BE!AG84+BG!AG84+CY!AG84+CZ!AG84+DE!AG84+DK!AG84+EE!AG84+EL!AG84+ES!AG84+FI!AG84+FR!AG84+HR!AG84+HU!AG84+IE!AG84+IT!AG84+LT!AG84+LU!AG84+LV!AG84+MT!AG84+NL!AG84+PL!AG84+PT!AG84+RO!AG84+SE!AG84+SI!AG84+SK!AG84 -> 29958.829
A85: Extra-EU27 | AD85: =AT!AD85+BE!AD85+BG!AD85+CY!AD85+CZ!AD85+DE!AD85+DK!AD85+EE!AD85+EL!AD85+ES!AD85+FI!AD85+FR!AD85+HR!AD85+HU!AD85+IE!AD85+IT!AD85+LT!AD85+LU!AD85+LV!AD85+MT!AD85+NL!AD85+PL!AD85+PT!AD85+RO!AD85+SE!AD85+SI!AD85+SK!AD85 -> 90402.703 | AE85: =AT!AE85+BE!AE85+BG!AE85+CY!AE85+CZ!AE85+DE!AE85+DK!AE85+EE!AE85+EL!AE85+ES!AE85+FI!AE85+FR!AE85+HR!AE85+HU!AE85+IE!AE85+IT!AE85+LT!AE85+LU!AE85+LV!AE85+MT!AE85+NL!AE85+PL!AE85+PT!AE85+RO!AE85+SE!AE85+SI!AE85+SK!AE85 -> 92430.858 | AF85: =AT!AF85+BE!AF85+BG!AF85+CY!AF85+CZ!AF85+DE!AF85+DK!AF85+EE!AF85+EL!AF85+ES!AF85+FI!AF85+FR!AF85+HR!AF85+HU!AF85+IE!AF85+IT!AF85+LT!AF85+LU!AF85+LV!AF85+MT!AF85+NL!AF85+PL!AF85+PT!AF85+RO!AF85+SE!AF85+SI!AF85+SK!AF85 -> 83829.861 | AG85: =AT!AG85+BE!AG85+BG!AG85+CY!AG85+CZ!AG85+DE!AG85+DK!AG85+EE!AG85+EL!AG85+ES!AG85+FI!AG85+FR!AG85+HR!AG85+HU!AG85+IE!AG85+IT!AG85+LT!AG85+LU!AG85+LV!AG85+MT!AG85+NL!AG85+PL!AG85+PT!AG85+RO!AG85+SE!AG85+SI!AG85+SK!AG85 -> 86865.572
A86: * Considering half of the emissions for Intra-EU voyages at the Member State level (thus matching the total in the EU aggregation) and the full emissions for Extra-EU movements
A87: ** Intra-EU emissions include emissions within EU ports at berth
A89: UNFCCC emissions (kt CO2) | B89: =AT!B89+BE!B89+BG!B89+CY!B89+CZ!B89+DE!B89+DK!B89+EE!B89+EL!B89+ES!B89+FI!B89+FR!B89+HR!B89+HU!B89+IE!B89+IT!B89+LT!B89+LU!B89+LV!B89+MT!B89+NL!B89+PL!B89+PT!B89+RO!B89+SE!B89+SI!B89+SK!B89 -> 100978.1 | C89: =AT!C89+BE!C89+BG!C89+CY!C89+CZ!C89+DE!C89+DK!C89+EE!C89+EL!C89+ES!C89+FI!C89+FR!C89+HR!C89+HU!C89+IE!C89+IT!C89+LT!C89+LU!C89+LV!C89+MT!C89+NL!C89+PL!C89+PT!C89+RO!C89+SE!C89+SI!C89+SK!C89 -> 99257.472 | D89: =AT!D89+BE!D89+BG!D89+CY!D89+CZ!D89+DE!D89+DK!D89+EE!D89+EL!D89+ES!D89+FI!D89+FR!D89+HR!D89+HU!D89+IE!D89+IT!D89+LT!D89+LU!D89+LV!D89+MT!D89+NL!D89+PL!D89+PT!D89+RO!D89+SE!D89+SI!D89+SK!D89 -> 100629.38 | E89: =AT!E89+BE!E89+BG!E89+CY!E89+CZ!E89+DE!E89+DK!E89+EE!E89+EL!E89+ES!E89+FI!E89+FR!E89+HR!E89+HU!E89+IE!E89+IT!E89+LT!E89+LU!E89+LV!E89+MT!E89+NL!E89+PL!E89+PT!E89+RO!E89+SE!E89+SI!E89+SK!E89 -> 101314.92 | F89: =AT!F89+BE!F89+BG!F89+CY!F89+CZ!F89+DE!F89+DK!F89+EE!F89+EL!F89+ES!F89+FI!F89+FR!F89+HR!F89+HU!F89+IE!F89+IT!F89+LT!F89+LU!F89+LV!F89+MT!F89+NL!F89+PL!F89+PT!F89+RO!F89+SE!F89+SI!F89+SK!F89 -> 101652.24 | G89: =AT!G89+BE!G89+BG!G89+CY!G89+CZ!G89+DE!G89+DK!G89+EE!G89+EL!G89+ES!G89+FI!G89+FR!G89+HR!G89+HU!G89+IE!G89+IT!G89+LT!G89+LU!G89+LV!G89+MT!G89+NL!G89+PL!G89+PT!G89+RO!G89+SE!G89+SI!G89+SK!G89 -> 101376.29 | H89: =AT!H89+BE!H89+BG!H89+CY!H89+CZ!H89+DE!H89+DK!H89+EE!H89+EL!H89+ES!H89+FI!H89+FR!H89+HR!H89+HU!H89+IE!H89+IT!H89+LT!H89+LU!H89+LV!H89+MT!H89+NL!H89+PL!H89+PT!H89+RO!H89+SE!H89+SI!H89+SK!H89 -> 108204.58 | I89: =AT!I89+BE!I89+BG!I89+CY!I89+CZ!I89+DE!I89+DK!I89+EE!I89+EL!I89+ES!I89+FI!I89+FR!I89+HR!I89+HU!I89+IE!I89+IT!I89+LT!I89+LU!I89+LV!I89+MT!I89+NL!I89+PL!I89+PT!I89+RO!I89+SE!I89+SI!I89+SK!I89 -> 117278.32 | ... AG89: =AT!AG89+BE!AG89+BG!AG89+CY!AG89+CZ!AG89+DE!AG89+DK!AG89+EE!AG89+EL!AG89+ES!AG89+FI!AG89+FR!AG89+HR!AG89+HU!AG89+IE!AG89+IT!AG89+LT!AG89+LU!AG89+LV!AG89+MT!AG89+NL!AG89+PL!AG89+PT!AG89+RO!AG89+SE!AG89+SI!AG89+SK!AG89 -> 127600.63
A91: Residual CO2 emissions for UNFCCC calibration (kt CO2) | B91: =SUM(B92:B93) -> -5367.0473 | C91: =SUM(C92:C93) -> -6259.6385 | D91: =SUM(D92:D93) -> -5789.713 | E91: =SUM(E92:E93) -> -4822.9833 | F91: =SUM(F92:F93) -> -2994.4045 | G91: =SUM(G92:G93) -> -3809.4602 | H91: =SUM(H92:H93) -> -2408.7652 | I91: =SUM(I92:I93) -> -1458.9848 | ... AG91: =SUM(AG92:AG93) -> -2108.0609
A92: Intra-EU27 | B92: =AT!B92+BE!B92+BG!B92+CY!B92+CZ!B92+DE!B92+DK!B92+EE!B92+EL!B92+ES!B92+FI!B92+FR!B92+HR!B92+HU!B92+IE!B92+IT!B92+LT!B92+LU!B92+LV!B92+MT!B92+NL!B92+PL!B92+PT!B92+RO!B92+SE!B92+SI!B92+SK!B92 -> -1203.7908 | C92: =AT!C92+BE!C92+BG!C92+CY!C92+CZ!C92+DE!C92+DK!C92+EE!C92+EL!C92+ES!C92+FI!C92+FR!C92+HR!C92+HU!C92+IE!C92+IT!C92+LT!C92+LU!C92+LV!C92+MT!C92+NL!C92+PL!C92+PT!C92+RO!C92+SE!C92+SI!C92+SK!C92 -> -1451.4366 | D92: =AT!D92+BE!D92+BG!D92+CY!D92+CZ!D92+DE!D92+DK!D92+EE!D92+EL!D92+ES!D92+FI!D92+FR!D92+HR!D92+HU!D92+IE!D92+IT!D92+LT!D92+LU!D92+LV!D92+MT!D92+NL!D92+PL!D92+PT!D92+RO!D92+SE!D92+SI!D92+SK!D92 -> -1267.6534 | E92: =AT!E92+BE!E92+BG!E92+CY!E92+CZ!E92+DE!E92+DK!E92+EE!E92+EL!E92+ES!E92+FI!E92+FR!E92+HR!E92+HU!E92+IE!E92+IT!E92+LT!E92+LU!E92+LV!E92+MT!E92+NL!E92+PL!E92+PT!E92+RO!E92+SE!E92+SI!E92+SK!E92 -> -995.78304 | F92: =AT!F92+BE!F92+BG!F92+CY!F92+CZ!F92+DE!F92+DK!F92+EE!F92+EL!F92+ES!F92+FI!F92+FR!F92+HR!F92+HU!F92+IE!F92+IT!F92+LT!F92+LU!F92+LV!F92+MT!F92+NL!F92+PL!F92+PT!F92+RO!F92+SE!F92+SI!F92+SK!F92 -> -605.67594 | G92: =AT!G92+BE!G92+BG!G92+CY!G92+CZ!G92+DE!G92+DK!G92+EE!G92+EL!G92+ES!G92+FI!G92+FR!G92+HR!G92+HU!G92+IE!G92+IT!G92+LT!G92+LU!G92+LV!G92+MT!G92+NL!G92+PL!G92+PT!G92+RO!G92+SE!G92+SI!G92+SK!G92 -> -718.70442 | H92: =AT!H92+BE!H92+BG!H92+CY!H92+CZ!H92+DE!H92+DK!H92+EE!H92+EL!H92+ES!H92+FI!H92+FR!H92+HR!H92+HU!H92+IE!H92+IT!H92+LT!H92+LU!H92+LV!H92+MT!H92+NL!H92+PL!H92+PT!H92+RO!H92+SE!H92+SI!H92+SK!H92 -> -386.53656 | I92: =AT!I92+BE!I92+BG!I92+CY!I92+CZ!I92+DE!I92+DK!I92+EE!I92+EL!I92+ES!I92+FI!I92+FR!I92+HR!I92+HU!I92+IE!I92+IT!I92+LT!I92+LU!I92+LV!I92+MT!I92+NL!I92+PL!I92+PT!I92+RO!I92+SE!I92+SI!I92+SK!I92 -> -180.32232 | ... AG92: =AT!AG92+BE!AG92+BG!AG92+CY!AG92+CZ!AG92+DE!AG92+DK!AG92+EE!AG92+EL!AG92+ES!AG92+FI!AG92+FR!AG92+HR!AG92+HU!AG92+IE!AG92+IT!AG92+LT!AG92+LU!AG92+LV!AG92+MT!AG92+NL!AG92+PL!AG92+PT!AG92+RO!AG92+SE!AG92+SI!AG92+SK!AG92 -> -685.0226
A93: Extra-EU27 | B93: =AT!B93+BE!B93+BG!B93+CY!B93+CZ!B93+DE!B93+DK!B93+EE!B93+EL!B93+ES!B93+FI!B93+FR!B93+HR!B93+HU!B93+IE!B93+IT!B93+LT!B93+LU!B93+LV!B93+MT!B93+NL!B93+PL!B93+PT!B93+RO!B93+SE!B93+SI!B93+SK!B93 -> -4163.2565 | C93: =AT!C93+BE!C93+BG!C93+CY!C93+CZ!C93+DE!C93+DK!C93+EE!C93+EL!C93+ES!C93+FI!C93+FR!C93+HR!C93+HU!C93+IE!C93+IT!C93+LT!C93+LU!C93+LV!C93+MT!C93+NL!C93+PL!C93+PT!C93+RO!C93+SE!C93+SI!C93+SK!C93 -> -4808.2019 | D93: =AT!D93+BE!D93+BG!D93+CY!D93+CZ!D93+DE!D93+DK!D93+EE!D93+EL!D93+ES!D93+FI!D93+FR!D93+HR!D93+HU!D93+IE!D93+IT!D93+LT!D93+LU!D93+LV!D93+MT!D93+NL!D93+PL!D93+PT!D93+RO!D93+SE!D93+SI!D93+SK!D93 -> -4522.0596 | E93: =AT!E93+BE!E93+BG!E93+CY!E93+CZ!E93+DE!E93+DK!E93+EE!E93+EL!E93+ES!E93+FI!E93+FR!E93+HR!E93+HU!E93+IE!E93+IT!E93+LT!E93+LU!E93+LV!E93+MT!E93+NL!E93+PL!E93+PT!E93+RO!E93+SE!E93+SI!E93+SK!E93 -> -3827.2003 | F93: =AT!F93+BE!F93+BG!F93+CY!F93+CZ!F93+DE!F93+DK!F93+EE!F93+EL!F93+ES!F93+FI!F93+FR!F93+HR!F93+HU!F93+IE!F93+IT!F93+LT!F93+LU!F93+LV!F93+MT!F93+NL!F93+PL!F93+PT!F93+RO!F93+SE!F93+SI!F93+SK!F93 -> -2388.7286 | G93: =AT!G93+BE!G93+BG!G93+CY!G93+CZ!G93+DE!G93+DK!G93+EE!G93+EL!G93+ES!G93+FI!G93+FR!G93+HR!G93+HU!G93+IE!G93+IT!G93+LT!G93+LU!G93+LV!G93+MT!G93+NL!G93+PL!G93+PT!G93+RO!G93+SE!G93+SI!G93+SK!G93 -> -3090.7558 | H93: =AT!H93+BE!H93+BG!H93+CY!H93+CZ!H93+DE!H93+DK!H93+EE!H93+EL!H93+ES!H93+FI!H93+FR!H93+HR!H93+HU!H93+IE!H93+IT!H93+LT!H93+LU!H93+LV!H93+MT!H93+NL!H93+PL!H93+PT!H93+RO!H93+SE!H93+SI!H93+SK!H93 -> -2022.2286 | I93: =AT!I93+BE!I93+BG!I93+CY!I93+CZ!I93+DE!I93+DK!I93+EE!I93+EL!I93+ES!I93+FI!I93+FR!I93+HR!I93+HU!I93+IE!I93+IT!I93+LT!I93+LU!I93+LV!I93+MT!I93+NL!I93+PL!I93+PT!I93+RO!I93+SE!I93+SI!I93+SK!I93 -> -1278.6625 | ... AG93: =AT!AG93+BE!AG93+BG!AG93+CY!AG93+CZ!AG93+DE!AG93+DK!AG93+EE!AG93+EL!AG93+ES!AG93+FI!AG93+FR!AG93+HR!AG93+HU!AG93+IE!AG93+IT!AG93+LT!AG93+LU!AG93+LV!AG93+MT!AG93+NL!AG93+PL!AG93+PT!AG93+RO!AG93+SE!AG93+SI!AG93+SK!AG93 -> -1423.0383
A95: Annual mileage of a representative vessel | B95: 115000 | C95: 115000 | D95: 115000 | E95: 115000 | F95: 115000 | G95: 115000 | H95: 115000 | I95: 115000 | J95: 115000 | K95: 115000 | L95: 115000 | M95: 115000 | N95: 115000 | O95: 115000 | P95: 115000 | Q95: 115000 | R95: 115000 | S95: 115000 | T95: 115000 | U95: 115000 | V95: 115000 | W95: 115000 | X95: 115000 | Y95: 115000 | Z95: 115000 | AA95: 115000 | AB95: 115000 | AC95: 115000 | AD95: 115000 | AE95: 115000 | AF95: 115000 | AG95: 115000
A97: Stock of representative vessels | B97: =SUM(B98:B99) -> 3155.7634 | C97: =SUM(C98:C99) -> 2909.2935 | D97: =SUM(D98:D99) -> 2885.0655 | E97: =SUM(E98:E99) -> 2891.5568 | F97: =SUM(F98:F99) -> 2881.5122 | G97: =SUM(G98:G99) -> 2840.3748 | H97: =SUM(H98:H99) -> 2838.59 | I97: =SUM(I98:I99) -> 2883.9128 | ... AG97: =SUM(AG98:AG99) -> 2732.0795
A98: Intra-EU27 | B98: =AT!B98+BE!B98+BG!B98+CY!B98+CZ!B98+DE!B98+DK!B98+EE!B98+EL!B98+ES!B98+FI!B98+FR!B98+HR!B98+HU!B98+IE!B98+IT!B98+LT!B98+LU!B98+LV!B98+MT!B98+NL!B98+PL!B98+PT!B98+RO!B98+SE!B98+SI!B98+SK!B98 -> 1196.1602 | C98: =AT!C98+BE!C98+BG!C98+CY!C98+CZ!C98+DE!C98+DK!C98+EE!C98+EL!C98+ES!C98+FI!C98+FR!C98+HR!C98+HU!C98+IE!C98+IT!C98+LT!C98+LU!C98+LV!C98+MT!C98+NL!C98+PL!C98+PT!C98+RO!C98+SE!C98+SI!C98+SK!C98 -> 1082.3682 | D98: =AT!D98+BE!D98+BG!D98+CY!D98+CZ!D98+DE!D98+DK!D98+EE!D98+EL!D98+ES!D98+FI!D98+FR!D98+HR!D98+HU!D98+IE!D98+IT!D98+LT!D98+LU!D98+LV!D98+MT!D98+NL!D98+PL!D98+PT!D98+RO!D98+SE!D98+SI!D98+SK!D98 -> 1095.666 | E98: =AT!E98+BE!E98+BG!E98+CY!E98+CZ!E98+DE!E98+DK!E98+EE!E98+EL!E98+ES!E98+FI!E98+FR!E98+HR!E98+HU!E98+IE!E98+IT!E98+LT!E98+LU!E98+LV!E98+MT!E98+NL!E98+PL!E98+PT!E98+RO!E98+SE!E98+SI!E98+SK!E98 -> 1090.1959 | F98: =AT!F98+BE!F98+BG!F98+CY!F98+CZ!F98+DE!F98+DK!F98+EE!F98+EL!F98+ES!F98+FI!F98+FR!F98+HR!F98+HU!F98+IE!F98+IT!F98+LT!F98+LU!F98+LV!F98+MT!F98+NL!F98+PL!F98+PT!F98+RO!F98+SE!F98+SI!F98+SK!F98 -> 1096.4469 | G98: =AT!G98+BE!G98+BG!G98+CY!G98+CZ!G98+DE!G98+DK!G98+EE!G98+EL!G98+ES!G98+FI!G98+FR!G98+HR!G98+HU!G98+IE!G98+IT!G98+LT!G98+LU!G98+LV!G98+MT!G98+NL!G98+PL!G98+PT!G98+RO!G98+SE!G98+SI!G98+SK!G98 -> 1060.2094 | H98: =AT!H98+BE!H98+BG!H98+CY!H98+CZ!H98+DE!H98+DK!H98+EE!H98+EL!H98+ES!H98+FI!H98+FR!H98+HR!H98+HU!H98+IE!H98+IT!H98+LT!H98+LU!H98+LV!H98+MT!H98+NL!H98+PL!H98+PT!H98+RO!H98+SE!H98+SI!H98+SK!H98 -> 1063.388 | I98: =AT!I98+BE!I98+BG!I98+CY!I98+CZ!I98+DE!I98+DK!I98+EE!I98+EL!I98+ES!I98+FI!I98+FR!I98+HR!I98+HU!I98+IE!I98+IT!I98+LT!I98+LU!I98+LV!I98+MT!I98+NL!I98+PL!I98+PT!I98+RO!I98+SE!I98+SI!I98+SK!I98 -> 1057.6192 | ... AG98: =AT!AG98+BE!AG98+BG!AG98+CY!AG98+CZ!AG98+DE!AG98+DK!AG98+EE!AG98+EL!AG98+ES!AG98+FI!AG98+FR!AG98+HR!AG98+HU!AG98+IE!AG98+IT!AG98+LT!AG98+LU!AG98+LV!AG98+MT!AG98+NL!AG98+PL!AG98+PT!AG98+RO!AG98+SE!AG98+SI!AG98+SK!AG98 -> 1009.0551
A99: Extra-EU27 | B99: =AT!B99+BE!B99+BG!B99+CY!B99+CZ!B99+DE!B99+DK!B99+EE!B99+EL!B99+ES!B99+FI!B99+FR!B99+HR!B99+HU!B99+IE!B99+IT!B99+LT!B99+LU!B99+LV!B99+MT!B99+NL!B99+PL!B99+PT!B99+RO!B99+SE!B99+SI!B99+SK!B99 -> 1959.6031 | C99: =AT!C99+BE!C99+BG!C99+CY!C99+CZ!C99+DE!C99+DK!C99+EE!C99+EL!C99+ES!C99+FI!C99+FR!C99+HR!C99+HU!C99+IE!C99+IT!C99+LT!C99+LU!C99+LV!C99+MT!C99+NL!C99+PL!C99+PT!C99+RO!C99+SE!C99+SI!C99+SK!C99 -> 1826.9252 | D99: =AT!D99+BE!D99+BG!D99+CY!D99+CZ!D99+DE!D99+DK!D99+EE!D99+EL!D99+ES!D99+FI!D99+FR!D99+HR!D99+HU!D99+IE!D99+IT!D99+LT!D99+LU!D99+LV!D99+MT!D99+NL!D99+PL!D99+PT!D99+RO!D99+SE!D99+SI!D99+SK!D99 -> 1789.3995 | E99: =AT!E99+BE!E99+BG!E99+CY!E99+CZ!E99+DE!E99+DK!E99+EE!E99+EL!E99+ES!E99+FI!E99+FR!E99+HR!E99+HU!E99+IE!E99+IT!E99+LT!E99+LU!E99+LV!E99+MT!E99+NL!E99+PL!E99+PT!E99+RO!E99+SE!E99+SI!E99+SK!E99 -> 1801.3609 | F99: =AT!F99+BE!F99+BG!F99+CY!F99+CZ!F99+DE!F99+DK!F99+EE!F99+EL!F99+ES!F99+FI!F99+FR!F99+HR!F99+HU!F99+IE!F99+IT!F99+LT!F99+LU!F99+LV!F99+MT!F99+NL!F99+PL!F99+PT!F99+RO!F99+SE!F99+SI!F99+SK!F99 -> 1785.0653 | G99: =AT!G99+BE!G99+BG!G99+CY!G99+CZ!G99+DE!G99+DK!G99+EE!G99+EL!G99+ES!G99+FI!G99+FR!G99+HR!G99+HU!G99+IE!G99+IT!G99+LT!G99+LU!G99+LV!G99+MT!G99+NL!G99+PL!G99+PT!G99+RO!G99+SE!G99+SI!G99+SK!G99 -> 1780.1655 | H99: =AT!H99+BE!H99+BG!H99+CY!H99+CZ!H99+DE!H99+DK!H99+EE!H99+EL!H99+ES!H99+FI!H99+FR!H99+HR!H99+HU!H99+IE!H99+IT!H99+LT!H99+LU!H99+LV!H99+MT!H99+NL!H99+PL!H99+PT!H99+RO!H99+SE!H99+SI!H99+SK!H99 -> 1775.202 | I99: =AT!I99+BE!I99+BG!I99+CY!I99+CZ!I99+DE!I99+DK!I99+EE!I99+EL!I99+ES!I99+FI!I99+FR!I99+HR!I99+HU!I99+IE!I99+IT!I99+LT!I99+LU!I99+LV!I99+MT!I99+NL!I99+PL!I99+PT!I99+RO!I99+SE!I99+SI!I99+SK!I99 -> 1826.2937 | ... AG99: =AT!AG99+BE!AG99+BG!AG99+CY!AG99+CZ!AG99+DE!AG99+DK!AG99+EE!AG99+EL!AG99+ES!AG99+FI!AG99+FR!AG99+HR!AG99+HU!AG99+IE!AG99+IT!AG99+LT!AG99+LU!AG99+LV!AG99+MT!AG99+NL!AG99+PL!AG99+PT!AG99+RO!AG99+SE!AG99+SI!AG99+SK!AG99 -> 1723.0244
A101: New representative vessels (total) | B101: =SUM(B102:B103) -> 0 | C101: =SUM(C102:C103) -> 200.90907 | D101: =SUM(D102:D103) -> 172.7232 | E101: =SUM(E102:E103) -> 219.1214 | F101: =SUM(F102:F103) -> 165.09063 | G101: =SUM(G102:G103) -> 155.61212 | H101: =SUM(H102:H103) -> 248.33888 | I101: =SUM(I102:I103) -> 278.75209 | ... AG101: =SUM(AG102:AG103) -> 156.57479
A102: Intra-EU27 | B102: =AT!B102+BE!B102+BG!B102+CY!B102+CZ!B102+DE!B102+DK!B102+EE!B102+EL!B102+ES!B102+FI!B102+FR!B102+HR!B102+HU!B102+IE!B102+IT!B102+LT!B102+LU!B102+LV!B102+MT!B102+NL!B102+PL!B102+PT!B102+RO!B102+SE!B102+SI!B102+SK!B102 -> 0 | C102: =AT!C102+BE!C102+BG!C102+CY!C102+CZ!C102+DE!C102+DK!C102+EE!C102+EL!C102+ES!C102+FI!C102+FR!C102+HR!C102+HU!C102+IE!C102+IT!C102+LT!C102+LU!C102+LV!C102+MT!C102+NL!C102+PL!C102+PT!C102+RO!C102+SE!C102+SI!C102+SK!C102 -> 91.320772 | D102: =AT!D102+BE!D102+BG!D102+CY!D102+CZ!D102+DE!D102+DK!D102+EE!D102+EL!D102+ES!D102+FI!D102+FR!D102+HR!D102+HU!D102+IE!D102+IT!D102+LT!D102+LU!D102+LV!D102+MT!D102+NL!D102+PL!D102+PT!D102+RO!D102+SE!D102+SI!D102+SK!D102 -> 97.984909 | E102: =AT!E102+BE!E102+BG!E102+CY!E102+CZ!E102+DE!E102+DK!E102+EE!E102+EL!E102+ES!E102+FI!E102+FR!E102+HR!E102+HU!E102+IE!E102+IT!E102+LT!E102+LU!E102+LV!E102+MT!E102+NL!E102+PL!E102+PT!E102+RO!E102+SE!E102+SI!E102+SK!E102 -> 92.756313 | F102: =AT!F102+BE!F102+BG!F102+CY!F102+CZ!F102+DE!F102+DK!F102+EE!F102+EL!F102+ES!F102+FI!F102+FR!F102+HR!F102+HU!F102+IE!F102+IT!F102+LT!F102+LU!F102+LV!F102+MT!F102+NL!F102+PL!F102+PT!F102+RO!F102+SE!F102+SI!F102+SK!F102 -> 77.009497 | G102: =AT!G102+BE!G102+BG!G102+CY!G102+CZ!G102+DE!G102+DK!G102+EE!G102+EL!G102+ES!G102+FI!G102+FR!G102+HR!G102+HU!G102+IE!G102+IT!G102+LT!G102+LU!G102+LV!G102+MT!G102+NL!G102+PL!G102+PT!G102+RO!G102+SE!G102+SI!G102+SK!G102 -> 59.614579 | H102: =AT!H102+BE!H102+BG!H102+CY!H102+CZ!H102+DE!H102+DK!H102+EE!H102+EL!H102+ES!H102+FI!H102+FR!H102+HR!H102+HU!H102+IE!H102+IT!H102+LT!H102+LU!H102+LV!H102+MT!H102+NL!H102+PL!H102+PT!H102+RO!H102+SE!H102+SI!H102+SK!H102 -> 99.393364 | I102: =AT!I102+BE!I102+BG!I102+CY!I102+CZ!I102+DE!I102+DK!I102+EE!I102+EL!I102+ES!I102+FI!I102+FR!I102+HR!I102+HU!I102+IE!I102+IT!I102+LT!I102+LU!I102+LV!I102+MT!I102+NL!I102+PL!I102+PT!I102+RO!I102+SE!I102+SI!I102+SK!I102 -> 101.1387 | ... AG102: =AT!AG102+BE!AG102+BG!AG102+CY!AG102+CZ!AG102+DE!AG102+DK!AG102+EE!AG102+EL!AG102+ES!AG102+FI!AG102+FR!AG102+HR!AG102+HU!AG102+IE!AG102+IT!AG102+LT!AG102+LU!AG102+LV!AG102+MT!AG102+NL!AG102+PL!AG102+PT!AG102+RO!AG102+SE!AG102+SI!AG102+SK!AG102 -> 58.786338
A103: Extra-EU27 | B103: =AT!B103+BE!B103+BG!B103+CY!B103+CZ!B103+DE!B103+DK!B103+EE!B103+EL!B103+ES!B103+FI!B103+FR!B103+HR!B103+HU!B103+IE!B103+IT!B103+LT!B103+LU!B103+LV!B103+MT!B103+NL!B103+PL!B103+PT!B103+RO!B103+SE!B103+SI!B103+SK!B103 -> 0 | C103: =AT!C103+BE!C103+BG!C103+CY!C103+CZ!C103+DE!C103+DK!C103+EE!C103+EL!C103+ES!C103+FI!C103+FR!C103+HR!C103+HU!C103+IE!C103+IT!C103+LT!C103+LU!C103+LV!C103+MT!C103+NL!C103+PL!C103+PT!C103+RO!C103+SE!C103+SI!C103+SK!C103 -> 109.5883 | D103: =AT!D103+BE!D103+BG!D103+CY!D103+CZ!D103+DE!D103+DK!D103+EE!D103+EL!D103+ES!D103+FI!D103+FR!D103+HR!D103+HU!D103+IE!D103+IT!D103+LT!D103+LU!D103+LV!D103+MT!D103+NL!D103+PL!D103+PT!D103+RO!D103+SE!D103+SI!D103+SK!D103 -> 74.738291 | E103: =AT!E103+BE!E103+BG!E103+CY!E103+CZ!E103+DE!E103+DK!E103+EE!E103+EL!E103+ES!E103+FI!E103+FR!E103+HR!E103+HU!E103+IE!E103+IT!E103+LT!E103+LU!E103+LV!E103+MT!E103+NL!E103+PL!E103+PT!E103+RO!E103+SE!E103+SI!E103+SK!E103 -> 126.36508 | F103: =AT!F103+BE!F103+BG!F103+CY!F103+CZ!F103+DE!F103+DK!F103+EE!F103+EL!F103+ES!F103+FI!F103+FR!F103+HR!F103+HU!F103+IE!F103+IT!F103+LT!F103+LU!F103+LV!F103+MT!F103+NL!F103+PL!F103+PT!F103+RO!F103+SE!F103+SI!F103+SK!F103 -> 88.081131 | G103: =AT!G103+BE!G103+BG!G103+CY!G103+CZ!G103+DE!G103+DK!G103+EE!G103+EL!G103+ES!G103+FI!G103+FR!G103+HR!G103+HU!G103+IE!G103+IT!G103+LT!G103+LU!G103+LV!G103+MT!G103+NL!G103+PL!G103+PT!G103+RO!G103+SE!G103+SI!G103+SK!G103 -> 95.997536 | H103: =AT!H103+BE!H103+BG!H103+CY!H103+CZ!H103+DE!H103+DK!H103+EE!H103+EL!H103+ES!H103+FI!H103+FR!H103+HR!H103+HU!H103+IE!H103+IT!H103+LT!H103+LU!H103+LV!H103+MT!H103+NL!H103+PL!H103+PT!H103+RO!H103+SE!H103+SI!H103+SK!H103 -> 148.94552 | I103: =AT!I103+BE!I103+BG!I103+CY!I103+CZ!I103+DE!I103+DK!I103+EE!I103+EL!I103+ES!I103+FI!I103+FR!I103+HR!I103+HU!I103+IE!I103+IT!I103+LT!I103+LU!I103+LV!I103+MT!I103+NL!I103+PL!I103+PT!I103+RO!I103+SE!I103+SI!I103+SK!I103 -> 177.61338 | ... AG103: =AT!AG103+BE!AG103+BG!AG103+CY!AG103+CZ!AG103+DE!AG103+DK!AG103+EE!AG103+EL!AG103+ES!AG103+FI!AG103+FR!AG103+HR!AG103+HU!AG103+IE!AG103+IT!AG103+LT!AG103+LU!AG103+LV!AG103+MT!AG103+NL!AG103+PL!AG103+PT!AG103+RO!AG103+SE!AG103+SI!AG103+SK!AG103 -> 97.788457

Sheet AT
A1: AT - Austria | B1: 1990 | C1: 1991 | D1: 1992 | E1: 1993 | F1: 1994 | G1: 1995 | H1: 1996 | I1: 1997 | J1: 1998 | K1: 1999 | L1: 2000 | M1: 2001 | N1: 2002 | O1: 2003 | P1: 2004 | Q1: 2005 | R1: 2006 | S1: 2007 | T1: 2008 | U1: 2009 | V1: 2010 | W1: 2011 | X1: 2012 | Y1: 2013 | Z1: 2014 | AA1: 2015 | AB1: 2016 | AC1: 2017 | AD1: 2018 | AE1: 2019 | AF1: 2020 | AG1: 2021
A3: Transport activity (Mtkm) | B3: =SUM(B4:B5) -> 0 | C3: =SUM(C4:C5) -> 0 | D3: =SUM(D4:D5) -> 0 | E3: =SUM(E4:E5) -> 0 | F3: =SUM(F4:F5) -> 0 | G3: =SUM(G4:G5) -> 0 | H3: =SUM(H4:H5) -> 0 | I3: =SUM(I4:I5) -> 0 | ... AG3: =SUM(AG4:AG5) -> 0
A4: Intra-EU27 | B4: 0 | C4: 0 | D4: 0 | E4: 0 | F4: 0 | G4: 0 | H4: 0 | I4: 0 | J4: 0 | K4: 0 | L4: 0 | M4: 0 | N4: 0 | O4: 0 | P4: 0 | Q4: 0 | R4: 0 | S4: 0 | T4: 0 | U4: 0 | V4: 0 | W4: 0 | X4: 0 | Y4: 0 | Z4: 0 | AA4: 0 | AB4: 0 | AC4: 0 | AD4: 0 | AE4: 0 | AF4: 0 | AG4: 0
A5: Extra-EU27 | B5: 0 | C5: 0 | D5: 0 | E5: 0 | F5: 0 | G5: 0 | H5: 0 | I5: 0 | J5: 0 | K5: 0 | L5: 0 | M5: 0 | N5: 0 | O5: 0 | P5: 0 | Q5: 0 | R5: 0 | S5: 0 | T5: 0 | U5: 0 | V5: 0 | W5: 0 | X5: 0 | Y5: 0 | Z5: 0 | AA5: 0 | AB5: 0 | AC5: 0 | AD5: 0 | AE5: 0 | AF5: 0 | AG5: 0
A6: * Considering both inwards and outwards flows of goods transported with half of the distance of the voyages (thus the total distance for Intra-EU in the EU aggregation)
A8: Market shares of activity (% of tkm) | B8: =IF(B3=0,0,B3/B$3) -> 0 | C8: =IF(C3=0,0,C3/C$3) -> 0 | D8: =IF(D3=0,0,D3/D$3) -> 0 | E8: =IF(E3=0,0,E3/E$3) -> 0 | F8: =IF(F3=0,0,F3/F$3) -> 0 | G8: =IF(G3=0,0,G3/G$3) -> 0 | H8: =IF(H3=0,0,H3/H$3) -> 0 | I8: =IF(I3=0,0,I3/I$3) -> 0 | ... AG8: =IF(AG3=0,0,AG3/AG$3) -> 0
A9: Intra-EU27 | B9: =IF(B4=0,0,B4/B$3) -> 0 | C9: =IF(C4=0,0,C4/C$3) -> 0 | D9: =IF(D4=0,0,D4/D$3) -> 0 | E9: =IF(E4=0,0,E4/E$3) -> 0 | F9: =IF(F4=0,0,F4/F$3) -> 0 | G9: =IF(G4=0,0,G4/G$3) -> 0 | H9: =IF(H4=0,0,H4/H$3) -> 0 | I9: =IF(I4=0,0,I4/I$3) -> 0 | ... AG9: =IF(AG4=0,0,AG4/AG$3) -> 0
A10: Extra-EU27 | B10: =IF(B5=0,0,B5/B$3) -> 0 | C10: =IF(C5=0,0,C5/C$3) -> 0 | D10: =IF(D5=0,0,D5/D$3) -> 0 | E10: =IF(E5=0,0,E5/E$3) -> 0 | F10: =IF(F5=0,0,F5/F$3) -> 0 | G10: =IF(G5=0,0,G5/G$3) -> 0 | H10: =IF(H5=0,0,H5/H$3) -> 0 | I10: =IF(I5=0,0,I5/I$3) -> 0 | ... AG10: =IF(AG5=0,0,AG5/AG$3) -> 0
A12: Vehicle-km (Mvkm) | B12: =SUM(B13:B14) -> 0 | C12: =SUM(C13:C14) -> 0 | D12: =SUM(D13:D14) -> 0 | E12: =SUM(E13:E14) -> 0 | F12: =SUM(F13:F14) -> 0 | G12: =SUM(G13:G14) -> 0 | H12: =SUM(H13:H14) -> 0 | I12: =SUM(I13:I14) -> 0 | ... AG12: =SUM(AG13:AG14) -> 0
A13: Intra-EU27 | B13: 0 | C13: 0 | D13: 0 | E13: 0 | F13: 0 | G13: 0 | H13: 0 | I13: 0 | J13: 0 | K13: 0 | L13: 0 | M13: 0 | N13: 0 | O13: 0 | P13: 0 | Q13: 0 | R13: 0 | S13: 0 | T13: 0 | U13: 0 | V13: 0 | W13: 0 | X13: 0 | Y13: 0 | Z13: 0 | AA13: 0 | AB13: 0 | AC13: 0 | AD13: 0 | AE13: 0 | AF13: 0 | AG13: 0
A14: Extra-EU27 | B14: 0 | C14: 0 | D14: 0 | E14: 0 | F14: 0 | G14: 0 | H14: 0 | I14: 0 | J14: 0 | K14: 0 | L14: 0 | M14: 0 | N14: 0 | O14: 0 | P14: 0 | Q14: 0 | R14: 0 | S14: 0 | T14: 0 | U14: 0 | V14: 0 | W14: 0 | X14: 0 | Y14: 0 | Z14: 0 | AA14: 0 | AB14: 0 | AC14: 0 | AD14: 0 | AE14: 0 | AF14: 0 | AG14: 0
A15: * Considering half of the distance of the voyages (thus the total distance for Intra-EU in the EU aggregation)
A17: Market shares of vehicle km (% of km) | B17: =IF(B12=0,0,B12/B$12) -> 0 | C17: =IF(C12=0,0,C12/C$12) -> 0 | D17: =IF(D12=0,0,D12/D$12) -> 0 | E17: =IF(E12=0,0,E12/E$12) -> 0 | F17: =IF(F12=0,0,F12/F$12) -> 0 | G17: =IF(G12=0,0,G12/G$12) -> 0 | H17: =IF(H12=0,0,H12/H$12) -> 0 | I17: =IF(I12=0,0,I12/I$12) -> 0 | ... AG17: =IF(AG12=0,0,AG12/AG$12) -> 0
A18: Intra-EU27 | B18: =IF(B13=0,0,B13/B$12) -> 0 | C18: =IF(C13=0,0,C13/C$12) -> 0 | D18: =IF(D13=0,0,D13/D$12) -> 0 | E18: =IF(E13=0,0,E13/E$12) -> 0 | F18: =IF(F13=0,0,F13/F$12) -> 0 | G18: =IF(G13=0,0,G13/G$12) -> 0 | H18: =IF(H13=0,0,H13/H$12) -> 0 | I18: =IF(I13=0,0,I13/I$12) -> 0 | ... AG18: =IF(AG13=0,0,AG13/AG$12) -> 0
A19: Extra-EU27 | B19: =IF(B14=0,0,B14/B$12) -> 0 | C19: =IF(C14=0,0,C14/C$12) -> 0 | D19: =IF(D14=0,0,D14/D$12) -> 0 | E19: =IF(E14=0,0,E14/E$12) -> 0 | F19: =IF(F14=0,0,F14/F$12) -> 0 | G19: =IF(G14=0,0,G14/G$12) -> 0 | H19: =IF(H14=0,0,H14/H$12) -> 0 | I19: =IF(I14=0,0,I14/I$12) -> 0 | ... AG19: =IF(AG14=0,0,AG14/AG$12) -> 0
A21: Load factor of vessels (t/movement) | B21: =IF(B3=0,0,B3/B12) -> 0 | C21: =IF(C3=0,0,C3/C12) -> 0 | D21: =IF(D3=0,0,D3/D12) -> 0 | E21: =IF(E3=0,0,E3/E12) -> 0 | F21: =IF(F3=0,0,F3/F12) -> 0 | G21: =IF(G3=0,0,G3/G12) -> 0 | H21: =IF(H3=0,0,H3/H12) -> 0 | I21: =IF(I3=0,0,I3/I12) -> 0 | ... AG21: =IF(AG3=0,0,AG3/AG12) -> 0
A22: Intra-EU27 | B22: =IF(B4=0,0,B4/B13) -> 0 | C22: =IF(C4=0,0,C4/C13) -> 0 | D22: =IF(D4=0,0,D4/D13) -> 0 | E22: =IF(E4=0,0,E4/E13) -> 0 | F22: =IF(F4=0,0,F4/F13) -> 0 | G22: =IF(G4=0,0,G4/G13) -> 0 | H22: =IF(H4=0,0,H4/H13) -> 0 | I22: =IF(I4=0,0,I4/I13) -> 0 | ... AG22: =IF(AG4=0,0,AG4/AG13) -> 0
A23: Extra-EU27 | B23: =IF(B5=0,0,B5/B14) -> 0 | C23: =IF(C5=0,0,C5/C14) -> 0 | D23: =IF(D5=0,0,D5/D14) -> 0 | E23: =IF(E5=0,0,E5/E14) -> 0 | F23: =IF(F5=0,0,F5/F14) -> 0 | G23: =IF(G5=0,0,G5/G14) -> 0 | H23: =IF(H5=0,0,H5/H14) -> 0 | I23: =IF(I5=0,0,I5/I14) -> 0 | ... AG23: =IF(AG5=0,0,AG5/AG14) -> 0
A25: Total energy consumption (ktoe) | B25: =SUM(B26,B32) -> 0 | C25: =SUM(C26,C32) -> 0 | D25: =SUM(D26,D32) -> 0 | E25: =SUM(E26,E32) -> 0 | F25: =SUM(F26,F32) -> 0 | G25: =SUM(G26,G32) -> 0 | H25: =SUM(H26,H32) -> 0 | I25: =SUM(I26,I32) -> 0 | ... AG25: =SUM(AG26,AG32) -> 0
A26: Intra-EU27 | B26: =SUM(B27:B31) -> 0 | C26: =SUM(C27:C31) -> 0 | D26: =SUM(D27:D31) -> 0 | E26: =SUM(E27:E31) -> 0 | F26: =SUM(F27:F31) -> 0 | G26: =SUM(G27:G31) -> 0 | H26: =SUM(H27:H31) -> 0 | I26: =SUM(I27:I31) -> 0 | ... AG26: =SUM(AG27:AG31) -> 0
A27: Gas oil and diesel oil (excluding biofuel portion) | B27: 0 | C27: 0 | D27: 0 | E27: 0 | F27: 0 | G27: 0 | H27: 0 | I27: 0 | J27: 0 | K27: 0 | L27: 0 | M27: 0 | N27: 0 | O27: 0 | P27: 0 | Q27: 0 | R27: 0 | S27: 0 | T27: 0 | U27: 0 | V27: 0 | W27: 0 | X27: 0 | Y27: 0 | Z27: 0 | AA27: 0 | AB27: 0 | AC27: 0 | AD27: 0 | AE27: 0 | AF27: 0 | AG27: 0
A28: Fuel oil and Other oil products | B28: 0 | C28: 0 | D28: 0 | E28: 0 | F28: 0 | G28: 0 | H28: 0 | I28: 0 | J28: 0 | K28: 0 | L28: 0 | M28: 0 | N28: 0 | O28: 0 | P28: 0 | Q28: 0 | R28: 0 | S28: 0 | T28: 0 | U28: 0 | V28: 0 | W28: 0 | X28: 0 | Y28: 0 | Z28: 0 | AA28: 0 | AB28: 0 | AC28: 0 | AD28: 0 | AE28: 0 | AF28: 0 | AG28: 0
A29: Blended biofuels | B29: 0 | C29: 0 | D29: 0 | E29: 0 | F29: 0 | G29: 0 | H29: 0 | I29: 0 | J29: 0 | K29: 0 | L29: 0 | M29: 0 | N29: 0 | O29: 0 | P29: 0 | Q29: 0 | R29: 0 | S29: 0 | T29: 0 | U29: 0 | V29: 0 | W29: 0 | X29: 0 | Y29: 0 | Z29: 0 | AA29: 0 | AB29: 0 | AC29: 0 | AD29: 0 | AE29: 0 | AF29: 0 | AG29: 0
A30: Natural gas | B30: 0 | C30: 0 | D30: 0 | E30: 0 | F30: 0 | G30: 0 | H30: 0 | I30: 0 | J30: 0 | K30: 0 | L30: 0 | M30: 0 | N30: 0 | O30: 0 | P30: 0 | Q30: 0 | R30: 0 | S30: 0 | T30: 0 | U30: 0 | V30: 0 | W30: 0 | X30: 0 | Y30: 0 | Z30: 0 | AA30: 0 | AB30: 0 | AC30: 0 | AD30: 0 | AE30: 0 | AF30: 0 | AG30: 0
A31: Biogases | B31: 0 | C31: 0 | D31: 0 | E31: 0 | F31: 0 | G31: 0 | H31: 0 | I31: 0 | J31: 0 | K31: 0 | L31: 0 | M31: 0 | N31: 0 | O31: 0 | P31: 0 | Q31: 0 | R31: 0 | S31: 0 | T31: 0 | U31: 0 | V31: 0 | W31: 0 | X31: 0 | Y31: 0 | Z31: 0 | AA31: 0 | AB31: 0 | AC31: 0 | AD31: 0 | AE31: 0 | AF31: 0 | AG31: 0
A32: Extra-EU27 | B32: =SUM(B33:B37) -> 0 | C32: =SUM(C33:C37) -> 0 | D32: =SUM(D33:D37) -> 0 | E32: =SUM(E33:E37) -> 0 | F32: =SUM(F33:F37) -> 0 | G32: =SUM(G33:G37) -> 0 | H32: =SUM(H33:H37) -> 0 | I32: =SUM(I33:I37) -> 0 | ... AG32: =SUM(AG33:AG37) -> 0
A33: Gas oil and diesel oil (excluding biofuel portion) | B33: 0 | C33: 0 | D33: 0 | E33: 0 | F33: 0 | G33: 0 | H33: 0 | I33: 0 | J33: 0 | K33: 0 | L33: 0 | M33: 0 | N33: 0 | O33: 0 | P33: 0 | Q33: 0 | R33: 0 | S33: 0 | T33: 0 | U33: 0 | V33: 0 | W33: 0 | X33: 0 | Y33: 0 | Z33: 0 | AA33: 0 | AB33: 0 | AC33: 0 | AD33: 0 | AE33: 0 | AF33: 0 | AG33: 0
A34: Fuel oil and Other oil products | B34: 0 | C34: 0 | D34: 0 | E34: 0 | F34: 0 | G34: 0 | H34: 0 | I34: 0 | J34: 0 | K34: 0 | L34: 0 | M34: 0 | N34: 0 | O34: 0 | P34: 0 | Q34: 0 | R34: 0 | S34: 0 | T34: 0 | U34: 0 | V34: 0 | W34: 0 | X34: 0 | Y34: 0 | Z34: 0 | AA34: 0 | AB34: 0 | AC34: 0 | AD34: 0 | AE34: 0 | AF34: 0 | AG34: 0
A35: Blended biofuels | B35: 0 | C35: 0 | D35: 0 | E35: 0 | F35: 0 | G35: 0 | H35: 0 | I35: 0 | J35: 0 | K35: 0 | L35: 0 | M35: 0 | N35: 0 | O35: 0 | P35: 0 | Q35: 0 | R35: 0 | S35: 0 | T35: 0 | U35: 0 | V35: 0 | W35: 0 | X35: 0 | Y35: 0 | Z35: 0 | AA35: 0 | AB35: 0 | AC35: 0 | AD35: 0 | AE35: 0 | AF35: 0 | AG35: 0
A36: Natural gas | B36: 0 | C36: 0 | D36: 0 | E36: 0 | F36: 0 | G36: 0 | H36: 0 | I36: 0 | J36: 0 | K36: 0 | L36: 0 | M36: 0 | N36: 0 | O36: 0 | P36: 0 | Q36: 0 | R36: 0 | S36: 0 | T36: 0 | U36: 0 | V36: 0 | W36: 0 | X36: 0 | Y36: 0 | Z36: 0 | AA36: 0 | AB36: 0 | AC36: 0 | AD36: 0 | AE36: 0 | AF36: 0 | AG36: 0
A37: Biogases | B37: 0 | C37: 0 | D37: 0 | E37: 0 | F37: 0 | G37: 0 | H37: 0 | I37: 0 | J37: 0 | K37: 0 | L37: 0 | M37: 0 | N37: 0 | O37: 0 | P37: 0 | Q37: 0 | R37: 0 | S37: 0 | T37: 0 | U37: 0 | V37: 0 | W37: 0 | X37: 0 | Y37: 0 | Z37: 0 | AA37: 0 | AB37: 0 | AC37: 0 | AD37: 0 | AE37: 0 | AF37: 0 | AG37: 0
A38: * As reported in the Eurostat energy balances
A40: Energy intensity over activity (kgoe / 000 tkm) | B40: =IF(B25=0,0,B25/(B3/1000)) -> 0 | C40: =IF(C25=0,0,C25/(C3/1000)) -> 0 | D40: =IF(D25=0,0,D25/(D3/1000)) -> 0 | E40: =IF(E25=0,0,E25/(E3/1000)) -> 0 | F40: =IF(F25=0,0,F25/(F3/1000)) -> 0 | G40: =IF(G25=0,0,G25/(G3/1000)) -> 0 | H40: =IF(H25=0,0,H25/(H3/1000)) -> 0 | I40: =IF(I25=0,0,I25/(I3/1000)) -> 0 | ... AG40: =IF(AG25=0,0,AG25/(AG3/1000)) -> 0
A41: Intra-EU27 | B41: =IF(B26=0,0,B26/(B4/1000)) -> 0 | C41: =IF(C26=0,0,C26/(C4/1000)) -> 0 | D41: =IF(D26=0,0,D26/(D4/1000)) -> 0 | E41: =IF(E26=0,0,E26/(E4/1000)) -> 0 | F41: =IF(F26=0,0,F26/(F4/1000)) -> 0 | G41: =IF(G26=0,0,G26/(G4/1000)) -> 0 | H41: =IF(H26=0,0,H26/(H4/1000)) -> 0 | I41: =IF(I26=0,0,I26/(I4/1000)) -> 0 | ... AG41: =IF(AG26=0,0,AG26/(AG4/1000)) -> 0
A42: Extra-EU27 | B42: =IF(B32=0,0,B32/(B5/1000)) -> 0 | C42: =IF(C32=0,0,C32/(C5/1000)) -> 0 | D42: =IF(D32=0,0,D32/(D5/1000)) -> 0 | E42: =IF(E32=0,0,E32/(E5/1000)) -> 0 | F42: =IF(F32=0,0,F32/(F5/1000)) -> 0 | G42: =IF(G32=0,0,G32/(G5/1000)) -> 0 | H42: =IF(H32=0,0,H32/(H5/1000)) -> 0 | I42: =IF(I32=0,0,I32/(I5/1000)) -> 0 | ... AG42: =IF(AG32=0,0,AG32/(AG5/1000)) -> 0
A44: Shares of total energy consumption (%) | B44: =IF(B25=0,0,B25/B$25) -> 0 | C44: =IF(C25=0,0,C25/C$25) -> 0 | D44: =IF(D25=0,0,D25/D$25) -> 0 | E44: =IF(E25=0,0,E25/E$25) -> 0 | F44: =IF(F25=0,0,F25/F$25) -> 0 | G44: =IF(G25=0,0,G25/G$25) -> 0 | H44: =IF(H25=0,0,H25/H$25) -> 0 | I44: =IF(I25=0,0,I25/I$25) -> 0 | ... AG44: =IF(AG25=0,0,AG25/AG$25) -> 0
A45: Intra-EU27 | B45: =IF(B26=0,0,B26/B$25) -> 0 | C45: =IF(C26=0,0,C26/C$25) -> 0 | D45: =IF(D26=0,0,D26/D$25) -> 0 | E45: =IF(E26=0,0,E26/E$25) -> 0 | F45: =IF(F26=0,0,F26/F$25) -> 0 | G45: =IF(G26=0,0,G26/G$25) -> 0 | H45: =IF(H26=0,0,H26/H$25) -> 0 | I45: =IF(I26=0,0,I26/I$25) -> 0 | ... AG45: =IF(AG26=0,0,AG26/AG$25) -> 0
A46: Extra-EU27 | B46: =IF(B32=0,0,B32/B$25) -> 0 | C46: =IF(C32=0,0,C32/C$25) -> 0 | D46: =IF(D32=0,0,D32/D$25) -> 0 | E46: =IF(E32=0,0,E32/E$25) -> 0 | F46: =IF(F32=0,0,F32/F$25) -> 0 | G46: =IF(G32=0,0,G32/G$25) -> 0 | H46: =IF(H32=0,0,H32/H$25) -> 0 | I46: =IF(I32=0,0,I32/I$25) -> 0 | ... AG46: =IF(AG32=0,0,AG32/AG$25) -> 0
A48: Vehicle-efficiency - effective (kgoe/100 km) | B48: =IF(B25=0,0,100*B25/B12) -> 0 | C48: =IF(C25=0,0,100*C25/C12) -> 0 | D48: =IF(D25=0,0,100*D25/D12) -> 0 | E48: =IF(E25=0,0,100*E25/E12) -> 0 | F48: =IF(F25=0,0,100*F25/F12) -> 0 | G48: =IF(G25=0,0,100*G25/G12) -> 0 | H48: =IF(H25=0,0,100*H25/H12) -> 0 | I48: =IF(I25=0,0,100*I25/I12) -> 0 | ... AG48: =IF(AG25=0,0,100*AG25/AG12) -> 0
A49: Intra-EU27 | B49: =IF(B26=0,0,100*B26/B13) -> 0 | C49: =IF(C26=0,0,100*C26/C13) -> 0 | D49: =IF(D26=0,0,100*D26/D13) -> 0 | E49: =IF(E26=0,0,100*E26/E13) -> 0 | F49: =IF(F26=0,0,100*F26/F13) -> 0 | G49: =IF(G26=0,0,100*G26/G13) -> 0 | H49: =IF(H26=0,0,100*H26/H13) -> 0 | I49: =IF(I26=0,0,100*I26/I13) -> 0 | ... AG49: =IF(AG26=0,0,100*AG26/AG13) -> 0
A50: Extra-EU27 | B50: =IF(B32=0,0,100*B32/B14) -> 0 | C50: =IF(C32=0,0,100*C32/C14) -> 0 | D50: =IF(D32=0,0,100*D32/D14) -> 0 | E50: =IF(E32=0,0,100*E32/E14) -> 0 | F50: =IF(F32=0,0,100*F32/F14) -> 0 | G50: =IF(G32=0,0,100*G32/G14) -> 0 | H50: =IF(H32=0,0,100*H32/H14) -> 0 | I50: =IF(I32=0,0,100*I32/I14) -> 0 | ... AG50: =IF(AG32=0,0,100*AG32/AG14) -> 0
A51: * Based on the energy consumption figures reported in the Eurostat energy balances
A53: Vehicle-efficiency - theoretical (kgoe/100 km) | B53: 0 | C53: 0 | D53: 0 | E53: 0 | F53: 0 | G53: 0 | H53: 0 | I53: 0 | J53: 0 | K53: 0 | L53: 0 | M53: 0 | N53: 0 | O53: 0 | P53: 0 | Q53: 0 | R53: 0 | S53: 0 | T53: 0 | U53: 0 | V53: 0 | W53: 0 | X53: 0 | Y53: 0 | Z53: 0 | AA53: 0 | AB53: 0 | AC53: 0 | AD53: 0 | AE53: 0 | AF53: 0 | AG53: 0
A54: Intra-EU27 | B54: 0 | C54: 0 | D54: 0 | E54: 0 | F54: 0 | G54: 0 | H54: 0 | I54: 0 | J54: 0 | K54: 0 | L54: 0 | M54: 0 | N54: 0 | O54: 0 | P54: 0 | Q54: 0 | R54: 0 | S54: 0 | T54: 0 | U54: 0 | V54: 0 | W54: 0 | X54: 0 | Y54: 0 | Z54: 0 | AA54: 0 | AB54: 0 | AC54: 0 | AD54: 0 | AE54: 0 | AF54: 0 | AG54: 0
A55: Extra-EU27 | B55: 0 | C55: 0 | D55: 0 | E55: 0 | F55: 0 | G55: 0 | H55: 0 | I55: 0 | J55: 0 | K55: 0 | L55: 0 | M55: 0 | N55: 0 | O55: 0 | P55: 0 | Q55: 0 | R55: 0 | S55: 0 | T55: 0 | U55: 0 | V55: 0 | W55: 0 | X55: 0 | Y55: 0 | Z55: 0 | AA55: 0 | AB55: 0 | AC55: 0 | AD55: 0 | AE55: 0 | AF55: 0 | AG55: 0
A56: * Based on the total mileage
A58: Discrepancy between effective and theoretical efficiencies (ratio) | B58: =IF(B48=0,0,B48/B53) -> 0 | C58: =IF(C48=0,0,C48/C53) -> 0 | D58: =IF(D48=0,0,D48/D53) -> 0 | E58: =IF(E48=0,0,E48/E53) -> 0 | F58: =IF(F48=0,0,F48/F53) -> 0 | G58: =IF(G48=0,0,G48/G53) -> 0 | H58: =IF(H48=0,0,H48/H53) -> 0 | I58: =IF(I48=0,0,I48/I53) -> 0 | ... AG58: =IF(AG48=0,0,AG48/AG53) -> 0
A59: Intra-EU27 | B59: =IF(B49=0,0,B49/B54) -> 0 | C59: =IF(C49=0,0,C49/C54) -> 0 | D59: =IF(D49=0,0,D49/D54) -> 0 | E59: =IF(E49=0,0,E49/E54) -> 0 | F59: =IF(F49=0,0,F49/F54) -> 0 | G59: =IF(G49=0,0,G49/G54) -> 0 | H59: =IF(H49=0,0,H49/H54) -> 0 | I59: =IF(I49=0,0,I49/I54) -> 0 | ... AG59: =IF(AG49=0,0,AG49/AG54) -> 0
A60: Extra-EU27 | B60: =IF(B50=0,0,B50/B55) -> 0 | C60: =IF(C50=0,0,C50/C55) -> 0 | D60: =IF(D50=0,0,D50/D55) -> 0 | E60: =IF(E50=0,0,E50/E55) -> 0 | F60: =IF(F50=0,0,F50/F55) -> 0 | G60: =IF(G50=0,0,G50/G55) -> 0 | H60: =IF(H50=0,0,H50/H55) -> 0 | I60: =IF(I50=0,0,I50/I55) -> 0 | ... AG60: =IF(AG50=0,0,AG50/AG55) -> 0
A62: Emission factors (kt CO2 / ktoe) | B62: =IF(B66=0,0,B66/B25) -> 0 | C62: =IF(C66=0,0,C66/C25) -> 0 | D62: =IF(D66=0,0,D66/D25) -> 0 | E62: =IF(E66=0,0,E66/E25) -> 0 | F62: =IF(F66=0,0,F66/F25) -> 0 | G62: =IF(G66=0,0,G66/G25) -> 0 | H62: =IF(H66=0,0,H66/H25) -> 0 | I62: =IF(I66=0,0,I66/I25) -> 0 | ... AG62: =IF(AG66=0,0,AG66/AG25) -> 0
A63: Intra-EU27 | B63: =IF(B67=0,0,B67/B26) -> 0 | C63: =IF(C67=0,0,C67/C26) -> 0 | D63: =IF(D67=0,0,D67/D26) -> 0 | E63: =IF(E67=0,0,E67/E26) -> 0 | F63: =IF(F67=0,0,F67/F26) -> 0 | G63: =IF(G67=0,0,G67/G26) -> 0 | H63: =IF(H67=0,0,H67/H26) -> 0 | I63: =IF(I67=0,0,I67/I26) -> 0 | ... AG63: =IF(AG67=0,0,AG67/AG26) -> 0
A64: Extra-EU27 | B64: =IF(B68=0,0,B68/B32) -> 0 | C64: =IF(C68=0,0,C68/C32) -> 0 | D64: =IF(D68=0,0,D68/D32) -> 0 | E64: =IF(E68=0,0,E68/E32) -> 0 | F64: =IF(F68=0,0,F68/F32) -> 0 | G64: =IF(G68=0,0,G68/G32) -> 0 | H64: =IF(H68=0,0,H68/H32) -> 0 | I64: =IF(I68=0,0,I68/I32) -> 0 | ... AG64: =IF(AG68=0,0,AG68/AG32) -> 0
A66: CO2 emissions (kt CO2) | B66: =SUM(B67:B68) -> 0 | C66: =SUM(C67:C68) -> 0 | D66: =SUM(D67:D68) -> 0 | E66: =SUM(E67:E68) -> 0 | F66: =SUM(F67:F68) -> 0 | G66: =SUM(G67:G68) -> 0 | H66: =SUM(H67:H68) -> 0 | I66: =SUM(I67:I68) -> 0 | ... AG66: =SUM(AG67:AG68) -> 0
A67: Intra-EU27 | B67: 0 | C67: 0 | D67: 0 | E67: 0 | F67: 0 | G67: 0 | H67: 0 | I67: 0 | J67: 0 | K67: 0 | L67: 0 | M67: 0 | N67: 0 | O67: 0 | P67: 0 | Q67: 0 | R67: 0 | S67: 0 | T67: 0 | U67: 0 | V67: 0 | W67: 0 | X67: 0 | Y67: 0 | Z67: 0 | AA67: 0 | AB67: 0 | AC67: 0 | AD67: 0 | AE67: 0 | AF67: 0 | AG67: 0
A68: Extra-EU27 | B68: 0 | C68: 0 | D68: 0 | E68: 0 | F68: 0 | G68: 0 | H68: 0 | I68: 0 | J68: 0 | K68: 0 | L68: 0 | M68: 0 | N68: 0 | O68: 0 | P68: 0 | Q68: 0 | R68: 0 | S68: 0 | T68: 0 | U68: 0 | V68: 0 | W68: 0 | X68: 0 | Y68: 0 | Z68: 0 | AA68: 0 | AB68: 0 | AC68: 0 | AD68: 0 | AE68: 0 | AF68: 0 | AG68: 0
A69: * Based on the energy consumption figures reported in the Eurostat energy balances
A71: Emission intensity (kg of CO2 / 100 km) | B71: =IF(B66=0,0,100*B66/B12) -> 0 | C71: =IF(C66=0,0,100*C66/C12) -> 0 | D71: =IF(D66=0,0,100*D66/D12) -> 0 | E71: =IF(E66=0,0,100*E66/E12) -> 0 | F71: =IF(F66=0,0,100*F66/F12) -> 0 | G71: =IF(G66=0,0,100*G66/G12) -> 0 | H71: =IF(H66=0,0,100*H66/H12) -> 0 | I71: =IF(I66=0,0,100*I66/I12) -> 0 | ... AG71: =IF(AG66=0,0,100*AG66/AG12) -> 0
A72: Intra-EU27 | B72: =IF(B67=0,0,100*B67/B13) -> 0 | C72: =IF(C67=0,0,100*C67/C13) -> 0 | D72: =IF(D67=0,0,100*D67/D13) -> 0 | E72: =IF(E67=0,0,100*E67/E13) -> 0 | F72: =IF(F67=0,0,100*F67/F13) -> 0 | G72: =IF(G67=0,0,100*G67/G13) -> 0 | H72: =IF(H67=0,0,100*H67/H13) -> 0 | I72: =IF(I67=0,0,100*I67/I13) -> 0 | ... AG72: =IF(AG67=0,0,100*AG67/AG13) -> 0
A73: Extra-EU27 | B73: =IF(B68=0,0,100*B68/B14) -> 0 | C73: =IF(C68=0,0,100*C68/C14) -> 0 | D73: =IF(D68=0,0,100*D68/D14) -> 0 | E73: =IF(E68=0,0,100*E68/E14) -> 0 | F73: =IF(F68=0,0,100*F68/F14) -> 0 | G73: =IF(G68=0,0,100*G68/G14) -> 0 | H73: =IF(H68=0,0,100*H68/H14) -> 0 | I73: =IF(I68=0,0,100*I68/I14) -> 0 | ... AG73: =IF(AG68=0,0,100*AG68/AG14) -> 0
A75: Emission intensity over activity (kg of CO2 / thousand tkm) | B75: =IF(B66=0,0,1000*B66/B3) -> 0 | C75: =IF(C66=0,0,1000*C66/C3) -> 0 | D75: =IF(D66=0,0,1000*D66/D3) -> 0 | E75: =IF(E66=0,0,1000*E66/E3) -> 0 | F75: =IF(F66=0,0,1000*F66/F3) -> 0 | G75: =IF(G66=0,0,1000*G66/G3) -> 0 | H75: =IF(H66=0,0,1000*H66/H3) -> 0 | I75: =IF(I66=0,0,1000*I66/I3) -> 0 | ... AG75: =IF(AG66=0,0,1000*AG66/AG3) -> 0
A76: Intra-EU27 | B76: =IF(B67=0,0,1000*B67/B4) -> 0 | C76: =IF(C67=0,0,1000*C67/C4) -> 0 | D76: =IF(D67=0,0,1000*D67/D4) -> 0 | E76: =IF(E67=0,0,1000*E67/E4) -> 0 | F76: =IF(F67=0,0,1000*F67/F4) -> 0 | G76: =IF(G67=0,0,1000*G67/G4) -> 0 | H76: =IF(H67=0,0,1000*H67/H4) -> 0 | I76: =IF(I67=0,0,1000*I67/I4) -> 0 | ... AG76: =IF(AG67=0,0,1000*AG67/AG4) -> 0
A77: Extra-EU27 | B77: =IF(B68=0,0,1000*B68/B5) -> 0 | C77: =IF(C68=0,0,1000*C68/C5) -> 0 | D77: =IF(D68=0,0,1000*D68/D5) -> 0 | E77: =IF(E68=0,0,1000*E68/E5) -> 0 | F77: =IF(F68=0,0,1000*F68/F5) -> 0 | G77: =IF(G68=0,0,1000*G68/G5) -> 0 | H77: =IF(H68=0,0,1000*H68/H5) -> 0 | I77: =IF(I68=0,0,1000*I68/I5) -> 0 | ... AG77: =IF(AG68=0,0,1000*AG68/AG5) -> 0
A79: Shares of CO2 emissions (%) | B79: =IF(B66=0,0,B66/B$66) -> 0 | C79: =IF(C66=0,0,C66/C$66) -> 0 | D79: =IF(D66=0,0,D66/D$66) -> 0 | E79: =IF(E66=0,0,E66/E$66) -> 0 | F79: =IF(F66=0,0,F66/F$66) -> 0 | G79: =IF(G66=0,0,G66/G$66) -> 0 | H79: =IF(H66=0,0,H66/H$66) -> 0 | I79: =IF(I66=0,0,I66/I$66) -> 0 | ... AG79: =IF(AG66=0,0,AG66/AG$66) -> 0
A80: Intra-EU27 | B80: =IF(B67=0,0,B67/B$66) -> 0 | C80: =IF(C67=0,0,C67/C$66) -> 0 | D80: =IF(D67=0,0,D67/D$66) -> 0 | E80: =IF(E67=0,0,E67/E$66) -> 0 | F80: =IF(F67=0,0,F67/F$66) -> 0 | G80: =IF(G67=0,0,G67/G$66) -> 0 | H80: =IF(H67=0,0,H67/H$66) -> 0 | I80: =IF(I67=0,0,I67/I$66) -> 0 | ... AG80: =IF(AG67=0,0,AG67/AG$66) -> 0
A81: Extra-EU27 | B81: =IF(B68=0,0,B68/B$66) -> 0 | C81: =IF(C68=0,0,C68/C$66) -> 0 | D81: =IF(D68=0,0,D68/D$66) -> 0 | E81: =IF(E68=0,0,E68/E$66) -> 0 | F81: =IF(F68=0,0,F68/F$66) -> 0 | G81: =IF(G68=0,0,G68/G$66) -> 0 | H81: =IF(H68=0,0,H68/H$66) -> 0 | I81: =IF(I68=0,0,I68/I$66) -> 0 | ... AG81: =IF(AG68=0,0,AG68/AG$66) -> 0
A83: CO2 emissions - MRV compliant (kt CO2) | AD83: =SUM(AD84:AD85) -> 0 | AE83: =SUM(AE84:AE85) -> 0 | AF83: =SUM(AF84:AF85) -> 0 | AG83: =SUM(AG84:AG85) -> 0
A84: Intra-EU27 | AD84: 0 | AE84: 0 | AF84: 0 | AG84: 0
A85: Extra-EU27 | AD85: 0 | AE85: 0 | AF85: 0 | AG85: 0
A86: * Considering half of the emissions for Intra-EU voyages at the Member State level (thus matching the total in the EU aggregation) and the full emissions for Extra-EU movements
A87: ** Intra-EU emissions include emissions within EU ports at berth
A89: UNFCCC emissions (kt CO2) | B89: 45.89738 | C89: 39.93651 | D89: 38.83315 | E89: 39.89094 | F89: 50.72682 | G89: 57.09714 | H89: 58.51009 | I89: 57.06819 | J89: 62.31897 | K89: 61.59997 | L89: 67.15168 | M89: 70.97088 | N89: 79.83202 | O89: 63.64992 | P89: 75.99396 | Q89: 74.5463 | R89: 65.23737 | S89: 69.97824 | T89: 64.62856 | U89: 55.2254 | V89: 65.41899 | W89: 57.73641 | X89: 58.91777 | Y89: 62.94275 | Z89: 58.34193 | AA89: 47.97215 | AB89: 52.34469 | AC89: 54.17487 | AD89: 39.43885 | AE89: 45.37075 | AF89: 42.54601 | AG89: 61.26183
A91: Residual CO2 emissions for UNFCCC calibration (kt CO2) | B91: =B89-B$66 -> 45.89738 | C91: =C89-C$66 -> 39.93651 | D91: =D89-D$66 -> 38.83315 | E91: =E89-E$66 -> 39.89094 | F91: =F89-F$66 -> 50.72682 | G91: =G89-G$66 -> 57.09714 | H91: =H89-H$66 -> 58.51009 | I91: =I89-I$66 -> 57.06819 | ... AG91: =AG89-AG$66 -> 61.26183
A92: Intra-EU27 | B92: =IF(B$66=0,50%,B$67/B$66)*B91 -> 22.94869 | C92: =IF(C$66=0,50%,C$67/C$66)*C91 -> 19.968255 | D92: =IF(D$66=0,50%,D$67/D$66)*D91 -> 19.416575 | E92: =IF(E$66=0,50%,E$67/E$66)*E91 -> 19.94547 | F92: =IF(F$66=0,50%,F$67/F$66)*F91 -> 25.36341 | G92: =IF(G$66=0,50%,G$67/G$66)*G91 -> 28.54857 | H92: =IF(H$66=0,50%,H$67/H$66)*H91 -> 29.255045 | I92: =IF(I$66=0,50%,I$67/I$66)*I91 -> 28.534095 | ... AG92: =IF(AG$66=0,50%,AG$67/AG$66)*AG91 -> 30.630915
A93: Extra-EU27 | B93: =B91-B92 -> 22.94869 | C93: =C91-C92 -> 19.968255 | D93: =D91-D92 -> 19.416575 | E93: =E91-E92 -> 19.94547 | F93: =F91-F92 -> 25.36341 | G93: =G91-G92 -> 28.54857 | H93: =H91-H92 -> 29.255045 | I93: =I91-I92 -> 28.534095 | ... AG93: =AG91-AG92 -> 30.630915
A95: Annual mileage of a representative vessel | B95: 0 | C95: 0 | D95: 0 | E95: 0 | F95: 0 | G95: 0 | H95: 0 | I95: 0 | J95: 0 | K95: 0 | L95: 0 | M95: 0 | N95: 0 | O95: 0 | P95: 0 | Q95: 0 | R95: 0 | S95: 0 | T95: 0 | U95: 0 | V95: 0 | W95: 0 | X95: 0 | Y95: 0 | Z95: 0 | AA95: 0 | AB95: 0 | AC95: 0 | AD95: 0 | AE95: 0 | AF95: 0 | AG95: 0
A97: Stock of representative vessels | B97: =SUM(B98:B99) -> 0 | C97: =SUM(C98:C99) -> 0 | D97: =SUM(D98:D99) -> 0 | E97: =SUM(E98:E99) -> 0 | F97: =SUM(F98:F99) -> 0 | G97: =SUM(G98:G99) -> 0 | H97: =SUM(H98:H99) -> 0 | I97: =SUM(I98:I99) -> 0 | ... AG97: =SUM(AG98:AG99) -> 0
A98: Intra-EU27 | B98: 0 | C98: 0 | D98: 0 | E98: 0 | F98: 0 | G98: 0 | H98: 0 | I98: 0 | J98: 0 | K98: 0 | L98: 0 | M98: 0 | N98: 0 | O98: 0 | P98: 0 | Q98: 0 | R98: 0 | S98: 0 | T98: 0 | U98: 0 | V98: 0 | W98: 0 | X98: 0 | Y98: 0 | Z98: 0 | AA98: 0 | AB98: 0 | AC98: 0 | AD98: 0 | AE98: 0 | AF98: 0 | AG98: 0
A99: Extra-EU27 | B99: 0 | C99: 0 | D99: 0 | E99: 0 | F99: 0 | G99: 0 | H99: 0 | I99: 0 | J99: 0 | K99: 0 | L99: 0 | M99: 0 | N99: 0 | O99: 0 | P99: 0 | Q99: 0 | R99: 0 | S99: 0 | T99: 0 | U99: 0 | V99: 0 | W99: 0 | X99: 0 | Y99: 0 | Z99: 0 | AA99: 0 | AB99: 0 | AC99: 0 | AD99: 0 | AE99: 0 | AF99: 0 | AG99: 0
A101: New representative vessels (total) | B101: =SUM(B102:B103) -> 0 | C101: =SUM(C102:C103) -> 0 | D101: =SUM(D102:D103) -> 0 | E101: =SUM(E102:E103) -> 0 | F101: =SUM(F102:F103) -> 0 | G101: =SUM(G102:G103) -> 0 | H101: =SUM(H102:H103) -> 0 | I101: =SUM(I102:I103) -> 0 | ... AG101: =SUM(AG102:AG103) -> 0
A102: Intra-EU27 | B102: 0 | C102: 0 | D102: 0 | E102: 0 | F102: 0 | G102: 0 | H102: 0 | I102: 0 | J102: 0 | K102: 0 | L102: 0 | M102: 0 | N102: 0 | O102: 0 | P102: 0 | Q102: 0 | R102: 0 | S102: 0 | T102: 0 | U102: 0 | V102: 0 | W102: 0 | X102: 0 | Y102: 0 | Z102: 0 | AA102: 0 | AB102: 0 | AC102: 0 | AD102: 0 | AE102: 0 | AF102: 0 | AG102: 0
A103: Extra-EU27 | B103: 0 | C103: 0 | D103: 0 | E103: 0 | F103: 0 | G103: 0 | H103: 0 | I103: 0 | J103: 0 | K103: 0 | L103: 0 | M103: 0 | N103: 0 | O103: 0 | P103: 0 | Q103: 0 | R103: 0 | S103: 0 | T103: 0 | U103: 0 | V103: 0 | W103: 0 | X103: 0 | Y103: 0 | Z103: 0 | AA103: 0 | AB103: 0 | AC103: 0 | AD103: 0 | AE103: 0 | AF103: 0 | AG103: 0

Sheet BE
A1: BE - Belgium | B1: 1990 | C1: 1991 | D1: 1992 | E1: 1993 | F1: 1994 | G1: 1995 | H1: 1996 | I1: 1997 | J1: 1998 | K1: 1999 | L1: 2000 | M1: 2001 | N1: 2002 | O1: 2003 | P1: 2004 | Q1: 2005 | R1: 2006 | S1: 2007 | T1: 2008 | U1: 2009 | V1: 2010 | W1: 2011 | X1: 2012 | Y1: 2013 | Z1: 2014 | AA1: 2015 | AB1: 2016 | AC1: 2017 | AD1: 2018 | AE1: 2019 | AF1: 2020 | AG1: 2021
A3: Transport activity (Mtkm) | B3: =SUM(B4:B5) -> 403139.07 | C3: =SUM(C4:C5) -> 412620.92 | D3: =SUM(D4:D5) -> 410253.67 | E3: =SUM(E4:E5) -> 421760.58 | F3: =SUM(F4:F5) -> 403786.84 | G3: =SUM(G4:G5) -> 384852.6 | H3: =SUM(H4:H5) -> 444144.57 | I3: =SUM(I4:I5) -> 502383.58 | ... AG3: =SUM(AG4:AG5) -> 996096.75
A4: Intra-EU27 | B4: 31740.465 | C4: 32487.002 | D4: 32300.621 | E4: 33206.598 | F4: 31791.466 | G4: 30300.711 | H4: 36229.191 | I4: 40972.136 | J4: 41939.087 | K4: 40587.618 | L4: 46238.616 | M4: 46952.356 | N4: 44512.442 | O4: 47891.084 | P4: 44126.823 | Q4: 40645.749 | R4: 41955.666 | S4: 44342.347 | T4: 45251.768 | U4: 36764.839 | V4: 45378.725 | W4: 43081.067 | X4: 44906.362 | Y4: 48018.925 | Z4: 51540.992 | AA4: 56783.204 | AB4: 70323.869 | AC4: 67350.483 | AD4: 65125.672 | AE4: 70466.454 | AF4: 69142.404 | AG4: 73326.301
A5: Extra-EU27 | B5: 371398.6 | C5: 380133.92 | D5: 377953.05 | E5: 388553.98 | F5: 371995.37 | G5: 354551.89 | H5: 407915.38 | I5: 461411.44 | J5: 493719.41 | K5: 423285.81 | L5: 490677.95 | M5: 473739.47 | N5: 487083.06 | O5: 526529.19 | P5: 569644.32 | Q5: 624228.38 | R5: 667013.08 | S5: 736979.91 | T5: 768329.74 | U5: 632740 | V5: 693861.15 | W5: 747556.1 | X5: 693178.56 | Y5: 702269.01 | Z5: 724544.02 | AA5: 739087.01 | AB5: 736972.23 | AC5: 819021.84 | AD5: 859432.04 | AE5: 886566.69 | AF5: 858696.41 | AG5: 922770.44
A6: * Considering both inwards and outwards flows of goods transported with half of the distance of the voyages (thus the total distance for Intra-EU in the EU aggregation)
A8: Market shares of activity (% of tkm) | B8: =IF(B3=0,0,B3/B$3) -> 1 | C8: =IF(C3=0,0,C3/C$3) -> 1 | D8: =IF(D3=0,0,D3/D$3) -> 1 | E8: =IF(E3=0,0,E3/E$3) -> 1 | F8: =IF(F3=0,0,F3/F$3) -> 1 | G8: =IF(G3=0,0,G3/G$3) -> 1 | H8: =IF(H3=0,0,H3/H$3) -> 1 | I8: =IF(I3=0,0,I3/I$3) -> 1 | ... AG8: =IF(AG3=0,0,AG3/AG$3) -> 1
A9: Intra-EU27 | B9: =IF(B4=0,0,B4/B$3) -> 0.078733289 | C9: =IF(C4=0,0,C4/C$3) -> 0.078733289 | D9: =IF(D4=0,0,D4/D$3) -> 0.078733289 | E9: =IF(E4=0,0,E4/E$3) -> 0.078733289 | F9: =IF(F4=0,0,F4/F$3) -> 0.078733289 | G9: =IF(G4=0,0,G4/G$3) -> 0.078733289 | H9: =IF(H4=0,0,H4/H$3) -> 0.081570716 | I9: =IF(I4=0,0,I4/I$3) -> 0.081555484 | ... AG9: =IF(AG4=0,0,AG4/AG$3) -> 0.073613634
A10: Extra-EU27 | B10: =IF(B5=0,0,B5/B$3) -> 0.92126671 | C10: =IF(C5=0,0,C5/C$3) -> 0.92126671 | D10: =IF(D5=0,0,D5/D$3) -> 0.92126671 | E10: =IF(E5=0,0,E5/E$3) -> 0.92126671 | F10: =IF(F5=0,0,F5/F$3) -> 0.92126671 | G10: =IF(G5=0,0,G5/G$3) -> 0.92126671 | H10: =IF(H5=0,0,H5/H$3) -> 0.91842928 | I10: =IF(I5=0,0,I5/I$3) -> 0.91844452 | ... AG10: =IF(AG5=0,0,AG5/AG$3) -> 0.92638637
A12: Vehicle-km (Mvkm) | B12: =SUM(B13:B14) -> 19.398313 | C12: =SUM(C13:C14) -> 19.854562 | D12: =SUM(D13:D14) -> 19.740655 | E12: =SUM(E13:E14) -> 20.294346 | F12: =SUM(F13:F14) -> 19.429483 | G12: =SUM(G13:G14) -> 18.518402 | H12: =SUM(H13:H14) -> 21.498909 | I12: =SUM(I13:I14) -> 24.297724 | ... AG12: =SUM(AG13:AG14) -> 27.333707
A13: Intra-EU27 | B13: 4.728506 | C13: 4.839721 | D13: 4.811955 | E13: 4.946922 | F13: 4.736104 | G13: 4.51402 | H13: 5.39721 | I13: 6.103786 | J13: 6.247837 | K13: 6.046503 | L13: 6.888355 | M13: 6.732888 | N13: 6.111633 | O13: 6.489208 | P13: 5.594001 | Q13: 5.039658 | R13: 4.932581 | S13: 4.989044 | T13: 5.128249 | U13: 3.893919 | V13: 4.797991 | W13: 4.45333 | X13: 4.589854 | Y13: 4.720935 | Z13: 4.990042 | AA13: 5.351378 | AB13: 6.453002 | AC13: 6.112825 | AD13: 5.913178 | AE13: 6.540444 | AF13: 5.778975 | AG13: 6.560652
A14: Extra-EU27 | B14: 14.669807 | C14: 15.014841 | D14: 14.9287 | E14: 15.347424 | F14: 14.693379 | G14: 14.004382 | H14: 16.101699 | I14: 18.193938 | J14: 19.458595 | K14: 16.793714 | L14: 19.508308 | M14: 17.947976 | N14: 17.789633 | O14: 19.484061 | P14: 20.387777 | Q14: 22.407811 | R14: 22.751429 | S14: 24.058762 | T14: 24.621793 | U14: 19.197387 | V14: 20.183441 | W14: 21.020179 | X14: 19.034816 | Y14: 18.528501 | Z14: 18.851116 | AA14: 18.591539 | AB14: 18.209034 | AC14: 19.769888 | AD14: 20.521684 | AE14: 21.098916 | AF14: 19.988208 | AG14: 20.773055
A15: * Considering half of the distance of the voyages (thus the total distance for Intra-EU in the EU aggregation)
A17: Market shares of vehicle km (% of km) | B17: =IF(B12=0,0,B12/B$12) -> 1 | C17: =IF(C12=0,0,C12/C$12) -> 1 | D17: =IF(D12=0,0,D12/D$12) -> 1 | E17: =IF(E12=0,0,E12/E$12) -> 1 | F17: =IF(F12=0,0,F12/F$12) -> 1 | G17: =IF(G12=0,0,G12/G$12) -> 1 | H17: =IF(H12=0,0,H12/H$12) -> 1 | I17: =IF(I12=0,0,I12/I$12) -> 1 | ... AG17: =IF(AG12=0,0,AG12/AG$12) -> 1
A18: Intra-EU27 | B18: =IF(B13=0,0,B13/B$12) -> 0.24375862 | C18: =IF(C13=0,0,C13/C$12) -> 0.24375864 | D18: =IF(D13=0,0,D13/D$12) -> 0.24375863 | E18: =IF(E13=0,0,E13/E$12) -> 0.24375863 | F18: =IF(F13=0,0,F13/F$12) -> 0.24375862 | G18: =IF(G13=0,0,G13/G$12) -> 0.24375861 | H18: =IF(H13=0,0,H13/H$12) -> 0.25104576 | I18: =IF(I13=0,0,I13/I$12) -> 0.25120814 | ... AG18: =IF(AG13=0,0,AG13/AG$12) -> 0.24002057
A19: Extra-EU27 | B19: =IF(B14=0,0,B14/B$12) -> 0.75624138 | C19: =IF(C14=0,0,C14/C$12) -> 0.75624136 | D19: =IF(D14=0,0,D14/D$12) -> 0.75624137 | E19: =IF(E14=0,0,E14/E$12) -> 0.75624137 | F19: =IF(F14=0,0,F14/F$12) -> 0.75624138 | G19: =IF(G14=0,0,G14/G$12) -> 0.75624139 | H19: =IF(H14=0,0,H14/H$12) -> 0.74895424 | I19: =IF(I14=0,0,I14/I$12) -> 0.74879186 | ... AG19: =IF(AG14=0,0,AG14/AG$12) -> 0.75997943
A21: Load factor of vessels (t/movement) | B21: =IF(B3=0,0,B3/B12) -> 20782.171 | C21: =IF(C3=0,0,C3/C12) -> 20782.172 | D21: =IF(D3=0,0,D3/D12) -> 20782.171 | E21: =IF(E3=0,0,E3/E12) -> 20782.171 | F21: =IF(F3=0,0,F3/F12) -> 20782.171 | G21: =IF(G3=0,0,G3/G12) -> 20782.171 | H21: =IF(H3=0,0,H3/H12) -> 20658.935 | I21: =IF(I3=0,0,I3/I12) -> 20676.158 | ... AG21: =IF(AG3=0,0,AG3/AG12) -> 36442.066
A22: Intra-EU27 | B22: =IF(B4=0,0,B4/B13) -> 6712.5779 | C22: =IF(C4=0,0,C4/C13) -> 6712.5775 | D22: =IF(D4=0,0,D4/D13) -> 6712.5774 | E22: =IF(E4=0,0,E4/E13) -> 6712.5775 | F22: =IF(F4=0,0,F4/F13) -> 6712.5777 | G22: =IF(G4=0,0,G4/G13) -> 6712.5779 | H22: =IF(H4=0,0,H4/H13) -> 6712.5775 | I22: =IF(I4=0,0,I4/I13) -> 6712.5774 | ... AG22: =IF(AG4=0,0,AG4/AG13) -> 11176.679
A23: Extra-EU27 | B23: =IF(B5=0,0,B5/B14) -> 25317.211 | C23: =IF(C5=0,0,C5/C14) -> 25317.212 | D23: =IF(D5=0,0,D5/D14) -> 25317.211 | E23: =IF(E5=0,0,E5/E14) -> 25317.211 | F23: =IF(F5=0,0,F5/F14) -> 25317.211 | G23: =IF(G5=0,0,G5/G14) -> 25317.211 | H23: =IF(H5=0,0,H5/H14) -> 25333.686 | I23: =IF(I5=0,0,I5/I14) -> 25360.724 | ... AG23: =IF(AG5=0,0,AG5/AG14) -> 44421.509
A25: Total energy consumption (ktoe) | B25: =SUM(B26,B32) -> 4052.0445 | C25: =SUM(C26,C32) -> 4147.3488 | D25: =SUM(D26,D32) -> 4123.555 | E25: =SUM(E26,E32) -> 4239.2137 | F25: =SUM(F26,F32) -> 4058.5555 | G25: =SUM(G26,G32) -> 3868.243 | H25: =SUM(H26,H32) -> 4451.4952 | I25: =SUM(I26,I32) -> 5037.2218 | ... AG25: =SUM(AG26,AG32) -> 7575.1033
A26: Intra-EU27 | B26: =SUM(B27:B31) -> 901.96422 | C26: =SUM(C27:C31) -> 923.17847 | D26: =SUM(D27:D31) -> 917.88209 | E26: =SUM(E27:E31) -> 943.6271 | F26: =SUM(F27:F31) -> 903.41351 | G26: =SUM(G27:G31) -> 861.05094 | H26: =SUM(H27:H31) -> 1017.7336 | I26: =SUM(I27:I31) -> 1152.8287 | ... AG26: =SUM(AG27:AG31) -> 1489.4969
A27: Gas oil and diesel oil (excluding biofuel portion) | B27: 380.39716 | C27: 396.57152 | D27: 434.31171 | E27: 388.78383 | F27: 351.04364 | G27: 422.92971 | H27: 396.10986 | I27: 415.77351 | J27: 429.13156 | K27: 354.51375 | L27: 486.05446 | M27: 486.09329 | N27: 469.47197 | O27: 407.08984 | P27: 287.3629 | Q27: 280.14214 | R27: 343.07559 | S27: 275.89803 | T27: 189.57025 | U27: 182.77796 | V27: 267.78511 | W27: 223.81516 | X27: 271.53571 | Y27: 280.2428 | Z27: 337.15577 | AA27: 875.81082 | AB27: 896.01483 | AC27: 625.8883 | AD27: 748.75833 | AE27: 685.17705 | AF27: 744.07628 | AG27: 846.55014
A28: Fuel oil and Other oil products | B28: 521.56706 | C28: 526.60695 | D28: 483.57037 | E28: 554.84327 | F28: 552.36987 | G28: 438.12122 | H28: 621.62371 | I28: 737.05515 | J28: 768.79826 | K28: 748.60177 | L28: 774.34427 | M28: 790.24948 | N28: 1118.134 | O28: 1319.0877 | P28: 1325.0774 | Q28: 1131.0669 | R28: 1145.4637 | S28: 1339.2844 | T28: 1453.8077 | U28: 1010.8025 | V28: 1152.8826 | W28: 931.54244 | X28: 854.46841 | Y28: 911.09539 | Z28: 727.58872 | AA28: 344.25375 | AB28: 703.9249 | AC28: 1016.8366 | AD28: 1181.8432 | AE28: 1090.477 | AF28: 461.42837 | AG28: 641.79625
A29: Blended biofuels | B29: 0 | C29: 0 | D29: 0 | E29: 0 | F29: 0 | G29: 0 | H29: 0 | I29: 0 | J29: 0 | K29: 0 | L29: 0 | M29: 0 | N29: 0 | O29: 0 | P29: 0 | Q29: 0 | R29: 0 | S29: 0 | T29: 0 | U29: 0 | V29: 0 | W29: 0 | X29: 0 | Y29: 0 | Z29: 0 | AA29: 0 | AB29: 0 | AC29: 0 | AD29: 0 | AE29: 0 | AF29: 0 | AG29: 0
A30: Natural gas | B30: 0 | C30: 0 | D30: 0 | E30: 0 | F30: 0 | G30: 0 | H30: 0 | I30: 0 | J30: 0 | K30: 0 | L30: 0 | M30: 0 | N30: 0 | O30: 0 | P30: 0 | Q30: 0 | R30: 0 | S30: 0 | T30: 0 | U30: 0 | V30: 0 | W30: 0 | X30: 0 | Y30: 0 | Z30: 0 | AA30: 0 | AB30: 0.12065495 | AC30: 1.4495238 | AD30: 1.8031592 | AE30: 1.9760221 | AF30: 0.53234072 | AG30: 1.1505509
A31: Biogases | B31: 0 | C31: 0 | D31: 0 | E31: 0 | F31: 0 | G31: 0 | H31: 0 | I31: 0 | J31: 0 | K31: 0 | L31: 0 | M31: 0 | N31: 0 | O31: 0 | P31: 0 | Q31: 0 | R31: 0 | S31: 0 | T31: 0 | U31: 0 | V31: 0 | W31: 0 | X31: 0 | Y31: 0 | Z31: 0 | AA31: 0 | AB31: 0 | AC31: 0 | AD31: 0 | AE31: 0 | AF31: 0 | AG31: 0
A32: Extra-EU27 | B32: =SUM(B33:B37) -> 3150.0803 | C32: =SUM(C33:C37) -> 3224.1704 | D32: =SUM(D33:D37) -> 3205.6729 | E32: =SUM(E33:E37) -> 3295.5866 | F32: =SUM(F33:F37) -> 3155.1419 | G32: =SUM(G33:G37) -> 3007.1921 | H32: =SUM(H33:H37) -> 3433.7616 | I32: =SUM(I33:I37) -> 3884.3931 | ... AG32: =SUM(AG33:AG37) -> 6085.6063
A33: Gas oil and diesel oil (excluding biofuel portion) | B33: 265.70491 | C33: 277.00259 | D33: 303.36387 | E33: 271.56294 | F33: 245.20167 | G33: 295.41362 | H33: 267.28937 | I33: 280.18522 | J33: 300.40413 | K33: 225.45186 | L33: 314.70504 | M33: 300.4215 | N33: 308.90292 | O33: 269.53673 | P33: 217.3089 | Q33: 246.91436 | R33: 312.18382 | S33: 260.31581 | T33: 181.81127 | U33: 177.4112 | V33: 232.81678 | W33: 216.75517 | X33: 237.20608 | Y33: 233.58635 | Z33: 273.33434 | AA33: 660.58926 | AB33: 567.12644 | AC33: 445.31832 | AD33: 569.59506 | AE33: 494.90033 | AF33: 638.0079 | AG33: 691.74642
A34: Fuel oil and Other oil products | B34: 2884.3754 | C34: 2947.1678 | D34: 2902.3091 | E34: 3024.0236 | F34: 2909.9403 | G34: 2711.7784 | H34: 3166.4722 | I34: 3604.2079 | J34: 3892.5182 | K34: 3282.1616 | L34: 3765.6385 | M34: 3643.6858 | N34: 4914.158 | O34: 5445.0281 | P34: 5879.4702 | Q34: 5972.2101 | R34: 6460.3451 | S34: 7359.4832 | T34: 7698.767 | U34: 5615.2604 | V34: 5942.9424 | W34: 5377.8108 | X34: 4681.0241 | Y34: 4731.4 | Z34: 4042.6415 | AA34: 3940.6416 | AB34: 4496.228 | AC34: 5398.6597 | AD34: 6773.6359 | AE34: 5917.8348 | AF34: 4530.2894 | AG34: 5389.1591
A35: Blended biofuels | B35: 0 | C35: 0 | D35: 0 | E35: 0 | F35: 0 | G35: 0 | H35: 0 | I35: 0 | J35: 0 | K35: 0 | L35: 0 | M35: 0 | N35: 0 | O35: 0 | P35: 0 | Q35: 0 | R35: 0 | S35: 0 | T35: 0 | U35: 0 | V35: 0 | W35: 0 | X35: 0 | Y35: 0 | Z35: 0 | AA35: 0 | AB35: 0 | AC35: 0 | AD35: 0 | AE35: 0 | AF35: 0 | AG35: 0
A36: Natural gas | B36: 0 | C36: 0 | D36: 0 | E36: 0 | F36: 0 | G36: 0 | H36: 0 | I36: 0 | J36: 0 | K36: 0 | L36: 0 | M36: 0 | N36: 0 | O36: 0 | P36: 0 | Q36: 0 | R36: 0 | S36: 0 | T36: 0 | U36: 0 | V36: 0 | W36: 0 | X36: 0 | Y36: 0 | Z36: 0 | AA36: 0 | AB36: 0.3818386 | AC36: 5.1566671 | AD36: 6.8584917 | AE36: 7.1363597 | AF36: 2.2822767 | AG36: 4.7007818
A37: Biogases | B37: 0 | C37: 0 | D37: 0 | E37: 0 | F37: 0 | G37: 0 | H37: 0 | I37: 0 | J37: 0 | K37: 0 | L37: 0 | M37: 0 | N37: 0 | O37: 0 | P37: 0 | Q37: 0 | R37: 0 | S37: 0 | T37: 0 | U37: 0 | V37: 0 | W37: 0 | X37: 0 | Y37: 0 | Z37: 0 | AA37: 0 | AB37: 0 | AC37: 0 | AD37: 0 | AE37: 0 | AF37: 0 | AG37: 0
A38: * As reported in the Eurostat energy balances
A40: Energy intensity over activity (kgoe / 000 tkm) | B40: =IF(B25=0,0,B25/(B3/1000)) -> 10.051233 | C40: =IF(C25=0,0,C25/(C3/1000)) -> 10.051233 | D40: =IF(D25=0,0,D25/(D3/1000)) -> 10.051233 | E40: =IF(E25=0,0,E25/(E3/1000)) -> 10.051233 | F40: =IF(F25=0,0,F25/(F3/1000)) -> 10.051233 | G40: =IF(G25=0,0,G25/(G3/1000)) -> 10.051233 | H40: =IF(H25=0,0,H25/(H3/1000)) -> 10.022627 | I40: =IF(I25=0,0,I25/(I3/1000)) -> 10.026645 | ... AG40: =IF(AG25=0,0,AG25/(AG3/1000)) -> 7.6047867
A41: Intra-EU27 | B41: =IF(B26=0,0,B26/(B4/1000)) -> 28.416856 | C41: =IF(C26=0,0,C26/(C4/1000)) -> 28.416856 | D41: =IF(D26=0,0,D26/(D4/1000)) -> 28.416856 | E41: =IF(E26=0,0,E26/(E4/1000)) -> 28.416856 | F41: =IF(F26=0,0,F26/(F4/1000)) -> 28.416856 | G41: =IF(G26=0,0,G26/(G4/1000)) -> 28.416856 | H41: =IF(H26=0,0,H26/(H4/1000)) -> 28.091535 | I41: =IF(I26=0,0,I26/(I4/1000)) -> 28.136894 | ... AG41: =IF(AG26=0,0,AG26/(AG4/1000)) -> 20.31327
A42: Extra-EU27 | B42: =IF(B32=0,0,B32/(B5/1000)) -> 8.4816699 | C42: =IF(C32=0,0,C32/(C5/1000)) -> 8.4816698 | D42: =IF(D32=0,0,D32/(D5/1000)) -> 8.4816698 | E42: =IF(E32=0,0,E32/(E5/1000)) -> 8.4816698 | F42: =IF(F32=0,0,F32/(F5/1000)) -> 8.4816699 | G42: =IF(G32=0,0,G32/(G5/1000)) -> 8.4816699 | H42: =IF(H32=0,0,H32/(H5/1000)) -> 8.4178282 | I42: =IF(I32=0,0,I32/(I5/1000)) -> 8.4185019 | ... AG42: =IF(AG32=0,0,AG32/(AG5/1000)) -> 6.5949298
A44: Shares of total energy consumption (%) | B44: =IF(B25=0,0,B25/B$25) -> 1 | C44: =IF(C25=0,0,C25/C$25) -> 1 | D44: =IF(D25=0,0,D25/D$25) -> 1 | E44: =IF(E25=0,0,E25/E$25) -> 1 | F44: =IF(F25=0,0,F25/F$25) -> 1 | G44: =IF(G25=0,0,G25/G$25) -> 1 | H44: =IF(H25=0,0,H25/H$25) -> 1 | I44: =IF(I25=0,0,I25/I$25) -> 1 | ... AG44: =IF(AG25=0,0,AG25/AG$25) -> 1
A45: Intra-EU27 | B45: =IF(B26=0,0,B26/B$25) -> 0.22259484 | C45: =IF(C26=0,0,C26/C$25) -> 0.22259484 | D45: =IF(D26=0,0,D26/D$25) -> 0.22259484 | E45: =IF(E26=0,0,E26/E$25) -> 0.22259484 | F45: =IF(F26=0,0,F26/F$25) -> 0.22259484 | G45: =IF(G26=0,0,G26/G$25) -> 0.22259484 | H45: =IF(H26=0,0,H26/H$25) -> 0.22862735 | I45: =IF(I26=0,0,I26/I$25) -> 0.228862 | ... AG45: =IF(AG26=0,0,AG26/AG$25) -> 0.19663058
A46: Extra-EU27 | B46: =IF(B32=0,0,B32/B$25) -> 0.77740516 | C46: =IF(C32=0,0,C32/C$25) -> 0.77740516 | D46: =IF(D32=0,0,D32/D$25) -> 0.77740516 | E46: =IF(E32=0,0,E32/E$25) -> 0.77740516 | F46: =IF(F32=0,0,F32/F$25) -> 0.77740516 | G46: =IF(G32=0,0,G32/G$25) -> 0.77740516 | H46: =IF(H32=0,0,H32/H$25) -> 0.77137265 | I46: =IF(I32=0,0,I32/I$25) -> 0.771138 | ... AG46: =IF(AG32=0,0,AG32/AG$25) -> 0.80336942
A48: Vehicle-efficiency - effective (kgoe/100 km) | B48: =IF(B25=0,0,100*B25/B12) -> 20888.644 | C48: =IF(C25=0,0,100*C25/C12) -> 20888.644 | D48: =IF(D25=0,0,100*D25/D12) -> 20888.643 | E48: =IF(E25=0,0,100*E25/E12) -> 20888.644 | F48: =IF(F25=0,0,100*F25/F12) -> 20888.644 | G48: =IF(G25=0,0,100*G25/G12) -> 20888.644 | H48: =IF(H25=0,0,100*H25/H12) -> 20705.679 | I48: =IF(I25=0,0,100*I25/I12) -> 20731.249 | ... AG48: =IF(AG25=0,0,100*AG25/AG12) -> 27713.414
A49: Intra-EU27 | B49: =IF(B26=0,0,100*B26/B13) -> 19075.036 | C49: =IF(C26=0,0,100*C26/C13) -> 19075.035 | D49: =IF(D26=0,0,100*D26/D13) -> 19075.035 | E49: =IF(E26=0,0,100*E26/E13) -> 19075.035 | F49: =IF(F26=0,0,100*F26/F13) -> 19075.035 | G49: =IF(G26=0,0,100*G26/G13) -> 19075.036 | H49: =IF(H26=0,0,100*H26/H13) -> 18856.661 | I49: =IF(I26=0,0,100*I26/I13) -> 18887.108 | ... AG49: =IF(AG26=0,0,100*AG26/AG13) -> 22703.49
A50: Extra-EU27 | B50: =IF(B32=0,0,100*B32/B14) -> 21473.223 | C50: =IF(C32=0,0,100*C32/C14) -> 21473.224 | D50: =IF(D32=0,0,100*D32/D14) -> 21473.222 | E50: =IF(E32=0,0,100*E32/E14) -> 21473.223 | F50: =IF(F32=0,0,100*F32/F14) -> 21473.222 | G50: =IF(G32=0,0,100*G32/G14) -> 21473.222 | H50: =IF(H32=0,0,100*H32/H14) -> 21325.461 | I50: =IF(I32=0,0,100*I32/I14) -> 21349.93 | ... AG50: =IF(AG32=0,0,100*AG32/AG14) -> 29295.673
A51: * Based on the energy consumption figures reported in the Eurostat energy balances
A53: Vehicle-efficiency - theoretical (kgoe/100 km) | B53: 6027.9662 | C53: 6027.9663 | D53: 6027.9661 | E53: 6027.9662 | F53: 6027.9661 | G53: 6027.9661 | H53: 6044.364 | I53: 6042.0722 | J53: 6020.6006 | K53: 6090.8589 | L53: 6086.7583 | M53: 6344.3808 | N53: 6471.8552 | O53: 6425.6844 | P53: 6499.5537 | Q53: 6387.676 | R53: 6656.5634 | S53: 6862.2981 | T53: 6938.2177 | U53: 7260.8899 | V53: 7565.7655 | W53: 7670.256 | X53: 7907.4613 | Y53: 8223.3502 | Z53: 8398.1408 | AA53: 8663.3629 | AB53: 9055.8253 | AC53: 9028.4222 | AD53: 9009.9437 | AE53: 8931.5776 | AF53: 8864.8429 | AG53: 8930.8379
A54: Intra-EU27 | B54: 7900.0462 | C54: 7900.0458 | D54: 7900.0458 | E54: 7900.0459 | F54: 7900.046 | G54: 7900.0463 | H54: 7900.0459 | I54: 7900.0458 | J54: 7900.0454 | K54: 7900.0456 | L54: 7900.0457 | M54: 8160.3971 | N54: 8467.3835 | O54: 8563.0252 | P54: 9061.6399 | Q54: 9234.1228 | R54: 9661.2347 | S54: 10028.935 | T54: 9967.5903 | U54: 10557.536 | V54: 10572.985 | W54: 10777.922 | X54: 10881.941 | Y54: 11247.356 | Z54: 11395.017 | AA54: 11659.095 | AB54: 11926.514 | AC54: 12038.091 | AD54: 12034.146 | AE54: 11757.943 | AF54: 11322.045 | AG54: 11673.533
A55: Extra-EU27 | B55: 5424.5403 | C55: 5424.5405 | D55: 5424.5403 | E55: 5424.5404 | F55: 5424.5403 | G55: 5424.5402 | H55: 5422.3486 | I55: 5418.7507 | J55: 5417.1416 | K55: 5439.4691 | L55: 5446.4892 | M55: 5663.1321 | N55: 5786.291 | O55: 5713.8385 | P55: 5796.5681 | Q55: 5747.4922 | R55: 6005.1412 | S55: 6205.6353 | T55: 6307.2572 | U55: 6592.2117 | V55: 6850.8917 | W55: 7011.8667 | X55: 7190.2268 | Y55: 7452.8542 | Z55: 7604.8436 | AA55: 7801.0732 | AB55: 8038.4974 | AC55: 8097.8362 | AD55: 8138.5413 | AE55: 8055.4339 | AF55: 8154.4185 | AG55: 8064.626
A56: * Based on the total mileage
A58: Discrepancy between effective and theoretical efficiencies (ratio) | B58: =IF(B48=0,0,B48/B53) -> 3.4652888 | C58: =IF(C48=0,0,C48/C53) -> 3.4652888 | D58: =IF(D48=0,0,D48/D53) -> 3.4652888 | E58: =IF(E48=0,0,E48/E53) -> 3.4652888 | F58: =IF(F48=0,0,F48/F53) -> 3.4652888 | G58: =IF(G48=0,0,G48/G53) -> 3.4652888 | H58: =IF(H48=0,0,H48/H53) -> 3.4256176 | I58: =IF(I48=0,0,I48/I53) -> 3.4311489 | ... AG58: =IF(AG48=0,0,AG48/AG53) -> 3.1031146
A59: Intra-EU27 | B59: =IF(B49=0,0,B49/B54) -> 2.4145474 | C59: =IF(C49=0,0,C49/C54) -> 2.4145474 | D59: =IF(D49=0,0,D49/D54) -> 2.4145474 | E59: =IF(E49=0,0,E49/E54) -> 2.4145474 | F59: =IF(F49=0,0,F49/F54) -> 2.4145474 | G59: =IF(G49=0,0,G49/G54) -> 2.4145474 | H59: =IF(H49=0,0,H49/H54) -> 2.3869052 | I59: =IF(I49=0,0,I49/I54) -> 2.3907593 | ... AG59: =IF(AG49=0,0,AG49/AG54) -> 1.9448688
A60: Extra-EU27 | B60: =IF(B50=0,0,B50/B55) -> 3.9585331 | C60: =IF(C50=0,0,C50/C55) -> 3.9585332 | D60: =IF(D50=0,0,D50/D55) -> 3.9585331 | E60: =IF(E50=0,0,E50/E55) -> 3.9585331 | F60: =IF(F50=0,0,F50/F55) -> 3.9585331 | G60: =IF(G50=0,0,G50/G55) -> 3.9585331 | H60: =IF(H50=0,0,H50/H55) -> 3.9328828 | I60: =IF(I50=0,0,I50/I55) -> 3.9400097 | ... AG60: =IF(AG50=0,0,AG50/AG55) -> 3.632614
A62: Emission factors (kt CO2 / ktoe) | B62: =IF(B66=0,0,B66/B25) -> 3.2185528 | C62: =IF(C66=0,0,C66/C25) -> 3.2181438 | D62: =IF(D66=0,0,D66/D25) -> 3.2158665 | E62: =IF(E66=0,0,E66/E25) -> 3.2190612 | F62: =IF(F66=0,0,F66/F25) -> 3.2202854 | G62: =IF(G66=0,0,G66/G25) -> 3.2149257 | H62: =IF(H66=0,0,H66/H25) -> 3.2199928 | I62: =IF(I66=0,0,I66/I25) -> 3.221494 | ... AG62: =IF(AG66=0,0,AG66/AG25) -> 3.2118369
A63: Intra-EU27 | B63: =IF(B67=0,0,B67/B26) -> 3.1823133 | C63: =IF(C67=0,0,C67/C26) -> 3.1812317 | D63: =IF(D67=0,0,D67/D26) -> 3.1752083 | E63: =IF(E67=0,0,E67/E26) -> 3.1836581 | F63: =IF(F67=0,0,F67/F26) -> 3.186896 | G63: =IF(G67=0,0,G67/G26) -> 3.1727198 | H63: =IF(H67=0,0,H67/H26) -> 3.1868085 | I63: =IF(I67=0,0,I67/I26) -> 3.1907535 | ... AG63: =IF(AG67=0,0,AG67/AG26) -> 3.1613691
A64: Extra-EU27 | B64: =IF(B68=0,0,B68/B32) -> 3.2289292 | C64: =IF(C68=0,0,C68/C32) -> 3.2287129 | D64: =IF(D68=0,0,D68/D32) -> 3.2275082 | E64: =IF(E68=0,0,E68/E32) -> 3.2291982 | F64: =IF(F68=0,0,F68/F32) -> 3.2298458 | G64: =IF(G68=0,0,G68/G32) -> 3.2270105 | H64: =IF(H68=0,0,H68/H32) -> 3.2298283 | I64: =IF(I68=0,0,I68/I32) -> 3.2306173 | ... AG64: =IF(AG68=0,0,AG68/AG32) -> 3.2241893
A66: CO2 emissions (kt CO2) | B66: =SUM(B67:B68) -> 13041.719 | C66: =SUM(C67:C68) -> 13346.765 | D66: =SUM(D67:D68) -> 13260.803 | E66: =SUM(E67:E68) -> 13646.288 | F66: =SUM(F67:F68) -> 13069.707 | G66: =SUM(G67:G68) -> 12436.114 | H66: =SUM(H67:H68) -> 14333.782 | I66: =SUM(I67:I68) -> 16227.379 | ... AG66: =SUM(AG67:AG68) -> 24329.996
A67: Intra-EU27 | B67: 2870.3327 | C67: 2936.8446 | D67: 2914.4669 | E67: 3004.1861 | F67: 2879.0849 | G67: 2731.8734 | H67: 3243.322 | I67: 3678.3921 | J67: 3822.7005 | K67: 3525.7564 | L67: 4017.2715 | M67: 4068.9341 | N67: 5079.905 | O67: 5537.5767 | P67: 5185.5436 | Q67: 4534.4345 | R67: 4776.3345 | S67: 5196.0137 | T67: 5299.3112 | U67: 3842.3806 | V67: 4566.6816 | W67: 3713.1092 | X67: 3611.3935 | Y67: 3821.911 | Z67: 3403.8102 | AA67: 3832.7149 | AB67: 5061.2239 | AC67: 5240.3158 | AD67: 6157.0583 | AE67: 5664.129 | AF67: 3804.9836 | AG67: 4708.8496
A68: Extra-EU27 | B68: 10171.386 | C68: 10409.92 | D68: 10346.336 | E68: 10642.102 | F68: 10190.622 | G68: 9704.2404 | H68: 11090.46 | I68: 12548.987 | J68: 13546.009 | K68: 11335.564 | L68: 13179.212 | M68: 12739.7 | N68: 16883.084 | O68: 18481.282 | P68: 19727.096 | Q68: 20119.475 | R68: 21903.811 | S68: 24656.626 | T68: 25512.55 | U68: 18745.663 | V68: 19980.318 | W68: 18099.709 | X68: 15905.161 | Y68: 16057.178 | Z68: 13948.514 | AA68: 14819.402 | AB68: 16330.761 | AC68: 18888.482 | AD68: 23733.762 | AE68: 20729.386 | AF68: 16665.508 | AG68: 19621.147
A69: * Based on the energy consumption figures reported in the Eurostat energy balances
A71: Emission intensity (kg of CO2 / 100 km) | B71: =IF(B66=0,0,100*B66/B12) -> 67231.203 | C71: =IF(C66=0,0,100*C66/C12) -> 67222.662 | D71: =IF(D66=0,0,100*D66/D12) -> 67175.089 | E71: =IF(E66=0,0,100*E66/E12) -> 67241.823 | F71: =IF(F66=0,0,100*F66/F12) -> 67267.393 | G71: =IF(G66=0,0,100*G66/G12) -> 67155.437 | H71: =IF(H66=0,0,100*H66/H12) -> 66672.138 | I71: =IF(I66=0,0,100*I66/I12) -> 66785.595 | ... AG71: =IF(AG66=0,0,100*AG66/AG12) -> 89010.965
A72: Intra-EU27 | B72: =IF(B67=0,0,100*B67/B13) -> 60702.741 | C72: =IF(C67=0,0,100*C67/C13) -> 60682.105 | D72: =IF(D67=0,0,100*D67/D13) -> 60567.209 | E72: =IF(E67=0,0,100*E67/E13) -> 60728.389 | F72: =IF(F67=0,0,100*F67/F13) -> 60790.154 | G72: =IF(G67=0,0,100*G67/G13) -> 60519.744 | H72: =IF(H67=0,0,100*H67/H13) -> 60092.567 | I72: =IF(I67=0,0,100*I67/I13) -> 60264.106 | ... AG72: =IF(AG67=0,0,100*AG67/AG13) -> 71774.111
A73: Extra-EU27 | B73: =IF(B68=0,0,100*B68/B14) -> 69335.516 | C73: =IF(C68=0,0,100*C68/C14) -> 69330.874 | D73: =IF(D68=0,0,100*D68/D14) -> 69305.002 | E73: =IF(E68=0,0,100*E68/E14) -> 69341.292 | F73: =IF(F68=0,0,100*F68/F14) -> 69355.196 | G73: =IF(G68=0,0,100*G68/G14) -> 69294.314 | H73: =IF(H68=0,0,100*H68/H14) -> 68877.578 | I73: =IF(I68=0,0,100*I68/I14) -> 68973.454 | ... AG73: =IF(AG68=0,0,100*AG68/AG14) -> 94454.796
A75: Emission intensity over activity (kg of CO2 / thousand tkm) | B75: =IF(B66=0,0,1000*B66/B3) -> 32.350423 | C75: =IF(C66=0,0,1000*C66/C3) -> 32.346312 | D75: =IF(D66=0,0,1000*D66/D3) -> 32.323423 | E75: =IF(E66=0,0,1000*E66/E3) -> 32.355533 | F75: =IF(F66=0,0,1000*F66/F3) -> 32.367837 | G75: =IF(G66=0,0,1000*G66/G3) -> 32.313966 | H75: =IF(H66=0,0,1000*H66/H3) -> 32.272785 | I75: =IF(I66=0,0,1000*I66/I3) -> 32.300776 | ... AG75: =IF(AG66=0,0,1000*AG66/AG3) -> 24.425335
A76: Intra-EU27 | B76: =IF(B67=0,0,1000*B67/B4) -> 90.431339 | C76: =IF(C67=0,0,1000*C67/C4) -> 90.400603 | D76: =IF(D67=0,0,1000*D67/D4) -> 90.229438 | E76: =IF(E67=0,0,1000*E67/E4) -> 90.469554 | F76: =IF(F67=0,0,1000*F67/F4) -> 90.561565 | G76: =IF(G67=0,0,1000*G67/G4) -> 90.158722 | H76: =IF(H67=0,0,1000*H67/H4) -> 89.522343 | I76: =IF(I67=0,0,1000*I67/I4) -> 89.777894 | ... AG76: =IF(AG67=0,0,1000*AG67/AG4) -> 64.217744
A77: Extra-EU27 | B77: =IF(B68=0,0,1000*B68/B5) -> 27.386712 | C77: =IF(C68=0,0,1000*C68/C5) -> 27.384877 | D77: =IF(D68=0,0,1000*D68/D5) -> 27.374659 | E77: =IF(E68=0,0,1000*E68/E5) -> 27.388993 | F77: =IF(F68=0,0,1000*F68/F5) -> 27.394485 | G77: =IF(G68=0,0,1000*G68/G5) -> 27.370438 | H77: =IF(H68=0,0,1000*H68/H5) -> 27.18814 | I77: =IF(I68=0,0,1000*I68/I5) -> 27.196958 | ... AG77: =IF(AG68=0,0,1000*AG68/AG5) -> 21.263302
A79: Shares of CO2 emissions (%) | B79: =IF(B66=0,0,B66/B$66) -> 1 | C79: =IF(C66=0,0,C66/C$66) -> 1 | D79: =IF(D66=0,0,D66/D$66) -> 1 | E79: =IF(E66=0,0,E66/E$66) -> 1 | F79: =IF(F66=0,0,F66/F$66) -> 1 | G79: =IF(G66=0,0,G66/G$66) -> 1 | H79: =IF(H66=0,0,H66/H$66) -> 1 | I79: =IF(I66=0,0,I66/I$66) -> 1 | ... AG79: =IF(AG66=0,0,AG66/AG$66) -> 1
A80: Intra-EU27 | B80: =IF(B67=0,0,B67/B$66) -> 0.22008853 | C80: =IF(C67=0,0,C67/C$66) -> 0.22004168 | D80: =IF(D67=0,0,D67/D$66) -> 0.21978058 | E80: =IF(E67=0,0,E67/E$66) -> 0.22014675 | F80: =IF(F67=0,0,F67/F$66) -> 0.22028688 | G80: =IF(G67=0,0,G67/G$66) -> 0.21967259 | H80: =IF(H67=0,0,H67/H$66) -> 0.22627119 | I80: =IF(I67=0,0,I67/I$66) -> 0.22667813 | ... AG80: =IF(AG67=0,0,AG67/AG$66) -> 0.19354091
A81: Extra-EU27 | B81: =IF(B68=0,0,B68/B$66) -> 0.77991147 | C81: =IF(C68=0,0,C68/C$66) -> 0.77995832 | D81: =IF(D68=0,0,D68/D$66) -> 0.78021942 | E81: =IF(E68=0,0,E68/E$66) -> 0.77985325 | F81: =IF(F68=0,0,F68/F$66) -> 0.77971312 | G81: =IF(G68=0,0,G68/G$66) -> 0.78032741 | H81: =IF(H68=0,0,H68/H$66) -> 0.77372881 | I81: =IF(I68=0,0,I68/I$66) -> 0.77332187 | ... AG81: =IF(AG68=0,0,AG68/AG$66) -> 0.80645909
A83: CO2 emissions - MRV compliant (kt CO2) | AD83: =SUM(AD84:AD85) -> 22638.105 | AE83: =SUM(AE84:AE85) -> 23389.155 | AF83: =SUM(AF84:AF85) -> 18690.244 | AG83: =SUM(AG84:AG85) -> 19844.831
A84: Intra-EU27 | AD84: 6157.0583 | AE84: 5664.129 | AF84: 3804.9836 | AG84: 4708.8496
A85: Extra-EU27 | AD85: 16481.046 | AE85: 17725.026 | AF85: 14885.26 | AG85: 15135.982
A86: * Considering half of the emissions for Intra-EU voyages at the Member State level (thus matching the total in the EU aggregation) and the full emissions for Extra-EU movements
A87: ** Intra-EU emissions include emissions within EU ports at berth
A89: UNFCCC emissions (kt CO2) | B89: 13312.505 | C89: 13454.25 | D89: 13300.92 | E89: 13825.11 | F89: 14226.162 | G89: 12968.633 | H89: 15878.659 | I89: 17701.442 | J89: 18541.714 | K89: 14956.367 | L89: 16199.851 | M89: 16312.039 | N89: 22873.999 | O89: 23210.136 | P89: 24501.523 | Q89: 25219.314 | R89: 27572.074 | S89: 30747.701 | T89: 31262.346 | U89: 22903.924 | V89: 24882.079 | W89: 22124.664 | X89: 19811.396 | Y89: 20158.822 | Z89: 17590.057 | AA89: 18872.642 | AB89: 21656.779 | AC89: 24450.293 | AD89: 30289.418 | AE89: 26744.788 | AF89: 20470.492 | AG89: 25558.593
A91: Residual CO2 emissions for UNFCCC calibration (kt CO2) | B91: =B89-B$66 -> 270.78536 | C91: =C89-C$66 -> 107.48499 | D91: =D89-D$66 -> 40.117349 | E91: =E89-E$66 -> 178.82181 | F91: =F89-F$66 -> 1156.4556 | G91: =G89-G$66 -> 532.51922 | H91: =H89-H$66 -> 1544.8763 | I91: =I89-I$66 -> 1474.0628 | ... AG91: =AG89-AG$66 -> 1228.5968
A92: Intra-EU27 | B92: =IF(B$66=0,50%,B$67/B$66)*B91 -> 59.596751 | C92: =IF(C$66=0,50%,C$67/C$66)*C91 -> 23.651178 | D92: =IF(D$66=0,50%,D$67/D$66)*D91 -> 8.8170141 | E92: =IF(E$66=0,50%,E$67/E$66)*E91 -> 39.367041 | F92: =IF(F$66=0,50%,F$67/F$66)*F91 -> 254.75201 | G92: =IF(G$66=0,50%,G$67/G$66)*G91 -> 116.97988 | H92: =IF(H$66=0,50%,H$67/H$66)*H91 -> 349.561 | I92: =IF(I$66=0,50%,I$67/I$66)*I91 -> 334.1378 | ... AG92: =IF(AG$66=0,50%,AG$67/AG$66)*AG91 -> 237.78374
A93: Extra-EU27 | B93: =B91-B92 -> 211.18861 | C93: =C91-C92 -> 83.833813 | D93: =D91-D92 -> 31.300335 | E93: =E91-E92 -> 139.45477 | F93: =F91-F92 -> 901.70364 | G93: =G91-G92 -> 415.53934 | H93: =H91-H92 -> 1195.3153 | I93: =I91-I92 -> 1139.925 | ... AG93: =AG91-AG92 -> 990.81305
A95: Annual mileage of a representative vessel | B95: 115000 | C95: 115000 | D95: 115000 | E95: 115000 | F95: 115000 | G95: 115000 | H95: 115000 | I95: 115000 | J95: 115000 | K95: 115000 | L95: 115000 | M95: 115000 | N95: 115000 | O95: 115000 | P95: 115000 | Q95: 115000 | R95: 115000 | S95: 115000 | T95: 115000 | U95: 115000 | V95: 115000 | W95: 115000 | X95: 115000 | Y95: 115000 | Z95: 115000 | AA95: 115000 | AB95: 115000 | AC95: 115000 | AD95: 115000 | AE95: 115000 | AF95: 115000 | AG95: 115000
A97: Stock of representative vessels | B97: =SUM(B98:B99) -> 168.68098 | C97: =SUM(C98:C99) -> 172.64837 | D97: =SUM(D98:D99) -> 171.65787 | E97: =SUM(E98:E99) -> 176.47257 | F97: =SUM(F98:F99) -> 168.95203 | G97: =SUM(G98:G99) -> 161.02958 | H97: =SUM(H98:H99) -> 186.94703 | I97: =SUM(I98:I99) -> 211.28456 | ... AG97: =SUM(AG98:AG99) -> 237.76117
A98: Intra-EU27 | B98: 41.117443 | C98: 42.08453 | D98: 41.843087 | E98: 43.016713 | F98: 41.183513 | G98: 39.252348 | H98: 46.932261 | I98: 53.0764 | J98: 54.329017 | K98: 52.578287 | L98: 59.898739 | M98: 58.546852 | N98: 53.144635 | O98: 56.427896 | P98: 50.438022 | Q98: 44.448148 | R98: 42.892009 | S98: 43.382991 | T98: 44.59347 | U98: 38.603596 | V98: 41.721661 | W98: 38.724609 | X98: 39.911774 | Y98: 41.051609 | Z98: 43.39167 | AA98: 46.533722 | AB98: 56.113061 | AC98: 53.155 | AD98: 51.418939 | AE98: 56.873426 | AF98: 50.883552 | AG98: 57.066741
A99: Extra-EU27 | B99: 127.56354 | C99: 130.56383 | D99: 129.81478 | E99: 133.45586 | F99: 127.76851 | G99: 121.77723 | H99: 140.01477 | I99: 158.20816 | J99: 169.20517 | K99: 146.0323 | L99: 169.63746 | M99: 156.23802 | N99: 155.59766 | O99: 169.80757 | P99: 178.42136 | Q99: 195.16344 | R99: 197.83851 | S99: 209.20663 | T99: 214.10255 | U99: 197.1388 | V99: 181.40201 | W99: 182.94553 | X99: 167.23082 | Y99: 161.1174 | Z99: 163.92275 | AA99: 162.04369 | AB99: 158.33943 | AC99: 171.91207 | AD99: 178.44951 | AE99: 183.46883 | AF99: 173.92736 | AG99: 180.69443
A101: New representative vessels (total) | B101: =SUM(B102:B103) -> 0 | C101: =SUM(C102:C103) -> 8.7868393 | D101: =SUM(D102:D103) -> 3.828961 | E101: =SUM(E102:E103) -> 9.634161 | F101: =SUM(F102:F103) -> 0 | G101: =SUM(G102:G103) -> 0 | H101: =SUM(H102:H103) -> 30.736909 | I101: =SUM(I102:I103) -> 29.156978 | ... AG101: =SUM(AG102:AG103) -> 17.769712
A102: Intra-EU27 | B102: 0 | C102: 2.1418711 | D102: 0.93334062 | E102: 2.3484102 | F102: 0 | G102: 0 | H102: 8.8546971 | I102: 7.3189232 | J102: 2.4274015 | K102: 0 | L102: 8.4952363 | M102: 0 | N102: 0 | O102: 4.458045 | P102: 0 | Q102: 0 | R102: 0 | S102: 1.6657667 | T102: 2.3852624 | U102: 0 | V102: 4.2928493 | W102: 0 | X102: 2.3619493 | Y102: 2.3146189 | Z102: 3.514845 | AA102: 4.3168363 | AB102: 10.754123 | AC102: 0.039153803 | AD102: 0.0010268016 | AE102: 6.6292711 | AF102: 0 | AG102: 7.3579725
A103: Extra-EU27 | B103: 0 | C103: 6.6449682 | D103: 2.8956204 | E103: 7.2857508 | F103: 0 | G103: 0 | H103: 21.882212 | I103: 21.838055 | J103: 14.64169 | K103: 0.55612969 | L103: 27.249838 | M103: 0 | N103: 3.5550924 | O103: 18.153492 | P103: 13.230545 | Q103: 21.35884 | R103: 6.5226273 | S103: 15.105962 | T103: 8.5405943 | U103: 0 | V103: 0.2548636 | W103: 5.8613724 | X103: 0.27694795 | Y103: 0.35925913 | Z103: 6.4500204 | AA103: 2.0645265 | AB103: 1.7383416 | AC103: 18.028426 | AD103: 10.311648 | AE103: 8.6639995 | AF103: 0 | AG103: 10.41174

Sheet BG
A1: BG - Bulgaria | B1: 1990 | C1: 1991 | D1: 1992 | E1: 1993 | F1: 1994 | G1: 1995 | H1: 1996 | I1: 1997 | J1: 1998 | K1: 1999 | L1: 2000 | M1: 2001 | N1: 2002 | O1: 2003 | P1: 2004 | Q1: 2005 | R1: 2006 | S1: 2007 | T1: 2008 | U1: 2009 | V1: 2010 | W1: 2011 | X1: 2012 | Y1: 2013 | Z1: 2014 | AA1: 2015 | AB1: 2016 | AC1: 2017 | AD1: 2018 | AE1: 2019 | AF1: 2020 | AG1: 2021
A3: Transport activity (Mtkm) | B3: =SUM(B4:B5) -> 23931.84 | C3: =SUM(C4:C5) -> 121739.59 | D3: =SUM(D4:D5) -> 112000.53 | E3: =SUM(E4:E5) -> 108141.1 | F3: =SUM(F4:F5) -> 108874.04 | G3: =SUM(G4:G5) -> 113191.31 | H3: =SUM(H4:H5) -> 99169.06 | I3: =SUM(I4:I5) -> 3912.0104 | ... AG3: =SUM(AG4:AG5) -> 45404.573
A4: Intra-EU27 | B4: 5326.2469 | C4: 27094.243 | D4: 24926.727 | E4: 24067.777 | F4: 24230.9 | G4: 25191.748 | H4: 22749.173 | I4: 897.96089 | J4: 6680.0069 | K4: 857.30407 | L4: 6796.7344 | M4: 9897.6704 | N4: 10041.568 | O4: 7243.8705 | P4: 6597.6106 | Q4: 6701.1743 | R4: 8551.4566 | S4: 4021.2774 | T4: 5081.6798 | U4: 9398.922 | V4: 7936.2184 | W4: 9614.3819 | X4: 9016.1592 | Y4: 12672.82 | Z4: 10710.203 | AA4: 8695.4312 | AB4: 11766.92 | AC4: 13203.452 | AD4: 14693.759 | AE4: 14456.316 | AF4: 11150.042 | AG4: 10666.566
A5: Extra-EU27 | B5: 18605.593 | C5: 94645.342 | D5: 87073.798 | E5: 84073.32 | F5: 84643.141 | G5: 87999.566 | H5: 76419.886 | I5: 3014.0496 | J5: 23428.066 | K5: 2680.3183 | L5: 21665.081 | M5: 32377.271 | N5: 31062.122 | O5: 39888.003 | P5: 41490.882 | Q5: 43713.106 | R5: 46026.048 | S5: 35512.056 | T5: 33949.604 | U5: 23877.158 | V5: 26213.754 | W5: 22493.415 | X5: 22543.108 | Y5: 30485.453 | Z5: 33927.025 | AA5: 34694.601 | AB5: 35919.233 | AC5: 34826.044 | AD5: 32773.264 | AE5: 36458.977 | AF5: 27374.036 | AG5: 34738.007
A6: * Considering both inwards and outwards flows of goods transported with half of the distance of the voyages (thus the total distance for Intra-EU in the EU aggregation)
A8: Market shares of activity (% of tkm) | B8: =IF(B3=0,0,B3/B$3) -> 1 | C8: =IF(C3=0,0,C3/C$3) -> 1 | D8: =IF(D3=0,0,D3/D$3) -> 1 | E8: =IF(E3=0,0,E3/E$3) -> 1 | F8: =IF(F3=0,0,F3/F$3) -> 1 | G8: =IF(G3=0,0,G3/G$3) -> 1 | H8: =IF(H3=0,0,H3/H$3) -> 1 | I8: =IF(I3=0,0,I3/I$3) -> 1 | ... AG8: =IF(AG3=0,0,AG3/AG$3) -> 1
A9: Intra-EU27 | B9: =IF(B4=0,0,B4/B$3) -> 0.22255902 | C9: =IF(C4=0,0,C4/C$3) -> 0.22255902 | D9: =IF(D4=0,0,D4/D$3) -> 0.22255902 | E9: =IF(E4=0,0,E4/E$3) -> 0.22255902 | F9: =IF(F4=0,0,F4/F$3) -> 0.22255902 | G9: =IF(G4=0,0,G4/G$3) -> 0.22255902 | H9: =IF(H4=0,0,H4/H$3) -> 0.22939789 | I9: =IF(I4=0,0,I4/I$3) -> 0.22953949 | ... AG9: =IF(AG4=0,0,AG4/AG$3) -> 0.23492273
A10: Extra-EU27 | B10: =IF(B5=0,0,B5/B$3) -> 0.77744098 | C10: =IF(C5=0,0,C5/C$3) -> 0.77744098 | D10: =IF(D5=0,0,D5/D$3) -> 0.77744098 | E10: =IF(E5=0,0,E5/E$3) -> 0.77744098 | F10: =IF(F5=0,0,F5/F$3) -> 0.77744098 | G10: =IF(G5=0,0,G5/G$3) -> 0.77744098 | H10: =IF(H5=0,0,H5/H$3) -> 0.77060211 | I10: =IF(I5=0,0,I5/I$3) -> 0.77046051 | ... AG10: =IF(AG5=0,0,AG5/AG$3) -> 0.76507727
A12: Vehicle-km (Mvkm) | B12: =SUM(B13:B14) -> 2.095327 | C12: =SUM(C13:C14) -> 10.658784 | D12: =SUM(D13:D14) -> 9.806089 | E12: =SUM(E13:E14) -> 9.468183 | F12: =SUM(F13:F14) -> 9.532355 | G12: =SUM(G13:G14) -> 9.910348 | H12: =SUM(H13:H14) -> 8.768057 | I12: =SUM(I13:I14) -> 0.345375 | ... AG12: =SUM(AG13:AG14) -> 2.717442
A13: Intra-EU27 | B13: 1.042869 | C13: 5.305001 | D13: 4.880605 | E13: 4.712425 | F13: 4.744364 | G13: 4.932496 | H13: 4.454245 | I13: 0.175819 | J13: 1.307933 | K13: 0.167858 | L13: 1.330788 | M13: 1.912644 | N13: 1.944348 | O13: 1.385591 | P13: 1.275756 | Q13: 1.225132 | R13: 1.553568 | S13: 0.743754 | T13: 0.873562 | U13: 1.548869 | V13: 1.355963 | W13: 1.6556 | X13: 1.477445 | Y13: 1.910301 | Z13: 1.579908 | AA13: 1.217236 | AB13: 1.557411 | AC13: 1.79383 | AD13: 1.994894 | AE13: 2.001103 | AF13: 1.475843 | AG13: 1.484978
A14: Extra-EU27 | B14: 1.052458 | C14: 5.353783 | D14: 4.925484 | E14: 4.755758 | F14: 4.787991 | G14: 4.977852 | H14: 4.313812 | I14: 0.169556 | J14: 1.315923 | K14: 0.153772 | L14: 1.251127 | M14: 1.821911 | N14: 1.784907 | O14: 2.19342 | P14: 2.30028 | Q14: 2.262863 | R14: 2.347824 | S14: 1.815509 | T14: 1.642502 | U14: 1.181674 | V14: 1.335876 | W14: 1.290802 | X14: 1.15836 | Y14: 1.332728 | Z14: 1.283505 | AA14: 1.186798 | AB14: 1.235898 | AC14: 1.234404 | AD14: 1.232984 | AE14: 1.316584 | AF14: 1.00853 | AG14: 1.232464
A15: * Considering half of the distance of the voyages (thus the total distance for Intra-EU in the EU aggregation)
A17: Market shares of vehicle km (% of km) | B17: =IF(B12=0,0,B12/B$12) -> 1 | C17: =IF(C12=0,0,C12/C$12) -> 1 | D17: =IF(D12=0,0,D12/D$12) -> 1 | E17: =IF(E12=0,0,E12/E$12) -> 1 | F17: =IF(F12=0,0,F12/F$12) -> 1 | G17: =IF(G12=0,0,G12/G$12) -> 1 | H17: =IF(H12=0,0,H12/H$12) -> 1 | I17: =IF(I12=0,0,I12/I$12) -> 1 | ... AG17: =IF(AG12=0,0,AG12/AG$12) -> 1
A18: Intra-EU27 | B18: =IF(B13=0,0,B13/B$12) -> 0.49771181 | C18: =IF(C13=0,0,C13/C$12) -> 0.49771165 | D18: =IF(D13=0,0,D13/D$12) -> 0.49771168 | E18: =IF(E13=0,0,E13/E$12) -> 0.49771165 | F18: =IF(F13=0,0,F13/F$12) -> 0.49771164 | G18: =IF(G13=0,0,G13/G$12) -> 0.49771168 | H18: =IF(H13=0,0,H13/H$12) -> 0.50800822 | I18: =IF(I13=0,0,I13/I$12) -> 0.50906696 | ... AG18: =IF(AG13=0,0,AG13/AG$12) -> 0.54646171
A19: Extra-EU27 | B19: =IF(B14=0,0,B14/B$12) -> 0.50228819 | C19: =IF(C14=0,0,C14/C$12) -> 0.50228835 | D19: =IF(D14=0,0,D14/D$12) -> 0.50228832 | E19: =IF(E14=0,0,E14/E$12) -> 0.50228835 | F19: =IF(F14=0,0,F14/F$12) -> 0.50228836 | G19: =IF(G14=0,0,G14/G$12) -> 0.50228832 | H19: =IF(H14=0,0,H14/H$12) -> 0.49199178 | I19: =IF(I14=0,0,I14/I$12) -> 0.49093304 | ... AG19: =IF(AG14=0,0,AG14/AG$12) -> 0.45353829
A21: Load factor of vessels (t/movement) | B21: =IF(B3=0,0,B3/B12) -> 11421.53 | C21: =IF(C3=0,0,C3/C12) -> 11421.527 | D21: =IF(D3=0,0,D3/D12) -> 11421.529 | E21: =IF(E3=0,0,E3/E12) -> 11421.526 | F21: =IF(F3=0,0,F3/F12) -> 11421.526 | G21: =IF(G3=0,0,G3/G12) -> 11421.528 | H21: =IF(H3=0,0,H3/H12) -> 11310.266 | I21: =IF(I3=0,0,I3/I12) -> 11326.849 | ... AG21: =IF(AG3=0,0,AG3/AG12) -> 16708.571
A22: Intra-EU27 | B22: =IF(B4=0,0,B4/B13) -> 5107.302 | C22: =IF(C4=0,0,C4/C13) -> 5107.3021 | D22: =IF(D4=0,0,D4/D13) -> 5107.3027 | E22: =IF(E4=0,0,E4/E13) -> 5107.3018 | F22: =IF(F4=0,0,F4/F13) -> 5107.302 | G22: =IF(G4=0,0,G4/G13) -> 5107.3023 | H22: =IF(H4=0,0,H4/H13) -> 5107.3018 | I22: =IF(I4=0,0,I4/I13) -> 5107.3029 | ... AG22: =IF(AG4=0,0,AG4/AG13) -> 7182.9792
A23: Extra-EU27 | B23: =IF(B5=0,0,B5/B14) -> 17678.229 | C23: =IF(C5=0,0,C5/C14) -> 17678.218 | D23: =IF(D5=0,0,D5/D14) -> 17678.222 | E23: =IF(E5=0,0,E5/E14) -> 17678.217 | F23: =IF(F5=0,0,F5/F14) -> 17678.216 | G23: =IF(G5=0,0,G5/G14) -> 17678.221 | H23: =IF(H5=0,0,H5/H14) -> 17715.164 | I23: =IF(I5=0,0,I5/I14) -> 17776.13 | ... AG23: =IF(AG5=0,0,AG5/AG14) -> 28185.819
A25: Total energy consumption (ktoe) | B25: =SUM(B26,B32) -> 56.931298 | C25: =SUM(C26,C32) -> 289.6055 | D25: =SUM(D26,D32) -> 266.43732 | E25: =SUM(E26,E32) -> 257.25615 | F25: =SUM(F26,F32) -> 258.99974 | G25: =SUM(G26,G32) -> 269.27008 | H25: =SUM(H26,H32) -> 234.03551 | I25: =SUM(I26,I32) -> 9.2433362 | ... AG25: =SUM(AG26,AG32) -> 85.220722
A26: Intra-EU27 | B26: =SUM(B27:B31) -> 23.314345 | C26: =SUM(C27:C31) -> 118.59843 | D26: =SUM(D27:D31) -> 109.11066 | E26: =SUM(E27:E31) -> 105.35081 | F26: =SUM(F27:F31) -> 106.06484 | G26: =SUM(G27:G31) -> 110.27072 | H26: =SUM(H27:H31) -> 97.513545 | I26: =SUM(I27:I31) -> 3.8611962 | ... AG26: =SUM(AG27:AG31) -> 32.52496
A27: Gas oil and diesel oil (excluding biofuel portion) | B27: 0 | C27: 63.772354 | D27: 51.01783 | E27: 44.640635 | F27: 42.249195 | G27: 50.220706 | H27: 44.130269 | I27: 3.8611962 | J27: 29.531578 | K27: 3.4596909 | L27: 27.561589 | M27: 41.097145 | N27: 45.642772 | O27: 47.577181 | P27: 37.205778 | Q27: 35.260329 | R27: 36.231448 | S27: 13.810723 | T27: 36.886291 | U27: 92.324514 | V27: 38.316702 | W27: 32.479192 | X27: 27.238765 | Y27: 40.494433 | Z27: 34.650203 | AA27: 34.479776 | AB27: 33.381518 | AC27: 36.10048 | AD27: 37.92374 | AE27: 34.146445 | AF27: 35.230624 | AG27: 32.52496
A28: Fuel oil and Other oil products | B28: 23.314345 | C28: 54.826071 | D28: 58.092827 | E28: 60.710175 | F28: 63.815646 | G28: 60.050015 | H28: 53.383276 | I28: 0 | J28: 0 | K28: 0 | L28: 0 | M28: 0 | N28: 0 | O28: 0 | P28: 0 | Q28: 0 | R28: 0 | S28: 0 | T28: 0 | U28: 0 | V28: 0 | W28: 0 | X28: 0 | Y28: 0 | Z28: 0 | AA28: 0 | AB28: 0 | AC28: 0 | AD28: 0 | AE28: 0 | AF28: 0 | AG28: 0
A29: Blended biofuels | B29: 0 | C29: 0 | D29: 0 | E29: 0 | F29: 0 | G29: 0 | H29: 0 | I29: 0 | J29: 0 | K29: 0 | L29: 0 | M29: 0 | N29: 0 | O29: 0 | P29: 0 | Q29: 0 | R29: 0 | S29: 0 | T29: 0 | U29: 0 | V29: 0 | W29: 0 | X29: 0 | Y29: 0 | Z29: 0 | AA29: 0 | AB29: 0 | AC29: 0 | AD29: 0 | AE29: 0 | AF29: 0 | AG29: 0
A30: Natural gas | B30: 0 | C30: 0 | D30: 0 | E30: 0 | F30: 0 | G30: 0 | H30: 0 | I30: 0 | J30: 0 | K30: 0 | L30: 0 | M30: 0 | N30: 0 | O30: 0 | P30: 0 | Q30: 0 | R30: 0 | S30: 0 | T30: 0 | U30: 0 | V30: 0 | W30: 0 | X30: 0 | Y30: 0 | Z30: 0 | AA30: 0 | AB30: 0 | AC30: 0 | AD30: 0 | AE30: 0 | AF30: 0 | AG30: 0
A31: Biogases | B31: 0 | C31: 0 | D31: 0 | E31: 0 | F31: 0 | G31: 0 | H31: 0 | I31: 0 | J31: 0 | K31: 0 | L31: 0 | M31: 0 | N31: 0 | O31: 0 | P31: 0 | Q31: 0 | R31: 0 | S31: 0 | T31: 0 | U31: 0 | V31: 0 | W31: 0 | X31: 0 | Y31: 0 | Z31: 0 | AA31: 0 | AB31: 0 | AC31: 0 | AD31: 0 | AE31: 0 | AF31: 0 | AG31: 0
A32: Extra-EU27 | B32: =SUM(B33:B37) -> 33.616953 | C32: =SUM(C33:C37) -> 171.00708 | D32: =SUM(D33:D37) -> 157.32666 | E32: =SUM(E33:E37) -> 151.90534 | F32: =SUM(F33:F37) -> 152.9349 | G32: =SUM(G33:G37) -> 158.99936 | H32: =SUM(H33:H37) -> 136.52197 | I32: =SUM(I33:I37) -> 5.38214 | ... AG32: =SUM(AG33:AG37) -> 52.695762
A33: Gas oil and diesel oil (excluding biofuel portion) | B33: 0 | C33: 18.390672 | D33: 14.712522 | E33: 12.873467 | F33: 12.183823 | G33: 14.482647 | H33: 12.356747 | I33: 5.38214 | J33: 42.361027 | K33: 3.7295611 | L33: 38.168763 | M33: 56.471385 | N33: 62.196179 | O33: 93.126947 | P33: 80.903509 | Q33: 77.71379 | R33: 69.768552 | S33: 38.72582 | T33: 70.207432 | U33: 59.223207 | V33: 14.219842 | W33: 15.005761 | X33: 18.225552 | Y33: 20.124655 | Z33: 21.927613 | AA33: 32.201222 | AB33: 26.227252 | AC33: 21.447241 | AD33: 20.03215 | AE33: 24.975395 | AF33: 33.787261 | AG33: 27.036347
A34: Fuel oil and Other oil products | B34: 33.616953 | C34: 152.6164 | D34: 142.61414 | E34: 139.03187 | F34: 140.75108 | G34: 144.51671 | H34: 124.16522 | I34: 0 | J34: 0 | K34: 0.96491831 | L34: 0 | M34: 0.96491831 | N34: 0 | O34: 0 | P34: 0 | Q34: 0 | R34: 0 | S34: 0 | T34: 15.286156 | U34: 54.456836 | V34: 43.947635 | W34: 27.983147 | X34: 18.152279 | Y34: 29.616853 | Z34: 24.839983 | AA34: 20.063027 | AB34: 18.152279 | AC34: 22.53276 | AD34: 24.163543 | AE34: 16.72442 | AF34: 15.728547 | AG34: 25.659415
A35: Blended biofuels | B35: 0 | C35: 0 | D35: 0 | E35: 0 | F35: 0 | G35: 0 | H35: 0 | I35: 0 | J35: 0 | K35: 0 | L35: 0 | M35: 0 | N35: 0 | O35: 0 | P35: 0 | Q35: 0 | R35: 0 | S35: 0 | T35: 0 | U35: 0 | V35: 0 | W35: 0 | X35: 0 | Y35: 0 | Z35: 0 | AA35: 0 | AB35: 0 | AC35: 0 | AD35: 0 | AE35: 0 | AF35: 0 | AG35: 0
A36: Natural gas | B36: 0 | C36: 0 | D36: 0 | E36: 0 | F36: 0 | G36: 0 | H36: 0 | I36: 0 | J36: 0 | K36: 0 | L36: 0 | M36: 0 | N36: 0 | O36: 0 | P36: 0 | Q36: 0 | R36: 0 | S36: 0 | T36: 0 | U36: 0 | V36: 0 | W36: 0 | X36: 0 | Y36: 0 | Z36: 0 | AA36: 0 | AB36: 0 | AC36: 0 | AD36: 0 | AE36: 0 | AF36: 0 | AG36: 0
A37: Biogases | B37: 0 | C37: 0 | D37: 0 | E37: 0 | F37: 0 | G37: 0 | H37: 0 | I37: 0 | J37: 0 | K37: 0 | L37: 0 | M37: 0 | N37: 0 | O37: 0 | P37: 0 | Q37: 0 | R37: 0 | S37: 0 | T37: 0 | U37: 0 | V37: 0 | W37: 0 | X37: 0 | Y37: 0 | Z37: 0 | AA37: 0 | AB37: 0 | AC37: 0 | AD37: 0 | AE37: 0 | AF37: 0 | AG37: 0
A38: * As reported in the Eurostat energy balances
A40: Energy intensity over activity (kgoe / 000 tkm) | B40: =IF(B25=0,0,B25/(B3/1000)) -> 2.3788935 | C40: =IF(C25=0,0,C25/(C3/1000)) -> 2.3788935 | D40: =IF(D25=0,0,D25/(D3/1000)) -> 2.3788935 | E40: =IF(E25=0,0,E25/(E3/1000)) -> 2.3788935 | F40: =IF(F25=0,0,F25/(F3/1000)) -> 2.3788935 | G40: =IF(G25=0,0,G25/(G3/1000)) -> 2.3788935 | H40: =IF(H25=0,0,H25/(H3/1000)) -> 2.359965 | I40: =IF(I25=0,0,I25/(I3/1000)) -> 2.3628097 | ... AG40: =IF(AG25=0,0,AG25/(AG3/1000)) -> 1.8769194
A41: Intra-EU27 | B41: =IF(B26=0,0,B26/(B4/1000)) -> 4.3772558 | C41: =IF(C26=0,0,C26/(C4/1000)) -> 4.3772556 | D41: =IF(D26=0,0,D26/(D4/1000)) -> 4.3772556 | E41: =IF(E26=0,0,E26/(E4/1000)) -> 4.3772556 | F41: =IF(F26=0,0,F26/(F4/1000)) -> 4.3772556 | G41: =IF(G26=0,0,G26/(G4/1000)) -> 4.3772556 | H41: =IF(H26=0,0,H26/(H4/1000)) -> 4.2864654 | I41: =IF(I26=0,0,I26/(I4/1000)) -> 4.2999603 | ... AG41: =IF(AG26=0,0,AG26/(AG4/1000)) -> 3.0492438
A42: Extra-EU27 | B42: =IF(B32=0,0,B32/(B5/1000)) -> 1.8068197 | C42: =IF(C32=0,0,C32/(C5/1000)) -> 1.8068198 | D42: =IF(D32=0,0,D32/(D5/1000)) -> 1.8068198 | E42: =IF(E32=0,0,E32/(E5/1000)) -> 1.8068198 | F42: =IF(F32=0,0,F32/(F5/1000)) -> 1.8068198 | G42: =IF(G32=0,0,G32/(G5/1000)) -> 1.8068198 | H42: =IF(H32=0,0,H32/(H5/1000)) -> 1.7864717 | I42: =IF(I32=0,0,I32/(I5/1000)) -> 1.785684 | ... AG42: =IF(AG32=0,0,AG32/(AG5/1000)) -> 1.5169484
A44: Shares of total energy consumption (%) | B44: =IF(B25=0,0,B25/B$25) -> 1 | C44: =IF(C25=0,0,C25/C$25) -> 1 | D44: =IF(D25=0,0,D25/D$25) -> 1 | E44: =IF(E25=0,0,E25/E$25) -> 1 | F44: =IF(F25=0,0,F25/F$25) -> 1 | G44: =IF(G25=0,0,G25/G$25) -> 1 | H44: =IF(H25=0,0,H25/H$25) -> 1 | I44: =IF(I25=0,0,I25/I$25) -> 1 | ... AG44: =IF(AG25=0,0,AG25/AG$25) -> 1
A45: Intra-EU27 | B45: =IF(B26=0,0,B26/B$25) -> 0.40951719 | C45: =IF(C26=0,0,C26/C$25) -> 0.40951717 | D45: =IF(D26=0,0,D26/D$25) -> 0.40951717 | E45: =IF(E26=0,0,E26/E$25) -> 0.40951717 | F45: =IF(F26=0,0,F26/F$25) -> 0.40951717 | G45: =IF(G26=0,0,G26/G$25) -> 0.40951717 | H45: =IF(H26=0,0,H26/H$25) -> 0.41666132 | I45: =IF(I26=0,0,I26/I$25) -> 0.41772755 | ... AG45: =IF(AG26=0,0,AG26/AG$25) -> 0.38165553
A46: Extra-EU27 | B46: =IF(B32=0,0,B32/B$25) -> 0.59048281 | C46: =IF(C32=0,0,C32/C$25) -> 0.59048283 | D46: =IF(D32=0,0,D32/D$25) -> 0.59048283 | E46: =IF(E32=0,0,E32/E$25) -> 0.59048283 | F46: =IF(F32=0,0,F32/F$25) -> 0.59048283 | G46: =IF(G32=0,0,G32/G$25) -> 0.59048283 | H46: =IF(H32=0,0,H32/H$25) -> 0.58333868 | I46: =IF(I32=0,0,I32/I$25) -> 0.58227245 | ... AG46: =IF(AG32=0,0,AG32/AG$25) -> 0.61834447
A48: Vehicle-efficiency - effective (kgoe/100 km) | B48: =IF(B25=0,0,100*B25/B12) -> 2717.0603 | C48: =IF(C25=0,0,100*C25/C12) -> 2717.0595 | D48: =IF(D25=0,0,100*D25/D12) -> 2717.06 | E48: =IF(E25=0,0,100*E25/E12) -> 2717.0593 | F48: =IF(F25=0,0,100*F25/F12) -> 2717.0593 | G48: =IF(G25=0,0,100*G25/G12) -> 2717.0598 | H48: =IF(H25=0,0,100*H25/H12) -> 2669.1833 | I48: =IF(I25=0,0,100*I25/I12) -> 2676.3188 | ... AG48: =IF(AG25=0,0,100*AG25/AG12) -> 3136.0641
A49: Intra-EU27 | B49: =IF(B26=0,0,100*B26/B13) -> 2235.5967 | C49: =IF(C26=0,0,100*C26/C13) -> 2235.5967 | D49: =IF(D26=0,0,100*D26/D13) -> 2235.597 | E49: =IF(E26=0,0,100*E26/E13) -> 2235.5965 | F49: =IF(F26=0,0,100*F26/F13) -> 2235.5966 | G49: =IF(G26=0,0,100*G26/G13) -> 2235.5968 | H49: =IF(H26=0,0,100*H26/H13) -> 2189.2272 | I49: =IF(I26=0,0,100*I26/I13) -> 2196.12 | ... AG49: =IF(AG26=0,0,100*AG26/AG13) -> 2190.2654
A50: Extra-EU27 | B50: =IF(B32=0,0,100*B32/B14) -> 3194.1372 | C50: =IF(C32=0,0,100*C32/C14) -> 3194.1354 | D50: =IF(D32=0,0,100*D32/D14) -> 3194.1361 | E50: =IF(E32=0,0,100*E32/E14) -> 3194.1352 | F50: =IF(F32=0,0,100*F32/F14) -> 3194.1351 | G50: =IF(G32=0,0,100*G32/G14) -> 3194.1359 | H50: =IF(H32=0,0,100*H32/H14) -> 3164.7639 | I50: =IF(I32=0,0,100*I32/I14) -> 3174.2551 | ... AG50: =IF(AG32=0,0,100*AG32/AG14) -> 4275.6431
A51: * Based on the energy consumption figures reported in the Eurostat energy balances
A53: Vehicle-efficiency - theoretical (kgoe/100 km) | B53: 5303.2074 | C53: 5303.206 | D53: 5303.2068 | E53: 5303.2057 | F53: 5303.2058 | G53: 5303.2065 | H53: 5320.1066 | I53: 5317.5876 | J53: 5295.1193 | K53: 5367.3743 | L53: 5363.6612 | M53: 5418.1537 | N53: 5426.2394 | O53: 5096.0704 | P53: 4994.426 | Q53: 5205.2603 | R53: 5417.5658 | S53: 5063.187 | T53: 5614.2739 | U53: 6394.3927 | V53: 6214.3776 | W53: 6354.2261 | X53: 6645.6086 | Y53: 7153.3738 | Z53: 7196.5176 | AA53: 7392.7869 | AB53: 7905.5284 | AC53: 7822.5041 | AD53: 7971.4734 | AE53: 7806.9708 | AF53: 7227.2525 | AG53: 7194.0927
A54: Intra-EU27 | B54: 6262.338 | C54: 6262.3381 | D54: 6262.3388 | E54: 6262.3378 | F54: 6262.338 | G54: 6262.3383 | H54: 6262.3378 | I54: 6262.339 | J54: 6262.3364 | K54: 6262.354 | L54: 6262.3366 | M54: 6332.6825 | N54: 6321.8925 | O54: 6387.9127 | P54: 6329.2157 | Q54: 6638.1417 | R54: 6673.8594 | S54: 6573.0692 | T54: 6994.8792 | U54: 7250.6601 | V54: 7031.2834 | W54: 6984.6517 | X54: 7285.4672 | Y54: 7821.3087 | Z54: 7966.4478 | AA54: 8329.1864 | AB54: 8735.6318 | AC54: 8543.66 | AD54: 8548.7933 | AE54: 8371.0971 | AF54: 7659.7779 | AG54: 8016.6951
A55: Extra-EU27 | B55: 4352.8154 | C55: 4352.8133 | D55: 4352.814 | E55: 4352.813 | F55: 4352.8129 | G55: 4352.8138 | H55: 4347.2017 | I55: 4337.9393 | J55: 4333.775 | K55: 4390.4116 | L55: 4407.766 | M55: 4458.0804 | N55: 4450.5801 | O55: 4280.0092 | P55: 4254.1397 | Q55: 4429.4869 | R55: 4586.2694 | S55: 4444.6382 | T55: 4880.0012 | U55: 5272.0477 | V55: 5385.1884 | W55: 5545.6336 | X55: 5829.4928 | Y55: 6195.9716 | Z55: 6248.7855 | AA55: 6432.3715 | AB55: 6859.4774 | AC55: 6774.5237 | AD55: 7037.4044 | AE55: 6949.5437 | AF55: 6594.3118 | AG55: 6202.9509
A56: * Based on the total mileage
A58: Discrepancy between effective and theoretical efficiencies (ratio) | B58: =IF(B48=0,0,B48/B53) -> 0.51234284 | C58: =IF(C48=0,0,C48/C53) -> 0.51234281 | D58: =IF(D48=0,0,D48/D53) -> 0.51234283 | E58: =IF(E48=0,0,E48/E53) -> 0.51234281 | F58: =IF(F48=0,0,F48/F53) -> 0.51234281 | G58: =IF(G48=0,0,G48/G53) -> 0.51234282 | H58: =IF(H48=0,0,H48/H53) -> 0.50171613 | I58: =IF(I48=0,0,I48/I53) -> 0.50329568 | ... AG58: =IF(AG48=0,0,AG48/AG53) -> 0.43592211
A59: Intra-EU27 | B59: =IF(B49=0,0,B49/B54) -> 0.35699075 | C59: =IF(C49=0,0,C49/C54) -> 0.35699073 | D59: =IF(D49=0,0,D49/D54) -> 0.35699074 | E59: =IF(E49=0,0,E49/E54) -> 0.35699073 | F59: =IF(F49=0,0,F49/F54) -> 0.35699073 | G59: =IF(G49=0,0,G49/G54) -> 0.35699074 | H59: =IF(H49=0,0,H49/H54) -> 0.34958626 | I59: =IF(I49=0,0,I49/I54) -> 0.35068686 | ... AG59: =IF(AG49=0,0,AG49/AG54) -> 0.27321301
A60: Extra-EU27 | B60: =IF(B50=0,0,B50/B55) -> 0.73380949 | C60: =IF(C50=0,0,C50/C55) -> 0.73380942 | D60: =IF(D50=0,0,D50/D55) -> 0.73380945 | E60: =IF(E50=0,0,E50/E55) -> 0.73380941 | F60: =IF(F50=0,0,F50/F55) -> 0.73380941 | G60: =IF(G50=0,0,G50/G55) -> 0.73380944 | H60: =IF(H50=0,0,H50/H55) -> 0.72800024 | I60: =IF(I50=0,0,I50/I55) -> 0.73174263 | ... AG60: =IF(AG50=0,0,AG50/AG55) -> 0.68929179
A62: Emission factors (kt CO2 / ktoe) | B62: =IF(B66=0,0,B66/B25) -> 3.2405832 | C62: =IF(C66=0,0,C66/C25) -> 3.1991085 | D62: =IF(D66=0,0,D66/D25) -> 3.2064979 | E62: =IF(E66=0,0,E66/E25) -> 3.2096941 | F62: =IF(F66=0,0,F66/F25) -> 3.2115457 | G62: =IF(G66=0,0,G66/G25) -> 3.2073834 | H62: =IF(H66=0,0,H66/H25) -> 3.2072357 | I62: =IF(I66=0,0,I66/I25) -> 3.1024188 | ... AG62: =IF(AG66=0,0,AG66/AG25) -> 3.1429497
A63: Intra-EU27 | B63: =IF(B67=0,0,B67/B26) -> 3.2405832 | C63: =IF(C67=0,0,C67/C26) -> 3.1648207 | D63: =IF(D67=0,0,D67/D26) -> 3.1759805 | E63: =IF(E67=0,0,E67/E26) -> 3.1820384 | F63: =IF(F67=0,0,F67/F26) -> 3.1855477 | G63: =IF(G67=0,0,G67/G26) -> 3.1776588 | H63: =IF(H67=0,0,H67/H26) -> 3.1780562 | I63: =IF(I67=0,0,I67/I26) -> 3.1024188 | ... AG63: =IF(AG67=0,0,AG67/AG26) -> 3.1024188
A64: Extra-EU27 | B64: =IF(B68=0,0,B68/B32) -> 3.2405832 | C64: =IF(C68=0,0,C68/C32) -> 3.2228882 | D64: =IF(D68=0,0,D68/D32) -> 3.2276627 | E64: =IF(E68=0,0,E68/E32) -> 3.2288742 | F64: =IF(F68=0,0,F68/F32) -> 3.2295761 | G64: =IF(G68=0,0,G68/G32) -> 3.2279983 | H64: =IF(H68=0,0,H68/H32) -> 3.2280778 | I64: =IF(I68=0,0,I68/I32) -> 3.1024188 | ... AG64: =IF(AG68=0,0,AG68/AG32) -> 3.1679663
A66: CO2 emissions (kt CO2) | B66: =SUM(B67:B68) -> 184.49061 | C66: =SUM(C67:C68) -> 926.47944 | D66: =SUM(D67:D68) -> 854.3307 | E66: =SUM(E67:E68) -> 825.71355 | F66: =SUM(F67:F68) -> 831.78951 | G66: =SUM(G67:G68) -> 863.65239 | H66: =SUM(H67:H68) -> 750.60705 | I66: =SUM(I67:I68) -> 28.6767 | ... AG66: =SUM(AG67:AG68) -> 267.84445
A67: Intra-EU27 | B67: 75.552076 | C67: 375.34275 | D67: 346.53331 | E67: 335.23032 | F67: 337.87461 | G67: 350.40273 | H67: 309.90352 | I67: 11.979048 | J67: 91.619324 | K67: 10.73341 | L67: 85.507593 | M67: 127.50055 | N67: 141.60299 | O67: 147.60434 | P67: 115.4279 | Q67: 109.39231 | R67: 112.40513 | S67: 42.846647 | T67: 114.43672 | U67: 286.42931 | V67: 118.87446 | W67: 100.76406 | X67: 84.506055 | Y67: 125.63069 | Z67: 107.49944 | AA67: 106.9707 | AB67: 103.56345 | AC67: 111.99881 | AD67: 117.65532 | AE67: 105.93657 | AF67: 109.30015 | AG67: 100.90605
A68: Extra-EU27 | B68: 108.93853 | C68: 551.13669 | D68: 507.79739 | E68: 490.48323 | F68: 493.9149 | G68: 513.24966 | H68: 440.70353 | I68: 16.697652 | J68: 131.42165 | K68: 14.697559 | L68: 118.41549 | M68: 178.32478 | N68: 192.95859 | O68: 288.91879 | P68: 250.99657 | Q68: 241.10072 | R68: 216.45127 | S68: 120.14371 | T68: 267.34892 | U68: 360.2071 | V68: 186.53187 | W68: 137.23587 | X68: 115.36726 | Y68: 158.41099 | Z68: 148.52467 | AA68: 164.91758 | AB68: 140.19189 | AC68: 139.55761 | AD68: 140.45209 | AE68: 131.56646 | AF68: 155.68873 | AG68: 166.9384
A69: * Based on the energy consumption figures reported in the Eurostat energy balances
A71: Emission intensity (kg of CO2 / 100 km) | B71: =IF(B66=0,0,100*B66/B12) -> 8804.86 | C71: =IF(C66=0,0,100*C66/C12) -> 8692.1682 | D71: =IF(D66=0,0,100*D66/D12) -> 8712.247 | E71: =IF(E66=0,0,100*E66/E12) -> 8720.9293 | F71: =IF(F66=0,0,100*F66/F12) -> 8725.9602 | G71: =IF(G66=0,0,100*G66/G12) -> 8714.6525 | H71: =IF(H66=0,0,100*H66/H12) -> 8560.7 | I71: =IF(I66=0,0,100*I66/I12) -> 8303.0619 | ... AG71: =IF(AG66=0,0,100*AG66/AG12) -> 9856.4917
A72: Intra-EU27 | B72: =IF(B67=0,0,100*B67/B13) -> 7244.6373 | C72: =IF(C67=0,0,100*C67/C13) -> 7075.2626 | D72: =IF(D67=0,0,100*D67/D13) -> 7100.2122 | E72: =IF(E67=0,0,100*E67/E13) -> 7113.7539 | F72: =IF(F67=0,0,100*F67/F13) -> 7121.5996 | G72: =IF(G67=0,0,100*G67/G13) -> 7103.9638 | H72: =IF(H67=0,0,100*H67/H13) -> 6957.4872 | I72: =IF(I67=0,0,100*I67/I13) -> 6813.2839 | ... AG72: =IF(AG67=0,0,100*AG67/AG13) -> 6795.1207
A73: Extra-EU27 | B73: =IF(B68=0,0,100*B68/B14) -> 10350.867 | C73: =IF(C68=0,0,100*C68/C14) -> 10294.341 | D73: =IF(D68=0,0,100*D68/D14) -> 10309.594 | E73: =IF(E68=0,0,100*E68/E14) -> 10313.461 | F73: =IF(F68=0,0,100*F68/F14) -> 10315.702 | G73: =IF(G68=0,0,100*G68/G14) -> 10310.665 | H73: =IF(H68=0,0,100*H68/H14) -> 10216.104 | I73: =IF(I68=0,0,100*I68/I14) -> 9847.8687 | ... AG73: =IF(AG68=0,0,100*AG68/AG14) -> 13545.093
A75: Emission intensity over activity (kg of CO2 / thousand tkm) | B75: =IF(B66=0,0,1000*B66/B3) -> 7.7090022 | C75: =IF(C66=0,0,1000*C66/C3) -> 7.6103384 | D75: =IF(D66=0,0,1000*D66/D3) -> 7.6279169 | E75: =IF(E66=0,0,1000*E66/E3) -> 7.6355204 | F75: =IF(F66=0,0,1000*F66/F3) -> 7.639925 | G75: =IF(G66=0,0,1000*G66/G3) -> 7.6300235 | H75: =IF(H66=0,0,1000*H66/H3) -> 7.5689641 | I75: =IF(I66=0,0,1000*I66/I3) -> 7.3304252 | ... AG75: =IF(AG66=0,0,1000*AG66/AG3) -> 5.8990632
A76: Intra-EU27 | B76: =IF(B67=0,0,1000*B67/B4) -> 14.184862 | C76: =IF(C67=0,0,1000*C67/C4) -> 13.853229 | D76: =IF(D67=0,0,1000*D67/D4) -> 13.902078 | E76: =IF(E67=0,0,1000*E67/E4) -> 13.928595 | F76: =IF(F67=0,0,1000*F67/F4) -> 13.943956 | G76: =IF(G67=0,0,1000*G67/G4) -> 13.909425 | H76: =IF(H67=0,0,1000*H67/H4) -> 13.622628 | I76: =IF(I67=0,0,1000*I67/I4) -> 13.340278 | ... AG76: =IF(AG67=0,0,1000*AG67/AG4) -> 9.4600312
A77: Extra-EU27 | B77: =IF(B68=0,0,1000*B68/B5) -> 5.8551496 | C77: =IF(C68=0,0,1000*C68/C5) -> 5.8231781 | D77: =IF(D68=0,0,1000*D68/D5) -> 5.8318047 | E77: =IF(E68=0,0,1000*E68/E5) -> 5.8339938 | F77: =IF(F68=0,0,1000*F68/F5) -> 5.835262 | G77: =IF(G68=0,0,1000*G68/G5) -> 5.8324112 | H77: =IF(H68=0,0,1000*H68/H5) -> 5.7668697 | I77: =IF(I68=0,0,1000*I68/I5) -> 5.5399395 | ... AG77: =IF(AG68=0,0,1000*AG68/AG5) -> 4.8056413
A79: Shares of CO2 emissions (%) | B79: =IF(B66=0,0,B66/B$66) -> 1 | C79: =IF(C66=0,0,C66/C$66) -> 1 | D79: =IF(D66=0,0,D66/D$66) -> 1 | E79: =IF(E66=0,0,E66/E$66) -> 1 | F79: =IF(F66=0,0,F66/F$66) -> 1 | G79: =IF(G66=0,0,G66/G$66) -> 1 | H79: =IF(H66=0,0,H66/H$66) -> 1 | I79: =IF(I66=0,0,I66/I$66) -> 1 | ... AG79: =IF(AG66=0,0,AG66/AG$66) -> 1
A80: Intra-EU27 | B80: =IF(B67=0,0,B67/B$66) -> 0.40951719 | C80: =IF(C67=0,0,C67/C$66) -> 0.40512799 | D80: =IF(D67=0,0,D67/D$66) -> 0.40561964 | E80: =IF(E67=0,0,E67/E$66) -> 0.40598863 | F80: =IF(F67=0,0,F67/F$66) -> 0.40620205 | G80: =IF(G67=0,0,G67/G$66) -> 0.40572195 | H80: =IF(H67=0,0,H67/H$66) -> 0.41287052 | I80: =IF(I67=0,0,I67/I$66) -> 0.41772755 | ... AG80: =IF(AG67=0,0,AG67/AG$66) -> 0.37673377
A81: Extra-EU27 | B81: =IF(B68=0,0,B68/B$66) -> 0.59048281 | C81: =IF(C68=0,0,C68/C$66) -> 0.59487201 | D81: =IF(D68=0,0,D68/D$66) -> 0.59438036 | E81: =IF(E68=0,0,E68/E$66) -> 0.59401137 | F81: =IF(F68=0,0,F68/F$66) -> 0.59379795 | G81: =IF(G68=0,0,G68/G$66) -> 0.59427805 | H81: =IF(H68=0,0,H68/H$66) -> 0.58712948 | I81: =IF(I68=0,0,I68/I$66) -> 0.58227245 | ... AG81: =IF(AG68=0,0,AG68/AG$66) -> 0.62326623
A83: CO2 emissions - MRV compliant (kt CO2) | AD83: =SUM(AD84:AD85) -> 258.10741 | AE83: =SUM(AE84:AE85) -> 237.50303 | AF83: =SUM(AF84:AF85) -> 264.98888 | AG83: =SUM(AG84:AG85) -> 267.84445
A84: Intra-EU27 | AD84: 117.65532 | AE84: 105.93657 | AF84: 109.30015 | AG84: 100.90605
A85: Extra-EU27 | AD85: 140.45209 | AE85: 131.56646 | AF85: 155.68873 | AG85: 166.9384
A86: * Considering half of the emissions for Intra-EU voyages at the Member State level (thus matching the total in the EU aggregation) and the full emissions for Extra-EU movements
A87: ** Intra-EU emissions include emissions within EU ports at berth
A89: UNFCCC emissions (kt CO2) | B89: 182.664 | C89: 904.0104 | D89: 844.57152 | E89: 816.40008 | F89: 822.47679 | G89: 853.82109 | H89: 742.05765 | I89: 28.20987 | J89: 219.4101 | K89: 25.03701 | L89: 200.60352 | M89: 300.86685 | N89: 329.11515 | O89: 429.41691 | P89: 360.45945 | Q89: 344.7873 | R89: 328.85639 | S89: 162.99036 | T89: 381.78558 | U89: 646.6365 | V89: 305.40636 | W89: 237.10221 | X89: 199.87335 | Y89: 282.8236 | Z89: 254.99083 | AA89: 270.59237 | AB89: 242.45692 | AC89: 250.23098 | AD89: 256.86628 | AE89: 234.14552 | AF89: 261.47898 | AG89: 264.5332
A91: Residual CO2 emissions for UNFCCC calibration (kt CO2) | B91: =B89-B$66 -> -1.826609 | C91: =C89-C$66 -> -22.469037 | D91: =D89-D$66 -> -9.7591795 | E91: =E89-E$66 -> -9.3134696 | F91: =F89-F$66 -> -9.3127176 | G91: =G89-G$66 -> -9.831299 | H91: =H89-H$66 -> -8.5494024 | I91: =I89-I$66 -> -0.46683 | ... AG91: =AG89-AG$66 -> -3.3112456
A92: Intra-EU27 | B92: =IF(B$66=0,50%,B$67/B$66)*B91 -> -0.7480278 | C92: =IF(C$66=0,50%,C$67/C$66)*C91 -> -9.102836 | D92: =IF(D$66=0,50%,D$67/D$66)*D91 -> -3.9585149 | E92: =IF(E$66=0,50%,E$67/E$66)*E91 -> -3.7811628 | F92: =IF(F$66=0,50%,F$67/F$66)*F91 -> -3.782845 | G92: =IF(G$66=0,50%,G$67/G$66)*G91 -> -3.9887738 | H92: =IF(H$66=0,50%,H$67/H$66)*H91 -> -3.5297962 | I92: =IF(I$66=0,50%,I$67/I$66)*I91 -> -0.19500775 | ... AG92: =IF(AG$66=0,50%,AG$67/AG$66)*AG91 -> -1.247458
A93: Extra-EU27 | B93: =B91-B92 -> -1.0785812 | C93: =C91-C92 -> -13.366202 | D93: =D91-D92 -> -5.8006646 | E93: =E91-E92 -> -5.5323068 | F93: =F91-F92 -> -5.5298726 | G93: =G91-G92 -> -5.8425252 | H93: =H91-H92 -> -5.0196062 | I93: =I91-I92 -> -0.27182225 | ... AG93: =AG91-AG92 -> -2.0637876
A95: Annual mileage of a representative vessel | B95: 115000 | C95: 115000 | D95: 115000 | E95: 115000 | F95: 115000 | G95: 115000 | H95: 115000 | I95: 115000 | J95: 115000 | K95: 115000 | L95: 115000 | M95: 115000 | N95: 115000 | O95: 115000 | P95: 115000 | Q95: 115000 | R95: 115000 | S95: 115000 | T95: 115000 | U95: 115000 | V95: 115000 | W95: 115000 | X95: 115000 | Y95: 115000 | Z95: 115000 | AA95: 115000 | AB95: 115000 | AC95: 115000 | AD95: 115000 | AE95: 115000 | AF95: 115000 | AG95: 115000
A97: Stock of representative vessels | B97: =SUM(B98:B99) -> 18.220235 | C97: =SUM(C98:C99) -> 92.685078 | D97: =SUM(D98:D99) -> 85.270339 | E97: =SUM(E98:E99) -> 82.332026 | F97: =SUM(F98:F99) -> 82.890043 | G97: =SUM(G98:G99) -> 86.176939 | H97: =SUM(H98:H99) -> 76.243974 | I97: =SUM(I98:I99) -> 3.0032609 | ... AG97: =SUM(AG98:AG99) -> 26.204193
A98: Intra-EU27 | B98: 9.0684261 | C98: 46.130443 | D98: 42.440043 | E98: 40.977609 | F98: 41.255339 | G98: 42.89127 | H98: 38.732565 | I98: 1.5288609 | J98: 11.37333 | K98: 1.4596348 | L98: 11.57207 | M98: 16.631687 | N98: 16.907374 | O98: 15.750167 | P98: 14.59296 | Q98: 13.435753 | R98: 13.509287 | S98: 12.35208 | T98: 11.194873 | U98: 13.468426 | V98: 12.311219 | W98: 14.396522 | X98: 13.239315 | Y98: 16.611313 | Z98: 15.454106 | AA98: 14.296899 | AB98: 13.542704 | AC98: 15.598522 | AD98: 17.346904 | AE98: 17.400896 | AF98: 16.243689 | AG98: 15.086482
A99: Extra-EU27 | B99: 9.1518087 | C99: 46.554635 | D99: 42.830296 | E99: 41.354417 | F99: 41.634704 | G99: 43.28567 | H99: 37.511409 | I99: 1.4744 | J99: 11.442809 | K99: 1.3371478 | L99: 10.879365 | M99: 15.842704 | N99: 15.525711 | O99: 19.58745 | P99: 20.240638 | Q99: 20.06861 | R99: 20.415861 | S99: 19.332604 | T99: 18.246496 | U99: 17.613117 | V99: 17.516791 | W99: 17.659866 | X99: 16.57193 | Y99: 15.483993 | Z99: 14.396057 | AA99: 13.30812 | AB99: 12.272065 | AC99: 11.638297 | AD99: 10.7216 | AE99: 11.493398 | AF99: 10.405462 | AG99: 11.117711
A101: New representative vessels (total) | B101: =SUM(B102:B103) -> 0 | C101: =SUM(C102:C103) -> 74.985422 | D101: =SUM(D102:D103) -> 0 | E101: =SUM(E102:E103) -> 0 | F101: =SUM(F102:F103) -> 1.0785955 | G101: =SUM(G102:G103) -> 3.8074738 | H101: =SUM(H102:H103) -> 0 | I101: =SUM(I102:I103) -> 0 | ... AG101: =SUM(AG102:AG103) -> 1.1101578
A102: Intra-EU27 | B102: 0 | C102: 37.321115 | D102: 0 | E102: 0 | F102: 0.53682832 | G102: 1.8950283 | H102: 0 | I102: 0 | J102: 10.103567 | K102: 0 | L102: 10.371533 | M102: 5.3187153 | N102: 0.53478484 | O102: 0 | P102: 0 | Q102: 0 | R102: 0.3326318 | S102: 0 | T102: 0 | U102: 2.5326509 | V102: 0 | W102: 2.3444005 | X102: 0 | Y102: 3.6310961 | Z102: 0 | AA102: 0 | AB102: 0 | AC102: 2.3149153 | AD102: 2.0074805 | AE102: 0.31308919 | AF102: 0 | AG102: 0
A103: Extra-EU27 | B103: 0 | C103: 37.664306 | D103: 0 | E103: 0 | F103: 0.5417672 | G103: 1.9124455 | H103: 0 | I103: 0 | J103: 10.229889 | K103: 0 | L103: 9.8036976 | M103: 5.2248194 | N103: 0.18159106 | O103: 4.4590822 | P103: 1.0505327 | Q103: 0.22531528 | R103: 0.60873155 | S103: 0.0041157764 | T103: 0.0012636025 | U103: 0.31812944 | V103: 0.85574758 | W103: 1.0951476 | X103: 0 | Y103: 0 | Z103: 0 | AA103: 0 | AB103: 0.051317516 | AC103: 0.010098385 | AD103: 0.015698385 | AE103: 1.0455386 | AF103: 0 | AG103: 1.1101578

Sheet CY
A1: CY - Cyprus | B1: 1990 | C1: 1991 | D1: 1992 | E1: 1993 | F1: 1994 | G1: 1995 | H1: 1996 | I1: 1997 | J1: 1998 | K1: 1999 | L1: 2000 | M1: 2001 | N1: 2002 | O1: 2003 | P1: 2004 | Q1: 2005 | R1: 2006 | S1: 2007 | T1: 2008 | U1: 2009 | V1: 2010 | W1: 2011 | X1: 2012 | Y1: 2013 | Z1: 2014 | AA1: 2015 | AB1: 2016 | AC1: 2017 | AD1: 2018 | AE1: 2019 | AF1: 2020 | AG1: 2021
A3: Transport activity (Mtkm) | B3: =SUM(B4:B5) -> 1252.0964 | C3: =SUM(C4:C5) -> 1204.6688 | D3: =SUM(D4:D5) -> 1269.1079 | E3: =SUM(E4:E5) -> 1070.3662 | F3: =SUM(F4:F5) -> 1320.0094 | G3: =SUM(G4:G5) -> 1471.2673 | H3: =SUM(H4:H5) -> 1993.7458 | I3: =SUM(I4:I5) -> 2152.8893 | ... AG3: =SUM(AG4:AG5) -> 10766.478
A4: Intra-EU27 | B4: 903.83051 | C4: 869.59472 | D4: 916.11032 | E4: 772.64787 | F4: 952.85374 | G4: 1062.0398 | H4: 1460.4909 | I4: 1587.7585 | J4: 1526.3471 | K4: 2694.4757 | L4: 3308.6261 | M4: 3194.7414 | N4: 2307.6426 | O4: 1893.8446 | P4: 2601.0417 | Q4: 2215.4062 | R4: 2522.2898 | S4: 1984.0281 | T4: 3083.5667 | U4: 2454.442 | V4: 2296.246 | W4: 5102.8494 | X4: 6400.8264 | Y4: 5939.663 | Z4: 6134.3398 | AA4: 5507.7169 | AB4: 8318.9475 | AC4: 6222.679 | AD4: 5407.1133 | AE4: 6583.1807 | AF4: 6615.0983 | AG4: 6761.1912
A5: Extra-EU27 | B5: 348.2659 | C5: 335.07409 | D5: 352.99758 | E5: 297.71832 | F5: 367.15564 | G5: 409.22745 | H5: 533.25492 | I5: 565.13084 | J5: 561.30801 | K5: 1021.9412 | L5: 1333.9999 | M5: 1287.715 | N5: 942.83211 | O5: 636.02646 | P5: 686.46411 | Q5: 2065.0734 | R5: 2007.1514 | S5: 5010.2546 | T5: 3810.7224 | U5: 2182.7779 | V5: 2488.4386 | W5: 3089.5741 | X5: 3704.2824 | Y5: 3541.0187 | Z5: 3915.2896 | AA5: 4884.5515 | AB5: 5761.6602 | AC5: 5316.3058 | AD5: 5718.5549 | AE5: 4738.9298 | AF5: 4469.0242 | AG5: 4005.2865
A6: * Considering both inwards and outwards flows of goods transported with half of the distance of the voyages (thus the total distance for Intra-EU in the EU aggregation)
A8: Market shares of activity (% of tkm) | B8: =IF(B3=0,0,B3/B$3) -> 1 | C8: =IF(C3=0,0,C3/C$3) -> 1 | D8: =IF(D3=0,0,D3/D$3) -> 1 | E8: =IF(E3=0,0,E3/E$3) -> 1 | F8: =IF(F3=0,0,F3/F$3) -> 1 | G8: =IF(G3=0,0,G3/G$3) -> 1 | H8: =IF(H3=0,0,H3/H$3) -> 1 | I8: =IF(I3=0,0,I3/I$3) -> 1 | ... AG8: =IF(AG3=0,0,AG3/AG$3) -> 1
A9: Intra-EU27 | B9: =IF(B4=0,0,B4/B$3) -> 0.72185377 | C9: =IF(C4=0,0,C4/C$3) -> 0.72185377 | D9: =IF(D4=0,0,D4/D$3) -> 0.72185377 | E9: =IF(E4=0,0,E4/E$3) -> 0.72185377 | F9: =IF(F4=0,0,F4/F$3) -> 0.72185377 | G9: =IF(G4=0,0,G4/G$3) -> 0.72185377 | H9: =IF(H4=0,0,H4/H$3) -> 0.73253615 | I9: =IF(I4=0,0,I4/I$3) -> 0.73750121 | ... AG9: =IF(AG4=0,0,AG4/AG$3) -> 0.62798544
A10: Extra-EU27 | B10: =IF(B5=0,0,B5/B$3) -> 0.27814623 | C10: =IF(C5=0,0,C5/C$3) -> 0.27814623 | D10: =IF(D5=0,0,D5/D$3) -> 0.27814623 | E10: =IF(E5=0,0,E5/E$3) -> 0.27814623 | F10: =IF(F5=0,0,F5/F$3) -> 0.27814623 | G10: =IF(G5=0,0,G5/G$3) -> 0.27814623 | H10: =IF(H5=0,0,H5/H$3) -> 0.26746385 | I10: =IF(I5=0,0,I5/I$3) -> 0.26249879 | ... AG10: =IF(AG5=0,0,AG5/AG$3) -> 0.37201456
A12: Vehicle-km (Mvkm) | B12: =SUM(B13:B14) -> 0.194233 | C12: =SUM(C13:C14) -> 0.186877 | D12: =SUM(D13:D14) -> 0.196872 | E12: =SUM(E13:E14) -> 0.166043 | F12: =SUM(F13:F14) -> 0.204769 | G12: =SUM(G13:G14) -> 0.228232 | H12: =SUM(H13:H14) -> 0.30971 | I12: =SUM(I13:I14) -> 0.334289 | ... AG12: =SUM(AG13:AG14) -> 1.000226
A13: Intra-EU27 | B13: 0.148515 | C13: 0.14289 | D13: 0.150533 | E13: 0.12696 | F13: 0.156571 | G13: 0.174512 | H13: 0.239985 | I13: 0.260897 | J13: 0.250806 | K13: 0.44275 | L13: 0.543666 | M13: 0.518099 | N13: 0.368413 | O13: 0.300576 | P13: 0.419793 | Q13: 0.353211 | R13: 0.390191 | S13: 0.299581 | T13: 0.440858 | U13: 0.331157 | V13: 0.305779 | W13: 0.670556 | X13: 0.828813 | Y13: 0.770185 | Z13: 0.799231 | AA13: 0.679397 | AB13: 1.012736 | AC13: 0.742442 | AD13: 0.673657 | AE13: 0.841964 | AF13: 0.734459 | AG13: 0.794667
A14: Extra-EU27 | B14: 0.045718 | C14: 0.043987 | D14: 0.046339 | E14: 0.039083 | F14: 0.048198 | G14: 0.05372 | H14: 0.069725 | I14: 0.073392 | J14: 0.072666 | K14: 0.137396 | L14: 0.181085 | M14: 0.171349 | N14: 0.123982 | O14: 0.080233 | P14: 0.095134 | Q14: 0.139219 | R14: 0.136538 | S14: 0.260425 | T14: 0.211866 | U14: 0.153542 | V14: 0.131281 | W14: 0.226683 | X14: 0.223843 | Y14: 0.202261 | Z14: 0.2212 | AA14: 0.295212 | AB14: 0.289805 | AC14: 0.254715 | AD14: 0.28061 | AE14: 0.25641 | AF14: 0.217033 | AG14: 0.205559
A15: * Considering half of the distance of the voyages (thus the total distance for Intra-EU in the EU aggregation)
A17: Market shares of vehicle km (% of km) | B17: =IF(B12=0,0,B12/B$12) -> 1 | C17: =IF(C12=0,0,C12/C$12) -> 1 | D17: =IF(D12=0,0,D12/D$12) -> 1 | E17: =IF(E12=0,0,E12/E$12) -> 1 | F17: =IF(F12=0,0,F12/F$12) -> 1 | G17: =IF(G12=0,0,G12/G$12) -> 1 | H17: =IF(H12=0,0,H12/H$12) -> 1 | I17: =IF(I12=0,0,I12/I$12) -> 1 | ... AG17: =IF(AG12=0,0,AG12/AG$12) -> 1
A18: Intra-EU27 | B18: =IF(B13=0,0,B13/B$12) -> 0.7646229 | C18: =IF(C13=0,0,C13/C$12) -> 0.76462058 | D18: =IF(D13=0,0,D13/D$12) -> 0.76462371 | E18: =IF(E13=0,0,E13/E$12) -> 0.76462121 | F18: =IF(F13=0,0,F13/F$12) -> 0.76462257 | G18: =IF(G13=0,0,G13/G$12) -> 0.76462547 | H18: =IF(H13=0,0,H13/H$12) -> 0.77487004 | I18: =IF(I13=0,0,I13/I$12) -> 0.78045344 | ... AG18: =IF(AG13=0,0,AG13/AG$12) -> 0.79448745
A19: Extra-EU27 | B19: =IF(B14=0,0,B14/B$12) -> 0.2353771 | C19: =IF(C14=0,0,C14/C$12) -> 0.23537942 | D19: =IF(D14=0,0,D14/D$12) -> 0.23537629 | E19: =IF(E14=0,0,E14/E$12) -> 0.23537879 | F19: =IF(F14=0,0,F14/F$12) -> 0.23537743 | G19: =IF(G14=0,0,G14/G$12) -> 0.23537453 | H19: =IF(H14=0,0,H14/H$12) -> 0.22512996 | I19: =IF(I14=0,0,I14/I$12) -> 0.21954656 | ... AG19: =IF(AG14=0,0,AG14/AG$12) -> 0.20551255
A21: Load factor of vessels (t/movement) | B21: =IF(B3=0,0,B3/B12) -> 6446.3629 | C21: =IF(C3=0,0,C3/C12) -> 6446.3193 | D21: =IF(D3=0,0,D3/D12) -> 6446.3606 | E21: =IF(E3=0,0,E3/E12) -> 6446.3193 | F21: =IF(F3=0,0,F3/F12) -> 6446.3341 | G21: =IF(G3=0,0,G3/G12) -> 6446.3672 | H21: =IF(H3=0,0,H3/H12) -> 6437.4602 | I21: =IF(I3=0,0,I3/I12) -> 6440.2039 | ... AG21: =IF(AG3=0,0,AG3/AG12) -> 10764.045
A22: Intra-EU27 | B22: =IF(B4=0,0,B4/B13) -> 6085.786 | C22: =IF(C4=0,0,C4/C13) -> 6085.7633 | D22: =IF(D4=0,0,D4/D13) -> 6085.7774 | E22: =IF(E4=0,0,E4/E13) -> 6085.7583 | F22: =IF(F4=0,0,F4/F13) -> 6085.7614 | G22: =IF(G4=0,0,G4/G13) -> 6085.7696 | H22: =IF(H4=0,0,H4/H13) -> 6085.759 | I22: =IF(I4=0,0,I4/I13) -> 6085.7675 | ... AG22: =IF(AG4=0,0,AG4/AG13) -> 8508.2069
A23: Extra-EU27 | B23: =IF(B5=0,0,B5/B14) -> 7617.6976 | C23: =IF(C5=0,0,C5/C14) -> 7617.5709 | D23: =IF(D5=0,0,D5/D14) -> 7617.7212 | E23: =IF(E5=0,0,E5/E14) -> 7617.5914 | F23: =IF(F5=0,0,F5/F14) -> 7617.6529 | G23: =IF(G5=0,0,G5/G14) -> 7617.7858 | H23: =IF(H5=0,0,H5/H14) -> 7647.9731 | I23: =IF(I5=0,0,I5/I14) -> 7700.1695 | ... AG23: =IF(AG5=0,0,AG5/AG14) -> 19484.851
A25: Total energy consumption (ktoe) | B25: =SUM(B26,B32) -> 57.458383 | C25: =SUM(C26,C32) -> 55.281943 | D25: =SUM(D26,D32) -> 58.239037 | E25: =SUM(E26,E32) -> 49.118831 | F25: =SUM(F26,F32) -> 60.574893 | G25: =SUM(G26,G32) -> 67.516079 | H25: =SUM(H26,H32) -> 89.361737 | I25: =SUM(I26,I32) -> 97.205847 | ... AG25: =SUM(AG26,AG32) -> 252.59295
A26: Intra-EU27 | B26: =SUM(B27:B31) -> 30.894003 | C26: =SUM(C27:C31) -> 29.723768 | D26: =SUM(D27:D31) -> 31.313744 | E26: =SUM(E27:E31) -> 26.410013 | F26: =SUM(F27:F31) -> 32.569667 | G26: =SUM(G27:G31) -> 36.301799 | H26: =SUM(H27:H31) -> 48.680495 | I26: =SUM(I27:I31) -> 53.338988 | ... AG26: =SUM(AG27:AG31) -> 132.0258
A27: Gas oil and diesel oil (excluding biofuel portion) | B27: 21.032025 | C27: 17.526672 | D27: 18.402976 | E27: 12.268649 | F27: 10.515975 | G27: 13.145026 | H27: 21.999091 | I27: 23.813144 | J27: 30.808957 | K27: 40.273818 | L27: 43.535356 | M27: 40.948269 | N27: 28.710528 | O27: 31.861027 | P27: 24.10472 | Q27: 58.540873 | R27: 93.23551 | S27: 84.340015 | T27: 75.714075 | U27: 62.241682 | V27: 45.912874 | W27: 50.672672 | X27: 61.189365 | Y27: 73.510067 | Z27: 70.802352 | AA27: 64.216221 | AB27: 84.208747 | AC27: 88.704053 | AD27: 101.46277 | AE27: 108.83194 | AF27: 103.13993 | AG27: 98.092688
A28: Fuel oil and Other oil products | B28: 9.8619786 | C28: 12.197096 | D28: 12.910768 | E28: 14.141364 | F28: 22.053692 | G28: 23.156773 | H28: 26.681404 | I28: 29.525844 | J28: 22.470195 | K28: 41.441769 | L28: 56.745573 | M28: 58.917481 | N28: 42.871528 | O28: 36.303703 | P28: 7.1429312 | Q28: 94.285115 | R28: 66.249327 | S28: 32.669097 | T28: 52.230018 | U28: 45.487201 | V28: 49.873204 | W28: 54.47808 | X28: 49.061417 | Y28: 61.197196 | Z28: 58.963788 | AA28: 57.36551 | AB28: 75.50334 | AC28: 48.422219 | AD28: 37.159855 | AE28: 43.718373 | AF28: 41.542147 | AG28: 33.933114
A29: Blended biofuels | B29: 0 | C29: 0 | D29: 0 | E29: 0 | F29: 0 | G29: 0 | H29: 0 | I29: 0 | J29: 0 | K29: 0 | L29: 0 | M29: 0 | N29: 0 | O29: 0 | P29: 0 | Q29: 0 | R29: 0 | S29: 0 | T29: 0 | U29: 0 | V29: 0 | W29: 0 | X29: 0 | Y29: 0 | Z29: 0 | AA29: 0 | AB29: 0 | AC29: 0 | AD29: 0 | AE29: 0 | AF29: 0 | AG29: 0
A30: Natural gas | B30: 0 | C30: 0 | D30: 0 | E30: 0 | F30: 0 | G30: 0 | H30: 0 | I30: 0 | J30: 0 | K30: 0 | L30: 0 | M30: 0 | N30: 0 | O30: 0 | P30: 0 | Q30: 0 | R30: 0 | S30: 0 | T30: 0 | U30: 0 | V30: 0 | W30: 0 | X30: 0 | Y30: 0 | Z30: 0 | AA30: 0 | AB30: 0 | AC30: 0 | AD30: 0 | AE30: 0 | AF30: 0 | AG30: 0
A31: Biogases | B31: 0 | C31: 0 | D31: 0 | E31: 0 | F31: 0 | G31: 0 | H31: 0 | I31: 0 | J31: 0 | K31: 0 | L31: 0 | M31: 0 | N31: 0 | O31: 0 | P31: 0 | Q31: 0 | R31: 0 | S31: 0 | T31: 0 | U31: 0 | V31: 0 | W31: 0 | X31: 0 | Y31: 0 | Z31: 0 | AA31: 0 | AB31: 0 | AC31: 0 | AD31: 0 | AE31: 0 | AF31: 0 | AG31: 0
A32: Extra-EU27 | B32: =SUM(B33:B37) -> 26.56438 | C32: =SUM(C33:C37) -> 25.558175 | D32: =SUM(D33:D37) -> 26.925293 | E32: =SUM(E33:E37) -> 22.708818 | F32: =SUM(F33:F37) -> 28.005225 | G32: =SUM(G33:G37) -> 31.21428 | H32: =SUM(H33:H37) -> 40.681242 | I32: =SUM(I33:I37) -> 43.866859 | ... AG32: =SUM(AG33:AG37) -> 120.56715
A33: Gas oil and diesel oil (excluding biofuel portion) | B33: 3.6169006 | C33: 3.0140846 | D33: 3.1647798 | E33: 2.1098552 | F33: 1.8084449 | G33: 2.260563 | H33: 3.6768333 | I33: 3.9168641 | J33: 5.1373886 | K33: 6.9698623 | L33: 7.8164925 | M33: 7.3224964 | N33: 5.1817334 | O33: 5.1123175 | P33: 3.6252883 | Q33: 10.270649 | R33: 15.630441 | S33: 22.471851 | T33: 14.627369 | U33: 12.634414 | V33: 8.4998514 | W33: 8.8179559 | X33: 9.4405579 | Y33: 11.157173 | Z33: 10.988018 | AA33: 12.709488 | AB33: 13.182827 | AC33: 15.027246 | AD33: 19.139555 | AE33: 17.812682 | AF33: 18.664366 | AG33: 17.915825
A34: Fuel oil and Other oil products | B34: 22.94748 | C34: 22.544091 | D34: 23.760513 | E34: 20.598963 | F34: 26.196781 | G34: 28.953717 | H34: 37.004408 | I34: 39.949995 | J34: 39.284061 | K34: 63.7394 | L34: 82.207479 | M34: 81.969019 | N34: 59.414628 | O34: 49.575145 | P34: 19.872546 | Q34: 123.79141 | R34: 118.05351 | S34: 133.40975 | T34: 108.96164 | U34: 96.704803 | V34: 80.164543 | W34: 82.67265 | X34: 75.609262 | Y34: 91.070473 | Z34: 89.70586 | AA34: 107.60603 | AB34: 111.83131 | AC34: 101.12473 | AD34: 111.6067 | AE34: 107.02797 | AF34: 112.24513 | AG34: 102.65132
A35: Blended biofuels | B35: 0 | C35: 0 | D35: 0 | E35: 0 | F35: 0 | G35: 0 | H35: 0 | I35: 0 | J35: 0 | K35: 0 | L35: 0 | M35: 0 | N35: 0 | O35: 0 | P35: 0 | Q35: 0 | R35: 0 | S35: 0 | T35: 0 | U35: 0 | V35: 0 | W35: 0 | X35: 0 | Y35: 0 | Z35: 0 | AA35: 0 | AB35: 0 | AC35: 0 | AD35: 0 | AE35: 0 | AF35: 0 | AG35: 0
A36: Natural gas | B36: 0 | C36: 0 | D36: 0 | E36: 0 | F36: 0 | G36: 0 | H36: 0 | I36: 0 | J36: 0 | K36: 0 | L36: 0 | M36: 0 | N36: 0 | O36: 0 | P36: 0 | Q36: 0 | R36: 0 | S36: 0 | T36: 0 | U36: 0 | V36: 0 | W36: 0 | X36: 0 | Y36: 0 | Z36: 0 | AA36: 0 | AB36: 0 | AC36: 0 | AD36: 0 | AE36: 0 | AF36: 0 | AG36: 0
A37: Biogases | B37: 0 | C37: 0 | D37: 0 | E37: 0 | F37: 0 | G37: 0 | H37: 0 | I37: 0 | J37: 0 | K37: 0 | L37: 0 | M37: 0 | N37: 0 | O37: 0 | P37: 0 | Q37: 0 | R37: 0 | S37: 0 | T37: 0 | U37: 0 | V37: 0 | W37: 0 | X37: 0 | Y37: 0 | Z37: 0 | AA37: 0 | AB37: 0 | AC37: 0 | AD37: 0 | AE37: 0 | AF37: 0 | AG37: 0
A38: * As reported in the Eurostat energy balances
A40: Energy intensity over activity (kgoe / 000 tkm) | B40: =IF(B25=0,0,B25/(B3/1000)) -> 45.889744 | C40: =IF(C25=0,0,C25/(C3/1000)) -> 45.889744 | D40: =IF(D25=0,0,D25/(D3/1000)) -> 45.889744 | E40: =IF(E25=0,0,E25/(E3/1000)) -> 45.889744 | F40: =IF(F25=0,0,F25/(F3/1000)) -> 45.889744 | G40: =IF(G25=0,0,G25/(G3/1000)) -> 45.889744 | H40: =IF(H25=0,0,H25/(H3/1000)) -> 44.821029 | I40: =IF(I25=0,0,I25/(I3/1000)) -> 45.151344 | ... AG40: =IF(AG25=0,0,AG25/(AG3/1000)) -> 23.461057
A41: Intra-EU27 | B41: =IF(B26=0,0,B26/(B4/1000)) -> 34.181191 | C41: =IF(C26=0,0,C26/(C4/1000)) -> 34.181174 | D41: =IF(D26=0,0,D26/(D4/1000)) -> 34.181193 | E41: =IF(E26=0,0,E26/(E4/1000)) -> 34.181176 | F41: =IF(F26=0,0,F26/(F4/1000)) -> 34.181182 | G41: =IF(G26=0,0,G26/(G4/1000)) -> 34.181203 | H41: =IF(H26=0,0,H26/(H4/1000)) -> 33.331599 | I41: =IF(I26=0,0,I26/(I4/1000)) -> 33.593893 | ... AG41: =IF(AG26=0,0,AG26/(AG4/1000)) -> 19.527003
A42: Extra-EU27 | B42: =IF(B32=0,0,B32/(B5/1000)) -> 76.276146 | C42: =IF(C32=0,0,C32/(C5/1000)) -> 76.27619 | D42: =IF(D32=0,0,D32/(D5/1000)) -> 76.276139 | E42: =IF(E32=0,0,E32/(E5/1000)) -> 76.276184 | F42: =IF(F32=0,0,F32/(F5/1000)) -> 76.276169 | G42: =IF(G32=0,0,G32/(G5/1000)) -> 76.276115 | H42: =IF(H32=0,0,H32/(H5/1000)) -> 76.288544 | I42: =IF(I32=0,0,I32/(I5/1000)) -> 77.622483 | ... AG42: =IF(AG32=0,0,AG32/(AG5/1000)) -> 30.102003
A44: Shares of total energy consumption (%) | B44: =IF(B25=0,0,B25/B$25) -> 1 | C44: =IF(C25=0,0,C25/C$25) -> 1 | D44: =IF(D25=0,0,D25/D$25) -> 1 | E44: =IF(E25=0,0,E25/E$25) -> 1 | F44: =IF(F25=0,0,F25/F$25) -> 1 | G44: =IF(G25=0,0,G25/G$25) -> 1 | H44: =IF(H25=0,0,H25/H$25) -> 1 | I44: =IF(I25=0,0,I25/I$25) -> 1 | ... AG44: =IF(AG25=0,0,AG25/AG$25) -> 1
A45: Intra-EU27 | B45: =IF(B26=0,0,B26/B$25) -> 0.53767616 | C45: =IF(C26=0,0,C26/C$25) -> 0.53767589 | D45: =IF(D26=0,0,D26/D$25) -> 0.5376762 | E45: =IF(E26=0,0,E26/E$25) -> 0.53767593 | F45: =IF(F26=0,0,F26/F$25) -> 0.53767602 | G45: =IF(G26=0,0,G26/G$25) -> 0.53767635 | H45: =IF(H26=0,0,H26/H$25) -> 0.54475771 | I45: =IF(I26=0,0,I26/I$25) -> 0.54872202 | ... AG45: =IF(AG26=0,0,AG26/AG$25) -> 0.52268206
A46: Extra-EU27 | B46: =IF(B32=0,0,B32/B$25) -> 0.46232384 | C46: =IF(C32=0,0,C32/C$25) -> 0.46232411 | D46: =IF(D32=0,0,D32/D$25) -> 0.4623238 | E46: =IF(E32=0,0,E32/E$25) -> 0.46232407 | F46: =IF(F32=0,0,F32/F$25) -> 0.46232398 | G46: =IF(G32=0,0,G32/G$25) -> 0.46232365 | H46: =IF(H32=0,0,H32/H$25) -> 0.45524229 | I46: =IF(I32=0,0,I32/I$25) -> 0.45127798 | ... AG46: =IF(AG32=0,0,AG32/AG$25) -> 0.47731794
A48: Vehicle-efficiency - effective (kgoe/100 km) | B48: =IF(B25=0,0,100*B25/B12) -> 29582.194 | C48: =IF(C25=0,0,100*C25/C12) -> 29581.994 | D48: =IF(D25=0,0,100*D25/D12) -> 29582.184 | E48: =IF(E25=0,0,100*E25/E12) -> 29581.994 | F48: =IF(F25=0,0,100*F25/F12) -> 29582.062 | G48: =IF(G25=0,0,100*G25/G12) -> 29582.214 | H48: =IF(H25=0,0,100*H25/H12) -> 28853.359 | I48: =IF(I25=0,0,100*I25/I12) -> 29078.386 | ... AG48: =IF(AG25=0,0,100*AG25/AG12) -> 25253.588
A49: Intra-EU27 | B49: =IF(B26=0,0,100*B26/B13) -> 20801.941 | C49: =IF(C26=0,0,100*C26/C13) -> 20801.853 | D49: =IF(D26=0,0,100*D26/D13) -> 20801.913 | E49: =IF(E26=0,0,100*E26/E13) -> 20801.837 | F49: =IF(F26=0,0,100*F26/F13) -> 20801.852 | G49: =IF(G26=0,0,100*G26/G13) -> 20801.893 | H49: =IF(H26=0,0,100*H26/H13) -> 20284.807 | I49: =IF(I26=0,0,100*I26/I13) -> 20444.462 | ... AG49: =IF(AG26=0,0,100*AG26/AG13) -> 16613.978
A50: Extra-EU27 | B50: =IF(B32=0,0,100*B32/B14) -> 58104.861 | C50: =IF(C32=0,0,100*C32/C14) -> 58103.929 | D50: =IF(D32=0,0,100*D32/D14) -> 58105.036 | E50: =IF(E32=0,0,100*E32/E14) -> 58104.081 | F50: =IF(F32=0,0,100*F32/F14) -> 58104.538 | G50: =IF(G32=0,0,100*G32/G14) -> 58105.511 | H50: =IF(H32=0,0,100*H32/H14) -> 58345.273 | I50: =IF(I32=0,0,100*I32/I14) -> 59770.627 | ... AG50: =IF(AG32=0,0,100*AG32/AG14) -> 58653.305
A51: * Based on the energy consumption figures reported in the Eurostat energy balances
A53: Vehicle-efficiency - theoretical (kgoe/100 km) | B53: 7202.2084 | C53: 7202.1673 | D53: 7202.2068 | E53: 7202.1677 | F53: 7202.1824 | G53: 7202.2136 | H53: 7203.8226 | I53: 7203.3192 | J53: 7200.7748 | K53: 7209.5884 | L53: 7209.6329 | M53: 7289.6588 | N53: 7387.6103 | O53: 7420.306 | P53: 7344.8977 | Q53: 6996.5061 | R53: 7259.3613 | S53: 6789.5216 | T53: 7569.2957 | U53: 8243.7852 | V53: 8157.9888 | W53: 8559.1459 | X53: 8649.1722 | Y53: 8628.3813 | Z53: 8580.7264 | AA53: 8962.8595 | AB53: 9058.3863 | AC53: 9142.4762 | AD53: 8790.2223 | AE53: 8687.2697 | AF53: 8634.6537 | AG53: 8819.4341
A54: Intra-EU27 | B54: 7268.4678 | C54: 7268.4447 | D54: 7268.459 | E54: 7268.4396 | F54: 7268.4428 | G54: 7268.4512 | H54: 7268.4404 | I54: 7268.4491 | J54: 7268.4494 | K54: 7268.4539 | L54: 7268.4513 | M54: 7350.0994 | N54: 7448.7304 | O54: 7486.0932 | P54: 7380.2147 | Q54: 7457.2716 | R54: 7650.9218 | S54: 7810.0214 | T54: 8181.1645 | U54: 8594.1852 | V54: 8690.4614 | W54: 8789.1068 | X54: 8899.9233 | Y54: 8889.2564 | Z54: 8853.2938 | AA54: 9274.585 | AB54: 9379.075 | AC54: 9540.9437 | AD54: 9196.4738 | AE54: 8953.3043 | AF54: 8894.0326 | AG54: 9257.608
A55: Extra-EU27 | B55: 6986.9646 | C55: 6986.8678 | D55: 6986.9855 | E55: 6986.8853 | F55: 6986.936 | G55: 6987.0378 | H55: 6981.416 | I55: 6971.7927 | J55: 6967.1965 | K55: 7019.8979 | L55: 7033.0442 | M55: 7106.9078 | N55: 7205.9916 | O55: 7173.8479 | P55: 7189.056 | Q55: 5827.5028 | R55: 6140.3804 | S55: 5615.5854 | T55: 6296.0982 | U55: 7488.0478 | V55: 6917.7563 | W55: 7878.8933 | X55: 7720.728 | Y55: 7635.001 | Z55: 7595.8966 | AA55: 8245.4587 | AB55: 7937.7255 | AC55: 7981.0252 | AD55: 7814.9392 | AE55: 7813.7018 | AF55: 7756.8925 | AG55: 7125.5052
A56: * Based on the total mileage
A58: Discrepancy between effective and theoretical efficiencies (ratio) | B58: =IF(B48=0,0,B48/B53) -> 4.1073783 | C58: =IF(C48=0,0,C48/C53) -> 4.1073739 | D58: =IF(D48=0,0,D48/D53) -> 4.1073777 | E58: =IF(E48=0,0,E48/E53) -> 4.1073737 | F58: =IF(F48=0,0,F48/F53) -> 4.1073747 | G58: =IF(G48=0,0,G48/G53) -> 4.107378 | H58: =IF(H48=0,0,H48/H53) -> 4.0052845 | I58: =IF(I48=0,0,I48/I53) -> 4.0368038 | ... AG58: =IF(AG48=0,0,AG48/AG53) -> 2.8634023
A59: Intra-EU27 | B59: =IF(B49=0,0,B49/B54) -> 2.8619431 | C59: =IF(C49=0,0,C49/C54) -> 2.8619401 | D59: =IF(D49=0,0,D49/D54) -> 2.8619427 | E59: =IF(E49=0,0,E49/E54) -> 2.8619399 | F59: =IF(F49=0,0,F49/F54) -> 2.8619406 | G59: =IF(G49=0,0,G49/G54) -> 2.8619429 | H59: =IF(H49=0,0,H49/H54) -> 2.7908061 | I59: =IF(I49=0,0,I49/I54) -> 2.8127682 | ... AG59: =IF(AG49=0,0,AG49/AG54) -> 1.7946297
A60: Extra-EU27 | B60: =IF(B50=0,0,B50/B55) -> 8.3161809 | C60: =IF(C50=0,0,C50/C55) -> 8.3161627 | D60: =IF(D50=0,0,D50/D55) -> 8.316181 | E60: =IF(E50=0,0,E50/E55) -> 8.3161635 | F60: =IF(F50=0,0,F50/F55) -> 8.3161687 | G60: =IF(G50=0,0,G50/G55) -> 8.3161867 | H60: =IF(H50=0,0,H50/H55) -> 8.3572263 | I60: =IF(I50=0,0,I50/I55) -> 8.5732077 | ... AG60: =IF(AG50=0,0,AG50/AG55) -> 8.2314591
A62: Emission factors (kt CO2 / ktoe) | B62: =IF(B66=0,0,B66/B25) -> 3.1813124 | C62: =IF(C66=0,0,C66/C25) -> 3.1892463 | D62: =IF(D66=0,0,D66/D25) -> 3.1894166 | E62: =IF(E66=0,0,E66/E25) -> 3.2001385 | F62: =IF(F66=0,0,F66/F25) -> 3.2124726 | G62: =IF(G66=0,0,G66/G25) -> 3.2090573 | H62: =IF(H66=0,0,H66/H25) -> 3.1990405 | I62: =IF(I66=0,0,I66/I25) -> 3.1994733 | ... AG62: =IF(AG66=0,0,AG66/AG25) -> 3.1771284
A63: Intra-EU27 | B63: =IF(B67=0,0,B67/B26) -> 3.1465236 | C63: =IF(C67=0,0,C67/C26) -> 3.1591143 | D63: =IF(D67=0,0,D67/D26) -> 3.1593845 | E63: =IF(E67=0,0,E67/E26) -> 3.1763996 | F63: =IF(F67=0,0,F67/F26) -> 3.1959732 | G63: =IF(G67=0,0,G67/G26) -> 3.1905533 | H63: =IF(H67=0,0,H67/H26) -> 3.1767271 | I63: =IF(I67=0,0,I67/I26) -> 3.1775866 | ... AG63: =IF(AG67=0,0,AG67/AG26) -> 3.1379296
A64: Extra-EU27 | B64: =IF(B68=0,0,B68/B32) -> 3.2217713 | C64: =IF(C68=0,0,C68/C32) -> 3.2242894 | D64: =IF(D68=0,0,D68/D32) -> 3.2243435 | E64: =IF(E68=0,0,E68/E32) -> 3.2277465 | F64: =IF(F68=0,0,F68/F32) -> 3.2316612 | G64: =IF(G68=0,0,G68/G32) -> 3.2305772 | H64: =IF(H68=0,0,H68/H32) -> 3.2257415 | I64: =IF(I68=0,0,I68/I32) -> 3.226086 | ... AG64: =IF(AG68=0,0,AG68/AG32) -> 3.2200525
A66: CO2 emissions (kt CO2) | B66: =SUM(B67:B68) -> 182.79307 | C66: =SUM(C67:C68) -> 176.30774 | D66: =SUM(D67:D68) -> 185.74855 | E66: =SUM(E67:E68) -> 157.18706 | F66: =SUM(F67:F68) -> 194.59518 | G66: =SUM(G67:G68) -> 216.66297 | H66: =SUM(H67:H68) -> 285.87182 | I66: =SUM(I67:I68) -> 311.00751 | ... AG66: =SUM(AG67:AG68) -> 802.52022
A67: Intra-EU27 | B67: 97.208711 | C67: 93.900781 | D67: 98.932157 | E67: 83.888753 | F67: 104.09178 | G67: 115.82282 | H67: 154.64465 | I67: 169.48925 | J67: 168.33885 | K67: 259.17681 | L67: 318.88635 | M67: 317.89675 | N67: 227.93175 | O67: 216.42174 | P67: 97.88662 | Q67: 487.0858 | R67: 503.88281 | S67: 367.49255 | T67: 404.09908 | U67: 340.50482 | V67: 304.05923 | W67: 333.7486 | X67: 348.82264 | Y67: 426.37362 | Z67: 410.73561 | AA67: 385.12332 | AB67: 505.92566 | AC67: 432.11335 | AD67: 435.1996 | AE67: 479.3153 | AF67: 454.60405 | AG67: 414.28768
A68: Extra-EU27 | B68: 85.584358 | C68: 82.406954 | D68: 86.816392 | E68: 73.298307 | F68: 90.5034 | G68: 100.84014 | H68: 131.22717 | I68: 141.51826 | J68: 143.13675 | K68: 228.07638 | L68: 290.5527 | M68: 288.24898 | N68: 208.51821 | O68: 176.41778 | P68: 75.524556 | Q68: 432.92666 | R68: 430.94882 | S68: 501.91009 | T68: 398.36807 | U68: 352.5772 | V68: 286.14997 | W68: 295.26459 | X68: 274.30667 | Y68: 329.73567 | Z68: 324.78874 | AA68: 388.13644 | AB68: 403.29732 | AC68: 374.32391 | AD68: 421.0497 | AE68: 402.09545 | AF68: 421.64435 | AG68: 388.23254
A69: * Based on the energy consumption figures reported in the Eurostat energy balances
A71: Emission intensity (kg of CO2 / 100 km) | B71: =IF(B66=0,0,100*B66/B12) -> 94110.202 | C71: =IF(C66=0,0,100*C66/C12) -> 94344.267 | D71: =IF(D66=0,0,100*D66/D12) -> 94349.907 | E71: =IF(E66=0,0,100*E66/E12) -> 94666.478 | F71: =IF(F66=0,0,100*F66/F12) -> 95031.564 | G71: =IF(G66=0,0,100*G66/G12) -> 94931.021 | H71: =IF(H66=0,0,100*H66/H12) -> 92303.064 | I71: =IF(I66=0,0,100*I66/I12) -> 93035.52 | ... AG71: =IF(AG66=0,0,100*AG66/AG12) -> 80233.889
A72: Intra-EU27 | B72: =IF(B67=0,0,100*B67/B13) -> 65453.8 | C72: =IF(C67=0,0,100*C67/C13) -> 65715.432 | D72: =IF(D67=0,0,100*D67/D13) -> 65721.242 | E72: =IF(E67=0,0,100*E67/E13) -> 66074.947 | F72: =IF(F67=0,0,100*F67/F13) -> 66482.16 | G72: =IF(G67=0,0,100*G67/G13) -> 66369.547 | H72: =IF(H67=0,0,100*H67/H13) -> 64439.298 | I72: =IF(I67=0,0,100*I67/I13) -> 64964.048 | ... AG72: =IF(AG67=0,0,100*AG67/AG13) -> 52133.495
A73: Extra-EU27 | B73: =IF(B68=0,0,100*B68/B14) -> 187200.57 | C73: =IF(C68=0,0,100*C68/C14) -> 187343.88 | D73: =IF(D68=0,0,100*D68/D14) -> 187350.59 | E73: =IF(E68=0,0,100*E68/E14) -> 187545.24 | F73: =IF(F68=0,0,100*F68/F14) -> 187774.18 | G73: =IF(G68=0,0,100*G68/G14) -> 187714.34 | H73: =IF(H68=0,0,100*H68/H14) -> 188206.77 | I73: =IF(I68=0,0,100*I68/I14) -> 192825.18 | ... AG73: =IF(AG68=0,0,100*AG68/AG14) -> 188866.72
A75: Emission intensity over activity (kg of CO2 / thousand tkm) | B75: =IF(B66=0,0,1000*B66/B3) -> 145.98961 | C75: =IF(C66=0,0,1000*C66/C3) -> 146.3537 | D75: =IF(D66=0,0,1000*D66/D3) -> 146.36151 | E75: =IF(E66=0,0,1000*E66/E3) -> 146.85354 | F75: =IF(F66=0,0,1000*F66/F3) -> 147.41955 | G75: =IF(G66=0,0,1000*G66/G3) -> 147.26282 | H75: =IF(H66=0,0,1000*H66/H3) -> 143.38429 | I75: =IF(I66=0,0,1000*I66/I3) -> 144.46052 | ... AG75: =IF(AG66=0,0,1000*AG66/AG3) -> 74.53879
A76: Intra-EU27 | B76: =IF(B67=0,0,1000*B67/B4) -> 107.55192 | C76: =IF(C67=0,0,1000*C67/C4) -> 107.98224 | D76: =IF(D67=0,0,1000*D67/D4) -> 107.99153 | E76: =IF(E67=0,0,1000*E67/E4) -> 108.57307 | F76: =IF(F67=0,0,1000*F67/F4) -> 109.24214 | G76: =IF(G67=0,0,1000*G67/G4) -> 109.05695 | H76: =IF(H67=0,0,1000*H67/H4) -> 105.88539 | I76: =IF(I67=0,0,1000*I67/I4) -> 106.7475 | ... AG76: =IF(AG67=0,0,1000*AG67/AG4) -> 61.274362
A77: Extra-EU27 | B77: =IF(B68=0,0,1000*B68/B5) -> 245.7443 | C77: =IF(C68=0,0,1000*C68/C5) -> 245.93651 | D77: =IF(D68=0,0,1000*D68/D5) -> 245.94047 | E77: =IF(E68=0,0,1000*E68/E5) -> 246.20019 | F77: =IF(F68=0,0,1000*F68/F5) -> 246.49874 | G77: =IF(G68=0,0,1000*G68/G5) -> 246.41588 | H77: =IF(H68=0,0,1000*H68/H5) -> 246.08712 | I77: =IF(I68=0,0,1000*I68/I5) -> 250.4168 | ... AG77: =IF(AG68=0,0,1000*AG68/AG5) -> 96.93003
A79: Shares of CO2 emissions (%) | B79: =IF(B66=0,0,B66/B$66) -> 1 | C79: =IF(C66=0,0,C66/C$66) -> 1 | D79: =IF(D66=0,0,D66/D$66) -> 1 | E79: =IF(E66=0,0,E66/E$66) -> 1 | F79: =IF(F66=0,0,F66/F$66) -> 1 | G79: =IF(G66=0,0,G66/G$66) -> 1 | H79: =IF(H66=0,0,H66/H$66) -> 1 | I79: =IF(I66=0,0,I66/I$66) -> 1 | ... AG79: =IF(AG66=0,0,AG66/AG$66) -> 1
A80: Intra-EU27 | B80: =IF(B67=0,0,B67/B$66) -> 0.53179648 | C80: =IF(C67=0,0,C67/C$66) -> 0.53259592 | D80: =IF(D67=0,0,D67/D$66) -> 0.53261335 | E80: =IF(E67=0,0,E67/E$66) -> 0.5336874 | F80: =IF(F67=0,0,F67/F$66) -> 0.53491449 | G80: =IF(G67=0,0,G67/G$66) -> 0.53457601 | H80: =IF(H67=0,0,H67/H$66) -> 0.54095801 | I80: =IF(I67=0,0,I67/I$66) -> 0.54496836 | ... AG80: =IF(AG67=0,0,AG67/AG$66) -> 0.51623332
A81: Extra-EU27 | B81: =IF(B68=0,0,B68/B$66) -> 0.46820352 | C81: =IF(C68=0,0,C68/C$66) -> 0.46740408 | D81: =IF(D68=0,0,D68/D$66) -> 0.46738665 | E81: =IF(E68=0,0,E68/E$66) -> 0.4663126 | F81: =IF(F68=0,0,F68/F$66) -> 0.46508551 | G81: =IF(G68=0,0,G68/G$66) -> 0.46542399 | H81: =IF(H68=0,0,H68/H$66) -> 0.45904199 | I81: =IF(I68=0,0,I68/I$66) -> 0.45503164 | ... AG81: =IF(AG68=0,0,AG68/AG$66) -> 0.48376668
A83: CO2 emissions - MRV compliant (kt CO2) | AD83: =SUM(AD84:AD85) -> 588.86644 | AE83: =SUM(AE84:AE85) -> 621.60517 | AF83: =SUM(AF84:AF85) -> 562.9351 | AG83: =SUM(AG84:AG85) -> 516.76609
A84: Intra-EU27 | AD84: 435.1996 | AE84: 479.3153 | AF84: 454.60405 | AG84: 414.28768
A85: Extra-EU27 | AD85: 153.66685 | AE85: 142.28987 | AF85: 108.33105 | AG85: 102.47842
A86: * Considering half of the emissions for Intra-EU voyages at the Member State level (thus matching the total in the EU aggregation) and the full emissions for Extra-EU movements
A87: ** Intra-EU emissions include emissions within EU ports at berth
A89: UNFCCC emissions (kt CO2) | B89: 182.788 | C89: 176.297 | D89: 185.736 | E89: 157.179 | F89: 194.584 | G89: 216.651 | H89: 282.91 | I89: 308.044 | J89: 308.519 | K89: 484.282 | L89: 606.47 | M89: 603.165 | N89: 433.479 | O89: 389.879 | P89: 170.458 | Q89: 917.048 | R89: 931.87 | S89: 866.085 | T89: 796.342 | U89: 689.136 | V89: 587.887 | W89: 625.706 | X89: 620.106 | Y89: 755.396 | Z89: 733.329 | AA89: 767.429 | AB89: 906.202 | AC89: 804.667 | AD89: 857.18748 | AE89: 882.82994 | AF89: 874.4514 | AG89: 800.4376
A91: Residual CO2 emissions for UNFCCC calibration (kt CO2) | B91: =B89-B$66 -> -0.00506828 | C91: =C89-C$66 -> -0.01073524 | D91: =D89-D$66 -> -0.01254876 | E91: =E89-E$66 -> -0.00805992 | F91: =F89-F$66 -> -0.011183 | G91: =G89-G$66 -> -0.01196772 | H91: =H89-H$66 -> -2.9618197 | I91: =I89-I$66 -> -2.9635096 | ... AG91: =AG89-AG$66 -> -2.0826213
A92: Intra-EU27 | B92: =IF(B$66=0,50%,B$67/B$66)*B91 -> -0.0026952935 | C92: =IF(C$66=0,50%,C$67/C$66)*C91 -> -0.0057175451 | D92: =IF(D$66=0,50%,D$67/D$66)*D91 -> -0.0066836371 | E92: =IF(E$66=0,50%,E$67/E$66)*E91 -> -0.0043014778 | F92: =IF(F$66=0,50%,F$67/F$66)*F91 -> -0.0059819487 | G92: =IF(G$66=0,50%,G$67/G$66)*G91 -> -0.006397656 | H92: =IF(H$66=0,50%,H$67/H$66)*H91 -> -1.6022201 | I92: =IF(I$66=0,50%,I$67/I$66)*I91 -> -1.615019 | ... AG92: =IF(AG$66=0,50%,AG$67/AG$66)*AG91 -> -1.0751185
A93: Extra-EU27 | B93: =B91-B92 -> -0.0023729865 | C93: =C91-C92 -> -0.0050176949 | D93: =D91-D92 -> -0.0058651229 | E93: =E91-E92 -> -0.0037584423 | F93: =F91-F92 -> -0.0052010513 | G93: =G91-G92 -> -0.005570064 | H93: =H91-H92 -> -1.3595996 | I93: =I91-I92 -> -1.3484906 | ... AG93: =AG91-AG92 -> -1.0075028
A95: Annual mileage of a representative vessel | B95: 115000 | C95: 115000 | D95: 115000 | E95: 115000 | F95: 115000 | G95: 115000 | H95: 115000 | I95: 115000 | J95: 115000 | K95: 115000 | L95: 115000 | M95: 115000 | N95: 115000 | O95: 115000 | P95: 115000 | Q95: 115000 | R95: 115000 | S95: 115000 | T95: 115000 | U95: 115000 | V95: 115000 | W95: 115000 | X95: 115000 | Y95: 115000 | Z95: 115000 | AA95: 115000 | AB95: 115000 | AC95: 115000 | AD95: 115000 | AE95: 115000 | AF95: 115000 | AG95: 115000
A97: Stock of representative vessels | B97: =SUM(B98:B99) -> 1.6889826 | C97: =SUM(C98:C99) -> 1.6250174 | D97: =SUM(D98:D99) -> 1.7119304 | E97: =SUM(E98:E99) -> 1.4438522 | F97: =SUM(F98:F99) -> 1.7806 | G97: =SUM(G98:G99) -> 1.9846261 | H97: =SUM(H98:H99) -> 2.6931304 | I97: =SUM(I98:I99) -> 2.9068609 | ... AG97: =SUM(AG98:AG99) -> 10.168765
A98: Intra-EU27 | B98: 1.2914348 | C98: 1.2425217 | D98: 1.3089826 | E98: 1.104 | F98: 1.361487 | G98: 1.5174957 | H98: 2.0868261 | I98: 2.2686696 | J98: 2.1809217 | K98: 3.85 | L98: 4.7275304 | M98: 4.5052087 | N98: 4.0324557 | O98: 3.5597026 | P98: 3.6503739 | Q98: 3.1776209 | R98: 3.3929652 | S98: 2.9202122 | T98: 3.8335478 | U98: 3.3607948 | V98: 2.8880417 | W98: 5.8309217 | X98: 7.2070696 | Y98: 6.7343165 | Z98: 6.9498348 | AA98: 6.4770817 | AB98: 8.8064 | AC98: 8.333647 | AD98: 7.8608939 | AE98: 7.3881409 | AF98: 6.9153878 | AG98: 6.9101478
A99: Extra-EU27 | B99: 0.39754783 | C99: 0.38249565 | D99: 0.40294783 | E99: 0.33985217 | F99: 0.41911304 | G99: 0.46713043 | H99: 0.60630435 | I99: 0.6381913 | J99: 0.63187826 | K99: 1.1947478 | L99: 1.5746522 | M99: 1.4899913 | N99: 1.3325261 | O99: 1.1750609 | P99: 1.0234496 | Q99: 1.4524852 | R99: 1.29502 | S99: 2.3061113 | T99: 2.3768791 | U99: 2.6939113 | V99: 2.5364461 | W99: 3.0332191 | X99: 2.8757539 | Y99: 2.7182887 | Z99: 2.8192896 | AA99: 3.2827704 | AB99: 3.6466478 | AC99: 3.4891826 | AD99: 3.522547 | AE99: 3.5392487 | AF99: 3.3817835 | AG99: 3.2586174
A101: New representative vessels (total) | B101: =SUM(B102:B103) -> 0 | C101: =SUM(C102:C103) -> 0 | D101: =SUM(D102:D103) -> 0.13516969 | E101: =SUM(E102:E103) -> 0 | F101: =SUM(F102:F103) -> 0.38500447 | G101: =SUM(G102:G103) -> 0.25228273 | H101: =SUM(H102:H103) -> 0.75676099 | I101: =SUM(I102:I103) -> 0.26198708 | ... AG101: =SUM(AG102:AG103) -> 0.031658137
A102: Intra-EU27 | B102: 0 | C102: 0 | D102: 0.10335901 | E102: 0 | F102: 0.29438509 | G102: 0.19290683 | H102: 0.60622857 | I102: 0.21874161 | J102: 0 | K102: 1.7059764 | L102: 0.91442857 | M102: 0 | N102: 0 | O102: 0 | P102: 0.12756944 | Q102: 0 | R102: 0.25224248 | S102: 0 | T102: 0.95023379 | U102: 0 | V102: 0 | W102: 2.9797781 | X102: 1.413046 | Y102: 0 | Z102: 0.2524164 | AA102: 0 | AB102: 2.3662164 | AC102: 0 | AD102: 0 | AE102: 0 | AF102: 0 | AG102: 0.031658137
A103: Extra-EU27 | B103: 0 | C103: 0 | D103: 0.031810683 | E103: 0 | F103: 0.090619379 | G103: 0.059375901 | H103: 0.15053242 | I103: 0.043245466 | J103: 0.0050454658 | K103: 0.57422807 | L103: 0.39126286 | M103: 0 | N103: 0 | O103: 0 | P103: 0.0020049689 | Q103: 0.57463118 | R103: 0 | S103: 1.1528379 | T103: 0.093996025 | U103: 0.34410932 | V103: 0 | W103: 0.52385019 | X103: 0 | Y103: 0 | Z103: 0.12807801 | AA103: 0.61709714 | AB103: 0.39095453 | AC103: 0 | AD103: 0.060441491 | AE103: 0.043778882 | AF103: 0 | AG103: 0

Sheet CZ
A1: CZ - Czechia | B1: 1990 | C1: 1991 | D1: 1992 | E1: 1993 | F1: 1994 | G1: 1995 | H1: 1996 | I1: 1997 | J1: 1998 | K1: 1999 | L1: 2000 | M1: 2001 | N1: 2002 | O1: 2003 | P1: 2004 | Q1: 2005 | R1: 2006 | S1: 2007 | T1: 2008 | U1: 2009 | V1: 2010 | W1: 2011 | X1: 2012 | Y1: 2013 | Z1: 2014 | AA1: 2015 | AB1: 2016 | AC1: 2017 | AD1: 2018 | AE1: 2019 | AF1: 2020 | AG1: 2021
A3: Transport activity (Mtkm) | B3: =SUM(B4:B5) -> 0 | C3: =SUM(C4:C5) -> 0 | D3: =SUM(D4:D5) -> 0 | E3: =SUM(E4:E5) -> 0 | F3: =SUM(F4:F5) -> 0 | G3: =SUM(G4:G5) -> 0 | H3: =SUM(H4:H5) -> 0 | I3: =SUM(I4:I5) -> 0 | ... AG3: =SUM(AG4:AG5) -> 0
A4: Intra-EU27 | B4: 0 | C4: 0 | D4: 0 | E4: 0 | F4: 0 | G4: 0 | H4: 0 | I4: 0 | J4: 0 | K4: 0 | L4: 0 | M4: 0 | N4: 0 | O4: 0 | P4: 0 | Q4: 0 | R4: 0 | S4: 0 | T4: 0 | U4: 0 | V4: 0 | W4: 0 | X4: 0 | Y4: 0 | Z4: 0 | AA4: 0 | AB4: 0 | AC4: 0 | AD4: 0 | AE4: 0 | AF4: 0 | AG4: 0
A5: Extra-EU27 | B5: 0 | C5: 0 | D5: 0 | E5: 0 | F5: 0 | G5: 0 | H5: 0 | I5: 0 | J5: 0 | K5: 0 | L5: 0 | M5: 0 | N5: 0 | O5: 0 | P5: 0 | Q5: 0 | R5: 0 | S5: 0 | T5: 0 | U5: 0 | V5: 0 | W5: 0 | X5: 0 | Y5: 0 | Z5: 0 | AA5: 0 | AB5: 0 | AC5: 0 | AD5: 0 | AE5: 0 | AF5: 0 | AG5: 0
A6: * Considering both inwards and outwards flows of goods transported with half of the distance of the voyages (thus the total distance for Intra-EU in the EU aggregation)
A8: Market shares of activity (% of tkm) | B8: =IF(B3=0,0,B3/B$3) -> 0 | C8: =IF(C3=0,0,C3/C$3) -> 0 | D8: =IF(D3=0,0,D3/D$3) -> 0 | E8: =IF(E3=0,0,E3/E$3) -> 0 | F8: =IF(F3=0,0,F3/F$3) -> 0 | G8: =IF(G3=0,0,G3/G$3) -> 0 | H8: =IF(H3=0,0,H3/H$3) -> 0 | I8: =IF(I3=0,0,I3/I$3) -> 0 | ... AG8: =IF(AG3=0,0,AG3/AG$3) -> 0
A9: Intra-EU27 | B9: =IF(B4=0,0,B4/B$3) -> 0 | C9: =IF(C4=0,0,C4/C$3) -> 0 | D9: =IF(D4=0,0,D4/D$3) -> 0 | E9: =IF(E4=0,0,E4/E$3) -> 0 | F9: =IF(F4=0,0,F4/F$3) -> 0 | G9: =IF(G4=0,0,G4/G$3) -> 0 | H9: =IF(H4=0,0,H4/H$3) -> 0 | I9: =IF(I4=0,0,I4/I$3) -> 0 | ... AG9: =IF(AG4=0,0,AG4/AG$3) -> 0
A10: Extra-EU27 | B10: =IF(B5=0,0,B5/B$3) -> 0 | C10: =IF(C5=0,0,C5/C$3) -> 0 | D10: =IF(D5=0,0,D5/D$3) -> 0 | E10: =IF(E5=0,0,E5/E$3) -> 0 | F10: =IF(F5=0,0,F5/F$3) -> 0 | G10: =IF(G5=0,0,G5/G$3) -> 0 | H10: =IF(H5=0,0,H5/H$3) -> 0 | I10: =IF(I5=0,0,I5/I$3) -> 0 | ... AG10: =IF(AG5=0,0,AG5/AG$3) -> 0
A12: Vehicle-km (Mvkm) | B12: =SUM(B13:B14) -> 0 | C12: =SUM(C13:C14) -> 0 | D12: =SUM(D13:D14) -> 0 | E12: =SUM(E13:E14) -> 0 | F12: =SUM(F13:F14) -> 0 | G12: =SUM(G13:G14) -> 0 | H12: =SUM(H13:H14) -> 0 | I12: =SUM(I13:I14) -> 0 | ... AG12: =SUM(AG13:AG14) -> 0
A13: Intra-EU27 | B13: 0 | C13: 0 | D13: 0 | E13: 0 | F13: 0 | G13: 0 | H13: 0 | I13: 0 | J13: 0 | K13: 0 | L13: 0 | M13: 0 | N13: 0 | O13: 0 | P13: 0 | Q13: 0 | R13: 0 | S13: 0 | T13: 0 | U13: 0 | V13: 0 | W13: 0 | X13: 0 | Y13: 0 | Z13: 0 | AA13: 0 | AB13: 0 | AC13: 0 | AD13: 0 | AE13: 0 | AF13: 0 | AG13: 0
A14: Extra-EU27 | B14: 0 | C14: 0 | D14: 0 | E14: 0 | F14: 0 | G14: 0 | H14: 0 | I14: 0 | J14: 0 | K14: 0 | L14: 0 | M14: 0 | N14: 0 | O14: 0 | P14: 0 | Q14: 0 | R14: 0 | S14: 0 | T14: 0 | U14: 0 | V14: 0 | W14: 0 | X14: 0 | Y14: 0 | Z14: 0 | AA14: 0 | AB14: 0 | AC14: 0 | AD14: 0 | AE14: 0 | AF14: 0 | AG14: 0
A15: * Considering half of the distance of the voyages (thus the total distance for Intra-EU in the EU aggregation)
A17: Market shares of vehicle km (% of km) | B17: =IF(B12=0,0,B12/B$12) -> 0 | C17: =IF(C12=0,0,C12/C$12) -> 0 | D17: =IF(D12=0,0,D12/D$12) -> 0 | E17: =IF(E12=0,0,E12/E$12) -> 0 | F17: =IF(F12=0,0,F12/F$12) -> 0 | G17: =IF(G12=0,0,G12/G$12) -> 0 | H17: =IF(H12=0,0,H12/H$12) -> 0 | I17: =IF(I12=0,0,I12/I$12) -> 0 | ... AG17: =IF(AG12=0,0,AG12/AG$12) -> 0
A18: Intra-EU27 | B18: =IF(B13=0,0,B13/B$12) -> 0 | C18: =IF(C13=0,0,C13/C$12) -> 0 | D18: =IF(D13=0,0,D13/D$12) -> 0 | E18: =IF(E13=0,0,E13/E$12) -> 0 | F18: =IF(F13=0,0,F13/F$12) -> 0 | G18: =IF(G13=0,0,G13/G$12) -> 0 | H18: =IF(H13=0,0,H13/H$12) -> 0 | I18: =IF(I13=0,0,I13/I$12) -> 0 | ... AG18: =IF(AG13=0,0,AG13/AG$12) -> 0
A19: Extra-EU27 | B19: =IF(B14=0,0,B14/B$12) -> 0 | C19: =IF(C14=0,0,C14/C$12) -> 0 | D19: =IF(D14=0,0,D14/D$12) -> 0 | E19: =IF(E14=0,0,E14/E$12) -> 0 | F19: =IF(F14=0,0,F14/F$12) -> 0 | G19: =IF(G14=0,0,G14/G$12) -> 0 | H19: =IF(H14=0,0,H14/H$12) -> 0 | I19: =IF(I14=0,0,I14/I$12) -> 0 | ... AG19: =IF(AG14=0,0,AG14/AG$12) -> 0
A21: Load factor of vessels (t/movement) | B21: =IF(B3=0,0,B3/B12) -> 0 | C21: =IF(C3=0,0,C3/C12) -> 0 | D21: =IF(D3=0,0,D3/D12) -> 0 | E21: =IF(E3=0,0,E3/E12) -> 0 | F21: =IF(F3=0,0,F3/F12) -> 0 | G21: =IF(G3=0,0,G3/G12) -> 0 | H21: =IF(H3=0,0,H3/H12) -> 0 | I21: =IF(I3=0,0,I3/I12) -> 0 | ... AG21: =IF(AG3=0,0,AG3/AG12) -> 0
A22: Intra-EU27 | B22: =IF(B4=0,0,B4/B13) -> 0 | C22: =IF(C4=0,0,C4/C13) -> 0 | D22: =IF(D4=0,0,D4/D13) -> 0 | E22: =IF(E4=0,0,E4/E13) -> 0 | F22: =IF(F4=0,0,F4/F13) -> 0 | G22: =IF(G4=0,0,G4/G13) -> 0 | H22: =IF(H4=0,0,H4/H13) -> 0 | I22: =IF(I4=0,0,I4/I13) -> 0 | ... AG22: =IF(AG4=0,0,AG4/AG13) -> 0
A23: Extra-EU27 | B23: =IF(B5=0,0,B5/B14) -> 0 | C23: =IF(C5=0,0,C5/C14) -> 0 | D23: =IF(D5=0,0,D5/D14) -> 0 | E23: =IF(E5=0,0,E5/E14) -> 0 | F23: =IF(F5=0,0,F5/F14) -> 0 | G23: =IF(G5=0,0,G5/G14) -> 0 | H23: =IF(H5=0,0,H5/H14) -> 0 | I23: =IF(I5=0,0,I5/I14) -> 0 | ... AG23: =IF(AG5=0,0,AG5/AG14) -> 0
A25: Total energy consumption (ktoe) | B25: =SUM(B26,B32) -> 0 | C25: =SUM(C26,C32) -> 0 | D25: =SUM(D26,D32) -> 0 | E25: =SUM(E26,E32) -> 0 | F25: =SUM(F26,F32) -> 0 | G25: =SUM(G26,G32) -> 0 | H25: =SUM(H26,H32) -> 0 | I25: =SUM(I26,I32) -> 0 | ... AG25: =SUM(AG26,AG32) -> 0
A26: Intra-EU27 | B26: =SUM(B27:B31) -> 0 | C26: =SUM(C27:C31) -> 0 | D26: =SUM(D27:D31) -> 0 | E26: =SUM(E27:E31) -> 0 | F26: =SUM(F27:F31) -> 0 | G26: =SUM(G27:G31) -> 0 | H26: =SUM(H27:H31) -> 0 | I26: =SUM(I27:I31) -> 0 | ... AG26: =SUM(AG27:AG31) -> 0
A27: Gas oil and diesel oil (excluding biofuel portion) | B27: 0 | C27: 0 | D27: 0 | E27: 0 | F27: 0 | G27: 0 | H27: 0 | I27: 0 | J27: 0 | K27: 0 | L27: 0 | M27: 0 | N27: 0 | O27: 0 | P27: 0 | Q27: 0 | R27: 0 | S27: 0 | T27: 0 | U27: 0 | V27: 0 | W27: 0 | X27: 0 | Y27: 0 | Z27: 0 | AA27: 0 | AB27: 0 | AC27: 0 | AD27: 0 | AE27: 0 | AF27: 0 | AG27: 0
A28: Fuel oil and Other oil products | B28: 0 | C28: 0 | D28: 0 | E28: 0 | F28: 0 | G28: 0 | H28: 0 | I28: 0 | J28: 0 | K28: 0 | L28: 0 | M28: 0 | N28: 0 | O28: 0 | P28: 0 | Q28: 0 | R28: 0 | S28: 0 | T28: 0 | U28: 0 | V28: 0 | W28: 0 | X28: 0 | Y28: 0 | Z28: 0 | AA28: 0 | AB28: 0 | AC28: 0 | AD28: 0 | AE28: 0 | AF28: 0 | AG28: 0
A29: Blended biofuels | B29: 0 | C29: 0 | D29: 0 | E29: 0 | F29: 0 | G29: 0 | H29: 0 | I29: 0 | J29: 0 | K29: 0 | L29: 0 | M29: 0 | N29: 0 | O29: 0 | P29: 0 | Q29: 0 | R29: 0 | S29: 0 | T29: 0 | U29: 0 | V29: 0 | W29: 0 | X29: 0 | Y29: 0 | Z29: 0 | AA29: 0 | AB29: 0 | AC29: 0 | AD29: 0 | AE29: 0 | AF29: 0 | AG29: 0
A30: Natural gas | B30: 0 | C30: 0 | D30: 0 | E30: 0 | F30: 0 | G30: 0 | H30: 0 | I30: 0 | J30: 0 | K30: 0 | L30: 0 | M30: 0 | N30: 0 | O30: 0 | P30: 0 | Q30: 0 | R30: 0 | S30: 0 | T30: 0 | U30: 0 | V30: 0 | W30: 0 | X30: 0 | Y30: 0 | Z30: 0 | AA30: 0 | AB30: 0 | AC30: 0 | AD30: 0 | AE30: 0 | AF30: 0 | AG30: 0
A31: Biogases | B31: 0 | C31: 0 | D31: 0 | E31: 0 | F31: 0 | G31: 0 | H31: 0 | I31: 0 | J31: 0 | K31: 0 | L31: 0 | M31: 0 | N31: 0 | O31: 0 | P31: 0 | Q31: 0 | R31: 0 | S31: 0 | T31: 0 | U31: 0 | V31: 0 | W31: 0 | X31: 0 | Y31: 0 | Z31: 0 | AA31: 0 | AB31: 0 | AC31: 0 | AD31: 0 | AE31: 0 | AF31: 0 | AG31: 0
A32: Extra-EU27 | B32: =SUM(B33:B37) -> 0 | C32: =SUM(C33:C37) -> 0 | D32: =SUM(D33:D37) -> 0 | E32: =SUM(E33:E37) -> 0 | F32: =SUM(F33:F37) -> 0 | G32: =SUM(G33:G37) -> 0 | H32: =SUM(H33:H37) -> 0 | I32: =SUM(I33:I37) -> 0 | ... AG32: =SUM(AG33:AG37) -> 0
A33: Gas oil and diesel oil (excluding biofuel portion) | B33: 0 | C33: 0 | D33: 0 | E33: 0 | F33: 0 | G33: 0 | H33: 0 | I33: 0 | J33: 0 | K33: 0 | L33: 0 | M33: 0 | N33: 0 | O33: 0 | P33: 0 | Q33: 0 | R33: 0 | S33: 0 | T33: 0 | U33: 0 | V33: 0 | W33: 0 | X33: 0 | Y33: 0 | Z33: 0 | AA33: 0 | AB33: 0 | AC33: 0 | AD33: 0 | AE33: 0 | AF33: 0 | AG33: 0
A34: Fuel oil and Other oil products | B34: 0 | C34: 0 | D34: 0 | E34: 0 | F34: 0 | G34: 0 | H34: 0 | I34: 0 | J34: 0 | K34: 0 | L34: 0 | M34: 0 | N34: 0 | O34: 0 | P34: 0 | Q34: 0 | R34: 0 | S34: 0 | T34: 0 | U34: 0 | V34: 0 | W34: 0 | X34: 0 | Y34: 0 | Z34: 0 | AA34: 0 | AB34: 0 | AC34: 0 | AD34: 0 | AE34: 0 | AF34: 0 | AG34: 0
A35: Blended biofuels | B35: 0 | C35: 0 | D35: 0 | E35: 0 | F35: 0 | G35: 0 | H35: 0 | I35: 0 | J35: 0 | K35: 0 | L35: 0 | M35: 0 | N35: 0 | O35: 0 | P35: 0 | Q35: 0 | R35: 0 | S35: 0 | T35: 0 | U35: 0 | V35: 0 | W35: 0 | X35: 0 | Y35: 0 | Z35: 0 | AA35: 0 | AB35: 0 | AC35: 0 | AD35: 0 | AE35: 0 | AF35: 0 | AG35: 0
A36: Natural gas | B36: 0 | C36: 0 | D36: 0 | E36: 0 | F36: 0 | G36: 0 | H36: 0 | I36: 0 | J36: 0 | K36: 0 | L36: 0 | M36: 0 | N36: 0 | O36: 0 | P36: 0 | Q36: 0 | R36: 0 | S36: 0 | T36: 0 | U36: 0 | V36: 0 | W36: 0 | X36: 0 | Y36: 0 | Z36: 0 | AA36: 0 | AB36: 0 | AC36: 0 | AD36: 0 | AE36: 0 | AF36: 0 | AG36: 0
A37: Biogases | B37: 0 | C37: 0 | D37: 0 | E37: 0 | F37: 0 | G37: 0 | H37: 0 | I37: 0 | J37: 0 | K37: 0 | L37: 0 | M37: 0 | N37: 0 | O37: 0 | P37: 0 | Q37: 0 | R37: 0 | S37: 0 | T37: 0 | U37: 0 | V37: 0 | W37: 0 | X37: 0 | Y37: 0 | Z37: 0 | AA37: 0 | AB37: 0 | AC37: 0 | AD37: 0 | AE37: 0 | AF37: 0 | AG37: 0
A38: * As reported in the Eurostat energy balances
A40: Energy intensity over activity (kgoe / 000 tkm) | B40: =IF(B25=0,0,B25/(B3/1000)) -> 0 | C40: =IF(C25=0,0,C25/(C3/1000)) -> 0 | D40: =IF(D25=0,0,D25/(D3/1000)) -> 0 | E40: =IF(E25=0,0,E25/(E3/1000)) -> 0 | F40: =IF(F25=0,0,F25/(F3/1000)) -> 0 | G40: =IF(G25=0,0,G25/(G3/1000)) -> 0 | H40: =IF(H25=0,0,H25/(H3/1000)) -> 0 | I40: =IF(I25=0,0,I25/(I3/1000)) -> 0 | ... AG40: =IF(AG25=0,0,AG25/(AG3/1000)) -> 0
A41: Intra-EU27 | B41: =IF(B26=0,0,B26/(B4/1000)) -> 0 | C41: =IF(C26=0,0,C26/(C4/1000)) -> 0 | D41: =IF(D26=0,0,D26/(D4/1000)) -> 0 | E41: =IF(E26=0,0,E26/(E4/1000)) -> 0 | F41: =IF(F26=0,0,F26/(F4/1000)) -> 0 | G41: =IF(G26=0,0,G26/(G4/1000)) -> 0 | H41: =IF(H26=0,0,H26/(H4/1000)) -> 0 | I41: =IF(I26=0,0,I26/(I4/1000)) -> 0 | ... AG41: =IF(AG26=0,0,AG26/(AG4/1000)) -> 0
A42: Extra-EU27 | B42: =IF(B32=0,0,B32/(B5/1000)) -> 0 | C42: =IF(C32=0,0,C32/(C5/1000)) -> 0 | D42: =IF(D32=0,0,D32/(D5/1000)) -> 0 | E42: =IF(E32=0,0,E32/(E5/1000)) -> 0 | F42: =IF(F32=0,0,F32/(F5/1000)) -> 0 | G42: =IF(G32=0,0,G32/(G5/1000)) -> 0 | H42: =IF(H32=0,0,H32/(H5/1000)) -> 0 | I42: =IF(I32=0,0,I32/(I5/1000)) -> 0 | ... AG42: =IF(AG32=0,0,AG32/(AG5/1000)) -> 0
A44: Shares of total energy consumption (%) | B44: =IF(B25=0,0,B25/B$25) -> 0 | C44: =IF(C25=0,0,C25/C$25) -> 0 | D44: =IF(D25=0,0,D25/D$25) -> 0 | E44: =IF(E25=0,0,E25/E$25) -> 0 | F44: =IF(F25=0,0,F25/F$25) -> 0 | G44: =IF(G25=0,0,G25/G$25) -> 0 | H44: =IF(H25=0,0,H25/H$25) -> 0 | I44: =IF(I25=0,0,I25/I$25) -> 0 | ... AG44: =IF(AG25=0,0,AG25/AG$25) -> 0
A45: Intra-EU27 | B45: =IF(B26=0,0,B26/B$25) -> 0 | C45: =IF(C26=0,0,C26/C$25) -> 0 | D45: =IF(D26=0,0,D26/D$25) -> 0 | E45: =IF(E26=0,0,E26/E$25) -> 0 | F45: =IF(F26=0,0,F26/F$25) -> 0 | G45: =IF(G26=0,0,G26/G$25) -> 0 | H45: =IF(H26=0,0,H26/H$25) -> 0 | I45: =IF(I26=0,0,I26/I$25) -> 0 | ... AG45: =IF(AG26=0,0,AG26/AG$25) -> 0
A46: Extra-EU27 | B46: =IF(B32=0,0,B32/B$25) -> 0 | C46: =IF(C32=0,0,C32/C$25) -> 0 | D46: =IF(D32=0,0,D32/D$25) -> 0 | E46: =IF(E32=0,0,E32/E$25) -> 0 | F46: =IF(F32=0,0,F32/F$25) -> 0 | G46: =IF(G32=0,0,G32/G$25) -> 0 | H46: =IF(H32=0,0,H32/H$25) -> 0 | I46: =IF(I32=0,0,I32/I$25) -> 0 | ... AG46: =IF(AG32=0,0,AG32/AG$25) -> 0
A48: Vehicle-efficiency - effective (kgoe/100 km) | B48: =IF(B25=0,0,100*B25/B12) -> 0 | C48: =IF(C25=0,0,100*C25/C12) -> 0 | D48: =IF(D25=0,0,100*D25/D12) -> 0 | E48: =IF(E25=0,0,100*E25/E12) -> 0 | F48: =IF(F25=0,0,100*F25/F12) -> 0 | G48: =IF(G25=0,0,100*G25/G12) -> 0 | H48: =IF(H25=0,0,100*H25/H12) -> 0 | I48: =IF(I25=0,0,100*I25/I12) -> 0 | ... AG48: =IF(AG25=0,0,100*AG25/AG12) -> 0
A49: Intra-EU27 | B49: =IF(B26=0,0,100*B26/B13) -> 0 | C49: =IF(C26=0,0,100*C26/C13) -> 0 | D49: =IF(D26=0,0,100*D26/D13) -> 0 | E49: =IF(E26=0,0,100*E26/E13) -> 0 | F49: =IF(F26=0,0,100*F26/F13) -> 0 | G49: =IF(G26=0,0,100*G26/G13) -> 0 | H49: =IF(H26=0,0,100*H26/H13) -> 0 | I49: =IF(I26=0,0,100*I26/I13) -> 0 | ... AG49: =IF(AG26=0,0,100*AG26/AG13) -> 0
A50: Extra-EU27 | B50: =IF(B32=0,0,100*B32/B14) -> 0 | C50: =IF(C32=0,0,100*C32/C14) -> 0 | D50: =IF(D32=0,0,100*D32/D14) -> 0 | E50: =IF(E32=0,0,100*E32/E14) -> 0 | F50: =IF(F32=0,0,100*F32/F14) -> 0 | G50: =IF(G32=0,0,100*G32/G14) -> 0 | H50: =IF(H32=0,0,100*H32/H14) -> 0 | I50: =IF(I32=0,0,100*I32/I14) -> 0 | ... AG50: =IF(AG32=0,0,100*AG32/AG14) -> 0
A51: * Based on the energy consumption figures reported in the Eurostat energy balances
A53: Vehicle-efficiency - theoretical (kgoe/100 km) | B53: 0 | C53: 0 | D53: 0 | E53: 0 | F53: 0 | G53: 0 | H53: 0 | I53: 0 | J53: 0 | K53: 0 | L53: 0 | M53: 0 | N53: 0 | O53: 0 | P53: 0 | Q53: 0 | R53: 0 | S53: 0 | T53: 0 | U53: 0 | V53: 0 | W53: 0 | X53: 0 | Y53: 0 | Z53: 0 | AA53: 0 | AB53: 0 | AC53: 0 | AD53: 0 | AE53: 0 | AF53: 0 | AG53: 0
A54: Intra-EU27 | B54: 0 | C54: 0 | D54: 0 | E54: 0 | F54: 0 | G54: 0 | H54: 0 | I54: 0 | J54: 0 | K54: 0 | L54: 0 | M54: 0 | N54: 0 | O54: 0 | P54: 0 | Q54: 0 | R54: 0 | S54: 0 | T54: 0 | U54: 0 | V54: 0 | W54: 0 | X54: 0 | Y54: 0 | Z54: 0 | AA54: 0 | AB54: 0 | AC54: 0 | AD54: 0 | AE54: 0 | AF54: 0 | AG54: 0
A55: Extra-EU27 | B55: 0 | C55: 0 | D55: 0 | E55: 0 | F55: 0 | G55: 0 | H55: 0 | I55: 0 | J55: 0 | K55: 0 | L55: 0 | M55: 0 | N55: 0 | O55: 0 | P55: 0 | Q55: 0 | R55: 0 | S55: 0 | T55: 0 | U55: 0 | V55: 0 | W55: 0 | X55: 0 | Y55: 0 | Z55: 0 | AA55: 0 | AB55: 0 | AC55: 0 | AD55: 0 | AE55: 0 | AF55: 0 | AG55: 0
A56: * Based on the total mileage
A58: Discrepancy between effective and theoretical efficiencies (ratio) | B58: =IF(B48=0,0,B48/B53) -> 0 | C58: =IF(C48=0,0,C48/C53) -> 0 | D58: =IF(D48=0,0,D48/D53) -> 0 | E58: =IF(E48=0,0,E48/E53) -> 0 | F58: =IF(F48=0,0,F48/F53) -> 0 | G58: =IF(G48=0,0,G48/G53) -> 0 | H58: =IF(H48=0,0,H48/H53) -> 0 | I58: =IF(I48=0,0,I48/I53) -> 0 | ... AG58: =IF(AG48=0,0,AG48/AG53) -> 0
A59: Intra-EU27 | B59: =IF(B49=0,0,B49/B54) -> 0 | C59: =IF(C49=0,0,C49/C54) -> 0 | D59: =IF(D49=0,0,D49/D54) -> 0 | E59: =IF(E49=0,0,E49/E54) -> 0 | F59: =IF(F49=0,0,F49/F54) -> 0 | G59: =IF(G49=0,0,G49/G54) -> 0 | H59: =IF(H49=0,0,H49/H54) -> 0 | I59: =IF(I49=0,0,I49/I54) -> 0 | ... AG59: =IF(AG49=0,0,AG49/AG54) -> 0
A60: Extra-EU27 | B60: =IF(B50=0,0,B50/B55) -> 0 | C60: =IF(C50=0,0,C50/C55) -> 0 | D60: =IF(D50=0,0,D50/D55) -> 0 | E60: =IF(E50=0,0,E50/E55) -> 0 | F60: =IF(F50=0,0,F50/F55) -> 0 | G60: =IF(G50=0,0,G50/G55) -> 0 | H60: =IF(H50=0,0,H50/H55) -> 0 | I60: =IF(I50=0,0,I50/I55) -> 0 | ... AG60: =IF(AG50=0,0,AG50/AG55) -> 0
